candidate_id,imo,vessel_name,mmsi,vessel_dwt,vessel_dwt_class,ais_lat,ais_lon,ais_speed_knots,ais_freshness_minutes,route_id,origin,destination,cargo_type,route_vessel_class,cargo_quantity_mt,freight_rate_usd_per_mt,freight_rate_unit,distance_nm,speed_knots,sea_days,port_days,total_voyage_days,bunker_mt_per_day,fuel_consumption_mt,live_bunker_price_usd_per_mt,bunker_fuel_grade,bunker_market_reference,bunker_updated_at,live_bunker_cost_usd,daily_opex_usd,opex_cost_usd,other_voyage_cost_usd,live_total_voyage_cost_usd,freight_revenue_usd,estimated_profit_usd,has_distance,has_speed,has_bunker_consumption,has_cargo,has_freight_rate,economics_ready,economics_source
IMO_9633159,9633159,MAIZURU KICHIJO,636025609,91435.0,PANAMAX,-23.85197,151.31129,0.0,24.2,0,"Queensland (Gladstone / Hay Point), Australia","Visakhapatnam & Haldia, India",coking coal,Panamax,73625.0,47.0,$/mt,4926.710066752748,12.0,17.10663217622482,2.0,19.10663217622482,30.0,573.1989652867446,770.5,VLSFO,Singapore,2026-08-28T16:11:32.820Z,441649.8027534367,12000.0,229279.58611469786,25000.0,695929.3888681346,3460375.0,2764445.6111318655,True,True,True,True,True,True,STEP49J_AIS+ROUTE_MASTER+OILPRICEAPI_VLSFO
IMO_9633159,9633159,MAIZURU KICHIJO,636025609,91435.0,PANAMAX,-23.85197,151.31129,0.0,24.2,1,"Richards Bay, South Africa","Navlakhi, India",coal,Supramax,54625.0,19.35,$/mt,3938.9061722773454,12.0,13.676757542629671,2.0,15.676757542629671,30.0,470.30272627889013,770.5,VLSFO,Singapore,2026-08-28T16:11:32.820Z,362368.2505978848,12000.0,188121.09051155605,25000.0,575489.3411094409,1056993.75,481504.4088905591,True,True,True,True,True,True,STEP49J_AIS+ROUTE_MASTER+OILPRICEAPI_VLSFO
IMO_9633159,9633159,MAIZURU KICHIJO,636025609,91435.0,PANAMAX,-23.85197,151.31129,0.0,24.2,2,"Hay Point, Australia","Paradip, India",coking coal,Panamax,73625.0,13.8,$/mt,4899.001585207413,12.0,17.010422170859073,2.0,19.010422170859073,30.0,570.3126651257721,770.5,VLSFO,Singapore,2026-08-28T16:11:32.820Z,439425.90847940743,12000.0,228125.06605030887,25000.0,692550.9745297163,1016025.0,323474.0254702837,True,True,True,True,True,True,STEP49J_AIS+ROUTE_MASTER+OILPRICEAPI_VLSFO
IMO_9633159,9633159,MAIZURU KICHIJO,636025609,91435.0,PANAMAX,-23.85197,151.31129,0.0,24.2,3,"East Kalimantan, Indonesia","Navlakhi, India",coal,Supramax,54625.0,18.45,$/mt,4102.581709223877,12.0,14.245075379249572,2.0,16.24507537924957,30.0,487.35226137748714,770.5,VLSFO,Singapore,2026-08-28T16:11:32.820Z,375504.91739135387,12000.0,194940.90455099483,25000.0,595445.8219423487,1007831.25,412385.42805765127,True,True,True,True,True,True,STEP49J_AIS+ROUTE_MASTER+OILPRICEAPI_VLSFO
IMO_9633159,9633159,MAIZURU KICHIJO,636025609,91435.0,PANAMAX,-23.85197,151.31129,0.0,24.2,4,"Hay Point, Australia","Visakhapatnam, India",metallurgical coal,Panamax,73625.0,23.3,$/mt,4926.710066752748,12.0,17.10663217622482,2.0,19.10663217622482,30.0,573.1989652867446,770.5,VLSFO,Singapore,2026-08-28T16:11:32.820Z,441649.8027534367,12000.0,229279.58611469786,25000.0,695929.3888681346,1715462.5,1019533.1111318654,True,True,True,True,True,True,STEP49J_AIS+ROUTE_MASTER+OILPRICEAPI_VLSFO
IMO_9633159,9633159,MAIZURU KICHIJO,636025609,91435.0,PANAMAX,-23.85197,151.31129,0.0,24.2,5,"Hay Point, Australia","Paradip, India",metallurgical coal,Panamax,73625.0,21.1,$/mt,4899.001585207413,12.0,17.010422170859073,2.0,19.010422170859073,30.0,570.3126651257721,770.5,VLSFO,Singapore,2026-08-28T16:11:32.820Z,439425.90847940743,12000.0,228125.06605030887,25000.0,692550.9745297163,1553487.5,860936.5254702837,True,True,True,True,True,True,STEP49J_AIS+ROUTE_MASTER+OILPRICEAPI_VLSFO
IMO_9633159,9633159,MAIZURU KICHIJO,636025609,91435.0,PANAMAX,-23.85197,151.31129,0.0,24.2,6,"Banjarmasin (South Kalimantan), Indonesia","Krishnapatnam, India",thermal coal,Panamax,73625.0,11.8,$/mt,2408.301246605427,12.0,8.362157106268844,2.0,10.362157106268844,30.0,310.8647131880653,770.5,VLSFO,Singapore,2026-08-28T16:11:32.820Z,239521.26151140433,12000.0,124345.88527522613,25000.0,388867.14678663044,868775.0,479907.85321336956,True,True,True,True,True,True,STEP49J_AIS+ROUTE_MASTER+OILPRICEAPI_VLSFO
IMO_9633159,9633159,MAIZURU KICHIJO,636025609,91435.0,PANAMAX,-23.85197,151.31129,0.0,24.2,7,"East Kalimantan, Indonesia","Paradip, India",coal,Supramax,54625.0,16.05,$/mt,2752.598463285374,12.0,9.557633553074215,2.0,11.557633553074215,30.0,346.7290065922264,770.5,VLSFO,Singapore,2026-08-28T16:11:32.820Z,267154.6995793105,12000.0,138691.60263689057,25000.0,430846.3022162011,876731.25,445884.9477837989,True,True,True,True,True,True,STEP49J_AIS+ROUTE_MASTER+OILPRICEAPI_VLSFO
IMO_9633159,9633159,MAIZURU KICHIJO,636025609,91435.0,PANAMAX,-23.85197,151.31129,0.0,24.2,8,"Banjarmasin (South Kalimantan), Indonesia","Dahej, India",thermal coal,Panamax,73625.0,13.1,$/mt,3443.2178891213243,12.0,11.955617670560153,2.0,13.955617670560153,30.0,418.6685301168046,770.5,VLSFO,Singapore,2026-08-28T16:11:32.820Z,322584.10245499795,12000.0,167467.41204672185,25000.0,515051.5145017198,964487.5,449435.9854982802,True,True,True,True,True,True,STEP49J_AIS+ROUTE_MASTER+OILPRICEAPI_VLSFO
IMO_9633159,9633159,MAIZURU KICHIJO,636025609,91435.0,PANAMAX,-23.85197,151.31129,0.0,24.2,9,"Richards Bay, South Africa","Paradip, India",thermal coal,Panamax,73625.0,18.6,$/mt,4667.806005082153,12.0,16.207659739868586,2.0,18.207659739868586,30.0,546.2297921960576,770.5,VLSFO,Singapore,2026-08-28T16:11:32.820Z,420870.05488706235,12000.0,218491.916878423,25000.0,664361.9717654854,1369425.0,705063.0282345146,True,True,True,True,True,True,STEP49J_AIS+ROUTE_MASTER+OILPRICEAPI_VLSFO
IMO_9633159,9633159,MAIZURU KICHIJO,636025609,91435.0,PANAMAX,-23.85197,151.31129,0.0,24.2,10,Indonesia,"Paradip, India",thermal coal,Supramax,54625.0,21.3,$/mt,2579.0639841663437,12.0,8.95508327835536,2.0,10.95508327835536,30.0,328.65249835066084,770.5,VLSFO,Singapore,2026-08-28T16:11:32.820Z,253226.74997918418,12000.0,131460.99934026433,25000.0,409687.7493194485,1163512.5,753824.7506805515,True,True,True,True,True,True,STEP49J_AIS+ROUTE_MASTER+OILPRICEAPI_VLSFO
IMO_9633159,9633159,MAIZURU KICHIJO,636025609,91435.0,PANAMAX,-23.85197,151.31129,0.0,24.2,11,"Hay Point, Australia","Visakhapatnam, India",coal,Panamax,73625.0,27.85,$/mt,4926.710066752748,12.0,17.10663217622482,2.0,19.10663217622482,30.0,573.1989652867446,770.5,VLSFO,Singapore,2026-08-28T16:11:32.820Z,441649.8027534367,12000.0,229279.58611469786,25000.0,695929.3888681346,2050456.25,1354526.8611318655,True,True,True,True,True,True,STEP49J_AIS+ROUTE_MASTER+OILPRICEAPI_VLSFO
IMO_9633159,9633159,MAIZURU KICHIJO,636025609,91435.0,PANAMAX,-23.85197,151.31129,0.0,24.2,12,Mozambique (Beira / Maputo),East Coast India,coking coal,Handysize,,43.75,$/mt,4601.384016575973,12.0,15.977027835333239,2.0,17.97702783533324,30.0,539.3108350599972,770.5,VLSFO,Singapore,2026-08-28T16:11:32.820Z,415538.99841372785,12000.0,215724.33402399888,25000.0,656263.3324377267,,,True,True,True,False,True,False,STEP49J_AIS+ROUTE_MASTER+OILPRICEAPI_VLSFO
IMO_9633159,9633159,MAIZURU KICHIJO,636025609,91435.0,PANAMAX,-23.85197,151.31129,0.0,24.2,13,"Adang Bay (East Kalimantan), Indonesia","Kandla, India",steam coal,Supramax,54625.0,26.5,$/mt,3925.9038662092103,12.0,13.631610646559757,2.0,15.631610646559757,30.0,468.9483193967927,770.5,VLSFO,Singapore,2026-08-28T16:11:32.820Z,361324.6800952288,12000.0,187579.3277587171,25000.0,573904.0078539458,1447562.5,873658.4921460542,True,True,True,True,True,True,STEP49J_AIS+ROUTE_MASTER+OILPRICEAPI_VLSFO
IMO_9633159,9633159,MAIZURU KICHIJO,636025609,91435.0,PANAMAX,-23.85197,151.31129,0.0,24.2,14,"East Kalimantan, Indonesia","Paradip, India",thermal coal,Supramax,54625.0,15.0,$/mt,2752.598463285374,12.0,9.557633553074215,2.0,11.557633553074215,30.0,346.7290065922264,770.5,VLSFO,Singapore,2026-08-28T16:11:32.820Z,267154.6995793105,12000.0,138691.60263689057,25000.0,430846.3022162011,819375.0,388528.6977837989,True,True,True,True,True,True,STEP49J_AIS+ROUTE_MASTER+OILPRICEAPI_VLSFO
IMO_9633159,9633159,MAIZURU KICHIJO,636025609,91435.0,PANAMAX,-23.85197,151.31129,0.0,24.2,15,Atlantic / Black Sea ports (Taman / Ust-Luga proxy),"Visakhapatnam, India",coal,Panamax,73625.0,19.5,$/mt,5565.87430627969,12.0,19.325952452360035,2.0,21.325952452360035,30.0,639.7785735708011,770.5,VLSFO,Singapore,2026-08-28T16:11:32.820Z,492949.39093630225,12000.0,255911.4294283204,25000.0,773860.8203646226,1435687.5,661826.6796353774,True,True,True,True,True,True,STEP49J_AIS+ROUTE_MASTER+OILPRICEAPI_VLSFO
IMO_9633159,9633159,MAIZURU KICHIJO,636025609,91435.0,PANAMAX,-23.85197,151.31129,0.0,24.2,17,"Queensland, Australia","Haldia, India",coking coal,Panamax,73625.0,20.3,$/mt,4732.350582884308,12.0,16.43177285723718,2.0,18.43177285723718,30.0,552.9531857171154,770.5,VLSFO,Singapore,2026-08-28T16:11:32.820Z,426050.4295950374,12000.0,221181.27428684616,25000.0,672231.7038818835,1494587.5,822355.7961181165,True,True,True,True,True,True,STEP49J_AIS+ROUTE_MASTER+OILPRICEAPI_VLSFO
IMO_9633159,9633159,MAIZURU KICHIJO,636025609,91435.0,PANAMAX,-23.85197,151.31129,0.0,24.2,18,"Richards Bay, South Africa","Haldia, India",coking / thermal coal,Panamax,73625.0,12.8,$/mt,4736.344187320068,12.0,16.44563953930579,2.0,18.44563953930579,30.0,553.3691861791738,770.5,VLSFO,Singapore,2026-08-28T16:11:32.820Z,426370.9579510534,12000.0,221347.67447166948,25000.0,672718.6324227229,942400.0,269681.3675772771,True,True,True,True,True,True,STEP49J_AIS+ROUTE_MASTER+OILPRICEAPI_VLSFO
IMO_9633159,9633159,MAIZURU KICHIJO,636025609,91435.0,PANAMAX,-23.85197,151.31129,0.0,24.2,20,East Coast Australia,East Coast India,coal,Panamax,73625.0,17.7,$/mt,5329.775100266468,12.0,18.506163542591903,2.0,20.506163542591903,30.0,615.1849062777571,770.5,VLSFO,Singapore,2026-08-28T16:11:32.820Z,473999.9702870119,12000.0,246073.96251110284,25000.0,745073.9327981147,1303162.5,558088.5672018853,True,True,True,True,True,True,STEP49J_AIS+ROUTE_MASTER+OILPRICEAPI_VLSFO
IMO_9633159,9633159,MAIZURU KICHIJO,636025609,91435.0,PANAMAX,-23.85197,151.31129,0.0,24.2,21,Indonesia,East Coast India,coal,Panamax,73625.0,11.2,$/mt,2579.0639841663437,12.0,8.95508327835536,2.0,10.95508327835536,30.0,328.65249835066084,770.5,VLSFO,Singapore,2026-08-28T16:11:32.820Z,253226.74997918418,12000.0,131460.99934026433,25000.0,409687.7493194485,824600.0,414912.2506805515,True,True,True,True,True,True,STEP49J_AIS+ROUTE_MASTER+OILPRICEAPI_VLSFO
IMO_9633159,9633159,MAIZURU KICHIJO,636025609,91435.0,PANAMAX,-23.85197,151.31129,0.0,24.2,22,Indonesia,West Coast India,coal,Panamax,73625.0,12.85,$/mt,3929.0472301048458,12.0,13.642525104530714,2.0,15.642525104530714,30.0,469.27575313592143,770.5,VLSFO,Singapore,2026-08-28T16:11:32.820Z,361576.96779122745,12000.0,187710.30125436856,25000.0,574287.269045596,946081.25,371793.980954404,True,True,True,True,True,True,STEP49J_AIS+ROUTE_MASTER+OILPRICEAPI_VLSFO
IMO_9633159,9633159,MAIZURU KICHIJO,636025609,91435.0,PANAMAX,-23.85197,151.31129,0.0,24.2,24,US East Coast (Hampton Roads / Baltimore),East Coast India (Paradip / Visakhapatnam),coal / coking coal,Panamax,73625.0,44.35,$/mt,9913.44136694391,12.0,34.42167141299969,2.0,36.42167141299969,30.0,1092.6501423899908,770.5,VLSFO,Singapore,2026-08-28T16:11:32.820Z,841886.934711488,12000.0,437060.0569559963,25000.0,1303946.9916674844,3265268.75,1961321.7583325156,True,True,True,True,True,True,STEP49J_AIS+ROUTE_MASTER+OILPRICEAPI_VLSFO
IMO_9599078,9599078,POPEYE,311001257,98730.0,PANAMAX,-23.81556,151.2388,0.0,73.26666666666667,0,"Queensland (Gladstone / Hay Point), Australia","Visakhapatnam & Haldia, India",coking coal,Panamax,73625.0,47.0,$/mt,4926.710066752748,12.0,17.10663217622482,2.0,19.10663217622482,30.0,573.1989652867446,770.5,VLSFO,Singapore,2026-08-28T16:11:32.820Z,441649.8027534367,12000.0,229279.58611469786,25000.0,695929.3888681346,3460375.0,2764445.6111318655,True,True,True,True,True,True,STEP49J_AIS+ROUTE_MASTER+OILPRICEAPI_VLSFO
IMO_9599078,9599078,POPEYE,311001257,98730.0,PANAMAX,-23.81556,151.2388,0.0,73.26666666666667,1,"Richards Bay, South Africa","Navlakhi, India",coal,Supramax,54625.0,19.35,$/mt,3938.9061722773454,12.0,13.676757542629671,2.0,15.676757542629671,30.0,470.30272627889013,770.5,VLSFO,Singapore,2026-08-28T16:11:32.820Z,362368.2505978848,12000.0,188121.09051155605,25000.0,575489.3411094409,1056993.75,481504.4088905591,True,True,True,True,True,True,STEP49J_AIS+ROUTE_MASTER+OILPRICEAPI_VLSFO
IMO_9599078,9599078,POPEYE,311001257,98730.0,PANAMAX,-23.81556,151.2388,0.0,73.26666666666667,2,"Hay Point, Australia","Paradip, India",coking coal,Panamax,73625.0,13.8,$/mt,4899.001585207413,12.0,17.010422170859073,2.0,19.010422170859073,30.0,570.3126651257721,770.5,VLSFO,Singapore,2026-08-28T16:11:32.820Z,439425.90847940743,12000.0,228125.06605030887,25000.0,692550.9745297163,1016025.0,323474.0254702837,True,True,True,True,True,True,STEP49J_AIS+ROUTE_MASTER+OILPRICEAPI_VLSFO
IMO_9599078,9599078,POPEYE,311001257,98730.0,PANAMAX,-23.81556,151.2388,0.0,73.26666666666667,3,"East Kalimantan, Indonesia","Navlakhi, India",coal,Supramax,54625.0,18.45,$/mt,4102.581709223877,12.0,14.245075379249572,2.0,16.24507537924957,30.0,487.35226137748714,770.5,VLSFO,Singapore,2026-08-28T16:11:32.820Z,375504.91739135387,12000.0,194940.90455099483,25000.0,595445.8219423487,1007831.25,412385.42805765127,True,True,True,True,True,True,STEP49J_AIS+ROUTE_MASTER+OILPRICEAPI_VLSFO
IMO_9599078,9599078,POPEYE,311001257,98730.0,PANAMAX,-23.81556,151.2388,0.0,73.26666666666667,4,"Hay Point, Australia","Visakhapatnam, India",metallurgical coal,Panamax,73625.0,23.3,$/mt,4926.710066752748,12.0,17.10663217622482,2.0,19.10663217622482,30.0,573.1989652867446,770.5,VLSFO,Singapore,2026-08-28T16:11:32.820Z,441649.8027534367,12000.0,229279.58611469786,25000.0,695929.3888681346,1715462.5,1019533.1111318654,True,True,True,True,True,True,STEP49J_AIS+ROUTE_MASTER+OILPRICEAPI_VLSFO
IMO_9599078,9599078,POPEYE,311001257,98730.0,PANAMAX,-23.81556,151.2388,0.0,73.26666666666667,5,"Hay Point, Australia","Paradip, India",metallurgical coal,Panamax,73625.0,21.1,$/mt,4899.001585207413,12.0,17.010422170859073,2.0,19.010422170859073,30.0,570.3126651257721,770.5,VLSFO,Singapore,2026-08-28T16:11:32.820Z,439425.90847940743,12000.0,228125.06605030887,25000.0,692550.9745297163,1553487.5,860936.5254702837,True,True,True,True,True,True,STEP49J_AIS+ROUTE_MASTER+OILPRICEAPI_VLSFO
IMO_9599078,9599078,POPEYE,311001257,98730.0,PANAMAX,-23.81556,151.2388,0.0,73.26666666666667,6,"Banjarmasin (South Kalimantan), Indonesia","Krishnapatnam, India",thermal coal,Panamax,73625.0,11.8,$/mt,2408.301246605427,12.0,8.362157106268844,2.0,10.362157106268844,30.0,310.8647131880653,770.5,VLSFO,Singapore,2026-08-28T16:11:32.820Z,239521.26151140433,12000.0,124345.88527522613,25000.0,388867.14678663044,868775.0,479907.85321336956,True,True,True,True,True,True,STEP49J_AIS+ROUTE_MASTER+OILPRICEAPI_VLSFO
IMO_9599078,9599078,POPEYE,311001257,98730.0,PANAMAX,-23.81556,151.2388,0.0,73.26666666666667,7,"East Kalimantan, Indonesia","Paradip, India",coal,Supramax,54625.0,16.05,$/mt,2752.598463285374,12.0,9.557633553074215,2.0,11.557633553074215,30.0,346.7290065922264,770.5,VLSFO,Singapore,2026-08-28T16:11:32.820Z,267154.6995793105,12000.0,138691.60263689057,25000.0,430846.3022162011,876731.25,445884.9477837989,True,True,True,True,True,True,STEP49J_AIS+ROUTE_MASTER+OILPRICEAPI_VLSFO
IMO_9599078,9599078,POPEYE,311001257,98730.0,PANAMAX,-23.81556,151.2388,0.0,73.26666666666667,8,"Banjarmasin (South Kalimantan), Indonesia","Dahej, India",thermal coal,Panamax,73625.0,13.1,$/mt,3443.2178891213243,12.0,11.955617670560153,2.0,13.955617670560153,30.0,418.6685301168046,770.5,VLSFO,Singapore,2026-08-28T16:11:32.820Z,322584.10245499795,12000.0,167467.41204672185,25000.0,515051.5145017198,964487.5,449435.9854982802,True,True,True,True,True,True,STEP49J_AIS+ROUTE_MASTER+OILPRICEAPI_VLSFO
IMO_9599078,9599078,POPEYE,311001257,98730.0,PANAMAX,-23.81556,151.2388,0.0,73.26666666666667,9,"Richards Bay, South Africa","Paradip, India",thermal coal,Panamax,73625.0,18.6,$/mt,4667.806005082153,12.0,16.207659739868586,2.0,18.207659739868586,30.0,546.2297921960576,770.5,VLSFO,Singapore,2026-08-28T16:11:32.820Z,420870.05488706235,12000.0,218491.916878423,25000.0,664361.9717654854,1369425.0,705063.0282345146,True,True,True,True,True,True,STEP49J_AIS+ROUTE_MASTER+OILPRICEAPI_VLSFO
IMO_9599078,9599078,POPEYE,311001257,98730.0,PANAMAX,-23.81556,151.2388,0.0,73.26666666666667,10,Indonesia,"Paradip, India",thermal coal,Supramax,54625.0,21.3,$/mt,2579.0639841663437,12.0,8.95508327835536,2.0,10.95508327835536,30.0,328.65249835066084,770.5,VLSFO,Singapore,2026-08-28T16:11:32.820Z,253226.74997918418,12000.0,131460.99934026433,25000.0,409687.7493194485,1163512.5,753824.7506805515,True,True,True,True,True,True,STEP49J_AIS+ROUTE_MASTER+OILPRICEAPI_VLSFO
IMO_9599078,9599078,POPEYE,311001257,98730.0,PANAMAX,-23.81556,151.2388,0.0,73.26666666666667,11,"Hay Point, Australia","Visakhapatnam, India",coal,Panamax,73625.0,27.85,$/mt,4926.710066752748,12.0,17.10663217622482,2.0,19.10663217622482,30.0,573.1989652867446,770.5,VLSFO,Singapore,2026-08-28T16:11:32.820Z,441649.8027534367,12000.0,229279.58611469786,25000.0,695929.3888681346,2050456.25,1354526.8611318655,True,True,True,True,True,True,STEP49J_AIS+ROUTE_MASTER+OILPRICEAPI_VLSFO
IMO_9599078,9599078,POPEYE,311001257,98730.0,PANAMAX,-23.81556,151.2388,0.0,73.26666666666667,12,Mozambique (Beira / Maputo),East Coast India,coking coal,Handysize,,43.75,$/mt,4601.384016575973,12.0,15.977027835333239,2.0,17.97702783533324,30.0,539.3108350599972,770.5,VLSFO,Singapore,2026-08-28T16:11:32.820Z,415538.99841372785,12000.0,215724.33402399888,25000.0,656263.3324377267,,,True,True,True,False,True,False,STEP49J_AIS+ROUTE_MASTER+OILPRICEAPI_VLSFO
IMO_9599078,9599078,POPEYE,311001257,98730.0,PANAMAX,-23.81556,151.2388,0.0,73.26666666666667,13,"Adang Bay (East Kalimantan), Indonesia","Kandla, India",steam coal,Supramax,54625.0,26.5,$/mt,3925.9038662092103,12.0,13.631610646559757,2.0,15.631610646559757,30.0,468.9483193967927,770.5,VLSFO,Singapore,2026-08-28T16:11:32.820Z,361324.6800952288,12000.0,187579.3277587171,25000.0,573904.0078539458,1447562.5,873658.4921460542,True,True,True,True,True,True,STEP49J_AIS+ROUTE_MASTER+OILPRICEAPI_VLSFO
IMO_9599078,9599078,POPEYE,311001257,98730.0,PANAMAX,-23.81556,151.2388,0.0,73.26666666666667,14,"East Kalimantan, Indonesia","Paradip, India",thermal coal,Supramax,54625.0,15.0,$/mt,2752.598463285374,12.0,9.557633553074215,2.0,11.557633553074215,30.0,346.7290065922264,770.5,VLSFO,Singapore,2026-08-28T16:11:32.820Z,267154.6995793105,12000.0,138691.60263689057,25000.0,430846.3022162011,819375.0,388528.6977837989,True,True,True,True,True,True,STEP49J_AIS+ROUTE_MASTER+OILPRICEAPI_VLSFO
IMO_9599078,9599078,POPEYE,311001257,98730.0,PANAMAX,-23.81556,151.2388,0.0,73.26666666666667,15,Atlantic / Black Sea ports (Taman / Ust-Luga proxy),"Visakhapatnam, India",coal,Panamax,73625.0,19.5,$/mt,5565.87430627969,12.0,19.325952452360035,2.0,21.325952452360035,30.0,639.7785735708011,770.5,VLSFO,Singapore,2026-08-28T16:11:32.820Z,492949.39093630225,12000.0,255911.4294283204,25000.0,773860.8203646226,1435687.5,661826.6796353774,True,True,True,True,True,True,STEP49J_AIS+ROUTE_MASTER+OILPRICEAPI_VLSFO
IMO_9599078,9599078,POPEYE,311001257,98730.0,PANAMAX,-23.81556,151.2388,0.0,73.26666666666667,17,"Queensland, Australia","Haldia, India",coking coal,Panamax,73625.0,20.3,$/mt,4732.350582884308,12.0,16.43177285723718,2.0,18.43177285723718,30.0,552.9531857171154,770.5,VLSFO,Singapore,2026-08-28T16:11:32.820Z,426050.4295950374,12000.0,221181.27428684616,25000.0,672231.7038818835,1494587.5,822355.7961181165,True,True,True,True,True,True,STEP49J_AIS+ROUTE_MASTER+OILPRICEAPI_VLSFO
IMO_9599078,9599078,POPEYE,311001257,98730.0,PANAMAX,-23.81556,151.2388,0.0,73.26666666666667,18,"Richards Bay, South Africa","Haldia, India",coking / thermal coal,Panamax,73625.0,12.8,$/mt,4736.344187320068,12.0,16.44563953930579,2.0,18.44563953930579,30.0,553.3691861791738,770.5,VLSFO,Singapore,2026-08-28T16:11:32.820Z,426370.9579510534,12000.0,221347.67447166948,25000.0,672718.6324227229,942400.0,269681.3675772771,True,True,True,True,True,True,STEP49J_AIS+ROUTE_MASTER+OILPRICEAPI_VLSFO
IMO_9599078,9599078,POPEYE,311001257,98730.0,PANAMAX,-23.81556,151.2388,0.0,73.26666666666667,20,East Coast Australia,East Coast India,coal,Panamax,73625.0,17.7,$/mt,5329.775100266468,12.0,18.506163542591903,2.0,20.506163542591903,30.0,615.1849062777571,770.5,VLSFO,Singapore,2026-08-28T16:11:32.820Z,473999.9702870119,12000.0,246073.96251110284,25000.0,745073.9327981147,1303162.5,558088.5672018853,True,True,True,True,True,True,STEP49J_AIS+ROUTE_MASTER+OILPRICEAPI_VLSFO
IMO_9599078,9599078,POPEYE,311001257,98730.0,PANAMAX,-23.81556,151.2388,0.0,73.26666666666667,21,Indonesia,East Coast India,coal,Panamax,73625.0,11.2,$/mt,2579.0639841663437,12.0,8.95508327835536,2.0,10.95508327835536,30.0,328.65249835066084,770.5,VLSFO,Singapore,2026-08-28T16:11:32.820Z,253226.74997918418,12000.0,131460.99934026433,25000.0,409687.7493194485,824600.0,414912.2506805515,True,True,True,True,True,True,STEP49J_AIS+ROUTE_MASTER+OILPRICEAPI_VLSFO
IMO_9599078,9599078,POPEYE,311001257,98730.0,PANAMAX,-23.81556,151.2388,0.0,73.26666666666667,22,Indonesia,West Coast India,coal,Panamax,73625.0,12.85,$/mt,3929.0472301048458,12.0,13.642525104530714,2.0,15.642525104530714,30.0,469.27575313592143,770.5,VLSFO,Singapore,2026-08-28T16:11:32.820Z,361576.96779122745,12000.0,187710.30125436856,25000.0,574287.269045596,946081.25,371793.980954404,True,True,True,True,True,True,STEP49J_AIS+ROUTE_MASTER+OILPRICEAPI_VLSFO
IMO_9599078,9599078,POPEYE,311001257,98730.0,PANAMAX,-23.81556,151.2388,0.0,73.26666666666667,24,US East Coast (Hampton Roads / Baltimore),East Coast India (Paradip / Visakhapatnam),coal / coking coal,Panamax,73625.0,44.35,$/mt,9913.44136694391,12.0,34.42167141299969,2.0,36.42167141299969,30.0,1092.6501423899908,770.5,VLSFO,Singapore,2026-08-28T16:11:32.820Z,841886.934711488,12000.0,437060.0569559963,25000.0,1303946.9916674844,3265268.75,1961321.7583325156,True,True,True,True,True,True,STEP49J_AIS+ROUTE_MASTER+OILPRICEAPI_VLSFO
IMO_9603398,9603398,CAPE RAINBOW,373033000,207886.0,VLOC_OR_VERY_LARGE,-23.79231,151.53191,3.9,73.3,0,"Queensland (Gladstone / Hay Point), Australia","Visakhapatnam & Haldia, India",coking coal,Panamax,73625.0,47.0,$/mt,4926.710066752748,12.0,17.10663217622482,2.0,19.10663217622482,30.0,573.1989652867446,770.5,VLSFO,Singapore,2026-08-28T16:11:32.820Z,441649.8027534367,12000.0,229279.58611469786,25000.0,695929.3888681346,3460375.0,2764445.6111318655,True,True,True,True,True,True,STEP49J_AIS+ROUTE_MASTER+OILPRICEAPI_VLSFO
IMO_9603398,9603398,CAPE RAINBOW,373033000,207886.0,VLOC_OR_VERY_LARGE,-23.79231,151.53191,3.9,73.3,1,"Richards Bay, South Africa","Navlakhi, India",coal,Supramax,54625.0,19.35,$/mt,3938.9061722773454,12.0,13.676757542629671,2.0,15.676757542629671,30.0,470.30272627889013,770.5,VLSFO,Singapore,2026-08-28T16:11:32.820Z,362368.2505978848,12000.0,188121.09051155605,25000.0,575489.3411094409,1056993.75,481504.4088905591,True,True,True,True,True,True,STEP49J_AIS+ROUTE_MASTER+OILPRICEAPI_VLSFO
IMO_9603398,9603398,CAPE RAINBOW,373033000,207886.0,VLOC_OR_VERY_LARGE,-23.79231,151.53191,3.9,73.3,2,"Hay Point, Australia","Paradip, India",coking coal,Panamax,73625.0,13.8,$/mt,4899.001585207413,12.0,17.010422170859073,2.0,19.010422170859073,30.0,570.3126651257721,770.5,VLSFO,Singapore,2026-08-28T16:11:32.820Z,439425.90847940743,12000.0,228125.06605030887,25000.0,692550.9745297163,1016025.0,323474.0254702837,True,True,True,True,True,True,STEP49J_AIS+ROUTE_MASTER+OILPRICEAPI_VLSFO
IMO_9603398,9603398,CAPE RAINBOW,373033000,207886.0,VLOC_OR_VERY_LARGE,-23.79231,151.53191,3.9,73.3,3,"East Kalimantan, Indonesia","Navlakhi, India",coal,Supramax,54625.0,18.45,$/mt,4102.581709223877,12.0,14.245075379249572,2.0,16.24507537924957,30.0,487.35226137748714,770.5,VLSFO,Singapore,2026-08-28T16:11:32.820Z,375504.91739135387,12000.0,194940.90455099483,25000.0,595445.8219423487,1007831.25,412385.42805765127,True,True,True,True,True,True,STEP49J_AIS+ROUTE_MASTER+OILPRICEAPI_VLSFO
IMO_9603398,9603398,CAPE RAINBOW,373033000,207886.0,VLOC_OR_VERY_LARGE,-23.79231,151.53191,3.9,73.3,4,"Hay Point, Australia","Visakhapatnam, India",metallurgical coal,Panamax,73625.0,23.3,$/mt,4926.710066752748,12.0,17.10663217622482,2.0,19.10663217622482,30.0,573.1989652867446,770.5,VLSFO,Singapore,2026-08-28T16:11:32.820Z,441649.8027534367,12000.0,229279.58611469786,25000.0,695929.3888681346,1715462.5,1019533.1111318654,True,True,True,True,True,True,STEP49J_AIS+ROUTE_MASTER+OILPRICEAPI_VLSFO
IMO_9603398,9603398,CAPE RAINBOW,373033000,207886.0,VLOC_OR_VERY_LARGE,-23.79231,151.53191,3.9,73.3,5,"Hay Point, Australia","Paradip, India",metallurgical coal,Panamax,73625.0,21.1,$/mt,4899.001585207413,12.0,17.010422170859073,2.0,19.010422170859073,30.0,570.3126651257721,770.5,VLSFO,Singapore,2026-08-28T16:11:32.820Z,439425.90847940743,12000.0,228125.06605030887,25000.0,692550.9745297163,1553487.5,860936.5254702837,True,True,True,True,True,True,STEP49J_AIS+ROUTE_MASTER+OILPRICEAPI_VLSFO
IMO_9603398,9603398,CAPE RAINBOW,373033000,207886.0,VLOC_OR_VERY_LARGE,-23.79231,151.53191,3.9,73.3,6,"Banjarmasin (South Kalimantan), Indonesia","Krishnapatnam, India",thermal coal,Panamax,73625.0,11.8,$/mt,2408.301246605427,12.0,8.362157106268844,2.0,10.362157106268844,30.0,310.8647131880653,770.5,VLSFO,Singapore,2026-08-28T16:11:32.820Z,239521.26151140433,12000.0,124345.88527522613,25000.0,388867.14678663044,868775.0,479907.85321336956,True,True,True,True,True,True,STEP49J_AIS+ROUTE_MASTER+OILPRICEAPI_VLSFO
IMO_9603398,9603398,CAPE RAINBOW,373033000,207886.0,VLOC_OR_VERY_LARGE,-23.79231,151.53191,3.9,73.3,7,"East Kalimantan, Indonesia","Paradip, India",coal,Supramax,54625.0,16.05,$/mt,2752.598463285374,12.0,9.557633553074215,2.0,11.557633553074215,30.0,346.7290065922264,770.5,VLSFO,Singapore,2026-08-28T16:11:32.820Z,267154.6995793105,12000.0,138691.60263689057,25000.0,430846.3022162011,876731.25,445884.9477837989,True,True,True,True,True,True,STEP49J_AIS+ROUTE_MASTER+OILPRICEAPI_VLSFO
IMO_9603398,9603398,CAPE RAINBOW,373033000,207886.0,VLOC_OR_VERY_LARGE,-23.79231,151.53191,3.9,73.3,8,"Banjarmasin (South Kalimantan), Indonesia","Dahej, India",thermal coal,Panamax,73625.0,13.1,$/mt,3443.2178891213243,12.0,11.955617670560153,2.0,13.955617670560153,30.0,418.6685301168046,770.5,VLSFO,Singapore,2026-08-28T16:11:32.820Z,322584.10245499795,12000.0,167467.41204672185,25000.0,515051.5145017198,964487.5,449435.9854982802,True,True,True,True,True,True,STEP49J_AIS+ROUTE_MASTER+OILPRICEAPI_VLSFO
IMO_9603398,9603398,CAPE RAINBOW,373033000,207886.0,VLOC_OR_VERY_LARGE,-23.79231,151.53191,3.9,73.3,9,"Richards Bay, South Africa","Paradip, India",thermal coal,Panamax,73625.0,18.6,$/mt,4667.806005082153,12.0,16.207659739868586,2.0,18.207659739868586,30.0,546.2297921960576,770.5,VLSFO,Singapore,2026-08-28T16:11:32.820Z,420870.05488706235,12000.0,218491.916878423,25000.0,664361.9717654854,1369425.0,705063.0282345146,True,True,True,True,True,True,STEP49J_AIS+ROUTE_MASTER+OILPRICEAPI_VLSFO
IMO_9603398,9603398,CAPE RAINBOW,373033000,207886.0,VLOC_OR_VERY_LARGE,-23.79231,151.53191,3.9,73.3,10,Indonesia,"Paradip, India",thermal coal,Supramax,54625.0,21.3,$/mt,2579.0639841663437,12.0,8.95508327835536,2.0,10.95508327835536,30.0,328.65249835066084,770.5,VLSFO,Singapore,2026-08-28T16:11:32.820Z,253226.74997918418,12000.0,131460.99934026433,25000.0,409687.7493194485,1163512.5,753824.7506805515,True,True,True,True,True,True,STEP49J_AIS+ROUTE_MASTER+OILPRICEAPI_VLSFO
IMO_9603398,9603398,CAPE RAINBOW,373033000,207886.0,VLOC_OR_VERY_LARGE,-23.79231,151.53191,3.9,73.3,11,"Hay Point, Australia","Visakhapatnam, India",coal,Panamax,73625.0,27.85,$/mt,4926.710066752748,12.0,17.10663217622482,2.0,19.10663217622482,30.0,573.1989652867446,770.5,VLSFO,Singapore,2026-08-28T16:11:32.820Z,441649.8027534367,12000.0,229279.58611469786,25000.0,695929.3888681346,2050456.25,1354526.8611318655,True,True,True,True,True,True,STEP49J_AIS+ROUTE_MASTER+OILPRICEAPI_VLSFO
IMO_9603398,9603398,CAPE RAINBOW,373033000,207886.0,VLOC_OR_VERY_LARGE,-23.79231,151.53191,3.9,73.3,12,Mozambique (Beira / Maputo),East Coast India,coking coal,Handysize,,43.75,$/mt,4601.384016575973,12.0,15.977027835333239,2.0,17.97702783533324,30.0,539.3108350599972,770.5,VLSFO,Singapore,2026-08-28T16:11:32.820Z,415538.99841372785,12000.0,215724.33402399888,25000.0,656263.3324377267,,,True,True,True,False,True,False,STEP49J_AIS+ROUTE_MASTER+OILPRICEAPI_VLSFO
IMO_9603398,9603398,CAPE RAINBOW,373033000,207886.0,VLOC_OR_VERY_LARGE,-23.79231,151.53191,3.9,73.3,13,"Adang Bay (East Kalimantan), Indonesia","Kandla, India",steam coal,Supramax,54625.0,26.5,$/mt,3925.9038662092103,12.0,13.631610646559757,2.0,15.631610646559757,30.0,468.9483193967927,770.5,VLSFO,Singapore,2026-08-28T16:11:32.820Z,361324.6800952288,12000.0,187579.3277587171,25000.0,573904.0078539458,1447562.5,873658.4921460542,True,True,True,True,True,True,STEP49J_AIS+ROUTE_MASTER+OILPRICEAPI_VLSFO
IMO_9603398,9603398,CAPE RAINBOW,373033000,207886.0,VLOC_OR_VERY_LARGE,-23.79231,151.53191,3.9,73.3,14,"East Kalimantan, Indonesia","Paradip, India",thermal coal,Supramax,54625.0,15.0,$/mt,2752.598463285374,12.0,9.557633553074215,2.0,11.557633553074215,30.0,346.7290065922264,770.5,VLSFO,Singapore,2026-08-28T16:11:32.820Z,267154.6995793105,12000.0,138691.60263689057,25000.0,430846.3022162011,819375.0,388528.6977837989,True,True,True,True,True,True,STEP49J_AIS+ROUTE_MASTER+OILPRICEAPI_VLSFO
IMO_9603398,9603398,CAPE RAINBOW,373033000,207886.0,VLOC_OR_VERY_LARGE,-23.79231,151.53191,3.9,73.3,15,Atlantic / Black Sea ports (Taman / Ust-Luga proxy),"Visakhapatnam, India",coal,Panamax,73625.0,19.5,$/mt,5565.87430627969,12.0,19.325952452360035,2.0,21.325952452360035,30.0,639.7785735708011,770.5,VLSFO,Singapore,2026-08-28T16:11:32.820Z,492949.39093630225,12000.0,255911.4294283204,25000.0,773860.8203646226,1435687.5,661826.6796353774,True,True,True,True,True,True,STEP49J_AIS+ROUTE_MASTER+OILPRICEAPI_VLSFO
IMO_9603398,9603398,CAPE RAINBOW,373033000,207886.0,VLOC_OR_VERY_LARGE,-23.79231,151.53191,3.9,73.3,17,"Queensland, Australia","Haldia, India",coking coal,Panamax,73625.0,20.3,$/mt,4732.350582884308,12.0,16.43177285723718,2.0,18.43177285723718,30.0,552.9531857171154,770.5,VLSFO,Singapore,2026-08-28T16:11:32.820Z,426050.4295950374,12000.0,221181.27428684616,25000.0,672231.7038818835,1494587.5,822355.7961181165,True,True,True,True,True,True,STEP49J_AIS+ROUTE_MASTER+OILPRICEAPI_VLSFO
IMO_9603398,9603398,CAPE RAINBOW,373033000,207886.0,VLOC_OR_VERY_LARGE,-23.79231,151.53191,3.9,73.3,18,"Richards Bay, South Africa","Haldia, India",coking / thermal coal,Panamax,73625.0,12.8,$/mt,4736.344187320068,12.0,16.44563953930579,2.0,18.44563953930579,30.0,553.3691861791738,770.5,VLSFO,Singapore,2026-08-28T16:11:32.820Z,426370.9579510534,12000.0,221347.67447166948,25000.0,672718.6324227229,942400.0,269681.3675772771,True,True,True,True,True,True,STEP49J_AIS+ROUTE_MASTER+OILPRICEAPI_VLSFO
IMO_9603398,9603398,CAPE RAINBOW,373033000,207886.0,VLOC_OR_VERY_LARGE,-23.79231,151.53191,3.9,73.3,20,East Coast Australia,East Coast India,coal,Panamax,73625.0,17.7,$/mt,5329.775100266468,12.0,18.506163542591903,2.0,20.506163542591903,30.0,615.1849062777571,770.5,VLSFO,Singapore,2026-08-28T16:11:32.820Z,473999.9702870119,12000.0,246073.96251110284,25000.0,745073.9327981147,1303162.5,558088.5672018853,True,True,True,True,True,True,STEP49J_AIS+ROUTE_MASTER+OILPRICEAPI_VLSFO
IMO_9603398,9603398,CAPE RAINBOW,373033000,207886.0,VLOC_OR_VERY_LARGE,-23.79231,151.53191,3.9,73.3,21,Indonesia,East Coast India,coal,Panamax,73625.0,11.2,$/mt,2579.0639841663437,12.0,8.95508327835536,2.0,10.95508327835536,30.0,328.65249835066084,770.5,VLSFO,Singapore,2026-08-28T16:11:32.820Z,253226.74997918418,12000.0,131460.99934026433,25000.0,409687.7493194485,824600.0,414912.2506805515,True,True,True,True,True,True,STEP49J_AIS+ROUTE_MASTER+OILPRICEAPI_VLSFO
IMO_9603398,9603398,CAPE RAINBOW,373033000,207886.0,VLOC_OR_VERY_LARGE,-23.79231,151.53191,3.9,73.3,22,Indonesia,West Coast India,coal,Panamax,73625.0,12.85,$/mt,3929.0472301048458,12.0,13.642525104530714,2.0,15.642525104530714,30.0,469.27575313592143,770.5,VLSFO,Singapore,2026-08-28T16:11:32.820Z,361576.96779122745,12000.0,187710.30125436856,25000.0,574287.269045596,946081.25,371793.980954404,True,True,True,True,True,True,STEP49J_AIS+ROUTE_MASTER+OILPRICEAPI_VLSFO
IMO_9603398,9603398,CAPE RAINBOW,373033000,207886.0,VLOC_OR_VERY_LARGE,-23.79231,151.53191,3.9,73.3,24,US East Coast (Hampton Roads / Baltimore),East Coast India (Paradip / Visakhapatnam),coal / coking coal,Panamax,73625.0,44.35,$/mt,9913.44136694391,12.0,34.42167141299969,2.0,36.42167141299969,30.0,1092.6501423899908,770.5,VLSFO,Singapore,2026-08-28T16:11:32.820Z,841886.934711488,12000.0,437060.0569559963,25000.0,1303946.9916674844,3265268.75,1961321.7583325156,True,True,True,True,True,True,STEP49J_AIS+ROUTE_MASTER+OILPRICEAPI_VLSFO
IMO_9607136,9607136,RTM DHAMBUL,564856000,70373.0,SUPRAMAX,-23.83336,151.51863,0.0,73.48333333333333,1,"Richards Bay, South Africa","Navlakhi, India",coal,Supramax,54625.0,19.35,$/mt,3938.9061722773454,12.0,13.676757542629671,2.0,15.676757542629671,30.0,470.30272627889013,770.5,VLSFO,Singapore,2026-08-28T16:11:32.820Z,362368.2505978848,12000.0,188121.09051155605,25000.0,575489.3411094409,1056993.75,481504.4088905591,True,True,True,True,True,True,STEP49J_AIS+ROUTE_MASTER+OILPRICEAPI_VLSFO
IMO_9607136,9607136,RTM DHAMBUL,564856000,70373.0,SUPRAMAX,-23.83336,151.51863,0.0,73.48333333333333,3,"East Kalimantan, Indonesia","Navlakhi, India",coal,Supramax,54625.0,18.45,$/mt,4102.581709223877,12.0,14.245075379249572,2.0,16.24507537924957,30.0,487.35226137748714,770.5,VLSFO,Singapore,2026-08-28T16:11:32.820Z,375504.91739135387,12000.0,194940.90455099483,25000.0,595445.8219423487,1007831.25,412385.42805765127,True,True,True,True,True,True,STEP49J_AIS+ROUTE_MASTER+OILPRICEAPI_VLSFO
IMO_9607136,9607136,RTM DHAMBUL,564856000,70373.0,SUPRAMAX,-23.83336,151.51863,0.0,73.48333333333333,7,"East Kalimantan, Indonesia","Paradip, India",coal,Supramax,54625.0,16.05,$/mt,2752.598463285374,12.0,9.557633553074215,2.0,11.557633553074215,30.0,346.7290065922264,770.5,VLSFO,Singapore,2026-08-28T16:11:32.820Z,267154.6995793105,12000.0,138691.60263689057,25000.0,430846.3022162011,876731.25,445884.9477837989,True,True,True,True,True,True,STEP49J_AIS+ROUTE_MASTER+OILPRICEAPI_VLSFO
IMO_9607136,9607136,RTM DHAMBUL,564856000,70373.0,SUPRAMAX,-23.83336,151.51863,0.0,73.48333333333333,10,Indonesia,"Paradip, India",thermal coal,Supramax,54625.0,21.3,$/mt,2579.0639841663437,12.0,8.95508327835536,2.0,10.95508327835536,30.0,328.65249835066084,770.5,VLSFO,Singapore,2026-08-28T16:11:32.820Z,253226.74997918418,12000.0,131460.99934026433,25000.0,409687.7493194485,1163512.5,753824.7506805515,True,True,True,True,True,True,STEP49J_AIS+ROUTE_MASTER+OILPRICEAPI_VLSFO
IMO_9607136,9607136,RTM DHAMBUL,564856000,70373.0,SUPRAMAX,-23.83336,151.51863,0.0,73.48333333333333,12,Mozambique (Beira / Maputo),East Coast India,coking coal,Handysize,,43.75,$/mt,4601.384016575973,12.0,15.977027835333239,2.0,17.97702783533324,30.0,539.3108350599972,770.5,VLSFO,Singapore,2026-08-28T16:11:32.820Z,415538.99841372785,12000.0,215724.33402399888,25000.0,656263.3324377267,,,True,True,True,False,True,False,STEP49J_AIS+ROUTE_MASTER+OILPRICEAPI_VLSFO
IMO_9607136,9607136,RTM DHAMBUL,564856000,70373.0,SUPRAMAX,-23.83336,151.51863,0.0,73.48333333333333,13,"Adang Bay (East Kalimantan), Indonesia","Kandla, India",steam coal,Supramax,54625.0,26.5,$/mt,3925.9038662092103,12.0,13.631610646559757,2.0,15.631610646559757,30.0,468.9483193967927,770.5,VLSFO,Singapore,2026-08-28T16:11:32.820Z,361324.6800952288,12000.0,187579.3277587171,25000.0,573904.0078539458,1447562.5,873658.4921460542,True,True,True,True,True,True,STEP49J_AIS+ROUTE_MASTER+OILPRICEAPI_VLSFO
IMO_9607136,9607136,RTM DHAMBUL,564856000,70373.0,SUPRAMAX,-23.83336,151.51863,0.0,73.48333333333333,14,"East Kalimantan, Indonesia","Paradip, India",thermal coal,Supramax,54625.0,15.0,$/mt,2752.598463285374,12.0,9.557633553074215,2.0,11.557633553074215,30.0,346.7290065922264,770.5,VLSFO,Singapore,2026-08-28T16:11:32.820Z,267154.6995793105,12000.0,138691.60263689057,25000.0,430846.3022162011,819375.0,388528.6977837989,True,True,True,True,True,True,STEP49J_AIS+ROUTE_MASTER+OILPRICEAPI_VLSFO
IMO_9465186,9465186,ES GLORY SEA,636019494,177000.0,CAPE,-23.75762,151.47274,0.1,74.65,0,"Queensland (Gladstone / Hay Point), Australia","Visakhapatnam & Haldia, India",coking coal,Panamax,73625.0,47.0,$/mt,4926.710066752748,12.0,17.10663217622482,2.0,19.10663217622482,30.0,573.1989652867446,770.5,VLSFO,Singapore,2026-08-28T16:11:32.820Z,441649.8027534367,12000.0,229279.58611469786,25000.0,695929.3888681346,3460375.0,2764445.6111318655,True,True,True,True,True,True,STEP49J_AIS+ROUTE_MASTER+OILPRICEAPI_VLSFO
IMO_9465186,9465186,ES GLORY SEA,636019494,177000.0,CAPE,-23.75762,151.47274,0.1,74.65,1,"Richards Bay, South Africa","Navlakhi, India",coal,Supramax,54625.0,19.35,$/mt,3938.9061722773454,12.0,13.676757542629671,2.0,15.676757542629671,30.0,470.30272627889013,770.5,VLSFO,Singapore,2026-08-28T16:11:32.820Z,362368.2505978848,12000.0,188121.09051155605,25000.0,575489.3411094409,1056993.75,481504.4088905591,True,True,True,True,True,True,STEP49J_AIS+ROUTE_MASTER+OILPRICEAPI_VLSFO
IMO_9465186,9465186,ES GLORY SEA,636019494,177000.0,CAPE,-23.75762,151.47274,0.1,74.65,2,"Hay Point, Australia","Paradip, India",coking coal,Panamax,73625.0,13.8,$/mt,4899.001585207413,12.0,17.010422170859073,2.0,19.010422170859073,30.0,570.3126651257721,770.5,VLSFO,Singapore,2026-08-28T16:11:32.820Z,439425.90847940743,12000.0,228125.06605030887,25000.0,692550.9745297163,1016025.0,323474.0254702837,True,True,True,True,True,True,STEP49J_AIS+ROUTE_MASTER+OILPRICEAPI_VLSFO
IMO_9465186,9465186,ES GLORY SEA,636019494,177000.0,CAPE,-23.75762,151.47274,0.1,74.65,3,"East Kalimantan, Indonesia","Navlakhi, India",coal,Supramax,54625.0,18.45,$/mt,4102.581709223877,12.0,14.245075379249572,2.0,16.24507537924957,30.0,487.35226137748714,770.5,VLSFO,Singapore,2026-08-28T16:11:32.820Z,375504.91739135387,12000.0,194940.90455099483,25000.0,595445.8219423487,1007831.25,412385.42805765127,True,True,True,True,True,True,STEP49J_AIS+ROUTE_MASTER+OILPRICEAPI_VLSFO
IMO_9465186,9465186,ES GLORY SEA,636019494,177000.0,CAPE,-23.75762,151.47274,0.1,74.65,4,"Hay Point, Australia","Visakhapatnam, India",metallurgical coal,Panamax,73625.0,23.3,$/mt,4926.710066752748,12.0,17.10663217622482,2.0,19.10663217622482,30.0,573.1989652867446,770.5,VLSFO,Singapore,2026-08-28T16:11:32.820Z,441649.8027534367,12000.0,229279.58611469786,25000.0,695929.3888681346,1715462.5,1019533.1111318654,True,True,True,True,True,True,STEP49J_AIS+ROUTE_MASTER+OILPRICEAPI_VLSFO
IMO_9465186,9465186,ES GLORY SEA,636019494,177000.0,CAPE,-23.75762,151.47274,0.1,74.65,5,"Hay Point, Australia","Paradip, India",metallurgical coal,Panamax,73625.0,21.1,$/mt,4899.001585207413,12.0,17.010422170859073,2.0,19.010422170859073,30.0,570.3126651257721,770.5,VLSFO,Singapore,2026-08-28T16:11:32.820Z,439425.90847940743,12000.0,228125.06605030887,25000.0,692550.9745297163,1553487.5,860936.5254702837,True,True,True,True,True,True,STEP49J_AIS+ROUTE_MASTER+OILPRICEAPI_VLSFO
IMO_9465186,9465186,ES GLORY SEA,636019494,177000.0,CAPE,-23.75762,151.47274,0.1,74.65,6,"Banjarmasin (South Kalimantan), Indonesia","Krishnapatnam, India",thermal coal,Panamax,73625.0,11.8,$/mt,2408.301246605427,12.0,8.362157106268844,2.0,10.362157106268844,30.0,310.8647131880653,770.5,VLSFO,Singapore,2026-08-28T16:11:32.820Z,239521.26151140433,12000.0,124345.88527522613,25000.0,388867.14678663044,868775.0,479907.85321336956,True,True,True,True,True,True,STEP49J_AIS+ROUTE_MASTER+OILPRICEAPI_VLSFO
IMO_9465186,9465186,ES GLORY SEA,636019494,177000.0,CAPE,-23.75762,151.47274,0.1,74.65,7,"East Kalimantan, Indonesia","Paradip, India",coal,Supramax,54625.0,16.05,$/mt,2752.598463285374,12.0,9.557633553074215,2.0,11.557633553074215,30.0,346.7290065922264,770.5,VLSFO,Singapore,2026-08-28T16:11:32.820Z,267154.6995793105,12000.0,138691.60263689057,25000.0,430846.3022162011,876731.25,445884.9477837989,True,True,True,True,True,True,STEP49J_AIS+ROUTE_MASTER+OILPRICEAPI_VLSFO
IMO_9465186,9465186,ES GLORY SEA,636019494,177000.0,CAPE,-23.75762,151.47274,0.1,74.65,8,"Banjarmasin (South Kalimantan), Indonesia","Dahej, India",thermal coal,Panamax,73625.0,13.1,$/mt,3443.2178891213243,12.0,11.955617670560153,2.0,13.955617670560153,30.0,418.6685301168046,770.5,VLSFO,Singapore,2026-08-28T16:11:32.820Z,322584.10245499795,12000.0,167467.41204672185,25000.0,515051.5145017198,964487.5,449435.9854982802,True,True,True,True,True,True,STEP49J_AIS+ROUTE_MASTER+OILPRICEAPI_VLSFO
IMO_9465186,9465186,ES GLORY SEA,636019494,177000.0,CAPE,-23.75762,151.47274,0.1,74.65,9,"Richards Bay, South Africa","Paradip, India",thermal coal,Panamax,73625.0,18.6,$/mt,4667.806005082153,12.0,16.207659739868586,2.0,18.207659739868586,30.0,546.2297921960576,770.5,VLSFO,Singapore,2026-08-28T16:11:32.820Z,420870.05488706235,12000.0,218491.916878423,25000.0,664361.9717654854,1369425.0,705063.0282345146,True,True,True,True,True,True,STEP49J_AIS+ROUTE_MASTER+OILPRICEAPI_VLSFO
IMO_9465186,9465186,ES GLORY SEA,636019494,177000.0,CAPE,-23.75762,151.47274,0.1,74.65,10,Indonesia,"Paradip, India",thermal coal,Supramax,54625.0,21.3,$/mt,2579.0639841663437,12.0,8.95508327835536,2.0,10.95508327835536,30.0,328.65249835066084,770.5,VLSFO,Singapore,2026-08-28T16:11:32.820Z,253226.74997918418,12000.0,131460.99934026433,25000.0,409687.7493194485,1163512.5,753824.7506805515,True,True,True,True,True,True,STEP49J_AIS+ROUTE_MASTER+OILPRICEAPI_VLSFO
IMO_9465186,9465186,ES GLORY SEA,636019494,177000.0,CAPE,-23.75762,151.47274,0.1,74.65,11,"Hay Point, Australia","Visakhapatnam, India",coal,Panamax,73625.0,27.85,$/mt,4926.710066752748,12.0,17.10663217622482,2.0,19.10663217622482,30.0,573.1989652867446,770.5,VLSFO,Singapore,2026-08-28T16:11:32.820Z,441649.8027534367,12000.0,229279.58611469786,25000.0,695929.3888681346,2050456.25,1354526.8611318655,True,True,True,True,True,True,STEP49J_AIS+ROUTE_MASTER+OILPRICEAPI_VLSFO
IMO_9465186,9465186,ES GLORY SEA,636019494,177000.0,CAPE,-23.75762,151.47274,0.1,74.65,12,Mozambique (Beira / Maputo),East Coast India,coking coal,Handysize,,43.75,$/mt,4601.384016575973,12.0,15.977027835333239,2.0,17.97702783533324,30.0,539.3108350599972,770.5,VLSFO,Singapore,2026-08-28T16:11:32.820Z,415538.99841372785,12000.0,215724.33402399888,25000.0,656263.3324377267,,,True,True,True,False,True,False,STEP49J_AIS+ROUTE_MASTER+OILPRICEAPI_VLSFO
IMO_9465186,9465186,ES GLORY SEA,636019494,177000.0,CAPE,-23.75762,151.47274,0.1,74.65,13,"Adang Bay (East Kalimantan), Indonesia","Kandla, India",steam coal,Supramax,54625.0,26.5,$/mt,3925.9038662092103,12.0,13.631610646559757,2.0,15.631610646559757,30.0,468.9483193967927,770.5,VLSFO,Singapore,2026-08-28T16:11:32.820Z,361324.6800952288,12000.0,187579.3277587171,25000.0,573904.0078539458,1447562.5,873658.4921460542,True,True,True,True,True,True,STEP49J_AIS+ROUTE_MASTER+OILPRICEAPI_VLSFO
IMO_9465186,9465186,ES GLORY SEA,636019494,177000.0,CAPE,-23.75762,151.47274,0.1,74.65,14,"East Kalimantan, Indonesia","Paradip, India",thermal coal,Supramax,54625.0,15.0,$/mt,2752.598463285374,12.0,9.557633553074215,2.0,11.557633553074215,30.0,346.7290065922264,770.5,VLSFO,Singapore,2026-08-28T16:11:32.820Z,267154.6995793105,12000.0,138691.60263689057,25000.0,430846.3022162011,819375.0,388528.6977837989,True,True,True,True,True,True,STEP49J_AIS+ROUTE_MASTER+OILPRICEAPI_VLSFO
IMO_9465186,9465186,ES GLORY SEA,636019494,177000.0,CAPE,-23.75762,151.47274,0.1,74.65,15,Atlantic / Black Sea ports (Taman / Ust-Luga proxy),"Visakhapatnam, India",coal,Panamax,73625.0,19.5,$/mt,5565.87430627969,12.0,19.325952452360035,2.0,21.325952452360035,30.0,639.7785735708011,770.5,VLSFO,Singapore,2026-08-28T16:11:32.820Z,492949.39093630225,12000.0,255911.4294283204,25000.0,773860.8203646226,1435687.5,661826.6796353774,True,True,True,True,True,True,STEP49J_AIS+ROUTE_MASTER+OILPRICEAPI_VLSFO
IMO_9465186,9465186,ES GLORY SEA,636019494,177000.0,CAPE,-23.75762,151.47274,0.1,74.65,17,"Queensland, Australia","Haldia, India",coking coal,Panamax,73625.0,20.3,$/mt,4732.350582884308,12.0,16.43177285723718,2.0,18.43177285723718,30.0,552.9531857171154,770.5,VLSFO,Singapore,2026-08-28T16:11:32.820Z,426050.4295950374,12000.0,221181.27428684616,25000.0,672231.7038818835,1494587.5,822355.7961181165,True,True,True,True,True,True,STEP49J_AIS+ROUTE_MASTER+OILPRICEAPI_VLSFO
IMO_9465186,9465186,ES GLORY SEA,636019494,177000.0,CAPE,-23.75762,151.47274,0.1,74.65,18,"Richards Bay, South Africa","Haldia, India",coking / thermal coal,Panamax,73625.0,12.8,$/mt,4736.344187320068,12.0,16.44563953930579,2.0,18.44563953930579,30.0,553.3691861791738,770.5,VLSFO,Singapore,2026-08-28T16:11:32.820Z,426370.9579510534,12000.0,221347.67447166948,25000.0,672718.6324227229,942400.0,269681.3675772771,True,True,True,True,True,True,STEP49J_AIS+ROUTE_MASTER+OILPRICEAPI_VLSFO
IMO_9465186,9465186,ES GLORY SEA,636019494,177000.0,CAPE,-23.75762,151.47274,0.1,74.65,20,East Coast Australia,East Coast India,coal,Panamax,73625.0,17.7,$/mt,5329.775100266468,12.0,18.506163542591903,2.0,20.506163542591903,30.0,615.1849062777571,770.5,VLSFO,Singapore,2026-08-28T16:11:32.820Z,473999.9702870119,12000.0,246073.96251110284,25000.0,745073.9327981147,1303162.5,558088.5672018853,True,True,True,True,True,True,STEP49J_AIS+ROUTE_MASTER+OILPRICEAPI_VLSFO
IMO_9465186,9465186,ES GLORY SEA,636019494,177000.0,CAPE,-23.75762,151.47274,0.1,74.65,21,Indonesia,East Coast India,coal,Panamax,73625.0,11.2,$/mt,2579.0639841663437,12.0,8.95508327835536,2.0,10.95508327835536,30.0,328.65249835066084,770.5,VLSFO,Singapore,2026-08-28T16:11:32.820Z,253226.74997918418,12000.0,131460.99934026433,25000.0,409687.7493194485,824600.0,414912.2506805515,True,True,True,True,True,True,STEP49J_AIS+ROUTE_MASTER+OILPRICEAPI_VLSFO
IMO_9465186,9465186,ES GLORY SEA,636019494,177000.0,CAPE,-23.75762,151.47274,0.1,74.65,22,Indonesia,West Coast India,coal,Panamax,73625.0,12.85,$/mt,3929.0472301048458,12.0,13.642525104530714,2.0,15.642525104530714,30.0,469.27575313592143,770.5,VLSFO,Singapore,2026-08-28T16:11:32.820Z,361576.96779122745,12000.0,187710.30125436856,25000.0,574287.269045596,946081.25,371793.980954404,True,True,True,True,True,True,STEP49J_AIS+ROUTE_MASTER+OILPRICEAPI_VLSFO
IMO_9465186,9465186,ES GLORY SEA,636019494,177000.0,CAPE,-23.75762,151.47274,0.1,74.65,24,US East Coast (Hampton Roads / Baltimore),East Coast India (Paradip / Visakhapatnam),coal / coking coal,Panamax,73625.0,44.35,$/mt,9913.44136694391,12.0,34.42167141299969,2.0,36.42167141299969,30.0,1092.6501423899908,770.5,VLSFO,Singapore,2026-08-28T16:11:32.820Z,841886.934711488,12000.0,437060.0569559963,25000.0,1303946.9916674844,3265268.75,1961321.7583325156,True,True,True,True,True,True,STEP49J_AIS+ROUTE_MASTER+OILPRICEAPI_VLSFO
IMO_9324502,9324502,WHITE ROSE,440422000,171827.0,CAPE,-23.79759,151.47986,0.3,74.75,0,"Queensland (Gladstone / Hay Point), Australia","Visakhapatnam & Haldia, India",coking coal,Panamax,73625.0,47.0,$/mt,4926.710066752748,12.0,17.10663217622482,2.0,19.10663217622482,30.0,573.1989652867446,770.5,VLSFO,Singapore,2026-08-28T16:11:32.820Z,441649.8027534367,12000.0,229279.58611469786,25000.0,695929.3888681346,3460375.0,2764445.6111318655,True,True,True,True,True,True,STEP49J_AIS+ROUTE_MASTER+OILPRICEAPI_VLSFO
IMO_9324502,9324502,WHITE ROSE,440422000,171827.0,CAPE,-23.79759,151.47986,0.3,74.75,1,"Richards Bay, South Africa","Navlakhi, India",coal,Supramax,54625.0,19.35,$/mt,3938.9061722773454,12.0,13.676757542629671,2.0,15.676757542629671,30.0,470.30272627889013,770.5,VLSFO,Singapore,2026-08-28T16:11:32.820Z,362368.2505978848,12000.0,188121.09051155605,25000.0,575489.3411094409,1056993.75,481504.4088905591,True,True,True,True,True,True,STEP49J_AIS+ROUTE_MASTER+OILPRICEAPI_VLSFO
IMO_9324502,9324502,WHITE ROSE,440422000,171827.0,CAPE,-23.79759,151.47986,0.3,74.75,2,"Hay Point, Australia","Paradip, India",coking coal,Panamax,73625.0,13.8,$/mt,4899.001585207413,12.0,17.010422170859073,2.0,19.010422170859073,30.0,570.3126651257721,770.5,VLSFO,Singapore,2026-08-28T16:11:32.820Z,439425.90847940743,12000.0,228125.06605030887,25000.0,692550.9745297163,1016025.0,323474.0254702837,True,True,True,True,True,True,STEP49J_AIS+ROUTE_MASTER+OILPRICEAPI_VLSFO
IMO_9324502,9324502,WHITE ROSE,440422000,171827.0,CAPE,-23.79759,151.47986,0.3,74.75,3,"East Kalimantan, Indonesia","Navlakhi, India",coal,Supramax,54625.0,18.45,$/mt,4102.581709223877,12.0,14.245075379249572,2.0,16.24507537924957,30.0,487.35226137748714,770.5,VLSFO,Singapore,2026-08-28T16:11:32.820Z,375504.91739135387,12000.0,194940.90455099483,25000.0,595445.8219423487,1007831.25,412385.42805765127,True,True,True,True,True,True,STEP49J_AIS+ROUTE_MASTER+OILPRICEAPI_VLSFO
IMO_9324502,9324502,WHITE ROSE,440422000,171827.0,CAPE,-23.79759,151.47986,0.3,74.75,4,"Hay Point, Australia","Visakhapatnam, India",metallurgical coal,Panamax,73625.0,23.3,$/mt,4926.710066752748,12.0,17.10663217622482,2.0,19.10663217622482,30.0,573.1989652867446,770.5,VLSFO,Singapore,2026-08-28T16:11:32.820Z,441649.8027534367,12000.0,229279.58611469786,25000.0,695929.3888681346,1715462.5,1019533.1111318654,True,True,True,True,True,True,STEP49J_AIS+ROUTE_MASTER+OILPRICEAPI_VLSFO
IMO_9324502,9324502,WHITE ROSE,440422000,171827.0,CAPE,-23.79759,151.47986,0.3,74.75,5,"Hay Point, Australia","Paradip, India",metallurgical coal,Panamax,73625.0,21.1,$/mt,4899.001585207413,12.0,17.010422170859073,2.0,19.010422170859073,30.0,570.3126651257721,770.5,VLSFO,Singapore,2026-08-28T16:11:32.820Z,439425.90847940743,12000.0,228125.06605030887,25000.0,692550.9745297163,1553487.5,860936.5254702837,True,True,True,True,True,True,STEP49J_AIS+ROUTE_MASTER+OILPRICEAPI_VLSFO
IMO_9324502,9324502,WHITE ROSE,440422000,171827.0,CAPE,-23.79759,151.47986,0.3,74.75,6,"Banjarmasin (South Kalimantan), Indonesia","Krishnapatnam, India",thermal coal,Panamax,73625.0,11.8,$/mt,2408.301246605427,12.0,8.362157106268844,2.0,10.362157106268844,30.0,310.8647131880653,770.5,VLSFO,Singapore,2026-08-28T16:11:32.820Z,239521.26151140433,12000.0,124345.88527522613,25000.0,388867.14678663044,868775.0,479907.85321336956,True,True,True,True,True,True,STEP49J_AIS+ROUTE_MASTER+OILPRICEAPI_VLSFO
IMO_9324502,9324502,WHITE ROSE,440422000,171827.0,CAPE,-23.79759,151.47986,0.3,74.75,7,"East Kalimantan, Indonesia","Paradip, India",coal,Supramax,54625.0,16.05,$/mt,2752.598463285374,12.0,9.557633553074215,2.0,11.557633553074215,30.0,346.7290065922264,770.5,VLSFO,Singapore,2026-08-28T16:11:32.820Z,267154.6995793105,12000.0,138691.60263689057,25000.0,430846.3022162011,876731.25,445884.9477837989,True,True,True,True,True,True,STEP49J_AIS+ROUTE_MASTER+OILPRICEAPI_VLSFO
IMO_9324502,9324502,WHITE ROSE,440422000,171827.0,CAPE,-23.79759,151.47986,0.3,74.75,8,"Banjarmasin (South Kalimantan), Indonesia","Dahej, India",thermal coal,Panamax,73625.0,13.1,$/mt,3443.2178891213243,12.0,11.955617670560153,2.0,13.955617670560153,30.0,418.6685301168046,770.5,VLSFO,Singapore,2026-08-28T16:11:32.820Z,322584.10245499795,12000.0,167467.41204672185,25000.0,515051.5145017198,964487.5,449435.9854982802,True,True,True,True,True,True,STEP49J_AIS+ROUTE_MASTER+OILPRICEAPI_VLSFO
IMO_9324502,9324502,WHITE ROSE,440422000,171827.0,CAPE,-23.79759,151.47986,0.3,74.75,9,"Richards Bay, South Africa","Paradip, India",thermal coal,Panamax,73625.0,18.6,$/mt,4667.806005082153,12.0,16.207659739868586,2.0,18.207659739868586,30.0,546.2297921960576,770.5,VLSFO,Singapore,2026-08-28T16:11:32.820Z,420870.05488706235,12000.0,218491.916878423,25000.0,664361.9717654854,1369425.0,705063.0282345146,True,True,True,True,True,True,STEP49J_AIS+ROUTE_MASTER+OILPRICEAPI_VLSFO
IMO_9324502,9324502,WHITE ROSE,440422000,171827.0,CAPE,-23.79759,151.47986,0.3,74.75,10,Indonesia,"Paradip, India",thermal coal,Supramax,54625.0,21.3,$/mt,2579.0639841663437,12.0,8.95508327835536,2.0,10.95508327835536,30.0,328.65249835066084,770.5,VLSFO,Singapore,2026-08-28T16:11:32.820Z,253226.74997918418,12000.0,131460.99934026433,25000.0,409687.7493194485,1163512.5,753824.7506805515,True,True,True,True,True,True,STEP49J_AIS+ROUTE_MASTER+OILPRICEAPI_VLSFO
IMO_9324502,9324502,WHITE ROSE,440422000,171827.0,CAPE,-23.79759,151.47986,0.3,74.75,11,"Hay Point, Australia","Visakhapatnam, India",coal,Panamax,73625.0,27.85,$/mt,4926.710066752748,12.0,17.10663217622482,2.0,19.10663217622482,30.0,573.1989652867446,770.5,VLSFO,Singapore,2026-08-28T16:11:32.820Z,441649.8027534367,12000.0,229279.58611469786,25000.0,695929.3888681346,2050456.25,1354526.8611318655,True,True,True,True,True,True,STEP49J_AIS+ROUTE_MASTER+OILPRICEAPI_VLSFO
IMO_9324502,9324502,WHITE ROSE,440422000,171827.0,CAPE,-23.79759,151.47986,0.3,74.75,12,Mozambique (Beira / Maputo),East Coast India,coking coal,Handysize,,43.75,$/mt,4601.384016575973,12.0,15.977027835333239,2.0,17.97702783533324,30.0,539.3108350599972,770.5,VLSFO,Singapore,2026-08-28T16:11:32.820Z,415538.99841372785,12000.0,215724.33402399888,25000.0,656263.3324377267,,,True,True,True,False,True,False,STEP49J_AIS+ROUTE_MASTER+OILPRICEAPI_VLSFO
IMO_9324502,9324502,WHITE ROSE,440422000,171827.0,CAPE,-23.79759,151.47986,0.3,74.75,13,"Adang Bay (East Kalimantan), Indonesia","Kandla, India",steam coal,Supramax,54625.0,26.5,$/mt,3925.9038662092103,12.0,13.631610646559757,2.0,15.631610646559757,30.0,468.9483193967927,770.5,VLSFO,Singapore,2026-08-28T16:11:32.820Z,361324.6800952288,12000.0,187579.3277587171,25000.0,573904.0078539458,1447562.5,873658.4921460542,True,True,True,True,True,True,STEP49J_AIS+ROUTE_MASTER+OILPRICEAPI_VLSFO
IMO_9324502,9324502,WHITE ROSE,440422000,171827.0,CAPE,-23.79759,151.47986,0.3,74.75,14,"East Kalimantan, Indonesia","Paradip, India",thermal coal,Supramax,54625.0,15.0,$/mt,2752.598463285374,12.0,9.557633553074215,2.0,11.557633553074215,30.0,346.7290065922264,770.5,VLSFO,Singapore,2026-08-28T16:11:32.820Z,267154.6995793105,12000.0,138691.60263689057,25000.0,430846.3022162011,819375.0,388528.6977837989,True,True,True,True,True,True,STEP49J_AIS+ROUTE_MASTER+OILPRICEAPI_VLSFO
IMO_9324502,9324502,WHITE ROSE,440422000,171827.0,CAPE,-23.79759,151.47986,0.3,74.75,15,Atlantic / Black Sea ports (Taman / Ust-Luga proxy),"Visakhapatnam, India",coal,Panamax,73625.0,19.5,$/mt,5565.87430627969,12.0,19.325952452360035,2.0,21.325952452360035,30.0,639.7785735708011,770.5,VLSFO,Singapore,2026-08-28T16:11:32.820Z,492949.39093630225,12000.0,255911.4294283204,25000.0,773860.8203646226,1435687.5,661826.6796353774,True,True,True,True,True,True,STEP49J_AIS+ROUTE_MASTER+OILPRICEAPI_VLSFO
IMO_9324502,9324502,WHITE ROSE,440422000,171827.0,CAPE,-23.79759,151.47986,0.3,74.75,17,"Queensland, Australia","Haldia, India",coking coal,Panamax,73625.0,20.3,$/mt,4732.350582884308,12.0,16.43177285723718,2.0,18.43177285723718,30.0,552.9531857171154,770.5,VLSFO,Singapore,2026-08-28T16:11:32.820Z,426050.4295950374,12000.0,221181.27428684616,25000.0,672231.7038818835,1494587.5,822355.7961181165,True,True,True,True,True,True,STEP49J_AIS+ROUTE_MASTER+OILPRICEAPI_VLSFO
IMO_9324502,9324502,WHITE ROSE,440422000,171827.0,CAPE,-23.79759,151.47986,0.3,74.75,18,"Richards Bay, South Africa","Haldia, India",coking / thermal coal,Panamax,73625.0,12.8,$/mt,4736.344187320068,12.0,16.44563953930579,2.0,18.44563953930579,30.0,553.3691861791738,770.5,VLSFO,Singapore,2026-08-28T16:11:32.820Z,426370.9579510534,12000.0,221347.67447166948,25000.0,672718.6324227229,942400.0,269681.3675772771,True,True,True,True,True,True,STEP49J_AIS+ROUTE_MASTER+OILPRICEAPI_VLSFO
IMO_9324502,9324502,WHITE ROSE,440422000,171827.0,CAPE,-23.79759,151.47986,0.3,74.75,20,East Coast Australia,East Coast India,coal,Panamax,73625.0,17.7,$/mt,5329.775100266468,12.0,18.506163542591903,2.0,20.506163542591903,30.0,615.1849062777571,770.5,VLSFO,Singapore,2026-08-28T16:11:32.820Z,473999.9702870119,12000.0,246073.96251110284,25000.0,745073.9327981147,1303162.5,558088.5672018853,True,True,True,True,True,True,STEP49J_AIS+ROUTE_MASTER+OILPRICEAPI_VLSFO
IMO_9324502,9324502,WHITE ROSE,440422000,171827.0,CAPE,-23.79759,151.47986,0.3,74.75,21,Indonesia,East Coast India,coal,Panamax,73625.0,11.2,$/mt,2579.0639841663437,12.0,8.95508327835536,2.0,10.95508327835536,30.0,328.65249835066084,770.5,VLSFO,Singapore,2026-08-28T16:11:32.820Z,253226.74997918418,12000.0,131460.99934026433,25000.0,409687.7493194485,824600.0,414912.2506805515,True,True,True,True,True,True,STEP49J_AIS+ROUTE_MASTER+OILPRICEAPI_VLSFO
IMO_9324502,9324502,WHITE ROSE,440422000,171827.0,CAPE,-23.79759,151.47986,0.3,74.75,22,Indonesia,West Coast India,coal,Panamax,73625.0,12.85,$/mt,3929.0472301048458,12.0,13.642525104530714,2.0,15.642525104530714,30.0,469.27575313592143,770.5,VLSFO,Singapore,2026-08-28T16:11:32.820Z,361576.96779122745,12000.0,187710.30125436856,25000.0,574287.269045596,946081.25,371793.980954404,True,True,True,True,True,True,STEP49J_AIS+ROUTE_MASTER+OILPRICEAPI_VLSFO
IMO_9324502,9324502,WHITE ROSE,440422000,171827.0,CAPE,-23.79759,151.47986,0.3,74.75,24,US East Coast (Hampton Roads / Baltimore),East Coast India (Paradip / Visakhapatnam),coal / coking coal,Panamax,73625.0,44.35,$/mt,9913.44136694391,12.0,34.42167141299969,2.0,36.42167141299969,30.0,1092.6501423899908,770.5,VLSFO,Singapore,2026-08-28T16:11:32.820Z,841886.934711488,12000.0,437060.0569559963,25000.0,1303946.9916674844,3265268.75,1961321.7583325156,True,True,True,True,True,True,STEP49J_AIS+ROUTE_MASTER+OILPRICEAPI_VLSFO
IMO_9454905,9454905,EFESSOS WAVE,210083000,87332.0,PANAMAX,-23.86487,151.59145,0.0,74.9,0,"Queensland (Gladstone / Hay Point), Australia","Visakhapatnam & Haldia, India",coking coal,Panamax,73625.0,47.0,$/mt,4926.710066752748,12.0,17.10663217622482,2.0,19.10663217622482,30.0,573.1989652867446,770.5,VLSFO,Singapore,2026-08-28T16:11:32.820Z,441649.8027534367,12000.0,229279.58611469786,25000.0,695929.3888681346,3460375.0,2764445.6111318655,True,True,True,True,True,True,STEP49J_AIS+ROUTE_MASTER+OILPRICEAPI_VLSFO
IMO_9454905,9454905,EFESSOS WAVE,210083000,87332.0,PANAMAX,-23.86487,151.59145,0.0,74.9,1,"Richards Bay, South Africa","Navlakhi, India",coal,Supramax,54625.0,19.35,$/mt,3938.9061722773454,12.0,13.676757542629671,2.0,15.676757542629671,30.0,470.30272627889013,770.5,VLSFO,Singapore,2026-08-28T16:11:32.820Z,362368.2505978848,12000.0,188121.09051155605,25000.0,575489.3411094409,1056993.75,481504.4088905591,True,True,True,True,True,True,STEP49J_AIS+ROUTE_MASTER+OILPRICEAPI_VLSFO
IMO_9454905,9454905,EFESSOS WAVE,210083000,87332.0,PANAMAX,-23.86487,151.59145,0.0,74.9,2,"Hay Point, Australia","Paradip, India",coking coal,Panamax,73625.0,13.8,$/mt,4899.001585207413,12.0,17.010422170859073,2.0,19.010422170859073,30.0,570.3126651257721,770.5,VLSFO,Singapore,2026-08-28T16:11:32.820Z,439425.90847940743,12000.0,228125.06605030887,25000.0,692550.9745297163,1016025.0,323474.0254702837,True,True,True,True,True,True,STEP49J_AIS+ROUTE_MASTER+OILPRICEAPI_VLSFO
IMO_9454905,9454905,EFESSOS WAVE,210083000,87332.0,PANAMAX,-23.86487,151.59145,0.0,74.9,3,"East Kalimantan, Indonesia","Navlakhi, India",coal,Supramax,54625.0,18.45,$/mt,4102.581709223877,12.0,14.245075379249572,2.0,16.24507537924957,30.0,487.35226137748714,770.5,VLSFO,Singapore,2026-08-28T16:11:32.820Z,375504.91739135387,12000.0,194940.90455099483,25000.0,595445.8219423487,1007831.25,412385.42805765127,True,True,True,True,True,True,STEP49J_AIS+ROUTE_MASTER+OILPRICEAPI_VLSFO
IMO_9454905,9454905,EFESSOS WAVE,210083000,87332.0,PANAMAX,-23.86487,151.59145,0.0,74.9,4,"Hay Point, Australia","Visakhapatnam, India",metallurgical coal,Panamax,73625.0,23.3,$/mt,4926.710066752748,12.0,17.10663217622482,2.0,19.10663217622482,30.0,573.1989652867446,770.5,VLSFO,Singapore,2026-08-28T16:11:32.820Z,441649.8027534367,12000.0,229279.58611469786,25000.0,695929.3888681346,1715462.5,1019533.1111318654,True,True,True,True,True,True,STEP49J_AIS+ROUTE_MASTER+OILPRICEAPI_VLSFO
IMO_9454905,9454905,EFESSOS WAVE,210083000,87332.0,PANAMAX,-23.86487,151.59145,0.0,74.9,5,"Hay Point, Australia","Paradip, India",metallurgical coal,Panamax,73625.0,21.1,$/mt,4899.001585207413,12.0,17.010422170859073,2.0,19.010422170859073,30.0,570.3126651257721,770.5,VLSFO,Singapore,2026-08-28T16:11:32.820Z,439425.90847940743,12000.0,228125.06605030887,25000.0,692550.9745297163,1553487.5,860936.5254702837,True,True,True,True,True,True,STEP49J_AIS+ROUTE_MASTER+OILPRICEAPI_VLSFO
IMO_9454905,9454905,EFESSOS WAVE,210083000,87332.0,PANAMAX,-23.86487,151.59145,0.0,74.9,6,"Banjarmasin (South Kalimantan), Indonesia","Krishnapatnam, India",thermal coal,Panamax,73625.0,11.8,$/mt,2408.301246605427,12.0,8.362157106268844,2.0,10.362157106268844,30.0,310.8647131880653,770.5,VLSFO,Singapore,2026-08-28T16:11:32.820Z,239521.26151140433,12000.0,124345.88527522613,25000.0,388867.14678663044,868775.0,479907.85321336956,True,True,True,True,True,True,STEP49J_AIS+ROUTE_MASTER+OILPRICEAPI_VLSFO
IMO_9454905,9454905,EFESSOS WAVE,210083000,87332.0,PANAMAX,-23.86487,151.59145,0.0,74.9,7,"East Kalimantan, Indonesia","Paradip, India",coal,Supramax,54625.0,16.05,$/mt,2752.598463285374,12.0,9.557633553074215,2.0,11.557633553074215,30.0,346.7290065922264,770.5,VLSFO,Singapore,2026-08-28T16:11:32.820Z,267154.6995793105,12000.0,138691.60263689057,25000.0,430846.3022162011,876731.25,445884.9477837989,True,True,True,True,True,True,STEP49J_AIS+ROUTE_MASTER+OILPRICEAPI_VLSFO
IMO_9454905,9454905,EFESSOS WAVE,210083000,87332.0,PANAMAX,-23.86487,151.59145,0.0,74.9,8,"Banjarmasin (South Kalimantan), Indonesia","Dahej, India",thermal coal,Panamax,73625.0,13.1,$/mt,3443.2178891213243,12.0,11.955617670560153,2.0,13.955617670560153,30.0,418.6685301168046,770.5,VLSFO,Singapore,2026-08-28T16:11:32.820Z,322584.10245499795,12000.0,167467.41204672185,25000.0,515051.5145017198,964487.5,449435.9854982802,True,True,True,True,True,True,STEP49J_AIS+ROUTE_MASTER+OILPRICEAPI_VLSFO
IMO_9454905,9454905,EFESSOS WAVE,210083000,87332.0,PANAMAX,-23.86487,151.59145,0.0,74.9,9,"Richards Bay, South Africa","Paradip, India",thermal coal,Panamax,73625.0,18.6,$/mt,4667.806005082153,12.0,16.207659739868586,2.0,18.207659739868586,30.0,546.2297921960576,770.5,VLSFO,Singapore,2026-08-28T16:11:32.820Z,420870.05488706235,12000.0,218491.916878423,25000.0,664361.9717654854,1369425.0,705063.0282345146,True,True,True,True,True,True,STEP49J_AIS+ROUTE_MASTER+OILPRICEAPI_VLSFO
IMO_9454905,9454905,EFESSOS WAVE,210083000,87332.0,PANAMAX,-23.86487,151.59145,0.0,74.9,10,Indonesia,"Paradip, India",thermal coal,Supramax,54625.0,21.3,$/mt,2579.0639841663437,12.0,8.95508327835536,2.0,10.95508327835536,30.0,328.65249835066084,770.5,VLSFO,Singapore,2026-08-28T16:11:32.820Z,253226.74997918418,12000.0,131460.99934026433,25000.0,409687.7493194485,1163512.5,753824.7506805515,True,True,True,True,True,True,STEP49J_AIS+ROUTE_MASTER+OILPRICEAPI_VLSFO
IMO_9454905,9454905,EFESSOS WAVE,210083000,87332.0,PANAMAX,-23.86487,151.59145,0.0,74.9,11,"Hay Point, Australia","Visakhapatnam, India",coal,Panamax,73625.0,27.85,$/mt,4926.710066752748,12.0,17.10663217622482,2.0,19.10663217622482,30.0,573.1989652867446,770.5,VLSFO,Singapore,2026-08-28T16:11:32.820Z,441649.8027534367,12000.0,229279.58611469786,25000.0,695929.3888681346,2050456.25,1354526.8611318655,True,True,True,True,True,True,STEP49J_AIS+ROUTE_MASTER+OILPRICEAPI_VLSFO
IMO_9454905,9454905,EFESSOS WAVE,210083000,87332.0,PANAMAX,-23.86487,151.59145,0.0,74.9,12,Mozambique (Beira / Maputo),East Coast India,coking coal,Handysize,,43.75,$/mt,4601.384016575973,12.0,15.977027835333239,2.0,17.97702783533324,30.0,539.3108350599972,770.5,VLSFO,Singapore,2026-08-28T16:11:32.820Z,415538.99841372785,12000.0,215724.33402399888,25000.0,656263.3324377267,,,True,True,True,False,True,False,STEP49J_AIS+ROUTE_MASTER+OILPRICEAPI_VLSFO
IMO_9454905,9454905,EFESSOS WAVE,210083000,87332.0,PANAMAX,-23.86487,151.59145,0.0,74.9,13,"Adang Bay (East Kalimantan), Indonesia","Kandla, India",steam coal,Supramax,54625.0,26.5,$/mt,3925.9038662092103,12.0,13.631610646559757,2.0,15.631610646559757,30.0,468.9483193967927,770.5,VLSFO,Singapore,2026-08-28T16:11:32.820Z,361324.6800952288,12000.0,187579.3277587171,25000.0,573904.0078539458,1447562.5,873658.4921460542,True,True,True,True,True,True,STEP49J_AIS+ROUTE_MASTER+OILPRICEAPI_VLSFO
IMO_9454905,9454905,EFESSOS WAVE,210083000,87332.0,PANAMAX,-23.86487,151.59145,0.0,74.9,14,"East Kalimantan, Indonesia","Paradip, India",thermal coal,Supramax,54625.0,15.0,$/mt,2752.598463285374,12.0,9.557633553074215,2.0,11.557633553074215,30.0,346.7290065922264,770.5,VLSFO,Singapore,2026-08-28T16:11:32.820Z,267154.6995793105,12000.0,138691.60263689057,25000.0,430846.3022162011,819375.0,388528.6977837989,True,True,True,True,True,True,STEP49J_AIS+ROUTE_MASTER+OILPRICEAPI_VLSFO
IMO_9454905,9454905,EFESSOS WAVE,210083000,87332.0,PANAMAX,-23.86487,151.59145,0.0,74.9,15,Atlantic / Black Sea ports (Taman / Ust-Luga proxy),"Visakhapatnam, India",coal,Panamax,73625.0,19.5,$/mt,5565.87430627969,12.0,19.325952452360035,2.0,21.325952452360035,30.0,639.7785735708011,770.5,VLSFO,Singapore,2026-08-28T16:11:32.820Z,492949.39093630225,12000.0,255911.4294283204,25000.0,773860.8203646226,1435687.5,661826.6796353774,True,True,True,True,True,True,STEP49J_AIS+ROUTE_MASTER+OILPRICEAPI_VLSFO
IMO_9454905,9454905,EFESSOS WAVE,210083000,87332.0,PANAMAX,-23.86487,151.59145,0.0,74.9,17,"Queensland, Australia","Haldia, India",coking coal,Panamax,73625.0,20.3,$/mt,4732.350582884308,12.0,16.43177285723718,2.0,18.43177285723718,30.0,552.9531857171154,770.5,VLSFO,Singapore,2026-08-28T16:11:32.820Z,426050.4295950374,12000.0,221181.27428684616,25000.0,672231.7038818835,1494587.5,822355.7961181165,True,True,True,True,True,True,STEP49J_AIS+ROUTE_MASTER+OILPRICEAPI_VLSFO
IMO_9454905,9454905,EFESSOS WAVE,210083000,87332.0,PANAMAX,-23.86487,151.59145,0.0,74.9,18,"Richards Bay, South Africa","Haldia, India",coking / thermal coal,Panamax,73625.0,12.8,$/mt,4736.344187320068,12.0,16.44563953930579,2.0,18.44563953930579,30.0,553.3691861791738,770.5,VLSFO,Singapore,2026-08-28T16:11:32.820Z,426370.9579510534,12000.0,221347.67447166948,25000.0,672718.6324227229,942400.0,269681.3675772771,True,True,True,True,True,True,STEP49J_AIS+ROUTE_MASTER+OILPRICEAPI_VLSFO
IMO_9454905,9454905,EFESSOS WAVE,210083000,87332.0,PANAMAX,-23.86487,151.59145,0.0,74.9,20,East Coast Australia,East Coast India,coal,Panamax,73625.0,17.7,$/mt,5329.775100266468,12.0,18.506163542591903,2.0,20.506163542591903,30.0,615.1849062777571,770.5,VLSFO,Singapore,2026-08-28T16:11:32.820Z,473999.9702870119,12000.0,246073.96251110284,25000.0,745073.9327981147,1303162.5,558088.5672018853,True,True,True,True,True,True,STEP49J_AIS+ROUTE_MASTER+OILPRICEAPI_VLSFO
IMO_9454905,9454905,EFESSOS WAVE,210083000,87332.0,PANAMAX,-23.86487,151.59145,0.0,74.9,21,Indonesia,East Coast India,coal,Panamax,73625.0,11.2,$/mt,2579.0639841663437,12.0,8.95508327835536,2.0,10.95508327835536,30.0,328.65249835066084,770.5,VLSFO,Singapore,2026-08-28T16:11:32.820Z,253226.74997918418,12000.0,131460.99934026433,25000.0,409687.7493194485,824600.0,414912.2506805515,True,True,True,True,True,True,STEP49J_AIS+ROUTE_MASTER+OILPRICEAPI_VLSFO
IMO_9454905,9454905,EFESSOS WAVE,210083000,87332.0,PANAMAX,-23.86487,151.59145,0.0,74.9,22,Indonesia,West Coast India,coal,Panamax,73625.0,12.85,$/mt,3929.0472301048458,12.0,13.642525104530714,2.0,15.642525104530714,30.0,469.27575313592143,770.5,VLSFO,Singapore,2026-08-28T16:11:32.820Z,361576.96779122745,12000.0,187710.30125436856,25000.0,574287.269045596,946081.25,371793.980954404,True,True,True,True,True,True,STEP49J_AIS+ROUTE_MASTER+OILPRICEAPI_VLSFO
IMO_9454905,9454905,EFESSOS WAVE,210083000,87332.0,PANAMAX,-23.86487,151.59145,0.0,74.9,24,US East Coast (Hampton Roads / Baltimore),East Coast India (Paradip / Visakhapatnam),coal / coking coal,Panamax,73625.0,44.35,$/mt,9913.44136694391,12.0,34.42167141299969,2.0,36.42167141299969,30.0,1092.6501423899908,770.5,VLSFO,Singapore,2026-08-28T16:11:32.820Z,841886.934711488,12000.0,437060.0569559963,25000.0,1303946.9916674844,3265268.75,1961321.7583325156,True,True,True,True,True,True,STEP49J_AIS+ROUTE_MASTER+OILPRICEAPI_VLSFO
IMO_9519779,9519779,MINERAL STONEHENGE,205580000,175713.0,CAPE,-23.81305,151.49913,0.0,78.68333333333334,0,"Queensland (Gladstone / Hay Point), Australia","Visakhapatnam & Haldia, India",coking coal,Panamax,73625.0,47.0,$/mt,4926.710066752748,12.0,17.10663217622482,2.0,19.10663217622482,30.0,573.1989652867446,770.5,VLSFO,Singapore,2026-08-28T16:11:32.820Z,441649.8027534367,12000.0,229279.58611469786,25000.0,695929.3888681346,3460375.0,2764445.6111318655,True,True,True,True,True,True,STEP49J_AIS+ROUTE_MASTER+OILPRICEAPI_VLSFO
IMO_9519779,9519779,MINERAL STONEHENGE,205580000,175713.0,CAPE,-23.81305,151.49913,0.0,78.68333333333334,1,"Richards Bay, South Africa","Navlakhi, India",coal,Supramax,54625.0,19.35,$/mt,3938.9061722773454,12.0,13.676757542629671,2.0,15.676757542629671,30.0,470.30272627889013,770.5,VLSFO,Singapore,2026-08-28T16:11:32.820Z,362368.2505978848,12000.0,188121.09051155605,25000.0,575489.3411094409,1056993.75,481504.4088905591,True,True,True,True,True,True,STEP49J_AIS+ROUTE_MASTER+OILPRICEAPI_VLSFO
IMO_9519779,9519779,MINERAL STONEHENGE,205580000,175713.0,CAPE,-23.81305,151.49913,0.0,78.68333333333334,2,"Hay Point, Australia","Paradip, India",coking coal,Panamax,73625.0,13.8,$/mt,4899.001585207413,12.0,17.010422170859073,2.0,19.010422170859073,30.0,570.3126651257721,770.5,VLSFO,Singapore,2026-08-28T16:11:32.820Z,439425.90847940743,12000.0,228125.06605030887,25000.0,692550.9745297163,1016025.0,323474.0254702837,True,True,True,True,True,True,STEP49J_AIS+ROUTE_MASTER+OILPRICEAPI_VLSFO
IMO_9519779,9519779,MINERAL STONEHENGE,205580000,175713.0,CAPE,-23.81305,151.49913,0.0,78.68333333333334,3,"East Kalimantan, Indonesia","Navlakhi, India",coal,Supramax,54625.0,18.45,$/mt,4102.581709223877,12.0,14.245075379249572,2.0,16.24507537924957,30.0,487.35226137748714,770.5,VLSFO,Singapore,2026-08-28T16:11:32.820Z,375504.91739135387,12000.0,194940.90455099483,25000.0,595445.8219423487,1007831.25,412385.42805765127,True,True,True,True,True,True,STEP49J_AIS+ROUTE_MASTER+OILPRICEAPI_VLSFO
IMO_9519779,9519779,MINERAL STONEHENGE,205580000,175713.0,CAPE,-23.81305,151.49913,0.0,78.68333333333334,4,"Hay Point, Australia","Visakhapatnam, India",metallurgical coal,Panamax,73625.0,23.3,$/mt,4926.710066752748,12.0,17.10663217622482,2.0,19.10663217622482,30.0,573.1989652867446,770.5,VLSFO,Singapore,2026-08-28T16:11:32.820Z,441649.8027534367,12000.0,229279.58611469786,25000.0,695929.3888681346,1715462.5,1019533.1111318654,True,True,True,True,True,True,STEP49J_AIS+ROUTE_MASTER+OILPRICEAPI_VLSFO
IMO_9519779,9519779,MINERAL STONEHENGE,205580000,175713.0,CAPE,-23.81305,151.49913,0.0,78.68333333333334,5,"Hay Point, Australia","Paradip, India",metallurgical coal,Panamax,73625.0,21.1,$/mt,4899.001585207413,12.0,17.010422170859073,2.0,19.010422170859073,30.0,570.3126651257721,770.5,VLSFO,Singapore,2026-08-28T16:11:32.820Z,439425.90847940743,12000.0,228125.06605030887,25000.0,692550.9745297163,1553487.5,860936.5254702837,True,True,True,True,True,True,STEP49J_AIS+ROUTE_MASTER+OILPRICEAPI_VLSFO
IMO_9519779,9519779,MINERAL STONEHENGE,205580000,175713.0,CAPE,-23.81305,151.49913,0.0,78.68333333333334,6,"Banjarmasin (South Kalimantan), Indonesia","Krishnapatnam, India",thermal coal,Panamax,73625.0,11.8,$/mt,2408.301246605427,12.0,8.362157106268844,2.0,10.362157106268844,30.0,310.8647131880653,770.5,VLSFO,Singapore,2026-08-28T16:11:32.820Z,239521.26151140433,12000.0,124345.88527522613,25000.0,388867.14678663044,868775.0,479907.85321336956,True,True,True,True,True,True,STEP49J_AIS+ROUTE_MASTER+OILPRICEAPI_VLSFO
IMO_9519779,9519779,MINERAL STONEHENGE,205580000,175713.0,CAPE,-23.81305,151.49913,0.0,78.68333333333334,7,"East Kalimantan, Indonesia","Paradip, India",coal,Supramax,54625.0,16.05,$/mt,2752.598463285374,12.0,9.557633553074215,2.0,11.557633553074215,30.0,346.7290065922264,770.5,VLSFO,Singapore,2026-08-28T16:11:32.820Z,267154.6995793105,12000.0,138691.60263689057,25000.0,430846.3022162011,876731.25,445884.9477837989,True,True,True,True,True,True,STEP49J_AIS+ROUTE_MASTER+OILPRICEAPI_VLSFO
IMO_9519779,9519779,MINERAL STONEHENGE,205580000,175713.0,CAPE,-23.81305,151.49913,0.0,78.68333333333334,8,"Banjarmasin (South Kalimantan), Indonesia","Dahej, India",thermal coal,Panamax,73625.0,13.1,$/mt,3443.2178891213243,12.0,11.955617670560153,2.0,13.955617670560153,30.0,418.6685301168046,770.5,VLSFO,Singapore,2026-08-28T16:11:32.820Z,322584.10245499795,12000.0,167467.41204672185,25000.0,515051.5145017198,964487.5,449435.9854982802,True,True,True,True,True,True,STEP49J_AIS+ROUTE_MASTER+OILPRICEAPI_VLSFO
IMO_9519779,9519779,MINERAL STONEHENGE,205580000,175713.0,CAPE,-23.81305,151.49913,0.0,78.68333333333334,9,"Richards Bay, South Africa","Paradip, India",thermal coal,Panamax,73625.0,18.6,$/mt,4667.806005082153,12.0,16.207659739868586,2.0,18.207659739868586,30.0,546.2297921960576,770.5,VLSFO,Singapore,2026-08-28T16:11:32.820Z,420870.05488706235,12000.0,218491.916878423,25000.0,664361.9717654854,1369425.0,705063.0282345146,True,True,True,True,True,True,STEP49J_AIS+ROUTE_MASTER+OILPRICEAPI_VLSFO
IMO_9519779,9519779,MINERAL STONEHENGE,205580000,175713.0,CAPE,-23.81305,151.49913,0.0,78.68333333333334,10,Indonesia,"Paradip, India",thermal coal,Supramax,54625.0,21.3,$/mt,2579.0639841663437,12.0,8.95508327835536,2.0,10.95508327835536,30.0,328.65249835066084,770.5,VLSFO,Singapore,2026-08-28T16:11:32.820Z,253226.74997918418,12000.0,131460.99934026433,25000.0,409687.7493194485,1163512.5,753824.7506805515,True,True,True,True,True,True,STEP49J_AIS+ROUTE_MASTER+OILPRICEAPI_VLSFO
IMO_9519779,9519779,MINERAL STONEHENGE,205580000,175713.0,CAPE,-23.81305,151.49913,0.0,78.68333333333334,11,"Hay Point, Australia","Visakhapatnam, India",coal,Panamax,73625.0,27.85,$/mt,4926.710066752748,12.0,17.10663217622482,2.0,19.10663217622482,30.0,573.1989652867446,770.5,VLSFO,Singapore,2026-08-28T16:11:32.820Z,441649.8027534367,12000.0,229279.58611469786,25000.0,695929.3888681346,2050456.25,1354526.8611318655,True,True,True,True,True,True,STEP49J_AIS+ROUTE_MASTER+OILPRICEAPI_VLSFO
IMO_9519779,9519779,MINERAL STONEHENGE,205580000,175713.0,CAPE,-23.81305,151.49913,0.0,78.68333333333334,12,Mozambique (Beira / Maputo),East Coast India,coking coal,Handysize,,43.75,$/mt,4601.384016575973,12.0,15.977027835333239,2.0,17.97702783533324,30.0,539.3108350599972,770.5,VLSFO,Singapore,2026-08-28T16:11:32.820Z,415538.99841372785,12000.0,215724.33402399888,25000.0,656263.3324377267,,,True,True,True,False,True,False,STEP49J_AIS+ROUTE_MASTER+OILPRICEAPI_VLSFO
IMO_9519779,9519779,MINERAL STONEHENGE,205580000,175713.0,CAPE,-23.81305,151.49913,0.0,78.68333333333334,13,"Adang Bay (East Kalimantan), Indonesia","Kandla, India",steam coal,Supramax,54625.0,26.5,$/mt,3925.9038662092103,12.0,13.631610646559757,2.0,15.631610646559757,30.0,468.9483193967927,770.5,VLSFO,Singapore,2026-08-28T16:11:32.820Z,361324.6800952288,12000.0,187579.3277587171,25000.0,573904.0078539458,1447562.5,873658.4921460542,True,True,True,True,True,True,STEP49J_AIS+ROUTE_MASTER+OILPRICEAPI_VLSFO
IMO_9519779,9519779,MINERAL STONEHENGE,205580000,175713.0,CAPE,-23.81305,151.49913,0.0,78.68333333333334,14,"East Kalimantan, Indonesia","Paradip, India",thermal coal,Supramax,54625.0,15.0,$/mt,2752.598463285374,12.0,9.557633553074215,2.0,11.557633553074215,30.0,346.7290065922264,770.5,VLSFO,Singapore,2026-08-28T16:11:32.820Z,267154.6995793105,12000.0,138691.60263689057,25000.0,430846.3022162011,819375.0,388528.6977837989,True,True,True,True,True,True,STEP49J_AIS+ROUTE_MASTER+OILPRICEAPI_VLSFO
IMO_9519779,9519779,MINERAL STONEHENGE,205580000,175713.0,CAPE,-23.81305,151.49913,0.0,78.68333333333334,15,Atlantic / Black Sea ports (Taman / Ust-Luga proxy),"Visakhapatnam, India",coal,Panamax,73625.0,19.5,$/mt,5565.87430627969,12.0,19.325952452360035,2.0,21.325952452360035,30.0,639.7785735708011,770.5,VLSFO,Singapore,2026-08-28T16:11:32.820Z,492949.39093630225,12000.0,255911.4294283204,25000.0,773860.8203646226,1435687.5,661826.6796353774,True,True,True,True,True,True,STEP49J_AIS+ROUTE_MASTER+OILPRICEAPI_VLSFO
IMO_9519779,9519779,MINERAL STONEHENGE,205580000,175713.0,CAPE,-23.81305,151.49913,0.0,78.68333333333334,17,"Queensland, Australia","Haldia, India",coking coal,Panamax,73625.0,20.3,$/mt,4732.350582884308,12.0,16.43177285723718,2.0,18.43177285723718,30.0,552.9531857171154,770.5,VLSFO,Singapore,2026-08-28T16:11:32.820Z,426050.4295950374,12000.0,221181.27428684616,25000.0,672231.7038818835,1494587.5,822355.7961181165,True,True,True,True,True,True,STEP49J_AIS+ROUTE_MASTER+OILPRICEAPI_VLSFO
IMO_9519779,9519779,MINERAL STONEHENGE,205580000,175713.0,CAPE,-23.81305,151.49913,0.0,78.68333333333334,18,"Richards Bay, South Africa","Haldia, India",coking / thermal coal,Panamax,73625.0,12.8,$/mt,4736.344187320068,12.0,16.44563953930579,2.0,18.44563953930579,30.0,553.3691861791738,770.5,VLSFO,Singapore,2026-08-28T16:11:32.820Z,426370.9579510534,12000.0,221347.67447166948,25000.0,672718.6324227229,942400.0,269681.3675772771,True,True,True,True,True,True,STEP49J_AIS+ROUTE_MASTER+OILPRICEAPI_VLSFO
IMO_9519779,9519779,MINERAL STONEHENGE,205580000,175713.0,CAPE,-23.81305,151.49913,0.0,78.68333333333334,20,East Coast Australia,East Coast India,coal,Panamax,73625.0,17.7,$/mt,5329.775100266468,12.0,18.506163542591903,2.0,20.506163542591903,30.0,615.1849062777571,770.5,VLSFO,Singapore,2026-08-28T16:11:32.820Z,473999.9702870119,12000.0,246073.96251110284,25000.0,745073.9327981147,1303162.5,558088.5672018853,True,True,True,True,True,True,STEP49J_AIS+ROUTE_MASTER+OILPRICEAPI_VLSFO
IMO_9519779,9519779,MINERAL STONEHENGE,205580000,175713.0,CAPE,-23.81305,151.49913,0.0,78.68333333333334,21,Indonesia,East Coast India,coal,Panamax,73625.0,11.2,$/mt,2579.0639841663437,12.0,8.95508327835536,2.0,10.95508327835536,30.0,328.65249835066084,770.5,VLSFO,Singapore,2026-08-28T16:11:32.820Z,253226.74997918418,12000.0,131460.99934026433,25000.0,409687.7493194485,824600.0,414912.2506805515,True,True,True,True,True,True,STEP49J_AIS+ROUTE_MASTER+OILPRICEAPI_VLSFO
IMO_9519779,9519779,MINERAL STONEHENGE,205580000,175713.0,CAPE,-23.81305,151.49913,0.0,78.68333333333334,22,Indonesia,West Coast India,coal,Panamax,73625.0,12.85,$/mt,3929.0472301048458,12.0,13.642525104530714,2.0,15.642525104530714,30.0,469.27575313592143,770.5,VLSFO,Singapore,2026-08-28T16:11:32.820Z,361576.96779122745,12000.0,187710.30125436856,25000.0,574287.269045596,946081.25,371793.980954404,True,True,True,True,True,True,STEP49J_AIS+ROUTE_MASTER+OILPRICEAPI_VLSFO
IMO_9519779,9519779,MINERAL STONEHENGE,205580000,175713.0,CAPE,-23.81305,151.49913,0.0,78.68333333333334,24,US East Coast (Hampton Roads / Baltimore),East Coast India (Paradip / Visakhapatnam),coal / coking coal,Panamax,73625.0,44.35,$/mt,9913.44136694391,12.0,34.42167141299969,2.0,36.42167141299969,30.0,1092.6501423899908,770.5,VLSFO,Singapore,2026-08-28T16:11:32.820Z,841886.934711488,12000.0,437060.0569559963,25000.0,1303946.9916674844,3265268.75,1961321.7583325156,True,True,True,True,True,True,STEP49J_AIS+ROUTE_MASTER+OILPRICEAPI_VLSFO
IMO_9650767,9650767,RAGA,352035000,95666.0,PANAMAX,-23.81918,151.48063,0.2,86.28333333333333,0,"Queensland (Gladstone / Hay Point), Australia","Visakhapatnam & Haldia, India",coking coal,Panamax,73625.0,47.0,$/mt,4926.710066752748,12.0,17.10663217622482,2.0,19.10663217622482,30.0,573.1989652867446,770.5,VLSFO,Singapore,2026-08-28T16:11:32.820Z,441649.8027534367,12000.0,229279.58611469786,25000.0,695929.3888681346,3460375.0,2764445.6111318655,True,True,True,True,True,True,STEP49J_AIS+ROUTE_MASTER+OILPRICEAPI_VLSFO
IMO_9650767,9650767,RAGA,352035000,95666.0,PANAMAX,-23.81918,151.48063,0.2,86.28333333333333,1,"Richards Bay, South Africa","Navlakhi, India",coal,Supramax,54625.0,19.35,$/mt,3938.9061722773454,12.0,13.676757542629671,2.0,15.676757542629671,30.0,470.30272627889013,770.5,VLSFO,Singapore,2026-08-28T16:11:32.820Z,362368.2505978848,12000.0,188121.09051155605,25000.0,575489.3411094409,1056993.75,481504.4088905591,True,True,True,True,True,True,STEP49J_AIS+ROUTE_MASTER+OILPRICEAPI_VLSFO
IMO_9650767,9650767,RAGA,352035000,95666.0,PANAMAX,-23.81918,151.48063,0.2,86.28333333333333,2,"Hay Point, Australia","Paradip, India",coking coal,Panamax,73625.0,13.8,$/mt,4899.001585207413,12.0,17.010422170859073,2.0,19.010422170859073,30.0,570.3126651257721,770.5,VLSFO,Singapore,2026-08-28T16:11:32.820Z,439425.90847940743,12000.0,228125.06605030887,25000.0,692550.9745297163,1016025.0,323474.0254702837,True,True,True,True,True,True,STEP49J_AIS+ROUTE_MASTER+OILPRICEAPI_VLSFO
IMO_9650767,9650767,RAGA,352035000,95666.0,PANAMAX,-23.81918,151.48063,0.2,86.28333333333333,3,"East Kalimantan, Indonesia","Navlakhi, India",coal,Supramax,54625.0,18.45,$/mt,4102.581709223877,12.0,14.245075379249572,2.0,16.24507537924957,30.0,487.35226137748714,770.5,VLSFO,Singapore,2026-08-28T16:11:32.820Z,375504.91739135387,12000.0,194940.90455099483,25000.0,595445.8219423487,1007831.25,412385.42805765127,True,True,True,True,True,True,STEP49J_AIS+ROUTE_MASTER+OILPRICEAPI_VLSFO
IMO_9650767,9650767,RAGA,352035000,95666.0,PANAMAX,-23.81918,151.48063,0.2,86.28333333333333,4,"Hay Point, Australia","Visakhapatnam, India",metallurgical coal,Panamax,73625.0,23.3,$/mt,4926.710066752748,12.0,17.10663217622482,2.0,19.10663217622482,30.0,573.1989652867446,770.5,VLSFO,Singapore,2026-08-28T16:11:32.820Z,441649.8027534367,12000.0,229279.58611469786,25000.0,695929.3888681346,1715462.5,1019533.1111318654,True,True,True,True,True,True,STEP49J_AIS+ROUTE_MASTER+OILPRICEAPI_VLSFO
IMO_9650767,9650767,RAGA,352035000,95666.0,PANAMAX,-23.81918,151.48063,0.2,86.28333333333333,5,"Hay Point, Australia","Paradip, India",metallurgical coal,Panamax,73625.0,21.1,$/mt,4899.001585207413,12.0,17.010422170859073,2.0,19.010422170859073,30.0,570.3126651257721,770.5,VLSFO,Singapore,2026-08-28T16:11:32.820Z,439425.90847940743,12000.0,228125.06605030887,25000.0,692550.9745297163,1553487.5,860936.5254702837,True,True,True,True,True,True,STEP49J_AIS+ROUTE_MASTER+OILPRICEAPI_VLSFO
IMO_9650767,9650767,RAGA,352035000,95666.0,PANAMAX,-23.81918,151.48063,0.2,86.28333333333333,6,"Banjarmasin (South Kalimantan), Indonesia","Krishnapatnam, India",thermal coal,Panamax,73625.0,11.8,$/mt,2408.301246605427,12.0,8.362157106268844,2.0,10.362157106268844,30.0,310.8647131880653,770.5,VLSFO,Singapore,2026-08-28T16:11:32.820Z,239521.26151140433,12000.0,124345.88527522613,25000.0,388867.14678663044,868775.0,479907.85321336956,True,True,True,True,True,True,STEP49J_AIS+ROUTE_MASTER+OILPRICEAPI_VLSFO
IMO_9650767,9650767,RAGA,352035000,95666.0,PANAMAX,-23.81918,151.48063,0.2,86.28333333333333,7,"East Kalimantan, Indonesia","Paradip, India",coal,Supramax,54625.0,16.05,$/mt,2752.598463285374,12.0,9.557633553074215,2.0,11.557633553074215,30.0,346.7290065922264,770.5,VLSFO,Singapore,2026-08-28T16:11:32.820Z,267154.6995793105,12000.0,138691.60263689057,25000.0,430846.3022162011,876731.25,445884.9477837989,True,True,True,True,True,True,STEP49J_AIS+ROUTE_MASTER+OILPRICEAPI_VLSFO
IMO_9650767,9650767,RAGA,352035000,95666.0,PANAMAX,-23.81918,151.48063,0.2,86.28333333333333,8,"Banjarmasin (South Kalimantan), Indonesia","Dahej, India",thermal coal,Panamax,73625.0,13.1,$/mt,3443.2178891213243,12.0,11.955617670560153,2.0,13.955617670560153,30.0,418.6685301168046,770.5,VLSFO,Singapore,2026-08-28T16:11:32.820Z,322584.10245499795,12000.0,167467.41204672185,25000.0,515051.5145017198,964487.5,449435.9854982802,True,True,True,True,True,True,STEP49J_AIS+ROUTE_MASTER+OILPRICEAPI_VLSFO
IMO_9650767,9650767,RAGA,352035000,95666.0,PANAMAX,-23.81918,151.48063,0.2,86.28333333333333,9,"Richards Bay, South Africa","Paradip, India",thermal coal,Panamax,73625.0,18.6,$/mt,4667.806005082153,12.0,16.207659739868586,2.0,18.207659739868586,30.0,546.2297921960576,770.5,VLSFO,Singapore,2026-08-28T16:11:32.820Z,420870.05488706235,12000.0,218491.916878423,25000.0,664361.9717654854,1369425.0,705063.0282345146,True,True,True,True,True,True,STEP49J_AIS+ROUTE_MASTER+OILPRICEAPI_VLSFO
IMO_9650767,9650767,RAGA,352035000,95666.0,PANAMAX,-23.81918,151.48063,0.2,86.28333333333333,10,Indonesia,"Paradip, India",thermal coal,Supramax,54625.0,21.3,$/mt,2579.0639841663437,12.0,8.95508327835536,2.0,10.95508327835536,30.0,328.65249835066084,770.5,VLSFO,Singapore,2026-08-28T16:11:32.820Z,253226.74997918418,12000.0,131460.99934026433,25000.0,409687.7493194485,1163512.5,753824.7506805515,True,True,True,True,True,True,STEP49J_AIS+ROUTE_MASTER+OILPRICEAPI_VLSFO
IMO_9650767,9650767,RAGA,352035000,95666.0,PANAMAX,-23.81918,151.48063,0.2,86.28333333333333,11,"Hay Point, Australia","Visakhapatnam, India",coal,Panamax,73625.0,27.85,$/mt,4926.710066752748,12.0,17.10663217622482,2.0,19.10663217622482,30.0,573.1989652867446,770.5,VLSFO,Singapore,2026-08-28T16:11:32.820Z,441649.8027534367,12000.0,229279.58611469786,25000.0,695929.3888681346,2050456.25,1354526.8611318655,True,True,True,True,True,True,STEP49J_AIS+ROUTE_MASTER+OILPRICEAPI_VLSFO
IMO_9650767,9650767,RAGA,352035000,95666.0,PANAMAX,-23.81918,151.48063,0.2,86.28333333333333,12,Mozambique (Beira / Maputo),East Coast India,coking coal,Handysize,,43.75,$/mt,4601.384016575973,12.0,15.977027835333239,2.0,17.97702783533324,30.0,539.3108350599972,770.5,VLSFO,Singapore,2026-08-28T16:11:32.820Z,415538.99841372785,12000.0,215724.33402399888,25000.0,656263.3324377267,,,True,True,True,False,True,False,STEP49J_AIS+ROUTE_MASTER+OILPRICEAPI_VLSFO
IMO_9650767,9650767,RAGA,352035000,95666.0,PANAMAX,-23.81918,151.48063,0.2,86.28333333333333,13,"Adang Bay (East Kalimantan), Indonesia","Kandla, India",steam coal,Supramax,54625.0,26.5,$/mt,3925.9038662092103,12.0,13.631610646559757,2.0,15.631610646559757,30.0,468.9483193967927,770.5,VLSFO,Singapore,2026-08-28T16:11:32.820Z,361324.6800952288,12000.0,187579.3277587171,25000.0,573904.0078539458,1447562.5,873658.4921460542,True,True,True,True,True,True,STEP49J_AIS+ROUTE_MASTER+OILPRICEAPI_VLSFO
IMO_9650767,9650767,RAGA,352035000,95666.0,PANAMAX,-23.81918,151.48063,0.2,86.28333333333333,14,"East Kalimantan, Indonesia","Paradip, India",thermal coal,Supramax,54625.0,15.0,$/mt,2752.598463285374,12.0,9.557633553074215,2.0,11.557633553074215,30.0,346.7290065922264,770.5,VLSFO,Singapore,2026-08-28T16:11:32.820Z,267154.6995793105,12000.0,138691.60263689057,25000.0,430846.3022162011,819375.0,388528.6977837989,True,True,True,True,True,True,STEP49J_AIS+ROUTE_MASTER+OILPRICEAPI_VLSFO
IMO_9650767,9650767,RAGA,352035000,95666.0,PANAMAX,-23.81918,151.48063,0.2,86.28333333333333,15,Atlantic / Black Sea ports (Taman / Ust-Luga proxy),"Visakhapatnam, India",coal,Panamax,73625.0,19.5,$/mt,5565.87430627969,12.0,19.325952452360035,2.0,21.325952452360035,30.0,639.7785735708011,770.5,VLSFO,Singapore,2026-08-28T16:11:32.820Z,492949.39093630225,12000.0,255911.4294283204,25000.0,773860.8203646226,1435687.5,661826.6796353774,True,True,True,True,True,True,STEP49J_AIS+ROUTE_MASTER+OILPRICEAPI_VLSFO
IMO_9650767,9650767,RAGA,352035000,95666.0,PANAMAX,-23.81918,151.48063,0.2,86.28333333333333,17,"Queensland, Australia","Haldia, India",coking coal,Panamax,73625.0,20.3,$/mt,4732.350582884308,12.0,16.43177285723718,2.0,18.43177285723718,30.0,552.9531857171154,770.5,VLSFO,Singapore,2026-08-28T16:11:32.820Z,426050.4295950374,12000.0,221181.27428684616,25000.0,672231.7038818835,1494587.5,822355.7961181165,True,True,True,True,True,True,STEP49J_AIS+ROUTE_MASTER+OILPRICEAPI_VLSFO
IMO_9650767,9650767,RAGA,352035000,95666.0,PANAMAX,-23.81918,151.48063,0.2,86.28333333333333,18,"Richards Bay, South Africa","Haldia, India",coking / thermal coal,Panamax,73625.0,12.8,$/mt,4736.344187320068,12.0,16.44563953930579,2.0,18.44563953930579,30.0,553.3691861791738,770.5,VLSFO,Singapore,2026-08-28T16:11:32.820Z,426370.9579510534,12000.0,221347.67447166948,25000.0,672718.6324227229,942400.0,269681.3675772771,True,True,True,True,True,True,STEP49J_AIS+ROUTE_MASTER+OILPRICEAPI_VLSFO
IMO_9650767,9650767,RAGA,352035000,95666.0,PANAMAX,-23.81918,151.48063,0.2,86.28333333333333,20,East Coast Australia,East Coast India,coal,Panamax,73625.0,17.7,$/mt,5329.775100266468,12.0,18.506163542591903,2.0,20.506163542591903,30.0,615.1849062777571,770.5,VLSFO,Singapore,2026-08-28T16:11:32.820Z,473999.9702870119,12000.0,246073.96251110284,25000.0,745073.9327981147,1303162.5,558088.5672018853,True,True,True,True,True,True,STEP49J_AIS+ROUTE_MASTER+OILPRICEAPI_VLSFO
IMO_9650767,9650767,RAGA,352035000,95666.0,PANAMAX,-23.81918,151.48063,0.2,86.28333333333333,21,Indonesia,East Coast India,coal,Panamax,73625.0,11.2,$/mt,2579.0639841663437,12.0,8.95508327835536,2.0,10.95508327835536,30.0,328.65249835066084,770.5,VLSFO,Singapore,2026-08-28T16:11:32.820Z,253226.74997918418,12000.0,131460.99934026433,25000.0,409687.7493194485,824600.0,414912.2506805515,True,True,True,True,True,True,STEP49J_AIS+ROUTE_MASTER+OILPRICEAPI_VLSFO
IMO_9650767,9650767,RAGA,352035000,95666.0,PANAMAX,-23.81918,151.48063,0.2,86.28333333333333,22,Indonesia,West Coast India,coal,Panamax,73625.0,12.85,$/mt,3929.0472301048458,12.0,13.642525104530714,2.0,15.642525104530714,30.0,469.27575313592143,770.5,VLSFO,Singapore,2026-08-28T16:11:32.820Z,361576.96779122745,12000.0,187710.30125436856,25000.0,574287.269045596,946081.25,371793.980954404,True,True,True,True,True,True,STEP49J_AIS+ROUTE_MASTER+OILPRICEAPI_VLSFO
IMO_9650767,9650767,RAGA,352035000,95666.0,PANAMAX,-23.81918,151.48063,0.2,86.28333333333333,24,US East Coast (Hampton Roads / Baltimore),East Coast India (Paradip / Visakhapatnam),coal / coking coal,Panamax,73625.0,44.35,$/mt,9913.44136694391,12.0,34.42167141299969,2.0,36.42167141299969,30.0,1092.6501423899908,770.5,VLSFO,Singapore,2026-08-28T16:11:32.820Z,841886.934711488,12000.0,437060.0569559963,25000.0,1303946.9916674844,3265268.75,1961321.7583325156,True,True,True,True,True,True,STEP49J_AIS+ROUTE_MASTER+OILPRICEAPI_VLSFO
IMO_9383508,9383508,HPC GALAXY,352721000,32228.0,HANDYSIZE,-23.88196,151.59079,0.3,107.6,12,Mozambique (Beira / Maputo),East Coast India,coking coal,Handysize,,43.75,$/mt,4601.384016575973,12.0,15.977027835333239,2.0,17.97702783533324,30.0,539.3108350599972,770.5,VLSFO,Singapore,2026-08-28T16:11:32.820Z,415538.99841372785,12000.0,215724.33402399888,25000.0,656263.3324377267,,,True,True,True,False,True,False,STEP49J_AIS+ROUTE_MASTER+OILPRICEAPI_VLSFO
IMO_9587350,9587350,ANABELA,636019937,177029.0,CAPE,-23.76171,151.51549,0.2,108.25,0,"Queensland (Gladstone / Hay Point), Australia","Visakhapatnam & Haldia, India",coking coal,Panamax,73625.0,47.0,$/mt,4926.710066752748,12.0,17.10663217622482,2.0,19.10663217622482,30.0,573.1989652867446,770.5,VLSFO,Singapore,2026-08-28T16:11:32.820Z,441649.8027534367,12000.0,229279.58611469786,25000.0,695929.3888681346,3460375.0,2764445.6111318655,True,True,True,True,True,True,STEP49J_AIS+ROUTE_MASTER+OILPRICEAPI_VLSFO
IMO_9587350,9587350,ANABELA,636019937,177029.0,CAPE,-23.76171,151.51549,0.2,108.25,1,"Richards Bay, South Africa","Navlakhi, India",coal,Supramax,54625.0,19.35,$/mt,3938.9061722773454,12.0,13.676757542629671,2.0,15.676757542629671,30.0,470.30272627889013,770.5,VLSFO,Singapore,2026-08-28T16:11:32.820Z,362368.2505978848,12000.0,188121.09051155605,25000.0,575489.3411094409,1056993.75,481504.4088905591,True,True,True,True,True,True,STEP49J_AIS+ROUTE_MASTER+OILPRICEAPI_VLSFO
IMO_9587350,9587350,ANABELA,636019937,177029.0,CAPE,-23.76171,151.51549,0.2,108.25,2,"Hay Point, Australia","Paradip, India",coking coal,Panamax,73625.0,13.8,$/mt,4899.001585207413,12.0,17.010422170859073,2.0,19.010422170859073,30.0,570.3126651257721,770.5,VLSFO,Singapore,2026-08-28T16:11:32.820Z,439425.90847940743,12000.0,228125.06605030887,25000.0,692550.9745297163,1016025.0,323474.0254702837,True,True,True,True,True,True,STEP49J_AIS+ROUTE_MASTER+OILPRICEAPI_VLSFO
IMO_9587350,9587350,ANABELA,636019937,177029.0,CAPE,-23.76171,151.51549,0.2,108.25,3,"East Kalimantan, Indonesia","Navlakhi, India",coal,Supramax,54625.0,18.45,$/mt,4102.581709223877,12.0,14.245075379249572,2.0,16.24507537924957,30.0,487.35226137748714,770.5,VLSFO,Singapore,2026-08-28T16:11:32.820Z,375504.91739135387,12000.0,194940.90455099483,25000.0,595445.8219423487,1007831.25,412385.42805765127,True,True,True,True,True,True,STEP49J_AIS+ROUTE_MASTER+OILPRICEAPI_VLSFO
IMO_9587350,9587350,ANABELA,636019937,177029.0,CAPE,-23.76171,151.51549,0.2,108.25,4,"Hay Point, Australia","Visakhapatnam, India",metallurgical coal,Panamax,73625.0,23.3,$/mt,4926.710066752748,12.0,17.10663217622482,2.0,19.10663217622482,30.0,573.1989652867446,770.5,VLSFO,Singapore,2026-08-28T16:11:32.820Z,441649.8027534367,12000.0,229279.58611469786,25000.0,695929.3888681346,1715462.5,1019533.1111318654,True,True,True,True,True,True,STEP49J_AIS+ROUTE_MASTER+OILPRICEAPI_VLSFO
IMO_9587350,9587350,ANABELA,636019937,177029.0,CAPE,-23.76171,151.51549,0.2,108.25,5,"Hay Point, Australia","Paradip, India",metallurgical coal,Panamax,73625.0,21.1,$/mt,4899.001585207413,12.0,17.010422170859073,2.0,19.010422170859073,30.0,570.3126651257721,770.5,VLSFO,Singapore,2026-08-28T16:11:32.820Z,439425.90847940743,12000.0,228125.06605030887,25000.0,692550.9745297163,1553487.5,860936.5254702837,True,True,True,True,True,True,STEP49J_AIS+ROUTE_MASTER+OILPRICEAPI_VLSFO
IMO_9587350,9587350,ANABELA,636019937,177029.0,CAPE,-23.76171,151.51549,0.2,108.25,6,"Banjarmasin (South Kalimantan), Indonesia","Krishnapatnam, India",thermal coal,Panamax,73625.0,11.8,$/mt,2408.301246605427,12.0,8.362157106268844,2.0,10.362157106268844,30.0,310.8647131880653,770.5,VLSFO,Singapore,2026-08-28T16:11:32.820Z,239521.26151140433,12000.0,124345.88527522613,25000.0,388867.14678663044,868775.0,479907.85321336956,True,True,True,True,True,True,STEP49J_AIS+ROUTE_MASTER+OILPRICEAPI_VLSFO
IMO_9587350,9587350,ANABELA,636019937,177029.0,CAPE,-23.76171,151.51549,0.2,108.25,7,"East Kalimantan, Indonesia","Paradip, India",coal,Supramax,54625.0,16.05,$/mt,2752.598463285374,12.0,9.557633553074215,2.0,11.557633553074215,30.0,346.7290065922264,770.5,VLSFO,Singapore,2026-08-28T16:11:32.820Z,267154.6995793105,12000.0,138691.60263689057,25000.0,430846.3022162011,876731.25,445884.9477837989,True,True,True,True,True,True,STEP49J_AIS+ROUTE_MASTER+OILPRICEAPI_VLSFO
IMO_9587350,9587350,ANABELA,636019937,177029.0,CAPE,-23.76171,151.51549,0.2,108.25,8,"Banjarmasin (South Kalimantan), Indonesia","Dahej, India",thermal coal,Panamax,73625.0,13.1,$/mt,3443.2178891213243,12.0,11.955617670560153,2.0,13.955617670560153,30.0,418.6685301168046,770.5,VLSFO,Singapore,2026-08-28T16:11:32.820Z,322584.10245499795,12000.0,167467.41204672185,25000.0,515051.5145017198,964487.5,449435.9854982802,True,True,True,True,True,True,STEP49J_AIS+ROUTE_MASTER+OILPRICEAPI_VLSFO
IMO_9587350,9587350,ANABELA,636019937,177029.0,CAPE,-23.76171,151.51549,0.2,108.25,9,"Richards Bay, South Africa","Paradip, India",thermal coal,Panamax,73625.0,18.6,$/mt,4667.806005082153,12.0,16.207659739868586,2.0,18.207659739868586,30.0,546.2297921960576,770.5,VLSFO,Singapore,2026-08-28T16:11:32.820Z,420870.05488706235,12000.0,218491.916878423,25000.0,664361.9717654854,1369425.0,705063.0282345146,True,True,True,True,True,True,STEP49J_AIS+ROUTE_MASTER+OILPRICEAPI_VLSFO
IMO_9587350,9587350,ANABELA,636019937,177029.0,CAPE,-23.76171,151.51549,0.2,108.25,10,Indonesia,"Paradip, India",thermal coal,Supramax,54625.0,21.3,$/mt,2579.0639841663437,12.0,8.95508327835536,2.0,10.95508327835536,30.0,328.65249835066084,770.5,VLSFO,Singapore,2026-08-28T16:11:32.820Z,253226.74997918418,12000.0,131460.99934026433,25000.0,409687.7493194485,1163512.5,753824.7506805515,True,True,True,True,True,True,STEP49J_AIS+ROUTE_MASTER+OILPRICEAPI_VLSFO
IMO_9587350,9587350,ANABELA,636019937,177029.0,CAPE,-23.76171,151.51549,0.2,108.25,11,"Hay Point, Australia","Visakhapatnam, India",coal,Panamax,73625.0,27.85,$/mt,4926.710066752748,12.0,17.10663217622482,2.0,19.10663217622482,30.0,573.1989652867446,770.5,VLSFO,Singapore,2026-08-28T16:11:32.820Z,441649.8027534367,12000.0,229279.58611469786,25000.0,695929.3888681346,2050456.25,1354526.8611318655,True,True,True,True,True,True,STEP49J_AIS+ROUTE_MASTER+OILPRICEAPI_VLSFO
IMO_9587350,9587350,ANABELA,636019937,177029.0,CAPE,-23.76171,151.51549,0.2,108.25,12,Mozambique (Beira / Maputo),East Coast India,coking coal,Handysize,,43.75,$/mt,4601.384016575973,12.0,15.977027835333239,2.0,17.97702783533324,30.0,539.3108350599972,770.5,VLSFO,Singapore,2026-08-28T16:11:32.820Z,415538.99841372785,12000.0,215724.33402399888,25000.0,656263.3324377267,,,True,True,True,False,True,False,STEP49J_AIS+ROUTE_MASTER+OILPRICEAPI_VLSFO
IMO_9587350,9587350,ANABELA,636019937,177029.0,CAPE,-23.76171,151.51549,0.2,108.25,13,"Adang Bay (East Kalimantan), Indonesia","Kandla, India",steam coal,Supramax,54625.0,26.5,$/mt,3925.9038662092103,12.0,13.631610646559757,2.0,15.631610646559757,30.0,468.9483193967927,770.5,VLSFO,Singapore,2026-08-28T16:11:32.820Z,361324.6800952288,12000.0,187579.3277587171,25000.0,573904.0078539458,1447562.5,873658.4921460542,True,True,True,True,True,True,STEP49J_AIS+ROUTE_MASTER+OILPRICEAPI_VLSFO
IMO_9587350,9587350,ANABELA,636019937,177029.0,CAPE,-23.76171,151.51549,0.2,108.25,14,"East Kalimantan, Indonesia","Paradip, India",thermal coal,Supramax,54625.0,15.0,$/mt,2752.598463285374,12.0,9.557633553074215,2.0,11.557633553074215,30.0,346.7290065922264,770.5,VLSFO,Singapore,2026-08-28T16:11:32.820Z,267154.6995793105,12000.0,138691.60263689057,25000.0,430846.3022162011,819375.0,388528.6977837989,True,True,True,True,True,True,STEP49J_AIS+ROUTE_MASTER+OILPRICEAPI_VLSFO
IMO_9587350,9587350,ANABELA,636019937,177029.0,CAPE,-23.76171,151.51549,0.2,108.25,15,Atlantic / Black Sea ports (Taman / Ust-Luga proxy),"Visakhapatnam, India",coal,Panamax,73625.0,19.5,$/mt,5565.87430627969,12.0,19.325952452360035,2.0,21.325952452360035,30.0,639.7785735708011,770.5,VLSFO,Singapore,2026-08-28T16:11:32.820Z,492949.39093630225,12000.0,255911.4294283204,25000.0,773860.8203646226,1435687.5,661826.6796353774,True,True,True,True,True,True,STEP49J_AIS+ROUTE_MASTER+OILPRICEAPI_VLSFO
IMO_9587350,9587350,ANABELA,636019937,177029.0,CAPE,-23.76171,151.51549,0.2,108.25,17,"Queensland, Australia","Haldia, India",coking coal,Panamax,73625.0,20.3,$/mt,4732.350582884308,12.0,16.43177285723718,2.0,18.43177285723718,30.0,552.9531857171154,770.5,VLSFO,Singapore,2026-08-28T16:11:32.820Z,426050.4295950374,12000.0,221181.27428684616,25000.0,672231.7038818835,1494587.5,822355.7961181165,True,True,True,True,True,True,STEP49J_AIS+ROUTE_MASTER+OILPRICEAPI_VLSFO
IMO_9587350,9587350,ANABELA,636019937,177029.0,CAPE,-23.76171,151.51549,0.2,108.25,18,"Richards Bay, South Africa","Haldia, India",coking / thermal coal,Panamax,73625.0,12.8,$/mt,4736.344187320068,12.0,16.44563953930579,2.0,18.44563953930579,30.0,553.3691861791738,770.5,VLSFO,Singapore,2026-08-28T16:11:32.820Z,426370.9579510534,12000.0,221347.67447166948,25000.0,672718.6324227229,942400.0,269681.3675772771,True,True,True,True,True,True,STEP49J_AIS+ROUTE_MASTER+OILPRICEAPI_VLSFO
IMO_9587350,9587350,ANABELA,636019937,177029.0,CAPE,-23.76171,151.51549,0.2,108.25,20,East Coast Australia,East Coast India,coal,Panamax,73625.0,17.7,$/mt,5329.775100266468,12.0,18.506163542591903,2.0,20.506163542591903,30.0,615.1849062777571,770.5,VLSFO,Singapore,2026-08-28T16:11:32.820Z,473999.9702870119,12000.0,246073.96251110284,25000.0,745073.9327981147,1303162.5,558088.5672018853,True,True,True,True,True,True,STEP49J_AIS+ROUTE_MASTER+OILPRICEAPI_VLSFO
IMO_9587350,9587350,ANABELA,636019937,177029.0,CAPE,-23.76171,151.51549,0.2,108.25,21,Indonesia,East Coast India,coal,Panamax,73625.0,11.2,$/mt,2579.0639841663437,12.0,8.95508327835536,2.0,10.95508327835536,30.0,328.65249835066084,770.5,VLSFO,Singapore,2026-08-28T16:11:32.820Z,253226.74997918418,12000.0,131460.99934026433,25000.0,409687.7493194485,824600.0,414912.2506805515,True,True,True,True,True,True,STEP49J_AIS+ROUTE_MASTER+OILPRICEAPI_VLSFO
IMO_9587350,9587350,ANABELA,636019937,177029.0,CAPE,-23.76171,151.51549,0.2,108.25,22,Indonesia,West Coast India,coal,Panamax,73625.0,12.85,$/mt,3929.0472301048458,12.0,13.642525104530714,2.0,15.642525104530714,30.0,469.27575313592143,770.5,VLSFO,Singapore,2026-08-28T16:11:32.820Z,361576.96779122745,12000.0,187710.30125436856,25000.0,574287.269045596,946081.25,371793.980954404,True,True,True,True,True,True,STEP49J_AIS+ROUTE_MASTER+OILPRICEAPI_VLSFO
IMO_9587350,9587350,ANABELA,636019937,177029.0,CAPE,-23.76171,151.51549,0.2,108.25,24,US East Coast (Hampton Roads / Baltimore),East Coast India (Paradip / Visakhapatnam),coal / coking coal,Panamax,73625.0,44.35,$/mt,9913.44136694391,12.0,34.42167141299969,2.0,36.42167141299969,30.0,1092.6501423899908,770.5,VLSFO,Singapore,2026-08-28T16:11:32.820Z,841886.934711488,12000.0,437060.0569559963,25000.0,1303946.9916674844,3265268.75,1961321.7583325156,True,True,True,True,True,True,STEP49J_AIS+ROUTE_MASTER+OILPRICEAPI_VLSFO
IMO_9290971,9290971,ORIENTAL ENTERPRISE,441609000,88125.0,PANAMAX,-23.83007,151.60824,0.0,126.18333333333334,0,"Queensland (Gladstone / Hay Point), Australia","Visakhapatnam & Haldia, India",coking coal,Panamax,73625.0,47.0,$/mt,4926.710066752748,12.0,17.10663217622482,2.0,19.10663217622482,30.0,573.1989652867446,770.5,VLSFO,Singapore,2026-08-28T16:11:32.820Z,441649.8027534367,12000.0,229279.58611469786,25000.0,695929.3888681346,3460375.0,2764445.6111318655,True,True,True,True,True,True,STEP49J_AIS+ROUTE_MASTER+OILPRICEAPI_VLSFO
IMO_9290971,9290971,ORIENTAL ENTERPRISE,441609000,88125.0,PANAMAX,-23.83007,151.60824,0.0,126.18333333333334,1,"Richards Bay, South Africa","Navlakhi, India",coal,Supramax,54625.0,19.35,$/mt,3938.9061722773454,12.0,13.676757542629671,2.0,15.676757542629671,30.0,470.30272627889013,770.5,VLSFO,Singapore,2026-08-28T16:11:32.820Z,362368.2505978848,12000.0,188121.09051155605,25000.0,575489.3411094409,1056993.75,481504.4088905591,True,True,True,True,True,True,STEP49J_AIS+ROUTE_MASTER+OILPRICEAPI_VLSFO
IMO_9290971,9290971,ORIENTAL ENTERPRISE,441609000,88125.0,PANAMAX,-23.83007,151.60824,0.0,126.18333333333334,2,"Hay Point, Australia","Paradip, India",coking coal,Panamax,73625.0,13.8,$/mt,4899.001585207413,12.0,17.010422170859073,2.0,19.010422170859073,30.0,570.3126651257721,770.5,VLSFO,Singapore,2026-08-28T16:11:32.820Z,439425.90847940743,12000.0,228125.06605030887,25000.0,692550.9745297163,1016025.0,323474.0254702837,True,True,True,True,True,True,STEP49J_AIS+ROUTE_MASTER+OILPRICEAPI_VLSFO
IMO_9290971,9290971,ORIENTAL ENTERPRISE,441609000,88125.0,PANAMAX,-23.83007,151.60824,0.0,126.18333333333334,3,"East Kalimantan, Indonesia","Navlakhi, India",coal,Supramax,54625.0,18.45,$/mt,4102.581709223877,12.0,14.245075379249572,2.0,16.24507537924957,30.0,487.35226137748714,770.5,VLSFO,Singapore,2026-08-28T16:11:32.820Z,375504.91739135387,12000.0,194940.90455099483,25000.0,595445.8219423487,1007831.25,412385.42805765127,True,True,True,True,True,True,STEP49J_AIS+ROUTE_MASTER+OILPRICEAPI_VLSFO
IMO_9290971,9290971,ORIENTAL ENTERPRISE,441609000,88125.0,PANAMAX,-23.83007,151.60824,0.0,126.18333333333334,4,"Hay Point, Australia","Visakhapatnam, India",metallurgical coal,Panamax,73625.0,23.3,$/mt,4926.710066752748,12.0,17.10663217622482,2.0,19.10663217622482,30.0,573.1989652867446,770.5,VLSFO,Singapore,2026-08-28T16:11:32.820Z,441649.8027534367,12000.0,229279.58611469786,25000.0,695929.3888681346,1715462.5,1019533.1111318654,True,True,True,True,True,True,STEP49J_AIS+ROUTE_MASTER+OILPRICEAPI_VLSFO
IMO_9290971,9290971,ORIENTAL ENTERPRISE,441609000,88125.0,PANAMAX,-23.83007,151.60824,0.0,126.18333333333334,5,"Hay Point, Australia","Paradip, India",metallurgical coal,Panamax,73625.0,21.1,$/mt,4899.001585207413,12.0,17.010422170859073,2.0,19.010422170859073,30.0,570.3126651257721,770.5,VLSFO,Singapore,2026-08-28T16:11:32.820Z,439425.90847940743,12000.0,228125.06605030887,25000.0,692550.9745297163,1553487.5,860936.5254702837,True,True,True,True,True,True,STEP49J_AIS+ROUTE_MASTER+OILPRICEAPI_VLSFO
IMO_9290971,9290971,ORIENTAL ENTERPRISE,441609000,88125.0,PANAMAX,-23.83007,151.60824,0.0,126.18333333333334,6,"Banjarmasin (South Kalimantan), Indonesia","Krishnapatnam, India",thermal coal,Panamax,73625.0,11.8,$/mt,2408.301246605427,12.0,8.362157106268844,2.0,10.362157106268844,30.0,310.8647131880653,770.5,VLSFO,Singapore,2026-08-28T16:11:32.820Z,239521.26151140433,12000.0,124345.88527522613,25000.0,388867.14678663044,868775.0,479907.85321336956,True,True,True,True,True,True,STEP49J_AIS+ROUTE_MASTER+OILPRICEAPI_VLSFO
IMO_9290971,9290971,ORIENTAL ENTERPRISE,441609000,88125.0,PANAMAX,-23.83007,151.60824,0.0,126.18333333333334,7,"East Kalimantan, Indonesia","Paradip, India",coal,Supramax,54625.0,16.05,$/mt,2752.598463285374,12.0,9.557633553074215,2.0,11.557633553074215,30.0,346.7290065922264,770.5,VLSFO,Singapore,2026-08-28T16:11:32.820Z,267154.6995793105,12000.0,138691.60263689057,25000.0,430846.3022162011,876731.25,445884.9477837989,True,True,True,True,True,True,STEP49J_AIS+ROUTE_MASTER+OILPRICEAPI_VLSFO
IMO_9290971,9290971,ORIENTAL ENTERPRISE,441609000,88125.0,PANAMAX,-23.83007,151.60824,0.0,126.18333333333334,8,"Banjarmasin (South Kalimantan), Indonesia","Dahej, India",thermal coal,Panamax,73625.0,13.1,$/mt,3443.2178891213243,12.0,11.955617670560153,2.0,13.955617670560153,30.0,418.6685301168046,770.5,VLSFO,Singapore,2026-08-28T16:11:32.820Z,322584.10245499795,12000.0,167467.41204672185,25000.0,515051.5145017198,964487.5,449435.9854982802,True,True,True,True,True,True,STEP49J_AIS+ROUTE_MASTER+OILPRICEAPI_VLSFO
IMO_9290971,9290971,ORIENTAL ENTERPRISE,441609000,88125.0,PANAMAX,-23.83007,151.60824,0.0,126.18333333333334,9,"Richards Bay, South Africa","Paradip, India",thermal coal,Panamax,73625.0,18.6,$/mt,4667.806005082153,12.0,16.207659739868586,2.0,18.207659739868586,30.0,546.2297921960576,770.5,VLSFO,Singapore,2026-08-28T16:11:32.820Z,420870.05488706235,12000.0,218491.916878423,25000.0,664361.9717654854,1369425.0,705063.0282345146,True,True,True,True,True,True,STEP49J_AIS+ROUTE_MASTER+OILPRICEAPI_VLSFO
IMO_9290971,9290971,ORIENTAL ENTERPRISE,441609000,88125.0,PANAMAX,-23.83007,151.60824,0.0,126.18333333333334,10,Indonesia,"Paradip, India",thermal coal,Supramax,54625.0,21.3,$/mt,2579.0639841663437,12.0,8.95508327835536,2.0,10.95508327835536,30.0,328.65249835066084,770.5,VLSFO,Singapore,2026-08-28T16:11:32.820Z,253226.74997918418,12000.0,131460.99934026433,25000.0,409687.7493194485,1163512.5,753824.7506805515,True,True,True,True,True,True,STEP49J_AIS+ROUTE_MASTER+OILPRICEAPI_VLSFO
IMO_9290971,9290971,ORIENTAL ENTERPRISE,441609000,88125.0,PANAMAX,-23.83007,151.60824,0.0,126.18333333333334,11,"Hay Point, Australia","Visakhapatnam, India",coal,Panamax,73625.0,27.85,$/mt,4926.710066752748,12.0,17.10663217622482,2.0,19.10663217622482,30.0,573.1989652867446,770.5,VLSFO,Singapore,2026-08-28T16:11:32.820Z,441649.8027534367,12000.0,229279.58611469786,25000.0,695929.3888681346,2050456.25,1354526.8611318655,True,True,True,True,True,True,STEP49J_AIS+ROUTE_MASTER+OILPRICEAPI_VLSFO
IMO_9290971,9290971,ORIENTAL ENTERPRISE,441609000,88125.0,PANAMAX,-23.83007,151.60824,0.0,126.18333333333334,12,Mozambique (Beira / Maputo),East Coast India,coking coal,Handysize,,43.75,$/mt,4601.384016575973,12.0,15.977027835333239,2.0,17.97702783533324,30.0,539.3108350599972,770.5,VLSFO,Singapore,2026-08-28T16:11:32.820Z,415538.99841372785,12000.0,215724.33402399888,25000.0,656263.3324377267,,,True,True,True,False,True,False,STEP49J_AIS+ROUTE_MASTER+OILPRICEAPI_VLSFO
IMO_9290971,9290971,ORIENTAL ENTERPRISE,441609000,88125.0,PANAMAX,-23.83007,151.60824,0.0,126.18333333333334,13,"Adang Bay (East Kalimantan), Indonesia","Kandla, India",steam coal,Supramax,54625.0,26.5,$/mt,3925.9038662092103,12.0,13.631610646559757,2.0,15.631610646559757,30.0,468.9483193967927,770.5,VLSFO,Singapore,2026-08-28T16:11:32.820Z,361324.6800952288,12000.0,187579.3277587171,25000.0,573904.0078539458,1447562.5,873658.4921460542,True,True,True,True,True,True,STEP49J_AIS+ROUTE_MASTER+OILPRICEAPI_VLSFO
IMO_9290971,9290971,ORIENTAL ENTERPRISE,441609000,88125.0,PANAMAX,-23.83007,151.60824,0.0,126.18333333333334,14,"East Kalimantan, Indonesia","Paradip, India",thermal coal,Supramax,54625.0,15.0,$/mt,2752.598463285374,12.0,9.557633553074215,2.0,11.557633553074215,30.0,346.7290065922264,770.5,VLSFO,Singapore,2026-08-28T16:11:32.820Z,267154.6995793105,12000.0,138691.60263689057,25000.0,430846.3022162011,819375.0,388528.6977837989,True,True,True,True,True,True,STEP49J_AIS+ROUTE_MASTER+OILPRICEAPI_VLSFO
IMO_9290971,9290971,ORIENTAL ENTERPRISE,441609000,88125.0,PANAMAX,-23.83007,151.60824,0.0,126.18333333333334,15,Atlantic / Black Sea ports (Taman / Ust-Luga proxy),"Visakhapatnam, India",coal,Panamax,73625.0,19.5,$/mt,5565.87430627969,12.0,19.325952452360035,2.0,21.325952452360035,30.0,639.7785735708011,770.5,VLSFO,Singapore,2026-08-28T16:11:32.820Z,492949.39093630225,12000.0,255911.4294283204,25000.0,773860.8203646226,1435687.5,661826.6796353774,True,True,True,True,True,True,STEP49J_AIS+ROUTE_MASTER+OILPRICEAPI_VLSFO
IMO_9290971,9290971,ORIENTAL ENTERPRISE,441609000,88125.0,PANAMAX,-23.83007,151.60824,0.0,126.18333333333334,17,"Queensland, Australia","Haldia, India",coking coal,Panamax,73625.0,20.3,$/mt,4732.350582884308,12.0,16.43177285723718,2.0,18.43177285723718,30.0,552.9531857171154,770.5,VLSFO,Singapore,2026-08-28T16:11:32.820Z,426050.4295950374,12000.0,221181.27428684616,25000.0,672231.7038818835,1494587.5,822355.7961181165,True,True,True,True,True,True,STEP49J_AIS+ROUTE_MASTER+OILPRICEAPI_VLSFO
IMO_9290971,9290971,ORIENTAL ENTERPRISE,441609000,88125.0,PANAMAX,-23.83007,151.60824,0.0,126.18333333333334,18,"Richards Bay, South Africa","Haldia, India",coking / thermal coal,Panamax,73625.0,12.8,$/mt,4736.344187320068,12.0,16.44563953930579,2.0,18.44563953930579,30.0,553.3691861791738,770.5,VLSFO,Singapore,2026-08-28T16:11:32.820Z,426370.9579510534,12000.0,221347.67447166948,25000.0,672718.6324227229,942400.0,269681.3675772771,True,True,True,True,True,True,STEP49J_AIS+ROUTE_MASTER+OILPRICEAPI_VLSFO
IMO_9290971,9290971,ORIENTAL ENTERPRISE,441609000,88125.0,PANAMAX,-23.83007,151.60824,0.0,126.18333333333334,20,East Coast Australia,East Coast India,coal,Panamax,73625.0,17.7,$/mt,5329.775100266468,12.0,18.506163542591903,2.0,20.506163542591903,30.0,615.1849062777571,770.5,VLSFO,Singapore,2026-08-28T16:11:32.820Z,473999.9702870119,12000.0,246073.96251110284,25000.0,745073.9327981147,1303162.5,558088.5672018853,True,True,True,True,True,True,STEP49J_AIS+ROUTE_MASTER+OILPRICEAPI_VLSFO
IMO_9290971,9290971,ORIENTAL ENTERPRISE,441609000,88125.0,PANAMAX,-23.83007,151.60824,0.0,126.18333333333334,21,Indonesia,East Coast India,coal,Panamax,73625.0,11.2,$/mt,2579.0639841663437,12.0,8.95508327835536,2.0,10.95508327835536,30.0,328.65249835066084,770.5,VLSFO,Singapore,2026-08-28T16:11:32.820Z,253226.74997918418,12000.0,131460.99934026433,25000.0,409687.7493194485,824600.0,414912.2506805515,True,True,True,True,True,True,STEP49J_AIS+ROUTE_MASTER+OILPRICEAPI_VLSFO
IMO_9290971,9290971,ORIENTAL ENTERPRISE,441609000,88125.0,PANAMAX,-23.83007,151.60824,0.0,126.18333333333334,22,Indonesia,West Coast India,coal,Panamax,73625.0,12.85,$/mt,3929.0472301048458,12.0,13.642525104530714,2.0,15.642525104530714,30.0,469.27575313592143,770.5,VLSFO,Singapore,2026-08-28T16:11:32.820Z,361576.96779122745,12000.0,187710.30125436856,25000.0,574287.269045596,946081.25,371793.980954404,True,True,True,True,True,True,STEP49J_AIS+ROUTE_MASTER+OILPRICEAPI_VLSFO
IMO_9290971,9290971,ORIENTAL ENTERPRISE,441609000,88125.0,PANAMAX,-23.83007,151.60824,0.0,126.18333333333334,24,US East Coast (Hampton Roads / Baltimore),East Coast India (Paradip / Visakhapatnam),coal / coking coal,Panamax,73625.0,44.35,$/mt,9913.44136694391,12.0,34.42167141299969,2.0,36.42167141299969,30.0,1092.6501423899908,770.5,VLSFO,Singapore,2026-08-28T16:11:32.820Z,841886.934711488,12000.0,437060.0569559963,25000.0,1303946.9916674844,3265268.75,1961321.7583325156,True,True,True,True,True,True,STEP49J_AIS+ROUTE_MASTER+OILPRICEAPI_VLSFO
