route_id,origin,destination,vessel_class,cargo_type,scenario,contract_volume_mt,contract_freight_usd_per_mt,scenario_route_freight_rate,total_voyage_cost_usd,sail_value_usd,kill_penalty_usd,alternative_value_usd,kill_value_usd,incremental_sail_value_usd,decision
0,"Queensland (Gladstone / Hay Point), Australia","Visakhapatnam & Haldia, India",Panamax,coking coal,bear,69943.75,47.0,36.09587900705407,541850.6263131252,1982830.510986513,0.0,0.0,0.0,1982830.510986513,SAIL
0,"Queensland (Gladstone / Hay Point), Australia","Visakhapatnam & Haldia, India",Panamax,coking coal,bear,69943.75,47.0,36.09587900705407,541850.6263131252,1982830.510986513,0.0,250000.0,250000.0,1732830.510986513,SAIL
0,"Queensland (Gladstone / Hay Point), Australia","Visakhapatnam & Haldia, India",Panamax,coking coal,bear,69943.75,47.0,36.09587900705407,541850.6263131252,1982830.510986513,0.0,500000.0,500000.0,1482830.510986513,SAIL
0,"Queensland (Gladstone / Hay Point), Australia","Visakhapatnam & Haldia, India",Panamax,coking coal,bear,69943.75,47.0,36.09587900705407,541850.6263131252,1982830.510986513,0.0,1000000.0,1000000.0,982830.510986513,SAIL
0,"Queensland (Gladstone / Hay Point), Australia","Visakhapatnam & Haldia, India",Panamax,coking coal,bear,69943.75,47.0,36.09587900705407,541850.6263131252,1982830.510986513,50000.0,0.0,-50000.0,2032830.510986513,SAIL
0,"Queensland (Gladstone / Hay Point), Australia","Visakhapatnam & Haldia, India",Panamax,coking coal,bear,69943.75,47.0,36.09587900705407,541850.6263131252,1982830.510986513,50000.0,250000.0,200000.0,1782830.510986513,SAIL
0,"Queensland (Gladstone / Hay Point), Australia","Visakhapatnam & Haldia, India",Panamax,coking coal,bear,69943.75,47.0,36.09587900705407,541850.6263131252,1982830.510986513,50000.0,500000.0,450000.0,1532830.510986513,SAIL
0,"Queensland (Gladstone / Hay Point), Australia","Visakhapatnam & Haldia, India",Panamax,coking coal,bear,69943.75,47.0,36.09587900705407,541850.6263131252,1982830.510986513,50000.0,1000000.0,950000.0,1032830.510986513,SAIL
0,"Queensland (Gladstone / Hay Point), Australia","Visakhapatnam & Haldia, India",Panamax,coking coal,bear,69943.75,47.0,36.09587900705407,541850.6263131252,1982830.510986513,100000.0,0.0,-100000.0,2082830.510986513,SAIL
0,"Queensland (Gladstone / Hay Point), Australia","Visakhapatnam & Haldia, India",Panamax,coking coal,bear,69943.75,47.0,36.09587900705407,541850.6263131252,1982830.510986513,100000.0,250000.0,150000.0,1832830.510986513,SAIL
0,"Queensland (Gladstone / Hay Point), Australia","Visakhapatnam & Haldia, India",Panamax,coking coal,bear,69943.75,47.0,36.09587900705407,541850.6263131252,1982830.510986513,100000.0,500000.0,400000.0,1582830.510986513,SAIL
0,"Queensland (Gladstone / Hay Point), Australia","Visakhapatnam & Haldia, India",Panamax,coking coal,bear,69943.75,47.0,36.09587900705407,541850.6263131252,1982830.510986513,100000.0,1000000.0,900000.0,1082830.510986513,SAIL
0,"Queensland (Gladstone / Hay Point), Australia","Visakhapatnam & Haldia, India",Panamax,coking coal,bear,69943.75,47.0,36.09587900705407,541850.6263131252,1982830.510986513,250000.0,0.0,-250000.0,2232830.510986513,SAIL
0,"Queensland (Gladstone / Hay Point), Australia","Visakhapatnam & Haldia, India",Panamax,coking coal,bear,69943.75,47.0,36.09587900705407,541850.6263131252,1982830.510986513,250000.0,250000.0,0.0,1982830.510986513,SAIL
0,"Queensland (Gladstone / Hay Point), Australia","Visakhapatnam & Haldia, India",Panamax,coking coal,bear,69943.75,47.0,36.09587900705407,541850.6263131252,1982830.510986513,250000.0,500000.0,250000.0,1732830.510986513,SAIL
0,"Queensland (Gladstone / Hay Point), Australia","Visakhapatnam & Haldia, India",Panamax,coking coal,bear,69943.75,47.0,36.09587900705407,541850.6263131252,1982830.510986513,250000.0,1000000.0,750000.0,1232830.510986513,SAIL
0,"Queensland (Gladstone / Hay Point), Australia","Visakhapatnam & Haldia, India",Panamax,coking coal,bear,69943.75,47.0,36.09587900705407,541850.6263131252,1982830.510986513,500000.0,0.0,-500000.0,2482830.510986513,SAIL
0,"Queensland (Gladstone / Hay Point), Australia","Visakhapatnam & Haldia, India",Panamax,coking coal,bear,69943.75,47.0,36.09587900705407,541850.6263131252,1982830.510986513,500000.0,250000.0,-250000.0,2232830.510986513,SAIL
0,"Queensland (Gladstone / Hay Point), Australia","Visakhapatnam & Haldia, India",Panamax,coking coal,bear,69943.75,47.0,36.09587900705407,541850.6263131252,1982830.510986513,500000.0,500000.0,0.0,1982830.510986513,SAIL
0,"Queensland (Gladstone / Hay Point), Australia","Visakhapatnam & Haldia, India",Panamax,coking coal,bear,69943.75,47.0,36.09587900705407,541850.6263131252,1982830.510986513,500000.0,1000000.0,500000.0,1482830.510986513,SAIL
0,"Queensland (Gladstone / Hay Point), Australia","Visakhapatnam & Haldia, India",Panamax,coking coal,bear,69943.75,47.0,36.09587900705407,541850.6263131252,1982830.510986513,750000.0,0.0,-750000.0,2732830.510986513,SAIL
0,"Queensland (Gladstone / Hay Point), Australia","Visakhapatnam & Haldia, India",Panamax,coking coal,bear,69943.75,47.0,36.09587900705407,541850.6263131252,1982830.510986513,750000.0,250000.0,-500000.0,2482830.510986513,SAIL
0,"Queensland (Gladstone / Hay Point), Australia","Visakhapatnam & Haldia, India",Panamax,coking coal,bear,69943.75,47.0,36.09587900705407,541850.6263131252,1982830.510986513,750000.0,500000.0,-250000.0,2232830.510986513,SAIL
0,"Queensland (Gladstone / Hay Point), Australia","Visakhapatnam & Haldia, India",Panamax,coking coal,bear,69943.75,47.0,36.09587900705407,541850.6263131252,1982830.510986513,750000.0,1000000.0,250000.0,1732830.510986513,SAIL
0,"Queensland (Gladstone / Hay Point), Australia","Visakhapatnam & Haldia, India",Panamax,coking coal,bear,69943.75,47.0,36.09587900705407,541850.6263131252,1982830.510986513,1000000.0,0.0,-1000000.0,2982830.510986513,SAIL
0,"Queensland (Gladstone / Hay Point), Australia","Visakhapatnam & Haldia, India",Panamax,coking coal,bear,69943.75,47.0,36.09587900705407,541850.6263131252,1982830.510986513,1000000.0,250000.0,-750000.0,2732830.510986513,SAIL
0,"Queensland (Gladstone / Hay Point), Australia","Visakhapatnam & Haldia, India",Panamax,coking coal,bear,69943.75,47.0,36.09587900705407,541850.6263131252,1982830.510986513,1000000.0,500000.0,-500000.0,2482830.510986513,SAIL
0,"Queensland (Gladstone / Hay Point), Australia","Visakhapatnam & Haldia, India",Panamax,coking coal,bear,69943.75,47.0,36.09587900705407,541850.6263131252,1982830.510986513,1000000.0,1000000.0,0.0,1982830.510986513,SAIL
0,"Queensland (Gladstone / Hay Point), Australia","Visakhapatnam & Haldia, India",Panamax,coking coal,bear,69943.75,47.0,36.09587900705407,541850.6263131252,1982830.510986513,1500000.0,0.0,-1500000.0,3482830.510986513,SAIL
0,"Queensland (Gladstone / Hay Point), Australia","Visakhapatnam & Haldia, India",Panamax,coking coal,bear,69943.75,47.0,36.09587900705407,541850.6263131252,1982830.510986513,1500000.0,250000.0,-1250000.0,3232830.510986513,SAIL
0,"Queensland (Gladstone / Hay Point), Australia","Visakhapatnam & Haldia, India",Panamax,coking coal,bear,69943.75,47.0,36.09587900705407,541850.6263131252,1982830.510986513,1500000.0,500000.0,-1000000.0,2982830.510986513,SAIL
0,"Queensland (Gladstone / Hay Point), Australia","Visakhapatnam & Haldia, India",Panamax,coking coal,bear,69943.75,47.0,36.09587900705407,541850.6263131252,1982830.510986513,1500000.0,1000000.0,-500000.0,2482830.510986513,SAIL
0,"Queensland (Gladstone / Hay Point), Australia","Visakhapatnam & Haldia, India",Panamax,coking coal,bear,69943.75,47.0,36.09587900705407,541850.6263131252,1982830.510986513,2000000.0,0.0,-2000000.0,3982830.510986513,SAIL
0,"Queensland (Gladstone / Hay Point), Australia","Visakhapatnam & Haldia, India",Panamax,coking coal,bear,69943.75,47.0,36.09587900705407,541850.6263131252,1982830.510986513,2000000.0,250000.0,-1750000.0,3732830.510986513,SAIL
0,"Queensland (Gladstone / Hay Point), Australia","Visakhapatnam & Haldia, India",Panamax,coking coal,bear,69943.75,47.0,36.09587900705407,541850.6263131252,1982830.510986513,2000000.0,500000.0,-1500000.0,3482830.510986513,SAIL
0,"Queensland (Gladstone / Hay Point), Australia","Visakhapatnam & Haldia, India",Panamax,coking coal,bear,69943.75,47.0,36.09587900705407,541850.6263131252,1982830.510986513,2000000.0,1000000.0,-1000000.0,2982830.510986513,SAIL
0,"Queensland (Gladstone / Hay Point), Australia","Visakhapatnam & Haldia, India",Panamax,coking coal,base,69943.75,47.0,47.0,541850.6263131252,2745505.6236868748,0.0,0.0,0.0,2745505.6236868748,SAIL
0,"Queensland (Gladstone / Hay Point), Australia","Visakhapatnam & Haldia, India",Panamax,coking coal,base,69943.75,47.0,47.0,541850.6263131252,2745505.6236868748,0.0,250000.0,250000.0,2495505.6236868748,SAIL
0,"Queensland (Gladstone / Hay Point), Australia","Visakhapatnam & Haldia, India",Panamax,coking coal,base,69943.75,47.0,47.0,541850.6263131252,2745505.6236868748,0.0,500000.0,500000.0,2245505.6236868748,SAIL
0,"Queensland (Gladstone / Hay Point), Australia","Visakhapatnam & Haldia, India",Panamax,coking coal,base,69943.75,47.0,47.0,541850.6263131252,2745505.6236868748,0.0,1000000.0,1000000.0,1745505.6236868748,SAIL
0,"Queensland (Gladstone / Hay Point), Australia","Visakhapatnam & Haldia, India",Panamax,coking coal,base,69943.75,47.0,47.0,541850.6263131252,2745505.6236868748,50000.0,0.0,-50000.0,2795505.6236868748,SAIL
0,"Queensland (Gladstone / Hay Point), Australia","Visakhapatnam & Haldia, India",Panamax,coking coal,base,69943.75,47.0,47.0,541850.6263131252,2745505.6236868748,50000.0,250000.0,200000.0,2545505.6236868748,SAIL
0,"Queensland (Gladstone / Hay Point), Australia","Visakhapatnam & Haldia, India",Panamax,coking coal,base,69943.75,47.0,47.0,541850.6263131252,2745505.6236868748,50000.0,500000.0,450000.0,2295505.6236868748,SAIL
0,"Queensland (Gladstone / Hay Point), Australia","Visakhapatnam & Haldia, India",Panamax,coking coal,base,69943.75,47.0,47.0,541850.6263131252,2745505.6236868748,50000.0,1000000.0,950000.0,1795505.6236868748,SAIL
0,"Queensland (Gladstone / Hay Point), Australia","Visakhapatnam & Haldia, India",Panamax,coking coal,base,69943.75,47.0,47.0,541850.6263131252,2745505.6236868748,100000.0,0.0,-100000.0,2845505.6236868748,SAIL
0,"Queensland (Gladstone / Hay Point), Australia","Visakhapatnam & Haldia, India",Panamax,coking coal,base,69943.75,47.0,47.0,541850.6263131252,2745505.6236868748,100000.0,250000.0,150000.0,2595505.6236868748,SAIL
0,"Queensland (Gladstone / Hay Point), Australia","Visakhapatnam & Haldia, India",Panamax,coking coal,base,69943.75,47.0,47.0,541850.6263131252,2745505.6236868748,100000.0,500000.0,400000.0,2345505.6236868748,SAIL
0,"Queensland (Gladstone / Hay Point), Australia","Visakhapatnam & Haldia, India",Panamax,coking coal,base,69943.75,47.0,47.0,541850.6263131252,2745505.6236868748,100000.0,1000000.0,900000.0,1845505.6236868748,SAIL
0,"Queensland (Gladstone / Hay Point), Australia","Visakhapatnam & Haldia, India",Panamax,coking coal,base,69943.75,47.0,47.0,541850.6263131252,2745505.6236868748,250000.0,0.0,-250000.0,2995505.6236868748,SAIL
0,"Queensland (Gladstone / Hay Point), Australia","Visakhapatnam & Haldia, India",Panamax,coking coal,base,69943.75,47.0,47.0,541850.6263131252,2745505.6236868748,250000.0,250000.0,0.0,2745505.6236868748,SAIL
0,"Queensland (Gladstone / Hay Point), Australia","Visakhapatnam & Haldia, India",Panamax,coking coal,base,69943.75,47.0,47.0,541850.6263131252,2745505.6236868748,250000.0,500000.0,250000.0,2495505.6236868748,SAIL
0,"Queensland (Gladstone / Hay Point), Australia","Visakhapatnam & Haldia, India",Panamax,coking coal,base,69943.75,47.0,47.0,541850.6263131252,2745505.6236868748,250000.0,1000000.0,750000.0,1995505.6236868748,SAIL
0,"Queensland (Gladstone / Hay Point), Australia","Visakhapatnam & Haldia, India",Panamax,coking coal,base,69943.75,47.0,47.0,541850.6263131252,2745505.6236868748,500000.0,0.0,-500000.0,3245505.6236868748,SAIL
0,"Queensland (Gladstone / Hay Point), Australia","Visakhapatnam & Haldia, India",Panamax,coking coal,base,69943.75,47.0,47.0,541850.6263131252,2745505.6236868748,500000.0,250000.0,-250000.0,2995505.6236868748,SAIL
0,"Queensland (Gladstone / Hay Point), Australia","Visakhapatnam & Haldia, India",Panamax,coking coal,base,69943.75,47.0,47.0,541850.6263131252,2745505.6236868748,500000.0,500000.0,0.0,2745505.6236868748,SAIL
0,"Queensland (Gladstone / Hay Point), Australia","Visakhapatnam & Haldia, India",Panamax,coking coal,base,69943.75,47.0,47.0,541850.6263131252,2745505.6236868748,500000.0,1000000.0,500000.0,2245505.6236868748,SAIL
0,"Queensland (Gladstone / Hay Point), Australia","Visakhapatnam & Haldia, India",Panamax,coking coal,base,69943.75,47.0,47.0,541850.6263131252,2745505.6236868748,750000.0,0.0,-750000.0,3495505.6236868748,SAIL
0,"Queensland (Gladstone / Hay Point), Australia","Visakhapatnam & Haldia, India",Panamax,coking coal,base,69943.75,47.0,47.0,541850.6263131252,2745505.6236868748,750000.0,250000.0,-500000.0,3245505.6236868748,SAIL
0,"Queensland (Gladstone / Hay Point), Australia","Visakhapatnam & Haldia, India",Panamax,coking coal,base,69943.75,47.0,47.0,541850.6263131252,2745505.6236868748,750000.0,500000.0,-250000.0,2995505.6236868748,SAIL
0,"Queensland (Gladstone / Hay Point), Australia","Visakhapatnam & Haldia, India",Panamax,coking coal,base,69943.75,47.0,47.0,541850.6263131252,2745505.6236868748,750000.0,1000000.0,250000.0,2495505.6236868748,SAIL
0,"Queensland (Gladstone / Hay Point), Australia","Visakhapatnam & Haldia, India",Panamax,coking coal,base,69943.75,47.0,47.0,541850.6263131252,2745505.6236868748,1000000.0,0.0,-1000000.0,3745505.6236868748,SAIL
0,"Queensland (Gladstone / Hay Point), Australia","Visakhapatnam & Haldia, India",Panamax,coking coal,base,69943.75,47.0,47.0,541850.6263131252,2745505.6236868748,1000000.0,250000.0,-750000.0,3495505.6236868748,SAIL
0,"Queensland (Gladstone / Hay Point), Australia","Visakhapatnam & Haldia, India",Panamax,coking coal,base,69943.75,47.0,47.0,541850.6263131252,2745505.6236868748,1000000.0,500000.0,-500000.0,3245505.6236868748,SAIL
0,"Queensland (Gladstone / Hay Point), Australia","Visakhapatnam & Haldia, India",Panamax,coking coal,base,69943.75,47.0,47.0,541850.6263131252,2745505.6236868748,1000000.0,1000000.0,0.0,2745505.6236868748,SAIL
0,"Queensland (Gladstone / Hay Point), Australia","Visakhapatnam & Haldia, India",Panamax,coking coal,base,69943.75,47.0,47.0,541850.6263131252,2745505.6236868748,1500000.0,0.0,-1500000.0,4245505.623686874,SAIL
0,"Queensland (Gladstone / Hay Point), Australia","Visakhapatnam & Haldia, India",Panamax,coking coal,base,69943.75,47.0,47.0,541850.6263131252,2745505.6236868748,1500000.0,250000.0,-1250000.0,3995505.6236868748,SAIL
0,"Queensland (Gladstone / Hay Point), Australia","Visakhapatnam & Haldia, India",Panamax,coking coal,base,69943.75,47.0,47.0,541850.6263131252,2745505.6236868748,1500000.0,500000.0,-1000000.0,3745505.6236868748,SAIL
0,"Queensland (Gladstone / Hay Point), Australia","Visakhapatnam & Haldia, India",Panamax,coking coal,base,69943.75,47.0,47.0,541850.6263131252,2745505.6236868748,1500000.0,1000000.0,-500000.0,3245505.6236868748,SAIL
0,"Queensland (Gladstone / Hay Point), Australia","Visakhapatnam & Haldia, India",Panamax,coking coal,base,69943.75,47.0,47.0,541850.6263131252,2745505.6236868748,2000000.0,0.0,-2000000.0,4745505.623686874,SAIL
0,"Queensland (Gladstone / Hay Point), Australia","Visakhapatnam & Haldia, India",Panamax,coking coal,base,69943.75,47.0,47.0,541850.6263131252,2745505.6236868748,2000000.0,250000.0,-1750000.0,4495505.623686874,SAIL
0,"Queensland (Gladstone / Hay Point), Australia","Visakhapatnam & Haldia, India",Panamax,coking coal,base,69943.75,47.0,47.0,541850.6263131252,2745505.6236868748,2000000.0,500000.0,-1500000.0,4245505.623686874,SAIL
0,"Queensland (Gladstone / Hay Point), Australia","Visakhapatnam & Haldia, India",Panamax,coking coal,base,69943.75,47.0,47.0,541850.6263131252,2745505.6236868748,2000000.0,1000000.0,-1000000.0,3745505.6236868748,SAIL
0,"Queensland (Gladstone / Hay Point), Australia","Visakhapatnam & Haldia, India",Panamax,coking coal,bull,69943.75,47.0,67.20481298309544,541850.6263131252,4158706.011773256,0.0,0.0,0.0,4158706.011773256,SAIL
0,"Queensland (Gladstone / Hay Point), Australia","Visakhapatnam & Haldia, India",Panamax,coking coal,bull,69943.75,47.0,67.20481298309544,541850.6263131252,4158706.011773256,0.0,250000.0,250000.0,3908706.011773256,SAIL
0,"Queensland (Gladstone / Hay Point), Australia","Visakhapatnam & Haldia, India",Panamax,coking coal,bull,69943.75,47.0,67.20481298309544,541850.6263131252,4158706.011773256,0.0,500000.0,500000.0,3658706.011773256,SAIL
0,"Queensland (Gladstone / Hay Point), Australia","Visakhapatnam & Haldia, India",Panamax,coking coal,bull,69943.75,47.0,67.20481298309544,541850.6263131252,4158706.011773256,0.0,1000000.0,1000000.0,3158706.011773256,SAIL
0,"Queensland (Gladstone / Hay Point), Australia","Visakhapatnam & Haldia, India",Panamax,coking coal,bull,69943.75,47.0,67.20481298309544,541850.6263131252,4158706.011773256,50000.0,0.0,-50000.0,4208706.011773257,SAIL
0,"Queensland (Gladstone / Hay Point), Australia","Visakhapatnam & Haldia, India",Panamax,coking coal,bull,69943.75,47.0,67.20481298309544,541850.6263131252,4158706.011773256,50000.0,250000.0,200000.0,3958706.011773256,SAIL
0,"Queensland (Gladstone / Hay Point), Australia","Visakhapatnam & Haldia, India",Panamax,coking coal,bull,69943.75,47.0,67.20481298309544,541850.6263131252,4158706.011773256,50000.0,500000.0,450000.0,3708706.011773256,SAIL
0,"Queensland (Gladstone / Hay Point), Australia","Visakhapatnam & Haldia, India",Panamax,coking coal,bull,69943.75,47.0,67.20481298309544,541850.6263131252,4158706.011773256,50000.0,1000000.0,950000.0,3208706.011773256,SAIL
0,"Queensland (Gladstone / Hay Point), Australia","Visakhapatnam & Haldia, India",Panamax,coking coal,bull,69943.75,47.0,67.20481298309544,541850.6263131252,4158706.011773256,100000.0,0.0,-100000.0,4258706.011773257,SAIL
0,"Queensland (Gladstone / Hay Point), Australia","Visakhapatnam & Haldia, India",Panamax,coking coal,bull,69943.75,47.0,67.20481298309544,541850.6263131252,4158706.011773256,100000.0,250000.0,150000.0,4008706.011773256,SAIL
0,"Queensland (Gladstone / Hay Point), Australia","Visakhapatnam & Haldia, India",Panamax,coking coal,bull,69943.75,47.0,67.20481298309544,541850.6263131252,4158706.011773256,100000.0,500000.0,400000.0,3758706.011773256,SAIL
0,"Queensland (Gladstone / Hay Point), Australia","Visakhapatnam & Haldia, India",Panamax,coking coal,bull,69943.75,47.0,67.20481298309544,541850.6263131252,4158706.011773256,100000.0,1000000.0,900000.0,3258706.011773256,SAIL
0,"Queensland (Gladstone / Hay Point), Australia","Visakhapatnam & Haldia, India",Panamax,coking coal,bull,69943.75,47.0,67.20481298309544,541850.6263131252,4158706.011773256,250000.0,0.0,-250000.0,4408706.011773257,SAIL
0,"Queensland (Gladstone / Hay Point), Australia","Visakhapatnam & Haldia, India",Panamax,coking coal,bull,69943.75,47.0,67.20481298309544,541850.6263131252,4158706.011773256,250000.0,250000.0,0.0,4158706.011773256,SAIL
0,"Queensland (Gladstone / Hay Point), Australia","Visakhapatnam & Haldia, India",Panamax,coking coal,bull,69943.75,47.0,67.20481298309544,541850.6263131252,4158706.011773256,250000.0,500000.0,250000.0,3908706.011773256,SAIL
0,"Queensland (Gladstone / Hay Point), Australia","Visakhapatnam & Haldia, India",Panamax,coking coal,bull,69943.75,47.0,67.20481298309544,541850.6263131252,4158706.011773256,250000.0,1000000.0,750000.0,3408706.011773256,SAIL
0,"Queensland (Gladstone / Hay Point), Australia","Visakhapatnam & Haldia, India",Panamax,coking coal,bull,69943.75,47.0,67.20481298309544,541850.6263131252,4158706.011773256,500000.0,0.0,-500000.0,4658706.011773257,SAIL
0,"Queensland (Gladstone / Hay Point), Australia","Visakhapatnam & Haldia, India",Panamax,coking coal,bull,69943.75,47.0,67.20481298309544,541850.6263131252,4158706.011773256,500000.0,250000.0,-250000.0,4408706.011773257,SAIL
0,"Queensland (Gladstone / Hay Point), Australia","Visakhapatnam & Haldia, India",Panamax,coking coal,bull,69943.75,47.0,67.20481298309544,541850.6263131252,4158706.011773256,500000.0,500000.0,0.0,4158706.011773256,SAIL
0,"Queensland (Gladstone / Hay Point), Australia","Visakhapatnam & Haldia, India",Panamax,coking coal,bull,69943.75,47.0,67.20481298309544,541850.6263131252,4158706.011773256,500000.0,1000000.0,500000.0,3658706.011773256,SAIL
0,"Queensland (Gladstone / Hay Point), Australia","Visakhapatnam & Haldia, India",Panamax,coking coal,bull,69943.75,47.0,67.20481298309544,541850.6263131252,4158706.011773256,750000.0,0.0,-750000.0,4908706.011773257,SAIL
0,"Queensland (Gladstone / Hay Point), Australia","Visakhapatnam & Haldia, India",Panamax,coking coal,bull,69943.75,47.0,67.20481298309544,541850.6263131252,4158706.011773256,750000.0,250000.0,-500000.0,4658706.011773257,SAIL
0,"Queensland (Gladstone / Hay Point), Australia","Visakhapatnam & Haldia, India",Panamax,coking coal,bull,69943.75,47.0,67.20481298309544,541850.6263131252,4158706.011773256,750000.0,500000.0,-250000.0,4408706.011773257,SAIL
0,"Queensland (Gladstone / Hay Point), Australia","Visakhapatnam & Haldia, India",Panamax,coking coal,bull,69943.75,47.0,67.20481298309544,541850.6263131252,4158706.011773256,750000.0,1000000.0,250000.0,3908706.011773256,SAIL
0,"Queensland (Gladstone / Hay Point), Australia","Visakhapatnam & Haldia, India",Panamax,coking coal,bull,69943.75,47.0,67.20481298309544,541850.6263131252,4158706.011773256,1000000.0,0.0,-1000000.0,5158706.011773257,SAIL
0,"Queensland (Gladstone / Hay Point), Australia","Visakhapatnam & Haldia, India",Panamax,coking coal,bull,69943.75,47.0,67.20481298309544,541850.6263131252,4158706.011773256,1000000.0,250000.0,-750000.0,4908706.011773257,SAIL
0,"Queensland (Gladstone / Hay Point), Australia","Visakhapatnam & Haldia, India",Panamax,coking coal,bull,69943.75,47.0,67.20481298309544,541850.6263131252,4158706.011773256,1000000.0,500000.0,-500000.0,4658706.011773257,SAIL
0,"Queensland (Gladstone / Hay Point), Australia","Visakhapatnam & Haldia, India",Panamax,coking coal,bull,69943.75,47.0,67.20481298309544,541850.6263131252,4158706.011773256,1000000.0,1000000.0,0.0,4158706.011773256,SAIL
0,"Queensland (Gladstone / Hay Point), Australia","Visakhapatnam & Haldia, India",Panamax,coking coal,bull,69943.75,47.0,67.20481298309544,541850.6263131252,4158706.011773256,1500000.0,0.0,-1500000.0,5658706.011773257,SAIL
0,"Queensland (Gladstone / Hay Point), Australia","Visakhapatnam & Haldia, India",Panamax,coking coal,bull,69943.75,47.0,67.20481298309544,541850.6263131252,4158706.011773256,1500000.0,250000.0,-1250000.0,5408706.011773257,SAIL
0,"Queensland (Gladstone / Hay Point), Australia","Visakhapatnam & Haldia, India",Panamax,coking coal,bull,69943.75,47.0,67.20481298309544,541850.6263131252,4158706.011773256,1500000.0,500000.0,-1000000.0,5158706.011773257,SAIL
0,"Queensland (Gladstone / Hay Point), Australia","Visakhapatnam & Haldia, India",Panamax,coking coal,bull,69943.75,47.0,67.20481298309544,541850.6263131252,4158706.011773256,1500000.0,1000000.0,-500000.0,4658706.011773257,SAIL
0,"Queensland (Gladstone / Hay Point), Australia","Visakhapatnam & Haldia, India",Panamax,coking coal,bull,69943.75,47.0,67.20481298309544,541850.6263131252,4158706.011773256,2000000.0,0.0,-2000000.0,6158706.011773257,SAIL
0,"Queensland (Gladstone / Hay Point), Australia","Visakhapatnam & Haldia, India",Panamax,coking coal,bull,69943.75,47.0,67.20481298309544,541850.6263131252,4158706.011773256,2000000.0,250000.0,-1750000.0,5908706.011773257,SAIL
0,"Queensland (Gladstone / Hay Point), Australia","Visakhapatnam & Haldia, India",Panamax,coking coal,bull,69943.75,47.0,67.20481298309544,541850.6263131252,4158706.011773256,2000000.0,500000.0,-1500000.0,5658706.011773257,SAIL
0,"Queensland (Gladstone / Hay Point), Australia","Visakhapatnam & Haldia, India",Panamax,coking coal,bull,69943.75,47.0,67.20481298309544,541850.6263131252,4158706.011773256,2000000.0,1000000.0,-1000000.0,5158706.011773257,SAIL
1,"Richards Bay, South Africa","Navlakhi, India",Supramax,coal,bear,51893.75,19.35,14.86075018694673,443034.2231819321,328145.83183193475,0.0,0.0,0.0,328145.83183193475,SAIL
1,"Richards Bay, South Africa","Navlakhi, India",Supramax,coal,bear,51893.75,19.35,14.86075018694673,443034.2231819321,328145.83183193475,0.0,250000.0,250000.0,78145.83183193475,SAIL
1,"Richards Bay, South Africa","Navlakhi, India",Supramax,coal,bear,51893.75,19.35,14.86075018694673,443034.2231819321,328145.83183193475,0.0,500000.0,500000.0,-171854.16816806525,KILL
1,"Richards Bay, South Africa","Navlakhi, India",Supramax,coal,bear,51893.75,19.35,14.86075018694673,443034.2231819321,328145.83183193475,0.0,1000000.0,1000000.0,-671854.1681680653,KILL
1,"Richards Bay, South Africa","Navlakhi, India",Supramax,coal,bear,51893.75,19.35,14.86075018694673,443034.2231819321,328145.83183193475,50000.0,0.0,-50000.0,378145.83183193475,SAIL
1,"Richards Bay, South Africa","Navlakhi, India",Supramax,coal,bear,51893.75,19.35,14.86075018694673,443034.2231819321,328145.83183193475,50000.0,250000.0,200000.0,128145.83183193475,SAIL
1,"Richards Bay, South Africa","Navlakhi, India",Supramax,coal,bear,51893.75,19.35,14.86075018694673,443034.2231819321,328145.83183193475,50000.0,500000.0,450000.0,-121854.16816806525,KILL
1,"Richards Bay, South Africa","Navlakhi, India",Supramax,coal,bear,51893.75,19.35,14.86075018694673,443034.2231819321,328145.83183193475,50000.0,1000000.0,950000.0,-621854.1681680653,KILL
1,"Richards Bay, South Africa","Navlakhi, India",Supramax,coal,bear,51893.75,19.35,14.86075018694673,443034.2231819321,328145.83183193475,100000.0,0.0,-100000.0,428145.83183193475,SAIL
1,"Richards Bay, South Africa","Navlakhi, India",Supramax,coal,bear,51893.75,19.35,14.86075018694673,443034.2231819321,328145.83183193475,100000.0,250000.0,150000.0,178145.83183193475,SAIL
1,"Richards Bay, South Africa","Navlakhi, India",Supramax,coal,bear,51893.75,19.35,14.86075018694673,443034.2231819321,328145.83183193475,100000.0,500000.0,400000.0,-71854.16816806525,KILL
1,"Richards Bay, South Africa","Navlakhi, India",Supramax,coal,bear,51893.75,19.35,14.86075018694673,443034.2231819321,328145.83183193475,100000.0,1000000.0,900000.0,-571854.1681680653,KILL
1,"Richards Bay, South Africa","Navlakhi, India",Supramax,coal,bear,51893.75,19.35,14.86075018694673,443034.2231819321,328145.83183193475,250000.0,0.0,-250000.0,578145.8318319347,SAIL
1,"Richards Bay, South Africa","Navlakhi, India",Supramax,coal,bear,51893.75,19.35,14.86075018694673,443034.2231819321,328145.83183193475,250000.0,250000.0,0.0,328145.83183193475,SAIL
1,"Richards Bay, South Africa","Navlakhi, India",Supramax,coal,bear,51893.75,19.35,14.86075018694673,443034.2231819321,328145.83183193475,250000.0,500000.0,250000.0,78145.83183193475,SAIL
1,"Richards Bay, South Africa","Navlakhi, India",Supramax,coal,bear,51893.75,19.35,14.86075018694673,443034.2231819321,328145.83183193475,250000.0,1000000.0,750000.0,-421854.16816806525,KILL
1,"Richards Bay, South Africa","Navlakhi, India",Supramax,coal,bear,51893.75,19.35,14.86075018694673,443034.2231819321,328145.83183193475,500000.0,0.0,-500000.0,828145.8318319347,SAIL
1,"Richards Bay, South Africa","Navlakhi, India",Supramax,coal,bear,51893.75,19.35,14.86075018694673,443034.2231819321,328145.83183193475,500000.0,250000.0,-250000.0,578145.8318319347,SAIL
1,"Richards Bay, South Africa","Navlakhi, India",Supramax,coal,bear,51893.75,19.35,14.86075018694673,443034.2231819321,328145.83183193475,500000.0,500000.0,0.0,328145.83183193475,SAIL
1,"Richards Bay, South Africa","Navlakhi, India",Supramax,coal,bear,51893.75,19.35,14.86075018694673,443034.2231819321,328145.83183193475,500000.0,1000000.0,500000.0,-171854.16816806525,KILL
1,"Richards Bay, South Africa","Navlakhi, India",Supramax,coal,bear,51893.75,19.35,14.86075018694673,443034.2231819321,328145.83183193475,750000.0,0.0,-750000.0,1078145.8318319349,SAIL
1,"Richards Bay, South Africa","Navlakhi, India",Supramax,coal,bear,51893.75,19.35,14.86075018694673,443034.2231819321,328145.83183193475,750000.0,250000.0,-500000.0,828145.8318319347,SAIL
1,"Richards Bay, South Africa","Navlakhi, India",Supramax,coal,bear,51893.75,19.35,14.86075018694673,443034.2231819321,328145.83183193475,750000.0,500000.0,-250000.0,578145.8318319347,SAIL
1,"Richards Bay, South Africa","Navlakhi, India",Supramax,coal,bear,51893.75,19.35,14.86075018694673,443034.2231819321,328145.83183193475,750000.0,1000000.0,250000.0,78145.83183193475,SAIL
1,"Richards Bay, South Africa","Navlakhi, India",Supramax,coal,bear,51893.75,19.35,14.86075018694673,443034.2231819321,328145.83183193475,1000000.0,0.0,-1000000.0,1328145.8318319349,SAIL
1,"Richards Bay, South Africa","Navlakhi, India",Supramax,coal,bear,51893.75,19.35,14.86075018694673,443034.2231819321,328145.83183193475,1000000.0,250000.0,-750000.0,1078145.8318319349,SAIL
1,"Richards Bay, South Africa","Navlakhi, India",Supramax,coal,bear,51893.75,19.35,14.86075018694673,443034.2231819321,328145.83183193475,1000000.0,500000.0,-500000.0,828145.8318319347,SAIL
1,"Richards Bay, South Africa","Navlakhi, India",Supramax,coal,bear,51893.75,19.35,14.86075018694673,443034.2231819321,328145.83183193475,1000000.0,1000000.0,0.0,328145.83183193475,SAIL
1,"Richards Bay, South Africa","Navlakhi, India",Supramax,coal,bear,51893.75,19.35,14.86075018694673,443034.2231819321,328145.83183193475,1500000.0,0.0,-1500000.0,1828145.8318319349,SAIL
1,"Richards Bay, South Africa","Navlakhi, India",Supramax,coal,bear,51893.75,19.35,14.86075018694673,443034.2231819321,328145.83183193475,1500000.0,250000.0,-1250000.0,1578145.8318319349,SAIL
1,"Richards Bay, South Africa","Navlakhi, India",Supramax,coal,bear,51893.75,19.35,14.86075018694673,443034.2231819321,328145.83183193475,1500000.0,500000.0,-1000000.0,1328145.8318319349,SAIL
1,"Richards Bay, South Africa","Navlakhi, India",Supramax,coal,bear,51893.75,19.35,14.86075018694673,443034.2231819321,328145.83183193475,1500000.0,1000000.0,-500000.0,828145.8318319347,SAIL
1,"Richards Bay, South Africa","Navlakhi, India",Supramax,coal,bear,51893.75,19.35,14.86075018694673,443034.2231819321,328145.83183193475,2000000.0,0.0,-2000000.0,2328145.831831935,SAIL
1,"Richards Bay, South Africa","Navlakhi, India",Supramax,coal,bear,51893.75,19.35,14.86075018694673,443034.2231819321,328145.83183193475,2000000.0,250000.0,-1750000.0,2078145.8318319349,SAIL
1,"Richards Bay, South Africa","Navlakhi, India",Supramax,coal,bear,51893.75,19.35,14.86075018694673,443034.2231819321,328145.83183193475,2000000.0,500000.0,-1500000.0,1828145.8318319349,SAIL
1,"Richards Bay, South Africa","Navlakhi, India",Supramax,coal,bear,51893.75,19.35,14.86075018694673,443034.2231819321,328145.83183193475,2000000.0,1000000.0,-1000000.0,1328145.8318319349,SAIL
1,"Richards Bay, South Africa","Navlakhi, India",Supramax,coal,base,51893.75,19.35,19.35,443034.2231819321,561109.839318068,0.0,0.0,0.0,561109.839318068,SAIL
1,"Richards Bay, South Africa","Navlakhi, India",Supramax,coal,base,51893.75,19.35,19.35,443034.2231819321,561109.839318068,0.0,250000.0,250000.0,311109.839318068,SAIL
1,"Richards Bay, South Africa","Navlakhi, India",Supramax,coal,base,51893.75,19.35,19.35,443034.2231819321,561109.839318068,0.0,500000.0,500000.0,61109.839318068,SAIL
1,"Richards Bay, South Africa","Navlakhi, India",Supramax,coal,base,51893.75,19.35,19.35,443034.2231819321,561109.839318068,0.0,1000000.0,1000000.0,-438890.160681932,KILL
1,"Richards Bay, South Africa","Navlakhi, India",Supramax,coal,base,51893.75,19.35,19.35,443034.2231819321,561109.839318068,50000.0,0.0,-50000.0,611109.839318068,SAIL
1,"Richards Bay, South Africa","Navlakhi, India",Supramax,coal,base,51893.75,19.35,19.35,443034.2231819321,561109.839318068,50000.0,250000.0,200000.0,361109.839318068,SAIL
1,"Richards Bay, South Africa","Navlakhi, India",Supramax,coal,base,51893.75,19.35,19.35,443034.2231819321,561109.839318068,50000.0,500000.0,450000.0,111109.839318068,SAIL
1,"Richards Bay, South Africa","Navlakhi, India",Supramax,coal,base,51893.75,19.35,19.35,443034.2231819321,561109.839318068,50000.0,1000000.0,950000.0,-388890.160681932,KILL
1,"Richards Bay, South Africa","Navlakhi, India",Supramax,coal,base,51893.75,19.35,19.35,443034.2231819321,561109.839318068,100000.0,0.0,-100000.0,661109.839318068,SAIL
1,"Richards Bay, South Africa","Navlakhi, India",Supramax,coal,base,51893.75,19.35,19.35,443034.2231819321,561109.839318068,100000.0,250000.0,150000.0,411109.839318068,SAIL
1,"Richards Bay, South Africa","Navlakhi, India",Supramax,coal,base,51893.75,19.35,19.35,443034.2231819321,561109.839318068,100000.0,500000.0,400000.0,161109.839318068,SAIL
1,"Richards Bay, South Africa","Navlakhi, India",Supramax,coal,base,51893.75,19.35,19.35,443034.2231819321,561109.839318068,100000.0,1000000.0,900000.0,-338890.160681932,KILL
1,"Richards Bay, South Africa","Navlakhi, India",Supramax,coal,base,51893.75,19.35,19.35,443034.2231819321,561109.839318068,250000.0,0.0,-250000.0,811109.839318068,SAIL
1,"Richards Bay, South Africa","Navlakhi, India",Supramax,coal,base,51893.75,19.35,19.35,443034.2231819321,561109.839318068,250000.0,250000.0,0.0,561109.839318068,SAIL
1,"Richards Bay, South Africa","Navlakhi, India",Supramax,coal,base,51893.75,19.35,19.35,443034.2231819321,561109.839318068,250000.0,500000.0,250000.0,311109.839318068,SAIL
1,"Richards Bay, South Africa","Navlakhi, India",Supramax,coal,base,51893.75,19.35,19.35,443034.2231819321,561109.839318068,250000.0,1000000.0,750000.0,-188890.160681932,KILL
1,"Richards Bay, South Africa","Navlakhi, India",Supramax,coal,base,51893.75,19.35,19.35,443034.2231819321,561109.839318068,500000.0,0.0,-500000.0,1061109.839318068,SAIL
1,"Richards Bay, South Africa","Navlakhi, India",Supramax,coal,base,51893.75,19.35,19.35,443034.2231819321,561109.839318068,500000.0,250000.0,-250000.0,811109.839318068,SAIL
1,"Richards Bay, South Africa","Navlakhi, India",Supramax,coal,base,51893.75,19.35,19.35,443034.2231819321,561109.839318068,500000.0,500000.0,0.0,561109.839318068,SAIL
1,"Richards Bay, South Africa","Navlakhi, India",Supramax,coal,base,51893.75,19.35,19.35,443034.2231819321,561109.839318068,500000.0,1000000.0,500000.0,61109.839318068,SAIL
1,"Richards Bay, South Africa","Navlakhi, India",Supramax,coal,base,51893.75,19.35,19.35,443034.2231819321,561109.839318068,750000.0,0.0,-750000.0,1311109.839318068,SAIL
1,"Richards Bay, South Africa","Navlakhi, India",Supramax,coal,base,51893.75,19.35,19.35,443034.2231819321,561109.839318068,750000.0,250000.0,-500000.0,1061109.839318068,SAIL
1,"Richards Bay, South Africa","Navlakhi, India",Supramax,coal,base,51893.75,19.35,19.35,443034.2231819321,561109.839318068,750000.0,500000.0,-250000.0,811109.839318068,SAIL
1,"Richards Bay, South Africa","Navlakhi, India",Supramax,coal,base,51893.75,19.35,19.35,443034.2231819321,561109.839318068,750000.0,1000000.0,250000.0,311109.839318068,SAIL
1,"Richards Bay, South Africa","Navlakhi, India",Supramax,coal,base,51893.75,19.35,19.35,443034.2231819321,561109.839318068,1000000.0,0.0,-1000000.0,1561109.839318068,SAIL
1,"Richards Bay, South Africa","Navlakhi, India",Supramax,coal,base,51893.75,19.35,19.35,443034.2231819321,561109.839318068,1000000.0,250000.0,-750000.0,1311109.839318068,SAIL
1,"Richards Bay, South Africa","Navlakhi, India",Supramax,coal,base,51893.75,19.35,19.35,443034.2231819321,561109.839318068,1000000.0,500000.0,-500000.0,1061109.839318068,SAIL
1,"Richards Bay, South Africa","Navlakhi, India",Supramax,coal,base,51893.75,19.35,19.35,443034.2231819321,561109.839318068,1000000.0,1000000.0,0.0,561109.839318068,SAIL
1,"Richards Bay, South Africa","Navlakhi, India",Supramax,coal,base,51893.75,19.35,19.35,443034.2231819321,561109.839318068,1500000.0,0.0,-1500000.0,2061109.839318068,SAIL
1,"Richards Bay, South Africa","Navlakhi, India",Supramax,coal,base,51893.75,19.35,19.35,443034.2231819321,561109.839318068,1500000.0,250000.0,-1250000.0,1811109.839318068,SAIL
1,"Richards Bay, South Africa","Navlakhi, India",Supramax,coal,base,51893.75,19.35,19.35,443034.2231819321,561109.839318068,1500000.0,500000.0,-1000000.0,1561109.839318068,SAIL
1,"Richards Bay, South Africa","Navlakhi, India",Supramax,coal,base,51893.75,19.35,19.35,443034.2231819321,561109.839318068,1500000.0,1000000.0,-500000.0,1061109.839318068,SAIL
1,"Richards Bay, South Africa","Navlakhi, India",Supramax,coal,base,51893.75,19.35,19.35,443034.2231819321,561109.839318068,2000000.0,0.0,-2000000.0,2561109.8393180678,SAIL
1,"Richards Bay, South Africa","Navlakhi, India",Supramax,coal,base,51893.75,19.35,19.35,443034.2231819321,561109.839318068,2000000.0,250000.0,-1750000.0,2311109.8393180678,SAIL
1,"Richards Bay, South Africa","Navlakhi, India",Supramax,coal,base,51893.75,19.35,19.35,443034.2231819321,561109.839318068,2000000.0,500000.0,-1500000.0,2061109.839318068,SAIL
1,"Richards Bay, South Africa","Navlakhi, India",Supramax,coal,base,51893.75,19.35,19.35,443034.2231819321,561109.839318068,2000000.0,1000000.0,-1000000.0,1561109.839318068,SAIL
1,"Richards Bay, South Africa","Navlakhi, India",Supramax,coal,bull,51893.75,19.35,27.668364494104186,443034.2231819321,992780.966783987,0.0,0.0,0.0,992780.966783987,SAIL
1,"Richards Bay, South Africa","Navlakhi, India",Supramax,coal,bull,51893.75,19.35,27.668364494104186,443034.2231819321,992780.966783987,0.0,250000.0,250000.0,742780.966783987,SAIL
1,"Richards Bay, South Africa","Navlakhi, India",Supramax,coal,bull,51893.75,19.35,27.668364494104186,443034.2231819321,992780.966783987,0.0,500000.0,500000.0,492780.966783987,SAIL
1,"Richards Bay, South Africa","Navlakhi, India",Supramax,coal,bull,51893.75,19.35,27.668364494104186,443034.2231819321,992780.966783987,0.0,1000000.0,1000000.0,-7219.033216012991,KILL
1,"Richards Bay, South Africa","Navlakhi, India",Supramax,coal,bull,51893.75,19.35,27.668364494104186,443034.2231819321,992780.966783987,50000.0,0.0,-50000.0,1042780.966783987,SAIL
1,"Richards Bay, South Africa","Navlakhi, India",Supramax,coal,bull,51893.75,19.35,27.668364494104186,443034.2231819321,992780.966783987,50000.0,250000.0,200000.0,792780.966783987,SAIL
1,"Richards Bay, South Africa","Navlakhi, India",Supramax,coal,bull,51893.75,19.35,27.668364494104186,443034.2231819321,992780.966783987,50000.0,500000.0,450000.0,542780.966783987,SAIL
1,"Richards Bay, South Africa","Navlakhi, India",Supramax,coal,bull,51893.75,19.35,27.668364494104186,443034.2231819321,992780.966783987,50000.0,1000000.0,950000.0,42780.96678398701,SAIL
1,"Richards Bay, South Africa","Navlakhi, India",Supramax,coal,bull,51893.75,19.35,27.668364494104186,443034.2231819321,992780.966783987,100000.0,0.0,-100000.0,1092780.966783987,SAIL
1,"Richards Bay, South Africa","Navlakhi, India",Supramax,coal,bull,51893.75,19.35,27.668364494104186,443034.2231819321,992780.966783987,100000.0,250000.0,150000.0,842780.966783987,SAIL
1,"Richards Bay, South Africa","Navlakhi, India",Supramax,coal,bull,51893.75,19.35,27.668364494104186,443034.2231819321,992780.966783987,100000.0,500000.0,400000.0,592780.966783987,SAIL
1,"Richards Bay, South Africa","Navlakhi, India",Supramax,coal,bull,51893.75,19.35,27.668364494104186,443034.2231819321,992780.966783987,100000.0,1000000.0,900000.0,92780.96678398701,SAIL
1,"Richards Bay, South Africa","Navlakhi, India",Supramax,coal,bull,51893.75,19.35,27.668364494104186,443034.2231819321,992780.966783987,250000.0,0.0,-250000.0,1242780.966783987,SAIL
1,"Richards Bay, South Africa","Navlakhi, India",Supramax,coal,bull,51893.75,19.35,27.668364494104186,443034.2231819321,992780.966783987,250000.0,250000.0,0.0,992780.966783987,SAIL
1,"Richards Bay, South Africa","Navlakhi, India",Supramax,coal,bull,51893.75,19.35,27.668364494104186,443034.2231819321,992780.966783987,250000.0,500000.0,250000.0,742780.966783987,SAIL
1,"Richards Bay, South Africa","Navlakhi, India",Supramax,coal,bull,51893.75,19.35,27.668364494104186,443034.2231819321,992780.966783987,250000.0,1000000.0,750000.0,242780.966783987,SAIL
1,"Richards Bay, South Africa","Navlakhi, India",Supramax,coal,bull,51893.75,19.35,27.668364494104186,443034.2231819321,992780.966783987,500000.0,0.0,-500000.0,1492780.966783987,SAIL
1,"Richards Bay, South Africa","Navlakhi, India",Supramax,coal,bull,51893.75,19.35,27.668364494104186,443034.2231819321,992780.966783987,500000.0,250000.0,-250000.0,1242780.966783987,SAIL
1,"Richards Bay, South Africa","Navlakhi, India",Supramax,coal,bull,51893.75,19.35,27.668364494104186,443034.2231819321,992780.966783987,500000.0,500000.0,0.0,992780.966783987,SAIL
1,"Richards Bay, South Africa","Navlakhi, India",Supramax,coal,bull,51893.75,19.35,27.668364494104186,443034.2231819321,992780.966783987,500000.0,1000000.0,500000.0,492780.966783987,SAIL
1,"Richards Bay, South Africa","Navlakhi, India",Supramax,coal,bull,51893.75,19.35,27.668364494104186,443034.2231819321,992780.966783987,750000.0,0.0,-750000.0,1742780.966783987,SAIL
1,"Richards Bay, South Africa","Navlakhi, India",Supramax,coal,bull,51893.75,19.35,27.668364494104186,443034.2231819321,992780.966783987,750000.0,250000.0,-500000.0,1492780.966783987,SAIL
1,"Richards Bay, South Africa","Navlakhi, India",Supramax,coal,bull,51893.75,19.35,27.668364494104186,443034.2231819321,992780.966783987,750000.0,500000.0,-250000.0,1242780.966783987,SAIL
1,"Richards Bay, South Africa","Navlakhi, India",Supramax,coal,bull,51893.75,19.35,27.668364494104186,443034.2231819321,992780.966783987,750000.0,1000000.0,250000.0,742780.966783987,SAIL
1,"Richards Bay, South Africa","Navlakhi, India",Supramax,coal,bull,51893.75,19.35,27.668364494104186,443034.2231819321,992780.966783987,1000000.0,0.0,-1000000.0,1992780.966783987,SAIL
1,"Richards Bay, South Africa","Navlakhi, India",Supramax,coal,bull,51893.75,19.35,27.668364494104186,443034.2231819321,992780.966783987,1000000.0,250000.0,-750000.0,1742780.966783987,SAIL
1,"Richards Bay, South Africa","Navlakhi, India",Supramax,coal,bull,51893.75,19.35,27.668364494104186,443034.2231819321,992780.966783987,1000000.0,500000.0,-500000.0,1492780.966783987,SAIL
1,"Richards Bay, South Africa","Navlakhi, India",Supramax,coal,bull,51893.75,19.35,27.668364494104186,443034.2231819321,992780.966783987,1000000.0,1000000.0,0.0,992780.966783987,SAIL
1,"Richards Bay, South Africa","Navlakhi, India",Supramax,coal,bull,51893.75,19.35,27.668364494104186,443034.2231819321,992780.966783987,1500000.0,0.0,-1500000.0,2492780.966783987,SAIL
1,"Richards Bay, South Africa","Navlakhi, India",Supramax,coal,bull,51893.75,19.35,27.668364494104186,443034.2231819321,992780.966783987,1500000.0,250000.0,-1250000.0,2242780.966783987,SAIL
1,"Richards Bay, South Africa","Navlakhi, India",Supramax,coal,bull,51893.75,19.35,27.668364494104186,443034.2231819321,992780.966783987,1500000.0,500000.0,-1000000.0,1992780.966783987,SAIL
1,"Richards Bay, South Africa","Navlakhi, India",Supramax,coal,bull,51893.75,19.35,27.668364494104186,443034.2231819321,992780.966783987,1500000.0,1000000.0,-500000.0,1492780.966783987,SAIL
1,"Richards Bay, South Africa","Navlakhi, India",Supramax,coal,bull,51893.75,19.35,27.668364494104186,443034.2231819321,992780.966783987,2000000.0,0.0,-2000000.0,2992780.966783987,SAIL
1,"Richards Bay, South Africa","Navlakhi, India",Supramax,coal,bull,51893.75,19.35,27.668364494104186,443034.2231819321,992780.966783987,2000000.0,250000.0,-1750000.0,2742780.966783987,SAIL
1,"Richards Bay, South Africa","Navlakhi, India",Supramax,coal,bull,51893.75,19.35,27.668364494104186,443034.2231819321,992780.966783987,2000000.0,500000.0,-1500000.0,2492780.966783987,SAIL
1,"Richards Bay, South Africa","Navlakhi, India",Supramax,coal,bull,51893.75,19.35,27.668364494104186,443034.2231819321,992780.966783987,2000000.0,1000000.0,-1000000.0,1992780.966783987,SAIL
2,"Hay Point, Australia","Paradip, India",Panamax,coking coal,bear,69943.75,13.8,10.59836447441162,539078.7679535353,202210.58725359244,0.0,0.0,0.0,202210.58725359244,SAIL
2,"Hay Point, Australia","Paradip, India",Panamax,coking coal,bear,69943.75,13.8,10.59836447441162,539078.7679535353,202210.58725359244,0.0,250000.0,250000.0,-47789.41274640756,KILL
2,"Hay Point, Australia","Paradip, India",Panamax,coking coal,bear,69943.75,13.8,10.59836447441162,539078.7679535353,202210.58725359244,0.0,500000.0,500000.0,-297789.41274640756,KILL
2,"Hay Point, Australia","Paradip, India",Panamax,coking coal,bear,69943.75,13.8,10.59836447441162,539078.7679535353,202210.58725359244,0.0,1000000.0,1000000.0,-797789.4127464076,KILL
2,"Hay Point, Australia","Paradip, India",Panamax,coking coal,bear,69943.75,13.8,10.59836447441162,539078.7679535353,202210.58725359244,50000.0,0.0,-50000.0,252210.58725359244,SAIL
2,"Hay Point, Australia","Paradip, India",Panamax,coking coal,bear,69943.75,13.8,10.59836447441162,539078.7679535353,202210.58725359244,50000.0,250000.0,200000.0,2210.5872535924427,SAIL
2,"Hay Point, Australia","Paradip, India",Panamax,coking coal,bear,69943.75,13.8,10.59836447441162,539078.7679535353,202210.58725359244,50000.0,500000.0,450000.0,-247789.41274640756,KILL
2,"Hay Point, Australia","Paradip, India",Panamax,coking coal,bear,69943.75,13.8,10.59836447441162,539078.7679535353,202210.58725359244,50000.0,1000000.0,950000.0,-747789.4127464076,KILL
2,"Hay Point, Australia","Paradip, India",Panamax,coking coal,bear,69943.75,13.8,10.59836447441162,539078.7679535353,202210.58725359244,100000.0,0.0,-100000.0,302210.58725359244,SAIL
2,"Hay Point, Australia","Paradip, India",Panamax,coking coal,bear,69943.75,13.8,10.59836447441162,539078.7679535353,202210.58725359244,100000.0,250000.0,150000.0,52210.58725359244,SAIL
2,"Hay Point, Australia","Paradip, India",Panamax,coking coal,bear,69943.75,13.8,10.59836447441162,539078.7679535353,202210.58725359244,100000.0,500000.0,400000.0,-197789.41274640756,KILL
2,"Hay Point, Australia","Paradip, India",Panamax,coking coal,bear,69943.75,13.8,10.59836447441162,539078.7679535353,202210.58725359244,100000.0,1000000.0,900000.0,-697789.4127464076,KILL
2,"Hay Point, Australia","Paradip, India",Panamax,coking coal,bear,69943.75,13.8,10.59836447441162,539078.7679535353,202210.58725359244,250000.0,0.0,-250000.0,452210.58725359244,SAIL
2,"Hay Point, Australia","Paradip, India",Panamax,coking coal,bear,69943.75,13.8,10.59836447441162,539078.7679535353,202210.58725359244,250000.0,250000.0,0.0,202210.58725359244,SAIL
2,"Hay Point, Australia","Paradip, India",Panamax,coking coal,bear,69943.75,13.8,10.59836447441162,539078.7679535353,202210.58725359244,250000.0,500000.0,250000.0,-47789.41274640756,KILL
2,"Hay Point, Australia","Paradip, India",Panamax,coking coal,bear,69943.75,13.8,10.59836447441162,539078.7679535353,202210.58725359244,250000.0,1000000.0,750000.0,-547789.4127464076,KILL
2,"Hay Point, Australia","Paradip, India",Panamax,coking coal,bear,69943.75,13.8,10.59836447441162,539078.7679535353,202210.58725359244,500000.0,0.0,-500000.0,702210.5872535924,SAIL
2,"Hay Point, Australia","Paradip, India",Panamax,coking coal,bear,69943.75,13.8,10.59836447441162,539078.7679535353,202210.58725359244,500000.0,250000.0,-250000.0,452210.58725359244,SAIL
2,"Hay Point, Australia","Paradip, India",Panamax,coking coal,bear,69943.75,13.8,10.59836447441162,539078.7679535353,202210.58725359244,500000.0,500000.0,0.0,202210.58725359244,SAIL
2,"Hay Point, Australia","Paradip, India",Panamax,coking coal,bear,69943.75,13.8,10.59836447441162,539078.7679535353,202210.58725359244,500000.0,1000000.0,500000.0,-297789.41274640756,KILL
2,"Hay Point, Australia","Paradip, India",Panamax,coking coal,bear,69943.75,13.8,10.59836447441162,539078.7679535353,202210.58725359244,750000.0,0.0,-750000.0,952210.5872535924,SAIL
2,"Hay Point, Australia","Paradip, India",Panamax,coking coal,bear,69943.75,13.8,10.59836447441162,539078.7679535353,202210.58725359244,750000.0,250000.0,-500000.0,702210.5872535924,SAIL
2,"Hay Point, Australia","Paradip, India",Panamax,coking coal,bear,69943.75,13.8,10.59836447441162,539078.7679535353,202210.58725359244,750000.0,500000.0,-250000.0,452210.58725359244,SAIL
2,"Hay Point, Australia","Paradip, India",Panamax,coking coal,bear,69943.75,13.8,10.59836447441162,539078.7679535353,202210.58725359244,750000.0,1000000.0,250000.0,-47789.41274640756,KILL
2,"Hay Point, Australia","Paradip, India",Panamax,coking coal,bear,69943.75,13.8,10.59836447441162,539078.7679535353,202210.58725359244,1000000.0,0.0,-1000000.0,1202210.5872535924,SAIL
2,"Hay Point, Australia","Paradip, India",Panamax,coking coal,bear,69943.75,13.8,10.59836447441162,539078.7679535353,202210.58725359244,1000000.0,250000.0,-750000.0,952210.5872535924,SAIL
2,"Hay Point, Australia","Paradip, India",Panamax,coking coal,bear,69943.75,13.8,10.59836447441162,539078.7679535353,202210.58725359244,1000000.0,500000.0,-500000.0,702210.5872535924,SAIL
2,"Hay Point, Australia","Paradip, India",Panamax,coking coal,bear,69943.75,13.8,10.59836447441162,539078.7679535353,202210.58725359244,1000000.0,1000000.0,0.0,202210.58725359244,SAIL
2,"Hay Point, Australia","Paradip, India",Panamax,coking coal,bear,69943.75,13.8,10.59836447441162,539078.7679535353,202210.58725359244,1500000.0,0.0,-1500000.0,1702210.5872535924,SAIL
2,"Hay Point, Australia","Paradip, India",Panamax,coking coal,bear,69943.75,13.8,10.59836447441162,539078.7679535353,202210.58725359244,1500000.0,250000.0,-1250000.0,1452210.5872535924,SAIL
2,"Hay Point, Australia","Paradip, India",Panamax,coking coal,bear,69943.75,13.8,10.59836447441162,539078.7679535353,202210.58725359244,1500000.0,500000.0,-1000000.0,1202210.5872535924,SAIL
2,"Hay Point, Australia","Paradip, India",Panamax,coking coal,bear,69943.75,13.8,10.59836447441162,539078.7679535353,202210.58725359244,1500000.0,1000000.0,-500000.0,702210.5872535924,SAIL
2,"Hay Point, Australia","Paradip, India",Panamax,coking coal,bear,69943.75,13.8,10.59836447441162,539078.7679535353,202210.58725359244,2000000.0,0.0,-2000000.0,2202210.5872535924,SAIL
2,"Hay Point, Australia","Paradip, India",Panamax,coking coal,bear,69943.75,13.8,10.59836447441162,539078.7679535353,202210.58725359244,2000000.0,250000.0,-1750000.0,1952210.5872535924,SAIL
2,"Hay Point, Australia","Paradip, India",Panamax,coking coal,bear,69943.75,13.8,10.59836447441162,539078.7679535353,202210.58725359244,2000000.0,500000.0,-1500000.0,1702210.5872535924,SAIL
2,"Hay Point, Australia","Paradip, India",Panamax,coking coal,bear,69943.75,13.8,10.59836447441162,539078.7679535353,202210.58725359244,2000000.0,1000000.0,-1000000.0,1202210.5872535924,SAIL
2,"Hay Point, Australia","Paradip, India",Panamax,coking coal,base,69943.75,13.8,13.8,539078.7679535353,426144.9820464647,0.0,0.0,0.0,426144.9820464647,SAIL
2,"Hay Point, Australia","Paradip, India",Panamax,coking coal,base,69943.75,13.8,13.8,539078.7679535353,426144.9820464647,0.0,250000.0,250000.0,176144.9820464647,SAIL
2,"Hay Point, Australia","Paradip, India",Panamax,coking coal,base,69943.75,13.8,13.8,539078.7679535353,426144.9820464647,0.0,500000.0,500000.0,-73855.01795353531,KILL
2,"Hay Point, Australia","Paradip, India",Panamax,coking coal,base,69943.75,13.8,13.8,539078.7679535353,426144.9820464647,0.0,1000000.0,1000000.0,-573855.0179535353,KILL
2,"Hay Point, Australia","Paradip, India",Panamax,coking coal,base,69943.75,13.8,13.8,539078.7679535353,426144.9820464647,50000.0,0.0,-50000.0,476144.9820464647,SAIL
2,"Hay Point, Australia","Paradip, India",Panamax,coking coal,base,69943.75,13.8,13.8,539078.7679535353,426144.9820464647,50000.0,250000.0,200000.0,226144.9820464647,SAIL
2,"Hay Point, Australia","Paradip, India",Panamax,coking coal,base,69943.75,13.8,13.8,539078.7679535353,426144.9820464647,50000.0,500000.0,450000.0,-23855.01795353531,KILL
2,"Hay Point, Australia","Paradip, India",Panamax,coking coal,base,69943.75,13.8,13.8,539078.7679535353,426144.9820464647,50000.0,1000000.0,950000.0,-523855.0179535353,KILL
2,"Hay Point, Australia","Paradip, India",Panamax,coking coal,base,69943.75,13.8,13.8,539078.7679535353,426144.9820464647,100000.0,0.0,-100000.0,526144.9820464647,SAIL
2,"Hay Point, Australia","Paradip, India",Panamax,coking coal,base,69943.75,13.8,13.8,539078.7679535353,426144.9820464647,100000.0,250000.0,150000.0,276144.9820464647,SAIL
2,"Hay Point, Australia","Paradip, India",Panamax,coking coal,base,69943.75,13.8,13.8,539078.7679535353,426144.9820464647,100000.0,500000.0,400000.0,26144.98204646469,SAIL
2,"Hay Point, Australia","Paradip, India",Panamax,coking coal,base,69943.75,13.8,13.8,539078.7679535353,426144.9820464647,100000.0,1000000.0,900000.0,-473855.0179535353,KILL
2,"Hay Point, Australia","Paradip, India",Panamax,coking coal,base,69943.75,13.8,13.8,539078.7679535353,426144.9820464647,250000.0,0.0,-250000.0,676144.9820464647,SAIL
2,"Hay Point, Australia","Paradip, India",Panamax,coking coal,base,69943.75,13.8,13.8,539078.7679535353,426144.9820464647,250000.0,250000.0,0.0,426144.9820464647,SAIL
2,"Hay Point, Australia","Paradip, India",Panamax,coking coal,base,69943.75,13.8,13.8,539078.7679535353,426144.9820464647,250000.0,500000.0,250000.0,176144.9820464647,SAIL
2,"Hay Point, Australia","Paradip, India",Panamax,coking coal,base,69943.75,13.8,13.8,539078.7679535353,426144.9820464647,250000.0,1000000.0,750000.0,-323855.0179535353,KILL
2,"Hay Point, Australia","Paradip, India",Panamax,coking coal,base,69943.75,13.8,13.8,539078.7679535353,426144.9820464647,500000.0,0.0,-500000.0,926144.9820464647,SAIL
2,"Hay Point, Australia","Paradip, India",Panamax,coking coal,base,69943.75,13.8,13.8,539078.7679535353,426144.9820464647,500000.0,250000.0,-250000.0,676144.9820464647,SAIL
2,"Hay Point, Australia","Paradip, India",Panamax,coking coal,base,69943.75,13.8,13.8,539078.7679535353,426144.9820464647,500000.0,500000.0,0.0,426144.9820464647,SAIL
2,"Hay Point, Australia","Paradip, India",Panamax,coking coal,base,69943.75,13.8,13.8,539078.7679535353,426144.9820464647,500000.0,1000000.0,500000.0,-73855.01795353531,KILL
2,"Hay Point, Australia","Paradip, India",Panamax,coking coal,base,69943.75,13.8,13.8,539078.7679535353,426144.9820464647,750000.0,0.0,-750000.0,1176144.9820464647,SAIL
2,"Hay Point, Australia","Paradip, India",Panamax,coking coal,base,69943.75,13.8,13.8,539078.7679535353,426144.9820464647,750000.0,250000.0,-500000.0,926144.9820464647,SAIL
2,"Hay Point, Australia","Paradip, India",Panamax,coking coal,base,69943.75,13.8,13.8,539078.7679535353,426144.9820464647,750000.0,500000.0,-250000.0,676144.9820464647,SAIL
2,"Hay Point, Australia","Paradip, India",Panamax,coking coal,base,69943.75,13.8,13.8,539078.7679535353,426144.9820464647,750000.0,1000000.0,250000.0,176144.9820464647,SAIL
2,"Hay Point, Australia","Paradip, India",Panamax,coking coal,base,69943.75,13.8,13.8,539078.7679535353,426144.9820464647,1000000.0,0.0,-1000000.0,1426144.9820464647,SAIL
2,"Hay Point, Australia","Paradip, India",Panamax,coking coal,base,69943.75,13.8,13.8,539078.7679535353,426144.9820464647,1000000.0,250000.0,-750000.0,1176144.9820464647,SAIL
2,"Hay Point, Australia","Paradip, India",Panamax,coking coal,base,69943.75,13.8,13.8,539078.7679535353,426144.9820464647,1000000.0,500000.0,-500000.0,926144.9820464647,SAIL
2,"Hay Point, Australia","Paradip, India",Panamax,coking coal,base,69943.75,13.8,13.8,539078.7679535353,426144.9820464647,1000000.0,1000000.0,0.0,426144.9820464647,SAIL
2,"Hay Point, Australia","Paradip, India",Panamax,coking coal,base,69943.75,13.8,13.8,539078.7679535353,426144.9820464647,1500000.0,0.0,-1500000.0,1926144.9820464647,SAIL
2,"Hay Point, Australia","Paradip, India",Panamax,coking coal,base,69943.75,13.8,13.8,539078.7679535353,426144.9820464647,1500000.0,250000.0,-1250000.0,1676144.9820464647,SAIL
2,"Hay Point, Australia","Paradip, India",Panamax,coking coal,base,69943.75,13.8,13.8,539078.7679535353,426144.9820464647,1500000.0,500000.0,-1000000.0,1426144.9820464647,SAIL
2,"Hay Point, Australia","Paradip, India",Panamax,coking coal,base,69943.75,13.8,13.8,539078.7679535353,426144.9820464647,1500000.0,1000000.0,-500000.0,926144.9820464647,SAIL
2,"Hay Point, Australia","Paradip, India",Panamax,coking coal,base,69943.75,13.8,13.8,539078.7679535353,426144.9820464647,2000000.0,0.0,-2000000.0,2426144.9820464645,SAIL
2,"Hay Point, Australia","Paradip, India",Panamax,coking coal,base,69943.75,13.8,13.8,539078.7679535353,426144.9820464647,2000000.0,250000.0,-1750000.0,2176144.9820464645,SAIL
2,"Hay Point, Australia","Paradip, India",Panamax,coking coal,base,69943.75,13.8,13.8,539078.7679535353,426144.9820464647,2000000.0,500000.0,-1500000.0,1926144.9820464647,SAIL
2,"Hay Point, Australia","Paradip, India",Panamax,coking coal,base,69943.75,13.8,13.8,539078.7679535353,426144.9820464647,2000000.0,1000000.0,-1000000.0,1426144.9820464647,SAIL
2,"Hay Point, Australia","Paradip, India",Panamax,coking coal,bull,69943.75,13.8,19.73247700354717,539078.7679535353,841084.6704633171,0.0,0.0,0.0,841084.6704633171,SAIL
2,"Hay Point, Australia","Paradip, India",Panamax,coking coal,bull,69943.75,13.8,19.73247700354717,539078.7679535353,841084.6704633171,0.0,250000.0,250000.0,591084.6704633171,SAIL
2,"Hay Point, Australia","Paradip, India",Panamax,coking coal,bull,69943.75,13.8,19.73247700354717,539078.7679535353,841084.6704633171,0.0,500000.0,500000.0,341084.6704633171,SAIL
2,"Hay Point, Australia","Paradip, India",Panamax,coking coal,bull,69943.75,13.8,19.73247700354717,539078.7679535353,841084.6704633171,0.0,1000000.0,1000000.0,-158915.32953668293,KILL
2,"Hay Point, Australia","Paradip, India",Panamax,coking coal,bull,69943.75,13.8,19.73247700354717,539078.7679535353,841084.6704633171,50000.0,0.0,-50000.0,891084.6704633171,SAIL
2,"Hay Point, Australia","Paradip, India",Panamax,coking coal,bull,69943.75,13.8,19.73247700354717,539078.7679535353,841084.6704633171,50000.0,250000.0,200000.0,641084.6704633171,SAIL
2,"Hay Point, Australia","Paradip, India",Panamax,coking coal,bull,69943.75,13.8,19.73247700354717,539078.7679535353,841084.6704633171,50000.0,500000.0,450000.0,391084.6704633171,SAIL
2,"Hay Point, Australia","Paradip, India",Panamax,coking coal,bull,69943.75,13.8,19.73247700354717,539078.7679535353,841084.6704633171,50000.0,1000000.0,950000.0,-108915.32953668293,KILL
2,"Hay Point, Australia","Paradip, India",Panamax,coking coal,bull,69943.75,13.8,19.73247700354717,539078.7679535353,841084.6704633171,100000.0,0.0,-100000.0,941084.6704633171,SAIL
2,"Hay Point, Australia","Paradip, India",Panamax,coking coal,bull,69943.75,13.8,19.73247700354717,539078.7679535353,841084.6704633171,100000.0,250000.0,150000.0,691084.6704633171,SAIL
2,"Hay Point, Australia","Paradip, India",Panamax,coking coal,bull,69943.75,13.8,19.73247700354717,539078.7679535353,841084.6704633171,100000.0,500000.0,400000.0,441084.6704633171,SAIL
2,"Hay Point, Australia","Paradip, India",Panamax,coking coal,bull,69943.75,13.8,19.73247700354717,539078.7679535353,841084.6704633171,100000.0,1000000.0,900000.0,-58915.329536682926,KILL
2,"Hay Point, Australia","Paradip, India",Panamax,coking coal,bull,69943.75,13.8,19.73247700354717,539078.7679535353,841084.6704633171,250000.0,0.0,-250000.0,1091084.670463317,SAIL
2,"Hay Point, Australia","Paradip, India",Panamax,coking coal,bull,69943.75,13.8,19.73247700354717,539078.7679535353,841084.6704633171,250000.0,250000.0,0.0,841084.6704633171,SAIL
2,"Hay Point, Australia","Paradip, India",Panamax,coking coal,bull,69943.75,13.8,19.73247700354717,539078.7679535353,841084.6704633171,250000.0,500000.0,250000.0,591084.6704633171,SAIL
2,"Hay Point, Australia","Paradip, India",Panamax,coking coal,bull,69943.75,13.8,19.73247700354717,539078.7679535353,841084.6704633171,250000.0,1000000.0,750000.0,91084.67046331707,SAIL
2,"Hay Point, Australia","Paradip, India",Panamax,coking coal,bull,69943.75,13.8,19.73247700354717,539078.7679535353,841084.6704633171,500000.0,0.0,-500000.0,1341084.670463317,SAIL
2,"Hay Point, Australia","Paradip, India",Panamax,coking coal,bull,69943.75,13.8,19.73247700354717,539078.7679535353,841084.6704633171,500000.0,250000.0,-250000.0,1091084.670463317,SAIL
2,"Hay Point, Australia","Paradip, India",Panamax,coking coal,bull,69943.75,13.8,19.73247700354717,539078.7679535353,841084.6704633171,500000.0,500000.0,0.0,841084.6704633171,SAIL
2,"Hay Point, Australia","Paradip, India",Panamax,coking coal,bull,69943.75,13.8,19.73247700354717,539078.7679535353,841084.6704633171,500000.0,1000000.0,500000.0,341084.6704633171,SAIL
2,"Hay Point, Australia","Paradip, India",Panamax,coking coal,bull,69943.75,13.8,19.73247700354717,539078.7679535353,841084.6704633171,750000.0,0.0,-750000.0,1591084.670463317,SAIL
2,"Hay Point, Australia","Paradip, India",Panamax,coking coal,bull,69943.75,13.8,19.73247700354717,539078.7679535353,841084.6704633171,750000.0,250000.0,-500000.0,1341084.670463317,SAIL
2,"Hay Point, Australia","Paradip, India",Panamax,coking coal,bull,69943.75,13.8,19.73247700354717,539078.7679535353,841084.6704633171,750000.0,500000.0,-250000.0,1091084.670463317,SAIL
2,"Hay Point, Australia","Paradip, India",Panamax,coking coal,bull,69943.75,13.8,19.73247700354717,539078.7679535353,841084.6704633171,750000.0,1000000.0,250000.0,591084.6704633171,SAIL
2,"Hay Point, Australia","Paradip, India",Panamax,coking coal,bull,69943.75,13.8,19.73247700354717,539078.7679535353,841084.6704633171,1000000.0,0.0,-1000000.0,1841084.670463317,SAIL
2,"Hay Point, Australia","Paradip, India",Panamax,coking coal,bull,69943.75,13.8,19.73247700354717,539078.7679535353,841084.6704633171,1000000.0,250000.0,-750000.0,1591084.670463317,SAIL
2,"Hay Point, Australia","Paradip, India",Panamax,coking coal,bull,69943.75,13.8,19.73247700354717,539078.7679535353,841084.6704633171,1000000.0,500000.0,-500000.0,1341084.670463317,SAIL
2,"Hay Point, Australia","Paradip, India",Panamax,coking coal,bull,69943.75,13.8,19.73247700354717,539078.7679535353,841084.6704633171,1000000.0,1000000.0,0.0,841084.6704633171,SAIL
2,"Hay Point, Australia","Paradip, India",Panamax,coking coal,bull,69943.75,13.8,19.73247700354717,539078.7679535353,841084.6704633171,1500000.0,0.0,-1500000.0,2341084.670463317,SAIL
2,"Hay Point, Australia","Paradip, India",Panamax,coking coal,bull,69943.75,13.8,19.73247700354717,539078.7679535353,841084.6704633171,1500000.0,250000.0,-1250000.0,2091084.670463317,SAIL
2,"Hay Point, Australia","Paradip, India",Panamax,coking coal,bull,69943.75,13.8,19.73247700354717,539078.7679535353,841084.6704633171,1500000.0,500000.0,-1000000.0,1841084.670463317,SAIL
2,"Hay Point, Australia","Paradip, India",Panamax,coking coal,bull,69943.75,13.8,19.73247700354717,539078.7679535353,841084.6704633171,1500000.0,1000000.0,-500000.0,1341084.670463317,SAIL
2,"Hay Point, Australia","Paradip, India",Panamax,coking coal,bull,69943.75,13.8,19.73247700354717,539078.7679535353,841084.6704633171,2000000.0,0.0,-2000000.0,2841084.670463317,SAIL
2,"Hay Point, Australia","Paradip, India",Panamax,coking coal,bull,69943.75,13.8,19.73247700354717,539078.7679535353,841084.6704633171,2000000.0,250000.0,-1750000.0,2591084.670463317,SAIL
2,"Hay Point, Australia","Paradip, India",Panamax,coking coal,bull,69943.75,13.8,19.73247700354717,539078.7679535353,841084.6704633171,2000000.0,500000.0,-1500000.0,2341084.670463317,SAIL
2,"Hay Point, Australia","Paradip, India",Panamax,coking coal,bull,69943.75,13.8,19.73247700354717,539078.7679535353,841084.6704633171,2000000.0,1000000.0,-1000000.0,1841084.670463317,SAIL
3,"East Kalimantan, Indonesia","Navlakhi, India",Supramax,coal,bear,51893.75,18.45,14.169552503832929,459407.7442138698,275903.4710319103,0.0,0.0,0.0,275903.4710319103,SAIL
3,"East Kalimantan, Indonesia","Navlakhi, India",Supramax,coal,bear,51893.75,18.45,14.169552503832929,459407.7442138698,275903.4710319103,0.0,250000.0,250000.0,25903.471031910274,SAIL
3,"East Kalimantan, Indonesia","Navlakhi, India",Supramax,coal,bear,51893.75,18.45,14.169552503832929,459407.7442138698,275903.4710319103,0.0,500000.0,500000.0,-224096.52896808973,KILL
3,"East Kalimantan, Indonesia","Navlakhi, India",Supramax,coal,bear,51893.75,18.45,14.169552503832929,459407.7442138698,275903.4710319103,0.0,1000000.0,1000000.0,-724096.5289680897,KILL
3,"East Kalimantan, Indonesia","Navlakhi, India",Supramax,coal,bear,51893.75,18.45,14.169552503832929,459407.7442138698,275903.4710319103,50000.0,0.0,-50000.0,325903.4710319103,SAIL
3,"East Kalimantan, Indonesia","Navlakhi, India",Supramax,coal,bear,51893.75,18.45,14.169552503832929,459407.7442138698,275903.4710319103,50000.0,250000.0,200000.0,75903.47103191027,SAIL
3,"East Kalimantan, Indonesia","Navlakhi, India",Supramax,coal,bear,51893.75,18.45,14.169552503832929,459407.7442138698,275903.4710319103,50000.0,500000.0,450000.0,-174096.52896808973,KILL
3,"East Kalimantan, Indonesia","Navlakhi, India",Supramax,coal,bear,51893.75,18.45,14.169552503832929,459407.7442138698,275903.4710319103,50000.0,1000000.0,950000.0,-674096.5289680897,KILL
3,"East Kalimantan, Indonesia","Navlakhi, India",Supramax,coal,bear,51893.75,18.45,14.169552503832929,459407.7442138698,275903.4710319103,100000.0,0.0,-100000.0,375903.4710319103,SAIL
3,"East Kalimantan, Indonesia","Navlakhi, India",Supramax,coal,bear,51893.75,18.45,14.169552503832929,459407.7442138698,275903.4710319103,100000.0,250000.0,150000.0,125903.47103191027,SAIL
3,"East Kalimantan, Indonesia","Navlakhi, India",Supramax,coal,bear,51893.75,18.45,14.169552503832929,459407.7442138698,275903.4710319103,100000.0,500000.0,400000.0,-124096.52896808973,KILL
3,"East Kalimantan, Indonesia","Navlakhi, India",Supramax,coal,bear,51893.75,18.45,14.169552503832929,459407.7442138698,275903.4710319103,100000.0,1000000.0,900000.0,-624096.5289680897,KILL
3,"East Kalimantan, Indonesia","Navlakhi, India",Supramax,coal,bear,51893.75,18.45,14.169552503832929,459407.7442138698,275903.4710319103,250000.0,0.0,-250000.0,525903.4710319103,SAIL
3,"East Kalimantan, Indonesia","Navlakhi, India",Supramax,coal,bear,51893.75,18.45,14.169552503832929,459407.7442138698,275903.4710319103,250000.0,250000.0,0.0,275903.4710319103,SAIL
3,"East Kalimantan, Indonesia","Navlakhi, India",Supramax,coal,bear,51893.75,18.45,14.169552503832929,459407.7442138698,275903.4710319103,250000.0,500000.0,250000.0,25903.471031910274,SAIL
3,"East Kalimantan, Indonesia","Navlakhi, India",Supramax,coal,bear,51893.75,18.45,14.169552503832929,459407.7442138698,275903.4710319103,250000.0,1000000.0,750000.0,-474096.5289680897,KILL
3,"East Kalimantan, Indonesia","Navlakhi, India",Supramax,coal,bear,51893.75,18.45,14.169552503832929,459407.7442138698,275903.4710319103,500000.0,0.0,-500000.0,775903.4710319103,SAIL
3,"East Kalimantan, Indonesia","Navlakhi, India",Supramax,coal,bear,51893.75,18.45,14.169552503832929,459407.7442138698,275903.4710319103,500000.0,250000.0,-250000.0,525903.4710319103,SAIL
3,"East Kalimantan, Indonesia","Navlakhi, India",Supramax,coal,bear,51893.75,18.45,14.169552503832929,459407.7442138698,275903.4710319103,500000.0,500000.0,0.0,275903.4710319103,SAIL
3,"East Kalimantan, Indonesia","Navlakhi, India",Supramax,coal,bear,51893.75,18.45,14.169552503832929,459407.7442138698,275903.4710319103,500000.0,1000000.0,500000.0,-224096.52896808973,KILL
3,"East Kalimantan, Indonesia","Navlakhi, India",Supramax,coal,bear,51893.75,18.45,14.169552503832929,459407.7442138698,275903.4710319103,750000.0,0.0,-750000.0,1025903.4710319103,SAIL
3,"East Kalimantan, Indonesia","Navlakhi, India",Supramax,coal,bear,51893.75,18.45,14.169552503832929,459407.7442138698,275903.4710319103,750000.0,250000.0,-500000.0,775903.4710319103,SAIL
3,"East Kalimantan, Indonesia","Navlakhi, India",Supramax,coal,bear,51893.75,18.45,14.169552503832929,459407.7442138698,275903.4710319103,750000.0,500000.0,-250000.0,525903.4710319103,SAIL
3,"East Kalimantan, Indonesia","Navlakhi, India",Supramax,coal,bear,51893.75,18.45,14.169552503832929,459407.7442138698,275903.4710319103,750000.0,1000000.0,250000.0,25903.471031910274,SAIL
3,"East Kalimantan, Indonesia","Navlakhi, India",Supramax,coal,bear,51893.75,18.45,14.169552503832929,459407.7442138698,275903.4710319103,1000000.0,0.0,-1000000.0,1275903.4710319103,SAIL
3,"East Kalimantan, Indonesia","Navlakhi, India",Supramax,coal,bear,51893.75,18.45,14.169552503832929,459407.7442138698,275903.4710319103,1000000.0,250000.0,-750000.0,1025903.4710319103,SAIL
3,"East Kalimantan, Indonesia","Navlakhi, India",Supramax,coal,bear,51893.75,18.45,14.169552503832929,459407.7442138698,275903.4710319103,1000000.0,500000.0,-500000.0,775903.4710319103,SAIL
3,"East Kalimantan, Indonesia","Navlakhi, India",Supramax,coal,bear,51893.75,18.45,14.169552503832929,459407.7442138698,275903.4710319103,1000000.0,1000000.0,0.0,275903.4710319103,SAIL
3,"East Kalimantan, Indonesia","Navlakhi, India",Supramax,coal,bear,51893.75,18.45,14.169552503832929,459407.7442138698,275903.4710319103,1500000.0,0.0,-1500000.0,1775903.4710319103,SAIL
3,"East Kalimantan, Indonesia","Navlakhi, India",Supramax,coal,bear,51893.75,18.45,14.169552503832929,459407.7442138698,275903.4710319103,1500000.0,250000.0,-1250000.0,1525903.4710319103,SAIL
3,"East Kalimantan, Indonesia","Navlakhi, India",Supramax,coal,bear,51893.75,18.45,14.169552503832929,459407.7442138698,275903.4710319103,1500000.0,500000.0,-1000000.0,1275903.4710319103,SAIL
3,"East Kalimantan, Indonesia","Navlakhi, India",Supramax,coal,bear,51893.75,18.45,14.169552503832929,459407.7442138698,275903.4710319103,1500000.0,1000000.0,-500000.0,775903.4710319103,SAIL
3,"East Kalimantan, Indonesia","Navlakhi, India",Supramax,coal,bear,51893.75,18.45,14.169552503832929,459407.7442138698,275903.4710319103,2000000.0,0.0,-2000000.0,2275903.4710319103,SAIL
3,"East Kalimantan, Indonesia","Navlakhi, India",Supramax,coal,bear,51893.75,18.45,14.169552503832929,459407.7442138698,275903.4710319103,2000000.0,250000.0,-1750000.0,2025903.4710319103,SAIL
3,"East Kalimantan, Indonesia","Navlakhi, India",Supramax,coal,bear,51893.75,18.45,14.169552503832929,459407.7442138698,275903.4710319103,2000000.0,500000.0,-1500000.0,1775903.4710319103,SAIL
3,"East Kalimantan, Indonesia","Navlakhi, India",Supramax,coal,bear,51893.75,18.45,14.169552503832929,459407.7442138698,275903.4710319103,2000000.0,1000000.0,-1000000.0,1275903.4710319103,SAIL
3,"East Kalimantan, Indonesia","Navlakhi, India",Supramax,coal,base,51893.75,18.45,18.45,459407.7442138698,498031.9432861302,0.0,0.0,0.0,498031.9432861302,SAIL
3,"East Kalimantan, Indonesia","Navlakhi, India",Supramax,coal,base,51893.75,18.45,18.45,459407.7442138698,498031.9432861302,0.0,250000.0,250000.0,248031.9432861302,SAIL
3,"East Kalimantan, Indonesia","Navlakhi, India",Supramax,coal,base,51893.75,18.45,18.45,459407.7442138698,498031.9432861302,0.0,500000.0,500000.0,-1968.0567138697952,KILL
3,"East Kalimantan, Indonesia","Navlakhi, India",Supramax,coal,base,51893.75,18.45,18.45,459407.7442138698,498031.9432861302,0.0,1000000.0,1000000.0,-501968.0567138698,KILL
3,"East Kalimantan, Indonesia","Navlakhi, India",Supramax,coal,base,51893.75,18.45,18.45,459407.7442138698,498031.9432861302,50000.0,0.0,-50000.0,548031.9432861302,SAIL
3,"East Kalimantan, Indonesia","Navlakhi, India",Supramax,coal,base,51893.75,18.45,18.45,459407.7442138698,498031.9432861302,50000.0,250000.0,200000.0,298031.9432861302,SAIL
3,"East Kalimantan, Indonesia","Navlakhi, India",Supramax,coal,base,51893.75,18.45,18.45,459407.7442138698,498031.9432861302,50000.0,500000.0,450000.0,48031.943286130205,SAIL
3,"East Kalimantan, Indonesia","Navlakhi, India",Supramax,coal,base,51893.75,18.45,18.45,459407.7442138698,498031.9432861302,50000.0,1000000.0,950000.0,-451968.0567138698,KILL
3,"East Kalimantan, Indonesia","Navlakhi, India",Supramax,coal,base,51893.75,18.45,18.45,459407.7442138698,498031.9432861302,100000.0,0.0,-100000.0,598031.9432861302,SAIL
3,"East Kalimantan, Indonesia","Navlakhi, India",Supramax,coal,base,51893.75,18.45,18.45,459407.7442138698,498031.9432861302,100000.0,250000.0,150000.0,348031.9432861302,SAIL
3,"East Kalimantan, Indonesia","Navlakhi, India",Supramax,coal,base,51893.75,18.45,18.45,459407.7442138698,498031.9432861302,100000.0,500000.0,400000.0,98031.9432861302,SAIL
3,"East Kalimantan, Indonesia","Navlakhi, India",Supramax,coal,base,51893.75,18.45,18.45,459407.7442138698,498031.9432861302,100000.0,1000000.0,900000.0,-401968.0567138698,KILL
3,"East Kalimantan, Indonesia","Navlakhi, India",Supramax,coal,base,51893.75,18.45,18.45,459407.7442138698,498031.9432861302,250000.0,0.0,-250000.0,748031.9432861302,SAIL
3,"East Kalimantan, Indonesia","Navlakhi, India",Supramax,coal,base,51893.75,18.45,18.45,459407.7442138698,498031.9432861302,250000.0,250000.0,0.0,498031.9432861302,SAIL
3,"East Kalimantan, Indonesia","Navlakhi, India",Supramax,coal,base,51893.75,18.45,18.45,459407.7442138698,498031.9432861302,250000.0,500000.0,250000.0,248031.9432861302,SAIL
3,"East Kalimantan, Indonesia","Navlakhi, India",Supramax,coal,base,51893.75,18.45,18.45,459407.7442138698,498031.9432861302,250000.0,1000000.0,750000.0,-251968.0567138698,KILL
3,"East Kalimantan, Indonesia","Navlakhi, India",Supramax,coal,base,51893.75,18.45,18.45,459407.7442138698,498031.9432861302,500000.0,0.0,-500000.0,998031.9432861302,SAIL
3,"East Kalimantan, Indonesia","Navlakhi, India",Supramax,coal,base,51893.75,18.45,18.45,459407.7442138698,498031.9432861302,500000.0,250000.0,-250000.0,748031.9432861302,SAIL
3,"East Kalimantan, Indonesia","Navlakhi, India",Supramax,coal,base,51893.75,18.45,18.45,459407.7442138698,498031.9432861302,500000.0,500000.0,0.0,498031.9432861302,SAIL
3,"East Kalimantan, Indonesia","Navlakhi, India",Supramax,coal,base,51893.75,18.45,18.45,459407.7442138698,498031.9432861302,500000.0,1000000.0,500000.0,-1968.0567138697952,KILL
3,"East Kalimantan, Indonesia","Navlakhi, India",Supramax,coal,base,51893.75,18.45,18.45,459407.7442138698,498031.9432861302,750000.0,0.0,-750000.0,1248031.9432861302,SAIL
3,"East Kalimantan, Indonesia","Navlakhi, India",Supramax,coal,base,51893.75,18.45,18.45,459407.7442138698,498031.9432861302,750000.0,250000.0,-500000.0,998031.9432861302,SAIL
3,"East Kalimantan, Indonesia","Navlakhi, India",Supramax,coal,base,51893.75,18.45,18.45,459407.7442138698,498031.9432861302,750000.0,500000.0,-250000.0,748031.9432861302,SAIL
3,"East Kalimantan, Indonesia","Navlakhi, India",Supramax,coal,base,51893.75,18.45,18.45,459407.7442138698,498031.9432861302,750000.0,1000000.0,250000.0,248031.9432861302,SAIL
3,"East Kalimantan, Indonesia","Navlakhi, India",Supramax,coal,base,51893.75,18.45,18.45,459407.7442138698,498031.9432861302,1000000.0,0.0,-1000000.0,1498031.9432861302,SAIL
3,"East Kalimantan, Indonesia","Navlakhi, India",Supramax,coal,base,51893.75,18.45,18.45,459407.7442138698,498031.9432861302,1000000.0,250000.0,-750000.0,1248031.9432861302,SAIL
3,"East Kalimantan, Indonesia","Navlakhi, India",Supramax,coal,base,51893.75,18.45,18.45,459407.7442138698,498031.9432861302,1000000.0,500000.0,-500000.0,998031.9432861302,SAIL
3,"East Kalimantan, Indonesia","Navlakhi, India",Supramax,coal,base,51893.75,18.45,18.45,459407.7442138698,498031.9432861302,1000000.0,1000000.0,0.0,498031.9432861302,SAIL
3,"East Kalimantan, Indonesia","Navlakhi, India",Supramax,coal,base,51893.75,18.45,18.45,459407.7442138698,498031.9432861302,1500000.0,0.0,-1500000.0,1998031.9432861302,SAIL
3,"East Kalimantan, Indonesia","Navlakhi, India",Supramax,coal,base,51893.75,18.45,18.45,459407.7442138698,498031.9432861302,1500000.0,250000.0,-1250000.0,1748031.9432861302,SAIL
3,"East Kalimantan, Indonesia","Navlakhi, India",Supramax,coal,base,51893.75,18.45,18.45,459407.7442138698,498031.9432861302,1500000.0,500000.0,-1000000.0,1498031.9432861302,SAIL
3,"East Kalimantan, Indonesia","Navlakhi, India",Supramax,coal,base,51893.75,18.45,18.45,459407.7442138698,498031.9432861302,1500000.0,1000000.0,-500000.0,998031.9432861302,SAIL
3,"East Kalimantan, Indonesia","Navlakhi, India",Supramax,coal,base,51893.75,18.45,18.45,459407.7442138698,498031.9432861302,2000000.0,0.0,-2000000.0,2498031.94328613,SAIL
3,"East Kalimantan, Indonesia","Navlakhi, India",Supramax,coal,base,51893.75,18.45,18.45,459407.7442138698,498031.9432861302,2000000.0,250000.0,-1750000.0,2248031.94328613,SAIL
3,"East Kalimantan, Indonesia","Navlakhi, India",Supramax,coal,base,51893.75,18.45,18.45,459407.7442138698,498031.9432861302,2000000.0,500000.0,-1500000.0,1998031.9432861302,SAIL
3,"East Kalimantan, Indonesia","Navlakhi, India",Supramax,coal,base,51893.75,18.45,18.45,459407.7442138698,498031.9432861302,2000000.0,1000000.0,-1000000.0,1498031.9432861302,SAIL
3,"East Kalimantan, Indonesia","Navlakhi, India",Supramax,coal,bull,51893.75,18.45,26.3814638199598,459407.7442138698,909625.3438931692,0.0,0.0,0.0,909625.3438931692,SAIL
3,"East Kalimantan, Indonesia","Navlakhi, India",Supramax,coal,bull,51893.75,18.45,26.3814638199598,459407.7442138698,909625.3438931692,0.0,250000.0,250000.0,659625.3438931692,SAIL
3,"East Kalimantan, Indonesia","Navlakhi, India",Supramax,coal,bull,51893.75,18.45,26.3814638199598,459407.7442138698,909625.3438931692,0.0,500000.0,500000.0,409625.3438931692,SAIL
3,"East Kalimantan, Indonesia","Navlakhi, India",Supramax,coal,bull,51893.75,18.45,26.3814638199598,459407.7442138698,909625.3438931692,0.0,1000000.0,1000000.0,-90374.65610683081,KILL
3,"East Kalimantan, Indonesia","Navlakhi, India",Supramax,coal,bull,51893.75,18.45,26.3814638199598,459407.7442138698,909625.3438931692,50000.0,0.0,-50000.0,959625.3438931692,SAIL
3,"East Kalimantan, Indonesia","Navlakhi, India",Supramax,coal,bull,51893.75,18.45,26.3814638199598,459407.7442138698,909625.3438931692,50000.0,250000.0,200000.0,709625.3438931692,SAIL
3,"East Kalimantan, Indonesia","Navlakhi, India",Supramax,coal,bull,51893.75,18.45,26.3814638199598,459407.7442138698,909625.3438931692,50000.0,500000.0,450000.0,459625.3438931692,SAIL
3,"East Kalimantan, Indonesia","Navlakhi, India",Supramax,coal,bull,51893.75,18.45,26.3814638199598,459407.7442138698,909625.3438931692,50000.0,1000000.0,950000.0,-40374.65610683081,KILL
3,"East Kalimantan, Indonesia","Navlakhi, India",Supramax,coal,bull,51893.75,18.45,26.3814638199598,459407.7442138698,909625.3438931692,100000.0,0.0,-100000.0,1009625.3438931692,SAIL
3,"East Kalimantan, Indonesia","Navlakhi, India",Supramax,coal,bull,51893.75,18.45,26.3814638199598,459407.7442138698,909625.3438931692,100000.0,250000.0,150000.0,759625.3438931692,SAIL
3,"East Kalimantan, Indonesia","Navlakhi, India",Supramax,coal,bull,51893.75,18.45,26.3814638199598,459407.7442138698,909625.3438931692,100000.0,500000.0,400000.0,509625.3438931692,SAIL
3,"East Kalimantan, Indonesia","Navlakhi, India",Supramax,coal,bull,51893.75,18.45,26.3814638199598,459407.7442138698,909625.3438931692,100000.0,1000000.0,900000.0,9625.343893169193,SAIL
3,"East Kalimantan, Indonesia","Navlakhi, India",Supramax,coal,bull,51893.75,18.45,26.3814638199598,459407.7442138698,909625.3438931692,250000.0,0.0,-250000.0,1159625.3438931692,SAIL
3,"East Kalimantan, Indonesia","Navlakhi, India",Supramax,coal,bull,51893.75,18.45,26.3814638199598,459407.7442138698,909625.3438931692,250000.0,250000.0,0.0,909625.3438931692,SAIL
3,"East Kalimantan, Indonesia","Navlakhi, India",Supramax,coal,bull,51893.75,18.45,26.3814638199598,459407.7442138698,909625.3438931692,250000.0,500000.0,250000.0,659625.3438931692,SAIL
3,"East Kalimantan, Indonesia","Navlakhi, India",Supramax,coal,bull,51893.75,18.45,26.3814638199598,459407.7442138698,909625.3438931692,250000.0,1000000.0,750000.0,159625.3438931692,SAIL
3,"East Kalimantan, Indonesia","Navlakhi, India",Supramax,coal,bull,51893.75,18.45,26.3814638199598,459407.7442138698,909625.3438931692,500000.0,0.0,-500000.0,1409625.3438931692,SAIL
3,"East Kalimantan, Indonesia","Navlakhi, India",Supramax,coal,bull,51893.75,18.45,26.3814638199598,459407.7442138698,909625.3438931692,500000.0,250000.0,-250000.0,1159625.3438931692,SAIL
3,"East Kalimantan, Indonesia","Navlakhi, India",Supramax,coal,bull,51893.75,18.45,26.3814638199598,459407.7442138698,909625.3438931692,500000.0,500000.0,0.0,909625.3438931692,SAIL
3,"East Kalimantan, Indonesia","Navlakhi, India",Supramax,coal,bull,51893.75,18.45,26.3814638199598,459407.7442138698,909625.3438931692,500000.0,1000000.0,500000.0,409625.3438931692,SAIL
3,"East Kalimantan, Indonesia","Navlakhi, India",Supramax,coal,bull,51893.75,18.45,26.3814638199598,459407.7442138698,909625.3438931692,750000.0,0.0,-750000.0,1659625.3438931692,SAIL
3,"East Kalimantan, Indonesia","Navlakhi, India",Supramax,coal,bull,51893.75,18.45,26.3814638199598,459407.7442138698,909625.3438931692,750000.0,250000.0,-500000.0,1409625.3438931692,SAIL
3,"East Kalimantan, Indonesia","Navlakhi, India",Supramax,coal,bull,51893.75,18.45,26.3814638199598,459407.7442138698,909625.3438931692,750000.0,500000.0,-250000.0,1159625.3438931692,SAIL
3,"East Kalimantan, Indonesia","Navlakhi, India",Supramax,coal,bull,51893.75,18.45,26.3814638199598,459407.7442138698,909625.3438931692,750000.0,1000000.0,250000.0,659625.3438931692,SAIL
3,"East Kalimantan, Indonesia","Navlakhi, India",Supramax,coal,bull,51893.75,18.45,26.3814638199598,459407.7442138698,909625.3438931692,1000000.0,0.0,-1000000.0,1909625.3438931692,SAIL
3,"East Kalimantan, Indonesia","Navlakhi, India",Supramax,coal,bull,51893.75,18.45,26.3814638199598,459407.7442138698,909625.3438931692,1000000.0,250000.0,-750000.0,1659625.3438931692,SAIL
3,"East Kalimantan, Indonesia","Navlakhi, India",Supramax,coal,bull,51893.75,18.45,26.3814638199598,459407.7442138698,909625.3438931692,1000000.0,500000.0,-500000.0,1409625.3438931692,SAIL
3,"East Kalimantan, Indonesia","Navlakhi, India",Supramax,coal,bull,51893.75,18.45,26.3814638199598,459407.7442138698,909625.3438931692,1000000.0,1000000.0,0.0,909625.3438931692,SAIL
3,"East Kalimantan, Indonesia","Navlakhi, India",Supramax,coal,bull,51893.75,18.45,26.3814638199598,459407.7442138698,909625.3438931692,1500000.0,0.0,-1500000.0,2409625.3438931694,SAIL
3,"East Kalimantan, Indonesia","Navlakhi, India",Supramax,coal,bull,51893.75,18.45,26.3814638199598,459407.7442138698,909625.3438931692,1500000.0,250000.0,-1250000.0,2159625.3438931694,SAIL
3,"East Kalimantan, Indonesia","Navlakhi, India",Supramax,coal,bull,51893.75,18.45,26.3814638199598,459407.7442138698,909625.3438931692,1500000.0,500000.0,-1000000.0,1909625.3438931692,SAIL
3,"East Kalimantan, Indonesia","Navlakhi, India",Supramax,coal,bull,51893.75,18.45,26.3814638199598,459407.7442138698,909625.3438931692,1500000.0,1000000.0,-500000.0,1409625.3438931692,SAIL
3,"East Kalimantan, Indonesia","Navlakhi, India",Supramax,coal,bull,51893.75,18.45,26.3814638199598,459407.7442138698,909625.3438931692,2000000.0,0.0,-2000000.0,2909625.3438931694,SAIL
3,"East Kalimantan, Indonesia","Navlakhi, India",Supramax,coal,bull,51893.75,18.45,26.3814638199598,459407.7442138698,909625.3438931692,2000000.0,250000.0,-1750000.0,2659625.3438931694,SAIL
3,"East Kalimantan, Indonesia","Navlakhi, India",Supramax,coal,bull,51893.75,18.45,26.3814638199598,459407.7442138698,909625.3438931692,2000000.0,500000.0,-1500000.0,2409625.3438931694,SAIL
3,"East Kalimantan, Indonesia","Navlakhi, India",Supramax,coal,bull,51893.75,18.45,26.3814638199598,459407.7442138698,909625.3438931692,2000000.0,1000000.0,-1000000.0,1909625.3438931692,SAIL
4,"Hay Point, Australia","Visakhapatnam, India",Panamax,metallurgical coal,bear,69943.75,23.3,17.894340018390636,541850.6263131252,709746.6183481847,0.0,0.0,0.0,709746.6183481847,SAIL
4,"Hay Point, Australia","Visakhapatnam, India",Panamax,metallurgical coal,bear,69943.75,23.3,17.894340018390636,541850.6263131252,709746.6183481847,0.0,250000.0,250000.0,459746.61834818474,SAIL
4,"Hay Point, Australia","Visakhapatnam, India",Panamax,metallurgical coal,bear,69943.75,23.3,17.894340018390636,541850.6263131252,709746.6183481847,0.0,500000.0,500000.0,209746.61834818474,SAIL
4,"Hay Point, Australia","Visakhapatnam, India",Panamax,metallurgical coal,bear,69943.75,23.3,17.894340018390636,541850.6263131252,709746.6183481847,0.0,1000000.0,1000000.0,-290253.38165181526,KILL
4,"Hay Point, Australia","Visakhapatnam, India",Panamax,metallurgical coal,bear,69943.75,23.3,17.894340018390636,541850.6263131252,709746.6183481847,50000.0,0.0,-50000.0,759746.6183481847,SAIL
4,"Hay Point, Australia","Visakhapatnam, India",Panamax,metallurgical coal,bear,69943.75,23.3,17.894340018390636,541850.6263131252,709746.6183481847,50000.0,250000.0,200000.0,509746.61834818474,SAIL
4,"Hay Point, Australia","Visakhapatnam, India",Panamax,metallurgical coal,bear,69943.75,23.3,17.894340018390636,541850.6263131252,709746.6183481847,50000.0,500000.0,450000.0,259746.61834818474,SAIL
4,"Hay Point, Australia","Visakhapatnam, India",Panamax,metallurgical coal,bear,69943.75,23.3,17.894340018390636,541850.6263131252,709746.6183481847,50000.0,1000000.0,950000.0,-240253.38165181526,KILL
4,"Hay Point, Australia","Visakhapatnam, India",Panamax,metallurgical coal,bear,69943.75,23.3,17.894340018390636,541850.6263131252,709746.6183481847,100000.0,0.0,-100000.0,809746.6183481847,SAIL
4,"Hay Point, Australia","Visakhapatnam, India",Panamax,metallurgical coal,bear,69943.75,23.3,17.894340018390636,541850.6263131252,709746.6183481847,100000.0,250000.0,150000.0,559746.6183481847,SAIL
4,"Hay Point, Australia","Visakhapatnam, India",Panamax,metallurgical coal,bear,69943.75,23.3,17.894340018390636,541850.6263131252,709746.6183481847,100000.0,500000.0,400000.0,309746.61834818474,SAIL
4,"Hay Point, Australia","Visakhapatnam, India",Panamax,metallurgical coal,bear,69943.75,23.3,17.894340018390636,541850.6263131252,709746.6183481847,100000.0,1000000.0,900000.0,-190253.38165181526,KILL
4,"Hay Point, Australia","Visakhapatnam, India",Panamax,metallurgical coal,bear,69943.75,23.3,17.894340018390636,541850.6263131252,709746.6183481847,250000.0,0.0,-250000.0,959746.6183481847,SAIL
4,"Hay Point, Australia","Visakhapatnam, India",Panamax,metallurgical coal,bear,69943.75,23.3,17.894340018390636,541850.6263131252,709746.6183481847,250000.0,250000.0,0.0,709746.6183481847,SAIL
4,"Hay Point, Australia","Visakhapatnam, India",Panamax,metallurgical coal,bear,69943.75,23.3,17.894340018390636,541850.6263131252,709746.6183481847,250000.0,500000.0,250000.0,459746.61834818474,SAIL
4,"Hay Point, Australia","Visakhapatnam, India",Panamax,metallurgical coal,bear,69943.75,23.3,17.894340018390636,541850.6263131252,709746.6183481847,250000.0,1000000.0,750000.0,-40253.38165181526,KILL
4,"Hay Point, Australia","Visakhapatnam, India",Panamax,metallurgical coal,bear,69943.75,23.3,17.894340018390636,541850.6263131252,709746.6183481847,500000.0,0.0,-500000.0,1209746.6183481847,SAIL
4,"Hay Point, Australia","Visakhapatnam, India",Panamax,metallurgical coal,bear,69943.75,23.3,17.894340018390636,541850.6263131252,709746.6183481847,500000.0,250000.0,-250000.0,959746.6183481847,SAIL
4,"Hay Point, Australia","Visakhapatnam, India",Panamax,metallurgical coal,bear,69943.75,23.3,17.894340018390636,541850.6263131252,709746.6183481847,500000.0,500000.0,0.0,709746.6183481847,SAIL
4,"Hay Point, Australia","Visakhapatnam, India",Panamax,metallurgical coal,bear,69943.75,23.3,17.894340018390636,541850.6263131252,709746.6183481847,500000.0,1000000.0,500000.0,209746.61834818474,SAIL
4,"Hay Point, Australia","Visakhapatnam, India",Panamax,metallurgical coal,bear,69943.75,23.3,17.894340018390636,541850.6263131252,709746.6183481847,750000.0,0.0,-750000.0,1459746.6183481847,SAIL
4,"Hay Point, Australia","Visakhapatnam, India",Panamax,metallurgical coal,bear,69943.75,23.3,17.894340018390636,541850.6263131252,709746.6183481847,750000.0,250000.0,-500000.0,1209746.6183481847,SAIL
4,"Hay Point, Australia","Visakhapatnam, India",Panamax,metallurgical coal,bear,69943.75,23.3,17.894340018390636,541850.6263131252,709746.6183481847,750000.0,500000.0,-250000.0,959746.6183481847,SAIL
4,"Hay Point, Australia","Visakhapatnam, India",Panamax,metallurgical coal,bear,69943.75,23.3,17.894340018390636,541850.6263131252,709746.6183481847,750000.0,1000000.0,250000.0,459746.61834818474,SAIL
4,"Hay Point, Australia","Visakhapatnam, India",Panamax,metallurgical coal,bear,69943.75,23.3,17.894340018390636,541850.6263131252,709746.6183481847,1000000.0,0.0,-1000000.0,1709746.6183481847,SAIL
4,"Hay Point, Australia","Visakhapatnam, India",Panamax,metallurgical coal,bear,69943.75,23.3,17.894340018390636,541850.6263131252,709746.6183481847,1000000.0,250000.0,-750000.0,1459746.6183481847,SAIL
4,"Hay Point, Australia","Visakhapatnam, India",Panamax,metallurgical coal,bear,69943.75,23.3,17.894340018390636,541850.6263131252,709746.6183481847,1000000.0,500000.0,-500000.0,1209746.6183481847,SAIL
4,"Hay Point, Australia","Visakhapatnam, India",Panamax,metallurgical coal,bear,69943.75,23.3,17.894340018390636,541850.6263131252,709746.6183481847,1000000.0,1000000.0,0.0,709746.6183481847,SAIL
4,"Hay Point, Australia","Visakhapatnam, India",Panamax,metallurgical coal,bear,69943.75,23.3,17.894340018390636,541850.6263131252,709746.6183481847,1500000.0,0.0,-1500000.0,2209746.618348185,SAIL
4,"Hay Point, Australia","Visakhapatnam, India",Panamax,metallurgical coal,bear,69943.75,23.3,17.894340018390636,541850.6263131252,709746.6183481847,1500000.0,250000.0,-1250000.0,1959746.6183481847,SAIL
4,"Hay Point, Australia","Visakhapatnam, India",Panamax,metallurgical coal,bear,69943.75,23.3,17.894340018390636,541850.6263131252,709746.6183481847,1500000.0,500000.0,-1000000.0,1709746.6183481847,SAIL
4,"Hay Point, Australia","Visakhapatnam, India",Panamax,metallurgical coal,bear,69943.75,23.3,17.894340018390636,541850.6263131252,709746.6183481847,1500000.0,1000000.0,-500000.0,1209746.6183481847,SAIL
4,"Hay Point, Australia","Visakhapatnam, India",Panamax,metallurgical coal,bear,69943.75,23.3,17.894340018390636,541850.6263131252,709746.6183481847,2000000.0,0.0,-2000000.0,2709746.618348185,SAIL
4,"Hay Point, Australia","Visakhapatnam, India",Panamax,metallurgical coal,bear,69943.75,23.3,17.894340018390636,541850.6263131252,709746.6183481847,2000000.0,250000.0,-1750000.0,2459746.618348185,SAIL
4,"Hay Point, Australia","Visakhapatnam, India",Panamax,metallurgical coal,bear,69943.75,23.3,17.894340018390636,541850.6263131252,709746.6183481847,2000000.0,500000.0,-1500000.0,2209746.618348185,SAIL
4,"Hay Point, Australia","Visakhapatnam, India",Panamax,metallurgical coal,bear,69943.75,23.3,17.894340018390636,541850.6263131252,709746.6183481847,2000000.0,1000000.0,-1000000.0,1709746.6183481847,SAIL
4,"Hay Point, Australia","Visakhapatnam, India",Panamax,metallurgical coal,base,69943.75,23.3,23.3,541850.6263131252,1087838.7486868748,0.0,0.0,0.0,1087838.7486868748,SAIL
4,"Hay Point, Australia","Visakhapatnam, India",Panamax,metallurgical coal,base,69943.75,23.3,23.3,541850.6263131252,1087838.7486868748,0.0,250000.0,250000.0,837838.7486868748,SAIL
4,"Hay Point, Australia","Visakhapatnam, India",Panamax,metallurgical coal,base,69943.75,23.3,23.3,541850.6263131252,1087838.7486868748,0.0,500000.0,500000.0,587838.7486868748,SAIL
4,"Hay Point, Australia","Visakhapatnam, India",Panamax,metallurgical coal,base,69943.75,23.3,23.3,541850.6263131252,1087838.7486868748,0.0,1000000.0,1000000.0,87838.74868687475,SAIL
4,"Hay Point, Australia","Visakhapatnam, India",Panamax,metallurgical coal,base,69943.75,23.3,23.3,541850.6263131252,1087838.7486868748,50000.0,0.0,-50000.0,1137838.7486868748,SAIL
4,"Hay Point, Australia","Visakhapatnam, India",Panamax,metallurgical coal,base,69943.75,23.3,23.3,541850.6263131252,1087838.7486868748,50000.0,250000.0,200000.0,887838.7486868748,SAIL
4,"Hay Point, Australia","Visakhapatnam, India",Panamax,metallurgical coal,base,69943.75,23.3,23.3,541850.6263131252,1087838.7486868748,50000.0,500000.0,450000.0,637838.7486868748,SAIL
4,"Hay Point, Australia","Visakhapatnam, India",Panamax,metallurgical coal,base,69943.75,23.3,23.3,541850.6263131252,1087838.7486868748,50000.0,1000000.0,950000.0,137838.74868687475,SAIL
4,"Hay Point, Australia","Visakhapatnam, India",Panamax,metallurgical coal,base,69943.75,23.3,23.3,541850.6263131252,1087838.7486868748,100000.0,0.0,-100000.0,1187838.7486868748,SAIL
4,"Hay Point, Australia","Visakhapatnam, India",Panamax,metallurgical coal,base,69943.75,23.3,23.3,541850.6263131252,1087838.7486868748,100000.0,250000.0,150000.0,937838.7486868748,SAIL
4,"Hay Point, Australia","Visakhapatnam, India",Panamax,metallurgical coal,base,69943.75,23.3,23.3,541850.6263131252,1087838.7486868748,100000.0,500000.0,400000.0,687838.7486868748,SAIL
4,"Hay Point, Australia","Visakhapatnam, India",Panamax,metallurgical coal,base,69943.75,23.3,23.3,541850.6263131252,1087838.7486868748,100000.0,1000000.0,900000.0,187838.74868687475,SAIL
4,"Hay Point, Australia","Visakhapatnam, India",Panamax,metallurgical coal,base,69943.75,23.3,23.3,541850.6263131252,1087838.7486868748,250000.0,0.0,-250000.0,1337838.7486868748,SAIL
4,"Hay Point, Australia","Visakhapatnam, India",Panamax,metallurgical coal,base,69943.75,23.3,23.3,541850.6263131252,1087838.7486868748,250000.0,250000.0,0.0,1087838.7486868748,SAIL
4,"Hay Point, Australia","Visakhapatnam, India",Panamax,metallurgical coal,base,69943.75,23.3,23.3,541850.6263131252,1087838.7486868748,250000.0,500000.0,250000.0,837838.7486868748,SAIL
4,"Hay Point, Australia","Visakhapatnam, India",Panamax,metallurgical coal,base,69943.75,23.3,23.3,541850.6263131252,1087838.7486868748,250000.0,1000000.0,750000.0,337838.74868687475,SAIL
4,"Hay Point, Australia","Visakhapatnam, India",Panamax,metallurgical coal,base,69943.75,23.3,23.3,541850.6263131252,1087838.7486868748,500000.0,0.0,-500000.0,1587838.7486868748,SAIL
4,"Hay Point, Australia","Visakhapatnam, India",Panamax,metallurgical coal,base,69943.75,23.3,23.3,541850.6263131252,1087838.7486868748,500000.0,250000.0,-250000.0,1337838.7486868748,SAIL
4,"Hay Point, Australia","Visakhapatnam, India",Panamax,metallurgical coal,base,69943.75,23.3,23.3,541850.6263131252,1087838.7486868748,500000.0,500000.0,0.0,1087838.7486868748,SAIL
4,"Hay Point, Australia","Visakhapatnam, India",Panamax,metallurgical coal,base,69943.75,23.3,23.3,541850.6263131252,1087838.7486868748,500000.0,1000000.0,500000.0,587838.7486868748,SAIL
4,"Hay Point, Australia","Visakhapatnam, India",Panamax,metallurgical coal,base,69943.75,23.3,23.3,541850.6263131252,1087838.7486868748,750000.0,0.0,-750000.0,1837838.7486868748,SAIL
4,"Hay Point, Australia","Visakhapatnam, India",Panamax,metallurgical coal,base,69943.75,23.3,23.3,541850.6263131252,1087838.7486868748,750000.0,250000.0,-500000.0,1587838.7486868748,SAIL
4,"Hay Point, Australia","Visakhapatnam, India",Panamax,metallurgical coal,base,69943.75,23.3,23.3,541850.6263131252,1087838.7486868748,750000.0,500000.0,-250000.0,1337838.7486868748,SAIL
4,"Hay Point, Australia","Visakhapatnam, India",Panamax,metallurgical coal,base,69943.75,23.3,23.3,541850.6263131252,1087838.7486868748,750000.0,1000000.0,250000.0,837838.7486868748,SAIL
4,"Hay Point, Australia","Visakhapatnam, India",Panamax,metallurgical coal,base,69943.75,23.3,23.3,541850.6263131252,1087838.7486868748,1000000.0,0.0,-1000000.0,2087838.7486868748,SAIL
4,"Hay Point, Australia","Visakhapatnam, India",Panamax,metallurgical coal,base,69943.75,23.3,23.3,541850.6263131252,1087838.7486868748,1000000.0,250000.0,-750000.0,1837838.7486868748,SAIL
4,"Hay Point, Australia","Visakhapatnam, India",Panamax,metallurgical coal,base,69943.75,23.3,23.3,541850.6263131252,1087838.7486868748,1000000.0,500000.0,-500000.0,1587838.7486868748,SAIL
4,"Hay Point, Australia","Visakhapatnam, India",Panamax,metallurgical coal,base,69943.75,23.3,23.3,541850.6263131252,1087838.7486868748,1000000.0,1000000.0,0.0,1087838.7486868748,SAIL
4,"Hay Point, Australia","Visakhapatnam, India",Panamax,metallurgical coal,base,69943.75,23.3,23.3,541850.6263131252,1087838.7486868748,1500000.0,0.0,-1500000.0,2587838.7486868748,SAIL
4,"Hay Point, Australia","Visakhapatnam, India",Panamax,metallurgical coal,base,69943.75,23.3,23.3,541850.6263131252,1087838.7486868748,1500000.0,250000.0,-1250000.0,2337838.7486868748,SAIL
4,"Hay Point, Australia","Visakhapatnam, India",Panamax,metallurgical coal,base,69943.75,23.3,23.3,541850.6263131252,1087838.7486868748,1500000.0,500000.0,-1000000.0,2087838.7486868748,SAIL
4,"Hay Point, Australia","Visakhapatnam, India",Panamax,metallurgical coal,base,69943.75,23.3,23.3,541850.6263131252,1087838.7486868748,1500000.0,1000000.0,-500000.0,1587838.7486868748,SAIL
4,"Hay Point, Australia","Visakhapatnam, India",Panamax,metallurgical coal,base,69943.75,23.3,23.3,541850.6263131252,1087838.7486868748,2000000.0,0.0,-2000000.0,3087838.7486868748,SAIL
4,"Hay Point, Australia","Visakhapatnam, India",Panamax,metallurgical coal,base,69943.75,23.3,23.3,541850.6263131252,1087838.7486868748,2000000.0,250000.0,-1750000.0,2837838.7486868748,SAIL
4,"Hay Point, Australia","Visakhapatnam, India",Panamax,metallurgical coal,base,69943.75,23.3,23.3,541850.6263131252,1087838.7486868748,2000000.0,500000.0,-1500000.0,2587838.7486868748,SAIL
4,"Hay Point, Australia","Visakhapatnam, India",Panamax,metallurgical coal,base,69943.75,23.3,23.3,541850.6263131252,1087838.7486868748,2000000.0,1000000.0,-1000000.0,2087838.7486868748,SAIL
4,"Hay Point, Australia","Visakhapatnam, India",Panamax,metallurgical coal,bull,69943.75,23.3,33.31642856396007,541850.6263131252,1788425.324057357,0.0,0.0,0.0,1788425.324057357,SAIL
4,"Hay Point, Australia","Visakhapatnam, India",Panamax,metallurgical coal,bull,69943.75,23.3,33.31642856396007,541850.6263131252,1788425.324057357,0.0,250000.0,250000.0,1538425.324057357,SAIL
4,"Hay Point, Australia","Visakhapatnam, India",Panamax,metallurgical coal,bull,69943.75,23.3,33.31642856396007,541850.6263131252,1788425.324057357,0.0,500000.0,500000.0,1288425.324057357,SAIL
4,"Hay Point, Australia","Visakhapatnam, India",Panamax,metallurgical coal,bull,69943.75,23.3,33.31642856396007,541850.6263131252,1788425.324057357,0.0,1000000.0,1000000.0,788425.3240573569,SAIL
4,"Hay Point, Australia","Visakhapatnam, India",Panamax,metallurgical coal,bull,69943.75,23.3,33.31642856396007,541850.6263131252,1788425.324057357,50000.0,0.0,-50000.0,1838425.324057357,SAIL
4,"Hay Point, Australia","Visakhapatnam, India",Panamax,metallurgical coal,bull,69943.75,23.3,33.31642856396007,541850.6263131252,1788425.324057357,50000.0,250000.0,200000.0,1588425.324057357,SAIL
4,"Hay Point, Australia","Visakhapatnam, India",Panamax,metallurgical coal,bull,69943.75,23.3,33.31642856396007,541850.6263131252,1788425.324057357,50000.0,500000.0,450000.0,1338425.324057357,SAIL
4,"Hay Point, Australia","Visakhapatnam, India",Panamax,metallurgical coal,bull,69943.75,23.3,33.31642856396007,541850.6263131252,1788425.324057357,50000.0,1000000.0,950000.0,838425.3240573569,SAIL
4,"Hay Point, Australia","Visakhapatnam, India",Panamax,metallurgical coal,bull,69943.75,23.3,33.31642856396007,541850.6263131252,1788425.324057357,100000.0,0.0,-100000.0,1888425.324057357,SAIL
4,"Hay Point, Australia","Visakhapatnam, India",Panamax,metallurgical coal,bull,69943.75,23.3,33.31642856396007,541850.6263131252,1788425.324057357,100000.0,250000.0,150000.0,1638425.324057357,SAIL
4,"Hay Point, Australia","Visakhapatnam, India",Panamax,metallurgical coal,bull,69943.75,23.3,33.31642856396007,541850.6263131252,1788425.324057357,100000.0,500000.0,400000.0,1388425.324057357,SAIL
4,"Hay Point, Australia","Visakhapatnam, India",Panamax,metallurgical coal,bull,69943.75,23.3,33.31642856396007,541850.6263131252,1788425.324057357,100000.0,1000000.0,900000.0,888425.3240573569,SAIL
4,"Hay Point, Australia","Visakhapatnam, India",Panamax,metallurgical coal,bull,69943.75,23.3,33.31642856396007,541850.6263131252,1788425.324057357,250000.0,0.0,-250000.0,2038425.324057357,SAIL
4,"Hay Point, Australia","Visakhapatnam, India",Panamax,metallurgical coal,bull,69943.75,23.3,33.31642856396007,541850.6263131252,1788425.324057357,250000.0,250000.0,0.0,1788425.324057357,SAIL
4,"Hay Point, Australia","Visakhapatnam, India",Panamax,metallurgical coal,bull,69943.75,23.3,33.31642856396007,541850.6263131252,1788425.324057357,250000.0,500000.0,250000.0,1538425.324057357,SAIL
4,"Hay Point, Australia","Visakhapatnam, India",Panamax,metallurgical coal,bull,69943.75,23.3,33.31642856396007,541850.6263131252,1788425.324057357,250000.0,1000000.0,750000.0,1038425.3240573569,SAIL
4,"Hay Point, Australia","Visakhapatnam, India",Panamax,metallurgical coal,bull,69943.75,23.3,33.31642856396007,541850.6263131252,1788425.324057357,500000.0,0.0,-500000.0,2288425.324057357,SAIL
4,"Hay Point, Australia","Visakhapatnam, India",Panamax,metallurgical coal,bull,69943.75,23.3,33.31642856396007,541850.6263131252,1788425.324057357,500000.0,250000.0,-250000.0,2038425.324057357,SAIL
4,"Hay Point, Australia","Visakhapatnam, India",Panamax,metallurgical coal,bull,69943.75,23.3,33.31642856396007,541850.6263131252,1788425.324057357,500000.0,500000.0,0.0,1788425.324057357,SAIL
4,"Hay Point, Australia","Visakhapatnam, India",Panamax,metallurgical coal,bull,69943.75,23.3,33.31642856396007,541850.6263131252,1788425.324057357,500000.0,1000000.0,500000.0,1288425.324057357,SAIL
4,"Hay Point, Australia","Visakhapatnam, India",Panamax,metallurgical coal,bull,69943.75,23.3,33.31642856396007,541850.6263131252,1788425.324057357,750000.0,0.0,-750000.0,2538425.324057357,SAIL
4,"Hay Point, Australia","Visakhapatnam, India",Panamax,metallurgical coal,bull,69943.75,23.3,33.31642856396007,541850.6263131252,1788425.324057357,750000.0,250000.0,-500000.0,2288425.324057357,SAIL
4,"Hay Point, Australia","Visakhapatnam, India",Panamax,metallurgical coal,bull,69943.75,23.3,33.31642856396007,541850.6263131252,1788425.324057357,750000.0,500000.0,-250000.0,2038425.324057357,SAIL
4,"Hay Point, Australia","Visakhapatnam, India",Panamax,metallurgical coal,bull,69943.75,23.3,33.31642856396007,541850.6263131252,1788425.324057357,750000.0,1000000.0,250000.0,1538425.324057357,SAIL
4,"Hay Point, Australia","Visakhapatnam, India",Panamax,metallurgical coal,bull,69943.75,23.3,33.31642856396007,541850.6263131252,1788425.324057357,1000000.0,0.0,-1000000.0,2788425.324057357,SAIL
4,"Hay Point, Australia","Visakhapatnam, India",Panamax,metallurgical coal,bull,69943.75,23.3,33.31642856396007,541850.6263131252,1788425.324057357,1000000.0,250000.0,-750000.0,2538425.324057357,SAIL
4,"Hay Point, Australia","Visakhapatnam, India",Panamax,metallurgical coal,bull,69943.75,23.3,33.31642856396007,541850.6263131252,1788425.324057357,1000000.0,500000.0,-500000.0,2288425.324057357,SAIL
4,"Hay Point, Australia","Visakhapatnam, India",Panamax,metallurgical coal,bull,69943.75,23.3,33.31642856396007,541850.6263131252,1788425.324057357,1000000.0,1000000.0,0.0,1788425.324057357,SAIL
4,"Hay Point, Australia","Visakhapatnam, India",Panamax,metallurgical coal,bull,69943.75,23.3,33.31642856396007,541850.6263131252,1788425.324057357,1500000.0,0.0,-1500000.0,3288425.324057357,SAIL
4,"Hay Point, Australia","Visakhapatnam, India",Panamax,metallurgical coal,bull,69943.75,23.3,33.31642856396007,541850.6263131252,1788425.324057357,1500000.0,250000.0,-1250000.0,3038425.324057357,SAIL
4,"Hay Point, Australia","Visakhapatnam, India",Panamax,metallurgical coal,bull,69943.75,23.3,33.31642856396007,541850.6263131252,1788425.324057357,1500000.0,500000.0,-1000000.0,2788425.324057357,SAIL
4,"Hay Point, Australia","Visakhapatnam, India",Panamax,metallurgical coal,bull,69943.75,23.3,33.31642856396007,541850.6263131252,1788425.324057357,1500000.0,1000000.0,-500000.0,2288425.324057357,SAIL
4,"Hay Point, Australia","Visakhapatnam, India",Panamax,metallurgical coal,bull,69943.75,23.3,33.31642856396007,541850.6263131252,1788425.324057357,2000000.0,0.0,-2000000.0,3788425.324057357,SAIL
4,"Hay Point, Australia","Visakhapatnam, India",Panamax,metallurgical coal,bull,69943.75,23.3,33.31642856396007,541850.6263131252,1788425.324057357,2000000.0,250000.0,-1750000.0,3538425.324057357,SAIL
4,"Hay Point, Australia","Visakhapatnam, India",Panamax,metallurgical coal,bull,69943.75,23.3,33.31642856396007,541850.6263131252,1788425.324057357,2000000.0,500000.0,-1500000.0,3288425.324057357,SAIL
4,"Hay Point, Australia","Visakhapatnam, India",Panamax,metallurgical coal,bull,69943.75,23.3,33.31642856396007,541850.6263131252,1788425.324057357,2000000.0,1000000.0,-1000000.0,2788425.324057357,SAIL
5,"Hay Point, Australia","Paradip, India",Panamax,metallurgical coal,bear,69943.75,21.1,16.20474568189023,539078.7679535353,594341.9128341745,0.0,0.0,0.0,594341.9128341745,SAIL
5,"Hay Point, Australia","Paradip, India",Panamax,metallurgical coal,bear,69943.75,21.1,16.20474568189023,539078.7679535353,594341.9128341745,0.0,250000.0,250000.0,344341.91283417447,SAIL
5,"Hay Point, Australia","Paradip, India",Panamax,metallurgical coal,bear,69943.75,21.1,16.20474568189023,539078.7679535353,594341.9128341745,0.0,500000.0,500000.0,94341.91283417447,SAIL
5,"Hay Point, Australia","Paradip, India",Panamax,metallurgical coal,bear,69943.75,21.1,16.20474568189023,539078.7679535353,594341.9128341745,0.0,1000000.0,1000000.0,-405658.08716582553,KILL
5,"Hay Point, Australia","Paradip, India",Panamax,metallurgical coal,bear,69943.75,21.1,16.20474568189023,539078.7679535353,594341.9128341745,50000.0,0.0,-50000.0,644341.9128341745,SAIL
5,"Hay Point, Australia","Paradip, India",Panamax,metallurgical coal,bear,69943.75,21.1,16.20474568189023,539078.7679535353,594341.9128341745,50000.0,250000.0,200000.0,394341.91283417447,SAIL
5,"Hay Point, Australia","Paradip, India",Panamax,metallurgical coal,bear,69943.75,21.1,16.20474568189023,539078.7679535353,594341.9128341745,50000.0,500000.0,450000.0,144341.91283417447,SAIL
5,"Hay Point, Australia","Paradip, India",Panamax,metallurgical coal,bear,69943.75,21.1,16.20474568189023,539078.7679535353,594341.9128341745,50000.0,1000000.0,950000.0,-355658.08716582553,KILL
5,"Hay Point, Australia","Paradip, India",Panamax,metallurgical coal,bear,69943.75,21.1,16.20474568189023,539078.7679535353,594341.9128341745,100000.0,0.0,-100000.0,694341.9128341745,SAIL
5,"Hay Point, Australia","Paradip, India",Panamax,metallurgical coal,bear,69943.75,21.1,16.20474568189023,539078.7679535353,594341.9128341745,100000.0,250000.0,150000.0,444341.91283417447,SAIL
5,"Hay Point, Australia","Paradip, India",Panamax,metallurgical coal,bear,69943.75,21.1,16.20474568189023,539078.7679535353,594341.9128341745,100000.0,500000.0,400000.0,194341.91283417447,SAIL
5,"Hay Point, Australia","Paradip, India",Panamax,metallurgical coal,bear,69943.75,21.1,16.20474568189023,539078.7679535353,594341.9128341745,100000.0,1000000.0,900000.0,-305658.08716582553,KILL
5,"Hay Point, Australia","Paradip, India",Panamax,metallurgical coal,bear,69943.75,21.1,16.20474568189023,539078.7679535353,594341.9128341745,250000.0,0.0,-250000.0,844341.9128341745,SAIL
5,"Hay Point, Australia","Paradip, India",Panamax,metallurgical coal,bear,69943.75,21.1,16.20474568189023,539078.7679535353,594341.9128341745,250000.0,250000.0,0.0,594341.9128341745,SAIL
5,"Hay Point, Australia","Paradip, India",Panamax,metallurgical coal,bear,69943.75,21.1,16.20474568189023,539078.7679535353,594341.9128341745,250000.0,500000.0,250000.0,344341.91283417447,SAIL
5,"Hay Point, Australia","Paradip, India",Panamax,metallurgical coal,bear,69943.75,21.1,16.20474568189023,539078.7679535353,594341.9128341745,250000.0,1000000.0,750000.0,-155658.08716582553,KILL
5,"Hay Point, Australia","Paradip, India",Panamax,metallurgical coal,bear,69943.75,21.1,16.20474568189023,539078.7679535353,594341.9128341745,500000.0,0.0,-500000.0,1094341.9128341745,SAIL
5,"Hay Point, Australia","Paradip, India",Panamax,metallurgical coal,bear,69943.75,21.1,16.20474568189023,539078.7679535353,594341.9128341745,500000.0,250000.0,-250000.0,844341.9128341745,SAIL
5,"Hay Point, Australia","Paradip, India",Panamax,metallurgical coal,bear,69943.75,21.1,16.20474568189023,539078.7679535353,594341.9128341745,500000.0,500000.0,0.0,594341.9128341745,SAIL
5,"Hay Point, Australia","Paradip, India",Panamax,metallurgical coal,bear,69943.75,21.1,16.20474568189023,539078.7679535353,594341.9128341745,500000.0,1000000.0,500000.0,94341.91283417447,SAIL
5,"Hay Point, Australia","Paradip, India",Panamax,metallurgical coal,bear,69943.75,21.1,16.20474568189023,539078.7679535353,594341.9128341745,750000.0,0.0,-750000.0,1344341.9128341745,SAIL
5,"Hay Point, Australia","Paradip, India",Panamax,metallurgical coal,bear,69943.75,21.1,16.20474568189023,539078.7679535353,594341.9128341745,750000.0,250000.0,-500000.0,1094341.9128341745,SAIL
5,"Hay Point, Australia","Paradip, India",Panamax,metallurgical coal,bear,69943.75,21.1,16.20474568189023,539078.7679535353,594341.9128341745,750000.0,500000.0,-250000.0,844341.9128341745,SAIL
5,"Hay Point, Australia","Paradip, India",Panamax,metallurgical coal,bear,69943.75,21.1,16.20474568189023,539078.7679535353,594341.9128341745,750000.0,1000000.0,250000.0,344341.91283417447,SAIL
5,"Hay Point, Australia","Paradip, India",Panamax,metallurgical coal,bear,69943.75,21.1,16.20474568189023,539078.7679535353,594341.9128341745,1000000.0,0.0,-1000000.0,1594341.9128341745,SAIL
5,"Hay Point, Australia","Paradip, India",Panamax,metallurgical coal,bear,69943.75,21.1,16.20474568189023,539078.7679535353,594341.9128341745,1000000.0,250000.0,-750000.0,1344341.9128341745,SAIL
5,"Hay Point, Australia","Paradip, India",Panamax,metallurgical coal,bear,69943.75,21.1,16.20474568189023,539078.7679535353,594341.9128341745,1000000.0,500000.0,-500000.0,1094341.9128341745,SAIL
5,"Hay Point, Australia","Paradip, India",Panamax,metallurgical coal,bear,69943.75,21.1,16.20474568189023,539078.7679535353,594341.9128341745,1000000.0,1000000.0,0.0,594341.9128341745,SAIL
5,"Hay Point, Australia","Paradip, India",Panamax,metallurgical coal,bear,69943.75,21.1,16.20474568189023,539078.7679535353,594341.9128341745,1500000.0,0.0,-1500000.0,2094341.9128341745,SAIL
5,"Hay Point, Australia","Paradip, India",Panamax,metallurgical coal,bear,69943.75,21.1,16.20474568189023,539078.7679535353,594341.9128341745,1500000.0,250000.0,-1250000.0,1844341.9128341745,SAIL
5,"Hay Point, Australia","Paradip, India",Panamax,metallurgical coal,bear,69943.75,21.1,16.20474568189023,539078.7679535353,594341.9128341745,1500000.0,500000.0,-1000000.0,1594341.9128341745,SAIL
5,"Hay Point, Australia","Paradip, India",Panamax,metallurgical coal,bear,69943.75,21.1,16.20474568189023,539078.7679535353,594341.9128341745,1500000.0,1000000.0,-500000.0,1094341.9128341745,SAIL
5,"Hay Point, Australia","Paradip, India",Panamax,metallurgical coal,bear,69943.75,21.1,16.20474568189023,539078.7679535353,594341.9128341745,2000000.0,0.0,-2000000.0,2594341.9128341745,SAIL
5,"Hay Point, Australia","Paradip, India",Panamax,metallurgical coal,bear,69943.75,21.1,16.20474568189023,539078.7679535353,594341.9128341745,2000000.0,250000.0,-1750000.0,2344341.9128341745,SAIL
5,"Hay Point, Australia","Paradip, India",Panamax,metallurgical coal,bear,69943.75,21.1,16.20474568189023,539078.7679535353,594341.9128341745,2000000.0,500000.0,-1500000.0,2094341.9128341745,SAIL
5,"Hay Point, Australia","Paradip, India",Panamax,metallurgical coal,bear,69943.75,21.1,16.20474568189023,539078.7679535353,594341.9128341745,2000000.0,1000000.0,-1000000.0,1594341.9128341745,SAIL
5,"Hay Point, Australia","Paradip, India",Panamax,metallurgical coal,base,69943.75,21.1,21.1,539078.7679535353,936734.3570464647,0.0,0.0,0.0,936734.3570464647,SAIL
5,"Hay Point, Australia","Paradip, India",Panamax,metallurgical coal,base,69943.75,21.1,21.1,539078.7679535353,936734.3570464647,0.0,250000.0,250000.0,686734.3570464647,SAIL
5,"Hay Point, Australia","Paradip, India",Panamax,metallurgical coal,base,69943.75,21.1,21.1,539078.7679535353,936734.3570464647,0.0,500000.0,500000.0,436734.3570464647,SAIL
5,"Hay Point, Australia","Paradip, India",Panamax,metallurgical coal,base,69943.75,21.1,21.1,539078.7679535353,936734.3570464647,0.0,1000000.0,1000000.0,-63265.64295353531,KILL
5,"Hay Point, Australia","Paradip, India",Panamax,metallurgical coal,base,69943.75,21.1,21.1,539078.7679535353,936734.3570464647,50000.0,0.0,-50000.0,986734.3570464647,SAIL
5,"Hay Point, Australia","Paradip, India",Panamax,metallurgical coal,base,69943.75,21.1,21.1,539078.7679535353,936734.3570464647,50000.0,250000.0,200000.0,736734.3570464647,SAIL
5,"Hay Point, Australia","Paradip, India",Panamax,metallurgical coal,base,69943.75,21.1,21.1,539078.7679535353,936734.3570464647,50000.0,500000.0,450000.0,486734.3570464647,SAIL
5,"Hay Point, Australia","Paradip, India",Panamax,metallurgical coal,base,69943.75,21.1,21.1,539078.7679535353,936734.3570464647,50000.0,1000000.0,950000.0,-13265.642953535309,KILL
5,"Hay Point, Australia","Paradip, India",Panamax,metallurgical coal,base,69943.75,21.1,21.1,539078.7679535353,936734.3570464647,100000.0,0.0,-100000.0,1036734.3570464647,SAIL
5,"Hay Point, Australia","Paradip, India",Panamax,metallurgical coal,base,69943.75,21.1,21.1,539078.7679535353,936734.3570464647,100000.0,250000.0,150000.0,786734.3570464647,SAIL
5,"Hay Point, Australia","Paradip, India",Panamax,metallurgical coal,base,69943.75,21.1,21.1,539078.7679535353,936734.3570464647,100000.0,500000.0,400000.0,536734.3570464647,SAIL
5,"Hay Point, Australia","Paradip, India",Panamax,metallurgical coal,base,69943.75,21.1,21.1,539078.7679535353,936734.3570464647,100000.0,1000000.0,900000.0,36734.35704646469,SAIL
5,"Hay Point, Australia","Paradip, India",Panamax,metallurgical coal,base,69943.75,21.1,21.1,539078.7679535353,936734.3570464647,250000.0,0.0,-250000.0,1186734.3570464647,SAIL
5,"Hay Point, Australia","Paradip, India",Panamax,metallurgical coal,base,69943.75,21.1,21.1,539078.7679535353,936734.3570464647,250000.0,250000.0,0.0,936734.3570464647,SAIL
5,"Hay Point, Australia","Paradip, India",Panamax,metallurgical coal,base,69943.75,21.1,21.1,539078.7679535353,936734.3570464647,250000.0,500000.0,250000.0,686734.3570464647,SAIL
5,"Hay Point, Australia","Paradip, India",Panamax,metallurgical coal,base,69943.75,21.1,21.1,539078.7679535353,936734.3570464647,250000.0,1000000.0,750000.0,186734.3570464647,SAIL
5,"Hay Point, Australia","Paradip, India",Panamax,metallurgical coal,base,69943.75,21.1,21.1,539078.7679535353,936734.3570464647,500000.0,0.0,-500000.0,1436734.3570464647,SAIL
5,"Hay Point, Australia","Paradip, India",Panamax,metallurgical coal,base,69943.75,21.1,21.1,539078.7679535353,936734.3570464647,500000.0,250000.0,-250000.0,1186734.3570464647,SAIL
5,"Hay Point, Australia","Paradip, India",Panamax,metallurgical coal,base,69943.75,21.1,21.1,539078.7679535353,936734.3570464647,500000.0,500000.0,0.0,936734.3570464647,SAIL
5,"Hay Point, Australia","Paradip, India",Panamax,metallurgical coal,base,69943.75,21.1,21.1,539078.7679535353,936734.3570464647,500000.0,1000000.0,500000.0,436734.3570464647,SAIL
5,"Hay Point, Australia","Paradip, India",Panamax,metallurgical coal,base,69943.75,21.1,21.1,539078.7679535353,936734.3570464647,750000.0,0.0,-750000.0,1686734.3570464647,SAIL
5,"Hay Point, Australia","Paradip, India",Panamax,metallurgical coal,base,69943.75,21.1,21.1,539078.7679535353,936734.3570464647,750000.0,250000.0,-500000.0,1436734.3570464647,SAIL
5,"Hay Point, Australia","Paradip, India",Panamax,metallurgical coal,base,69943.75,21.1,21.1,539078.7679535353,936734.3570464647,750000.0,500000.0,-250000.0,1186734.3570464647,SAIL
5,"Hay Point, Australia","Paradip, India",Panamax,metallurgical coal,base,69943.75,21.1,21.1,539078.7679535353,936734.3570464647,750000.0,1000000.0,250000.0,686734.3570464647,SAIL
5,"Hay Point, Australia","Paradip, India",Panamax,metallurgical coal,base,69943.75,21.1,21.1,539078.7679535353,936734.3570464647,1000000.0,0.0,-1000000.0,1936734.3570464647,SAIL
5,"Hay Point, Australia","Paradip, India",Panamax,metallurgical coal,base,69943.75,21.1,21.1,539078.7679535353,936734.3570464647,1000000.0,250000.0,-750000.0,1686734.3570464647,SAIL
5,"Hay Point, Australia","Paradip, India",Panamax,metallurgical coal,base,69943.75,21.1,21.1,539078.7679535353,936734.3570464647,1000000.0,500000.0,-500000.0,1436734.3570464647,SAIL
5,"Hay Point, Australia","Paradip, India",Panamax,metallurgical coal,base,69943.75,21.1,21.1,539078.7679535353,936734.3570464647,1000000.0,1000000.0,0.0,936734.3570464647,SAIL
5,"Hay Point, Australia","Paradip, India",Panamax,metallurgical coal,base,69943.75,21.1,21.1,539078.7679535353,936734.3570464647,1500000.0,0.0,-1500000.0,2436734.3570464645,SAIL
5,"Hay Point, Australia","Paradip, India",Panamax,metallurgical coal,base,69943.75,21.1,21.1,539078.7679535353,936734.3570464647,1500000.0,250000.0,-1250000.0,2186734.3570464645,SAIL
5,"Hay Point, Australia","Paradip, India",Panamax,metallurgical coal,base,69943.75,21.1,21.1,539078.7679535353,936734.3570464647,1500000.0,500000.0,-1000000.0,1936734.3570464647,SAIL
5,"Hay Point, Australia","Paradip, India",Panamax,metallurgical coal,base,69943.75,21.1,21.1,539078.7679535353,936734.3570464647,1500000.0,1000000.0,-500000.0,1436734.3570464647,SAIL
5,"Hay Point, Australia","Paradip, India",Panamax,metallurgical coal,base,69943.75,21.1,21.1,539078.7679535353,936734.3570464647,2000000.0,0.0,-2000000.0,2936734.3570464645,SAIL
5,"Hay Point, Australia","Paradip, India",Panamax,metallurgical coal,base,69943.75,21.1,21.1,539078.7679535353,936734.3570464647,2000000.0,250000.0,-1750000.0,2686734.3570464645,SAIL
5,"Hay Point, Australia","Paradip, India",Panamax,metallurgical coal,base,69943.75,21.1,21.1,539078.7679535353,936734.3570464647,2000000.0,500000.0,-1500000.0,2436734.3570464645,SAIL
5,"Hay Point, Australia","Paradip, India",Panamax,metallurgical coal,base,69943.75,21.1,21.1,539078.7679535353,936734.3570464647,2000000.0,1000000.0,-1000000.0,1936734.3570464647,SAIL
5,"Hay Point, Australia","Paradip, India",Panamax,metallurgical coal,bull,69943.75,21.1,30.17067136049604,539078.7679535353,1571171.1270171597,0.0,0.0,0.0,1571171.1270171597,SAIL
5,"Hay Point, Australia","Paradip, India",Panamax,metallurgical coal,bull,69943.75,21.1,30.17067136049604,539078.7679535353,1571171.1270171597,0.0,250000.0,250000.0,1321171.1270171597,SAIL
5,"Hay Point, Australia","Paradip, India",Panamax,metallurgical coal,bull,69943.75,21.1,30.17067136049604,539078.7679535353,1571171.1270171597,0.0,500000.0,500000.0,1071171.1270171597,SAIL
5,"Hay Point, Australia","Paradip, India",Panamax,metallurgical coal,bull,69943.75,21.1,30.17067136049604,539078.7679535353,1571171.1270171597,0.0,1000000.0,1000000.0,571171.1270171597,SAIL
5,"Hay Point, Australia","Paradip, India",Panamax,metallurgical coal,bull,69943.75,21.1,30.17067136049604,539078.7679535353,1571171.1270171597,50000.0,0.0,-50000.0,1621171.1270171597,SAIL
5,"Hay Point, Australia","Paradip, India",Panamax,metallurgical coal,bull,69943.75,21.1,30.17067136049604,539078.7679535353,1571171.1270171597,50000.0,250000.0,200000.0,1371171.1270171597,SAIL
5,"Hay Point, Australia","Paradip, India",Panamax,metallurgical coal,bull,69943.75,21.1,30.17067136049604,539078.7679535353,1571171.1270171597,50000.0,500000.0,450000.0,1121171.1270171597,SAIL
5,"Hay Point, Australia","Paradip, India",Panamax,metallurgical coal,bull,69943.75,21.1,30.17067136049604,539078.7679535353,1571171.1270171597,50000.0,1000000.0,950000.0,621171.1270171597,SAIL
5,"Hay Point, Australia","Paradip, India",Panamax,metallurgical coal,bull,69943.75,21.1,30.17067136049604,539078.7679535353,1571171.1270171597,100000.0,0.0,-100000.0,1671171.1270171597,SAIL
5,"Hay Point, Australia","Paradip, India",Panamax,metallurgical coal,bull,69943.75,21.1,30.17067136049604,539078.7679535353,1571171.1270171597,100000.0,250000.0,150000.0,1421171.1270171597,SAIL
5,"Hay Point, Australia","Paradip, India",Panamax,metallurgical coal,bull,69943.75,21.1,30.17067136049604,539078.7679535353,1571171.1270171597,100000.0,500000.0,400000.0,1171171.1270171597,SAIL
5,"Hay Point, Australia","Paradip, India",Panamax,metallurgical coal,bull,69943.75,21.1,30.17067136049604,539078.7679535353,1571171.1270171597,100000.0,1000000.0,900000.0,671171.1270171597,SAIL
5,"Hay Point, Australia","Paradip, India",Panamax,metallurgical coal,bull,69943.75,21.1,30.17067136049604,539078.7679535353,1571171.1270171597,250000.0,0.0,-250000.0,1821171.1270171597,SAIL
5,"Hay Point, Australia","Paradip, India",Panamax,metallurgical coal,bull,69943.75,21.1,30.17067136049604,539078.7679535353,1571171.1270171597,250000.0,250000.0,0.0,1571171.1270171597,SAIL
5,"Hay Point, Australia","Paradip, India",Panamax,metallurgical coal,bull,69943.75,21.1,30.17067136049604,539078.7679535353,1571171.1270171597,250000.0,500000.0,250000.0,1321171.1270171597,SAIL
5,"Hay Point, Australia","Paradip, India",Panamax,metallurgical coal,bull,69943.75,21.1,30.17067136049604,539078.7679535353,1571171.1270171597,250000.0,1000000.0,750000.0,821171.1270171597,SAIL
5,"Hay Point, Australia","Paradip, India",Panamax,metallurgical coal,bull,69943.75,21.1,30.17067136049604,539078.7679535353,1571171.1270171597,500000.0,0.0,-500000.0,2071171.1270171597,SAIL
5,"Hay Point, Australia","Paradip, India",Panamax,metallurgical coal,bull,69943.75,21.1,30.17067136049604,539078.7679535353,1571171.1270171597,500000.0,250000.0,-250000.0,1821171.1270171597,SAIL
5,"Hay Point, Australia","Paradip, India",Panamax,metallurgical coal,bull,69943.75,21.1,30.17067136049604,539078.7679535353,1571171.1270171597,500000.0,500000.0,0.0,1571171.1270171597,SAIL
5,"Hay Point, Australia","Paradip, India",Panamax,metallurgical coal,bull,69943.75,21.1,30.17067136049604,539078.7679535353,1571171.1270171597,500000.0,1000000.0,500000.0,1071171.1270171597,SAIL
5,"Hay Point, Australia","Paradip, India",Panamax,metallurgical coal,bull,69943.75,21.1,30.17067136049604,539078.7679535353,1571171.1270171597,750000.0,0.0,-750000.0,2321171.12701716,SAIL
5,"Hay Point, Australia","Paradip, India",Panamax,metallurgical coal,bull,69943.75,21.1,30.17067136049604,539078.7679535353,1571171.1270171597,750000.0,250000.0,-500000.0,2071171.1270171597,SAIL
5,"Hay Point, Australia","Paradip, India",Panamax,metallurgical coal,bull,69943.75,21.1,30.17067136049604,539078.7679535353,1571171.1270171597,750000.0,500000.0,-250000.0,1821171.1270171597,SAIL
5,"Hay Point, Australia","Paradip, India",Panamax,metallurgical coal,bull,69943.75,21.1,30.17067136049604,539078.7679535353,1571171.1270171597,750000.0,1000000.0,250000.0,1321171.1270171597,SAIL
5,"Hay Point, Australia","Paradip, India",Panamax,metallurgical coal,bull,69943.75,21.1,30.17067136049604,539078.7679535353,1571171.1270171597,1000000.0,0.0,-1000000.0,2571171.12701716,SAIL
5,"Hay Point, Australia","Paradip, India",Panamax,metallurgical coal,bull,69943.75,21.1,30.17067136049604,539078.7679535353,1571171.1270171597,1000000.0,250000.0,-750000.0,2321171.12701716,SAIL
5,"Hay Point, Australia","Paradip, India",Panamax,metallurgical coal,bull,69943.75,21.1,30.17067136049604,539078.7679535353,1571171.1270171597,1000000.0,500000.0,-500000.0,2071171.1270171597,SAIL
5,"Hay Point, Australia","Paradip, India",Panamax,metallurgical coal,bull,69943.75,21.1,30.17067136049604,539078.7679535353,1571171.1270171597,1000000.0,1000000.0,0.0,1571171.1270171597,SAIL
5,"Hay Point, Australia","Paradip, India",Panamax,metallurgical coal,bull,69943.75,21.1,30.17067136049604,539078.7679535353,1571171.1270171597,1500000.0,0.0,-1500000.0,3071171.12701716,SAIL
5,"Hay Point, Australia","Paradip, India",Panamax,metallurgical coal,bull,69943.75,21.1,30.17067136049604,539078.7679535353,1571171.1270171597,1500000.0,250000.0,-1250000.0,2821171.12701716,SAIL
5,"Hay Point, Australia","Paradip, India",Panamax,metallurgical coal,bull,69943.75,21.1,30.17067136049604,539078.7679535353,1571171.1270171597,1500000.0,500000.0,-1000000.0,2571171.12701716,SAIL
5,"Hay Point, Australia","Paradip, India",Panamax,metallurgical coal,bull,69943.75,21.1,30.17067136049604,539078.7679535353,1571171.1270171597,1500000.0,1000000.0,-500000.0,2071171.1270171597,SAIL
5,"Hay Point, Australia","Paradip, India",Panamax,metallurgical coal,bull,69943.75,21.1,30.17067136049604,539078.7679535353,1571171.1270171597,2000000.0,0.0,-2000000.0,3571171.12701716,SAIL
5,"Hay Point, Australia","Paradip, India",Panamax,metallurgical coal,bull,69943.75,21.1,30.17067136049604,539078.7679535353,1571171.1270171597,2000000.0,250000.0,-1750000.0,3321171.12701716,SAIL
5,"Hay Point, Australia","Paradip, India",Panamax,metallurgical coal,bull,69943.75,21.1,30.17067136049604,539078.7679535353,1571171.1270171597,2000000.0,500000.0,-1500000.0,3071171.12701716,SAIL
5,"Hay Point, Australia","Paradip, India",Panamax,metallurgical coal,bull,69943.75,21.1,30.17067136049604,539078.7679535353,1571171.1270171597,2000000.0,1000000.0,-1000000.0,2571171.12701716,SAIL
6,"Banjarmasin (South Kalimantan), Indonesia","Krishnapatnam, India",Panamax,thermal coal,bear,69943.75,11.8,9.062369623047616,289917.92731015856,343938.1880118781,0.0,0.0,0.0,343938.1880118781,SAIL
6,"Banjarmasin (South Kalimantan), Indonesia","Krishnapatnam, India",Panamax,thermal coal,bear,69943.75,11.8,9.062369623047616,289917.92731015856,343938.1880118781,0.0,250000.0,250000.0,93938.18801187811,SAIL
6,"Banjarmasin (South Kalimantan), Indonesia","Krishnapatnam, India",Panamax,thermal coal,bear,69943.75,11.8,9.062369623047616,289917.92731015856,343938.1880118781,0.0,500000.0,500000.0,-156061.8119881219,KILL
6,"Banjarmasin (South Kalimantan), Indonesia","Krishnapatnam, India",Panamax,thermal coal,bear,69943.75,11.8,9.062369623047616,289917.92731015856,343938.1880118781,0.0,1000000.0,1000000.0,-656061.8119881218,KILL
6,"Banjarmasin (South Kalimantan), Indonesia","Krishnapatnam, India",Panamax,thermal coal,bear,69943.75,11.8,9.062369623047616,289917.92731015856,343938.1880118781,50000.0,0.0,-50000.0,393938.1880118781,SAIL
6,"Banjarmasin (South Kalimantan), Indonesia","Krishnapatnam, India",Panamax,thermal coal,bear,69943.75,11.8,9.062369623047616,289917.92731015856,343938.1880118781,50000.0,250000.0,200000.0,143938.1880118781,SAIL
6,"Banjarmasin (South Kalimantan), Indonesia","Krishnapatnam, India",Panamax,thermal coal,bear,69943.75,11.8,9.062369623047616,289917.92731015856,343938.1880118781,50000.0,500000.0,450000.0,-106061.81198812189,KILL
6,"Banjarmasin (South Kalimantan), Indonesia","Krishnapatnam, India",Panamax,thermal coal,bear,69943.75,11.8,9.062369623047616,289917.92731015856,343938.1880118781,50000.0,1000000.0,950000.0,-606061.8119881218,KILL
6,"Banjarmasin (South Kalimantan), Indonesia","Krishnapatnam, India",Panamax,thermal coal,bear,69943.75,11.8,9.062369623047616,289917.92731015856,343938.1880118781,100000.0,0.0,-100000.0,443938.1880118781,SAIL
6,"Banjarmasin (South Kalimantan), Indonesia","Krishnapatnam, India",Panamax,thermal coal,bear,69943.75,11.8,9.062369623047616,289917.92731015856,343938.1880118781,100000.0,250000.0,150000.0,193938.1880118781,SAIL
6,"Banjarmasin (South Kalimantan), Indonesia","Krishnapatnam, India",Panamax,thermal coal,bear,69943.75,11.8,9.062369623047616,289917.92731015856,343938.1880118781,100000.0,500000.0,400000.0,-56061.81198812189,KILL
6,"Banjarmasin (South Kalimantan), Indonesia","Krishnapatnam, India",Panamax,thermal coal,bear,69943.75,11.8,9.062369623047616,289917.92731015856,343938.1880118781,100000.0,1000000.0,900000.0,-556061.8119881218,KILL
6,"Banjarmasin (South Kalimantan), Indonesia","Krishnapatnam, India",Panamax,thermal coal,bear,69943.75,11.8,9.062369623047616,289917.92731015856,343938.1880118781,250000.0,0.0,-250000.0,593938.1880118782,SAIL
6,"Banjarmasin (South Kalimantan), Indonesia","Krishnapatnam, India",Panamax,thermal coal,bear,69943.75,11.8,9.062369623047616,289917.92731015856,343938.1880118781,250000.0,250000.0,0.0,343938.1880118781,SAIL
6,"Banjarmasin (South Kalimantan), Indonesia","Krishnapatnam, India",Panamax,thermal coal,bear,69943.75,11.8,9.062369623047616,289917.92731015856,343938.1880118781,250000.0,500000.0,250000.0,93938.18801187811,SAIL
6,"Banjarmasin (South Kalimantan), Indonesia","Krishnapatnam, India",Panamax,thermal coal,bear,69943.75,11.8,9.062369623047616,289917.92731015856,343938.1880118781,250000.0,1000000.0,750000.0,-406061.8119881219,KILL
6,"Banjarmasin (South Kalimantan), Indonesia","Krishnapatnam, India",Panamax,thermal coal,bear,69943.75,11.8,9.062369623047616,289917.92731015856,343938.1880118781,500000.0,0.0,-500000.0,843938.1880118782,SAIL
6,"Banjarmasin (South Kalimantan), Indonesia","Krishnapatnam, India",Panamax,thermal coal,bear,69943.75,11.8,9.062369623047616,289917.92731015856,343938.1880118781,500000.0,250000.0,-250000.0,593938.1880118782,SAIL
6,"Banjarmasin (South Kalimantan), Indonesia","Krishnapatnam, India",Panamax,thermal coal,bear,69943.75,11.8,9.062369623047616,289917.92731015856,343938.1880118781,500000.0,500000.0,0.0,343938.1880118781,SAIL
6,"Banjarmasin (South Kalimantan), Indonesia","Krishnapatnam, India",Panamax,thermal coal,bear,69943.75,11.8,9.062369623047616,289917.92731015856,343938.1880118781,500000.0,1000000.0,500000.0,-156061.8119881219,KILL
6,"Banjarmasin (South Kalimantan), Indonesia","Krishnapatnam, India",Panamax,thermal coal,bear,69943.75,11.8,9.062369623047616,289917.92731015856,343938.1880118781,750000.0,0.0,-750000.0,1093938.1880118782,SAIL
6,"Banjarmasin (South Kalimantan), Indonesia","Krishnapatnam, India",Panamax,thermal coal,bear,69943.75,11.8,9.062369623047616,289917.92731015856,343938.1880118781,750000.0,250000.0,-500000.0,843938.1880118782,SAIL
6,"Banjarmasin (South Kalimantan), Indonesia","Krishnapatnam, India",Panamax,thermal coal,bear,69943.75,11.8,9.062369623047616,289917.92731015856,343938.1880118781,750000.0,500000.0,-250000.0,593938.1880118782,SAIL
6,"Banjarmasin (South Kalimantan), Indonesia","Krishnapatnam, India",Panamax,thermal coal,bear,69943.75,11.8,9.062369623047616,289917.92731015856,343938.1880118781,750000.0,1000000.0,250000.0,93938.18801187811,SAIL
6,"Banjarmasin (South Kalimantan), Indonesia","Krishnapatnam, India",Panamax,thermal coal,bear,69943.75,11.8,9.062369623047616,289917.92731015856,343938.1880118781,1000000.0,0.0,-1000000.0,1343938.1880118782,SAIL
6,"Banjarmasin (South Kalimantan), Indonesia","Krishnapatnam, India",Panamax,thermal coal,bear,69943.75,11.8,9.062369623047616,289917.92731015856,343938.1880118781,1000000.0,250000.0,-750000.0,1093938.1880118782,SAIL
6,"Banjarmasin (South Kalimantan), Indonesia","Krishnapatnam, India",Panamax,thermal coal,bear,69943.75,11.8,9.062369623047616,289917.92731015856,343938.1880118781,1000000.0,500000.0,-500000.0,843938.1880118782,SAIL
6,"Banjarmasin (South Kalimantan), Indonesia","Krishnapatnam, India",Panamax,thermal coal,bear,69943.75,11.8,9.062369623047616,289917.92731015856,343938.1880118781,1000000.0,1000000.0,0.0,343938.1880118781,SAIL
6,"Banjarmasin (South Kalimantan), Indonesia","Krishnapatnam, India",Panamax,thermal coal,bear,69943.75,11.8,9.062369623047616,289917.92731015856,343938.1880118781,1500000.0,0.0,-1500000.0,1843938.1880118782,SAIL
6,"Banjarmasin (South Kalimantan), Indonesia","Krishnapatnam, India",Panamax,thermal coal,bear,69943.75,11.8,9.062369623047616,289917.92731015856,343938.1880118781,1500000.0,250000.0,-1250000.0,1593938.1880118782,SAIL
6,"Banjarmasin (South Kalimantan), Indonesia","Krishnapatnam, India",Panamax,thermal coal,bear,69943.75,11.8,9.062369623047616,289917.92731015856,343938.1880118781,1500000.0,500000.0,-1000000.0,1343938.1880118782,SAIL
6,"Banjarmasin (South Kalimantan), Indonesia","Krishnapatnam, India",Panamax,thermal coal,bear,69943.75,11.8,9.062369623047616,289917.92731015856,343938.1880118781,1500000.0,1000000.0,-500000.0,843938.1880118782,SAIL
6,"Banjarmasin (South Kalimantan), Indonesia","Krishnapatnam, India",Panamax,thermal coal,bear,69943.75,11.8,9.062369623047616,289917.92731015856,343938.1880118781,2000000.0,0.0,-2000000.0,2343938.188011878,SAIL
6,"Banjarmasin (South Kalimantan), Indonesia","Krishnapatnam, India",Panamax,thermal coal,bear,69943.75,11.8,9.062369623047616,289917.92731015856,343938.1880118781,2000000.0,250000.0,-1750000.0,2093938.1880118782,SAIL
6,"Banjarmasin (South Kalimantan), Indonesia","Krishnapatnam, India",Panamax,thermal coal,bear,69943.75,11.8,9.062369623047616,289917.92731015856,343938.1880118781,2000000.0,500000.0,-1500000.0,1843938.1880118782,SAIL
6,"Banjarmasin (South Kalimantan), Indonesia","Krishnapatnam, India",Panamax,thermal coal,bear,69943.75,11.8,9.062369623047616,289917.92731015856,343938.1880118781,2000000.0,1000000.0,-1000000.0,1343938.1880118782,SAIL
6,"Banjarmasin (South Kalimantan), Indonesia","Krishnapatnam, India",Panamax,thermal coal,base,69943.75,11.8,11.8,289917.92731015856,535418.3226898415,0.0,0.0,0.0,535418.3226898415,SAIL
6,"Banjarmasin (South Kalimantan), Indonesia","Krishnapatnam, India",Panamax,thermal coal,base,69943.75,11.8,11.8,289917.92731015856,535418.3226898415,0.0,250000.0,250000.0,285418.3226898415,SAIL
6,"Banjarmasin (South Kalimantan), Indonesia","Krishnapatnam, India",Panamax,thermal coal,base,69943.75,11.8,11.8,289917.92731015856,535418.3226898415,0.0,500000.0,500000.0,35418.3226898415,SAIL
6,"Banjarmasin (South Kalimantan), Indonesia","Krishnapatnam, India",Panamax,thermal coal,base,69943.75,11.8,11.8,289917.92731015856,535418.3226898415,0.0,1000000.0,1000000.0,-464581.6773101585,KILL
6,"Banjarmasin (South Kalimantan), Indonesia","Krishnapatnam, India",Panamax,thermal coal,base,69943.75,11.8,11.8,289917.92731015856,535418.3226898415,50000.0,0.0,-50000.0,585418.3226898415,SAIL
6,"Banjarmasin (South Kalimantan), Indonesia","Krishnapatnam, India",Panamax,thermal coal,base,69943.75,11.8,11.8,289917.92731015856,535418.3226898415,50000.0,250000.0,200000.0,335418.3226898415,SAIL
6,"Banjarmasin (South Kalimantan), Indonesia","Krishnapatnam, India",Panamax,thermal coal,base,69943.75,11.8,11.8,289917.92731015856,535418.3226898415,50000.0,500000.0,450000.0,85418.3226898415,SAIL
6,"Banjarmasin (South Kalimantan), Indonesia","Krishnapatnam, India",Panamax,thermal coal,base,69943.75,11.8,11.8,289917.92731015856,535418.3226898415,50000.0,1000000.0,950000.0,-414581.6773101585,KILL
6,"Banjarmasin (South Kalimantan), Indonesia","Krishnapatnam, India",Panamax,thermal coal,base,69943.75,11.8,11.8,289917.92731015856,535418.3226898415,100000.0,0.0,-100000.0,635418.3226898415,SAIL
6,"Banjarmasin (South Kalimantan), Indonesia","Krishnapatnam, India",Panamax,thermal coal,base,69943.75,11.8,11.8,289917.92731015856,535418.3226898415,100000.0,250000.0,150000.0,385418.3226898415,SAIL
6,"Banjarmasin (South Kalimantan), Indonesia","Krishnapatnam, India",Panamax,thermal coal,base,69943.75,11.8,11.8,289917.92731015856,535418.3226898415,100000.0,500000.0,400000.0,135418.3226898415,SAIL
6,"Banjarmasin (South Kalimantan), Indonesia","Krishnapatnam, India",Panamax,thermal coal,base,69943.75,11.8,11.8,289917.92731015856,535418.3226898415,100000.0,1000000.0,900000.0,-364581.6773101585,KILL
6,"Banjarmasin (South Kalimantan), Indonesia","Krishnapatnam, India",Panamax,thermal coal,base,69943.75,11.8,11.8,289917.92731015856,535418.3226898415,250000.0,0.0,-250000.0,785418.3226898415,SAIL
6,"Banjarmasin (South Kalimantan), Indonesia","Krishnapatnam, India",Panamax,thermal coal,base,69943.75,11.8,11.8,289917.92731015856,535418.3226898415,250000.0,250000.0,0.0,535418.3226898415,SAIL
6,"Banjarmasin (South Kalimantan), Indonesia","Krishnapatnam, India",Panamax,thermal coal,base,69943.75,11.8,11.8,289917.92731015856,535418.3226898415,250000.0,500000.0,250000.0,285418.3226898415,SAIL
6,"Banjarmasin (South Kalimantan), Indonesia","Krishnapatnam, India",Panamax,thermal coal,base,69943.75,11.8,11.8,289917.92731015856,535418.3226898415,250000.0,1000000.0,750000.0,-214581.6773101585,KILL
6,"Banjarmasin (South Kalimantan), Indonesia","Krishnapatnam, India",Panamax,thermal coal,base,69943.75,11.8,11.8,289917.92731015856,535418.3226898415,500000.0,0.0,-500000.0,1035418.3226898415,SAIL
6,"Banjarmasin (South Kalimantan), Indonesia","Krishnapatnam, India",Panamax,thermal coal,base,69943.75,11.8,11.8,289917.92731015856,535418.3226898415,500000.0,250000.0,-250000.0,785418.3226898415,SAIL
6,"Banjarmasin (South Kalimantan), Indonesia","Krishnapatnam, India",Panamax,thermal coal,base,69943.75,11.8,11.8,289917.92731015856,535418.3226898415,500000.0,500000.0,0.0,535418.3226898415,SAIL
6,"Banjarmasin (South Kalimantan), Indonesia","Krishnapatnam, India",Panamax,thermal coal,base,69943.75,11.8,11.8,289917.92731015856,535418.3226898415,500000.0,1000000.0,500000.0,35418.3226898415,SAIL
6,"Banjarmasin (South Kalimantan), Indonesia","Krishnapatnam, India",Panamax,thermal coal,base,69943.75,11.8,11.8,289917.92731015856,535418.3226898415,750000.0,0.0,-750000.0,1285418.3226898415,SAIL
6,"Banjarmasin (South Kalimantan), Indonesia","Krishnapatnam, India",Panamax,thermal coal,base,69943.75,11.8,11.8,289917.92731015856,535418.3226898415,750000.0,250000.0,-500000.0,1035418.3226898415,SAIL
6,"Banjarmasin (South Kalimantan), Indonesia","Krishnapatnam, India",Panamax,thermal coal,base,69943.75,11.8,11.8,289917.92731015856,535418.3226898415,750000.0,500000.0,-250000.0,785418.3226898415,SAIL
6,"Banjarmasin (South Kalimantan), Indonesia","Krishnapatnam, India",Panamax,thermal coal,base,69943.75,11.8,11.8,289917.92731015856,535418.3226898415,750000.0,1000000.0,250000.0,285418.3226898415,SAIL
6,"Banjarmasin (South Kalimantan), Indonesia","Krishnapatnam, India",Panamax,thermal coal,base,69943.75,11.8,11.8,289917.92731015856,535418.3226898415,1000000.0,0.0,-1000000.0,1535418.3226898415,SAIL
6,"Banjarmasin (South Kalimantan), Indonesia","Krishnapatnam, India",Panamax,thermal coal,base,69943.75,11.8,11.8,289917.92731015856,535418.3226898415,1000000.0,250000.0,-750000.0,1285418.3226898415,SAIL
6,"Banjarmasin (South Kalimantan), Indonesia","Krishnapatnam, India",Panamax,thermal coal,base,69943.75,11.8,11.8,289917.92731015856,535418.3226898415,1000000.0,500000.0,-500000.0,1035418.3226898415,SAIL
6,"Banjarmasin (South Kalimantan), Indonesia","Krishnapatnam, India",Panamax,thermal coal,base,69943.75,11.8,11.8,289917.92731015856,535418.3226898415,1000000.0,1000000.0,0.0,535418.3226898415,SAIL
6,"Banjarmasin (South Kalimantan), Indonesia","Krishnapatnam, India",Panamax,thermal coal,base,69943.75,11.8,11.8,289917.92731015856,535418.3226898415,1500000.0,0.0,-1500000.0,2035418.3226898415,SAIL
6,"Banjarmasin (South Kalimantan), Indonesia","Krishnapatnam, India",Panamax,thermal coal,base,69943.75,11.8,11.8,289917.92731015856,535418.3226898415,1500000.0,250000.0,-1250000.0,1785418.3226898415,SAIL
6,"Banjarmasin (South Kalimantan), Indonesia","Krishnapatnam, India",Panamax,thermal coal,base,69943.75,11.8,11.8,289917.92731015856,535418.3226898415,1500000.0,500000.0,-1000000.0,1535418.3226898415,SAIL
6,"Banjarmasin (South Kalimantan), Indonesia","Krishnapatnam, India",Panamax,thermal coal,base,69943.75,11.8,11.8,289917.92731015856,535418.3226898415,1500000.0,1000000.0,-500000.0,1035418.3226898415,SAIL
6,"Banjarmasin (South Kalimantan), Indonesia","Krishnapatnam, India",Panamax,thermal coal,base,69943.75,11.8,11.8,289917.92731015856,535418.3226898415,2000000.0,0.0,-2000000.0,2535418.3226898415,SAIL
6,"Banjarmasin (South Kalimantan), Indonesia","Krishnapatnam, India",Panamax,thermal coal,base,69943.75,11.8,11.8,289917.92731015856,535418.3226898415,2000000.0,250000.0,-1750000.0,2285418.3226898415,SAIL
6,"Banjarmasin (South Kalimantan), Indonesia","Krishnapatnam, India",Panamax,thermal coal,base,69943.75,11.8,11.8,289917.92731015856,535418.3226898415,2000000.0,500000.0,-1500000.0,2035418.3226898415,SAIL
6,"Banjarmasin (South Kalimantan), Indonesia","Krishnapatnam, India",Panamax,thermal coal,base,69943.75,11.8,11.8,289917.92731015856,535418.3226898415,2000000.0,1000000.0,-1000000.0,1535418.3226898415,SAIL
6,"Banjarmasin (South Kalimantan), Indonesia","Krishnapatnam, India",Panamax,thermal coal,bull,69943.75,11.8,16.87269772767077,289917.92731015856,890221.8243796139,0.0,0.0,0.0,890221.8243796139,SAIL
6,"Banjarmasin (South Kalimantan), Indonesia","Krishnapatnam, India",Panamax,thermal coal,bull,69943.75,11.8,16.87269772767077,289917.92731015856,890221.8243796139,0.0,250000.0,250000.0,640221.8243796139,SAIL
6,"Banjarmasin (South Kalimantan), Indonesia","Krishnapatnam, India",Panamax,thermal coal,bull,69943.75,11.8,16.87269772767077,289917.92731015856,890221.8243796139,0.0,500000.0,500000.0,390221.82437961386,SAIL
6,"Banjarmasin (South Kalimantan), Indonesia","Krishnapatnam, India",Panamax,thermal coal,bull,69943.75,11.8,16.87269772767077,289917.92731015856,890221.8243796139,0.0,1000000.0,1000000.0,-109778.17562038614,KILL
6,"Banjarmasin (South Kalimantan), Indonesia","Krishnapatnam, India",Panamax,thermal coal,bull,69943.75,11.8,16.87269772767077,289917.92731015856,890221.8243796139,50000.0,0.0,-50000.0,940221.8243796139,SAIL
6,"Banjarmasin (South Kalimantan), Indonesia","Krishnapatnam, India",Panamax,thermal coal,bull,69943.75,11.8,16.87269772767077,289917.92731015856,890221.8243796139,50000.0,250000.0,200000.0,690221.8243796139,SAIL
6,"Banjarmasin (South Kalimantan), Indonesia","Krishnapatnam, India",Panamax,thermal coal,bull,69943.75,11.8,16.87269772767077,289917.92731015856,890221.8243796139,50000.0,500000.0,450000.0,440221.82437961386,SAIL
6,"Banjarmasin (South Kalimantan), Indonesia","Krishnapatnam, India",Panamax,thermal coal,bull,69943.75,11.8,16.87269772767077,289917.92731015856,890221.8243796139,50000.0,1000000.0,950000.0,-59778.175620386144,KILL
6,"Banjarmasin (South Kalimantan), Indonesia","Krishnapatnam, India",Panamax,thermal coal,bull,69943.75,11.8,16.87269772767077,289917.92731015856,890221.8243796139,100000.0,0.0,-100000.0,990221.8243796139,SAIL
6,"Banjarmasin (South Kalimantan), Indonesia","Krishnapatnam, India",Panamax,thermal coal,bull,69943.75,11.8,16.87269772767077,289917.92731015856,890221.8243796139,100000.0,250000.0,150000.0,740221.8243796139,SAIL
6,"Banjarmasin (South Kalimantan), Indonesia","Krishnapatnam, India",Panamax,thermal coal,bull,69943.75,11.8,16.87269772767077,289917.92731015856,890221.8243796139,100000.0,500000.0,400000.0,490221.82437961386,SAIL
6,"Banjarmasin (South Kalimantan), Indonesia","Krishnapatnam, India",Panamax,thermal coal,bull,69943.75,11.8,16.87269772767077,289917.92731015856,890221.8243796139,100000.0,1000000.0,900000.0,-9778.175620386144,KILL
6,"Banjarmasin (South Kalimantan), Indonesia","Krishnapatnam, India",Panamax,thermal coal,bull,69943.75,11.8,16.87269772767077,289917.92731015856,890221.8243796139,250000.0,0.0,-250000.0,1140221.8243796139,SAIL
6,"Banjarmasin (South Kalimantan), Indonesia","Krishnapatnam, India",Panamax,thermal coal,bull,69943.75,11.8,16.87269772767077,289917.92731015856,890221.8243796139,250000.0,250000.0,0.0,890221.8243796139,SAIL
6,"Banjarmasin (South Kalimantan), Indonesia","Krishnapatnam, India",Panamax,thermal coal,bull,69943.75,11.8,16.87269772767077,289917.92731015856,890221.8243796139,250000.0,500000.0,250000.0,640221.8243796139,SAIL
6,"Banjarmasin (South Kalimantan), Indonesia","Krishnapatnam, India",Panamax,thermal coal,bull,69943.75,11.8,16.87269772767077,289917.92731015856,890221.8243796139,250000.0,1000000.0,750000.0,140221.82437961386,SAIL
6,"Banjarmasin (South Kalimantan), Indonesia","Krishnapatnam, India",Panamax,thermal coal,bull,69943.75,11.8,16.87269772767077,289917.92731015856,890221.8243796139,500000.0,0.0,-500000.0,1390221.8243796139,SAIL
6,"Banjarmasin (South Kalimantan), Indonesia","Krishnapatnam, India",Panamax,thermal coal,bull,69943.75,11.8,16.87269772767077,289917.92731015856,890221.8243796139,500000.0,250000.0,-250000.0,1140221.8243796139,SAIL
6,"Banjarmasin (South Kalimantan), Indonesia","Krishnapatnam, India",Panamax,thermal coal,bull,69943.75,11.8,16.87269772767077,289917.92731015856,890221.8243796139,500000.0,500000.0,0.0,890221.8243796139,SAIL
6,"Banjarmasin (South Kalimantan), Indonesia","Krishnapatnam, India",Panamax,thermal coal,bull,69943.75,11.8,16.87269772767077,289917.92731015856,890221.8243796139,500000.0,1000000.0,500000.0,390221.82437961386,SAIL
6,"Banjarmasin (South Kalimantan), Indonesia","Krishnapatnam, India",Panamax,thermal coal,bull,69943.75,11.8,16.87269772767077,289917.92731015856,890221.8243796139,750000.0,0.0,-750000.0,1640221.8243796139,SAIL
6,"Banjarmasin (South Kalimantan), Indonesia","Krishnapatnam, India",Panamax,thermal coal,bull,69943.75,11.8,16.87269772767077,289917.92731015856,890221.8243796139,750000.0,250000.0,-500000.0,1390221.8243796139,SAIL
6,"Banjarmasin (South Kalimantan), Indonesia","Krishnapatnam, India",Panamax,thermal coal,bull,69943.75,11.8,16.87269772767077,289917.92731015856,890221.8243796139,750000.0,500000.0,-250000.0,1140221.8243796139,SAIL
6,"Banjarmasin (South Kalimantan), Indonesia","Krishnapatnam, India",Panamax,thermal coal,bull,69943.75,11.8,16.87269772767077,289917.92731015856,890221.8243796139,750000.0,1000000.0,250000.0,640221.8243796139,SAIL
6,"Banjarmasin (South Kalimantan), Indonesia","Krishnapatnam, India",Panamax,thermal coal,bull,69943.75,11.8,16.87269772767077,289917.92731015856,890221.8243796139,1000000.0,0.0,-1000000.0,1890221.8243796139,SAIL
6,"Banjarmasin (South Kalimantan), Indonesia","Krishnapatnam, India",Panamax,thermal coal,bull,69943.75,11.8,16.87269772767077,289917.92731015856,890221.8243796139,1000000.0,250000.0,-750000.0,1640221.8243796139,SAIL
6,"Banjarmasin (South Kalimantan), Indonesia","Krishnapatnam, India",Panamax,thermal coal,bull,69943.75,11.8,16.87269772767077,289917.92731015856,890221.8243796139,1000000.0,500000.0,-500000.0,1390221.8243796139,SAIL
6,"Banjarmasin (South Kalimantan), Indonesia","Krishnapatnam, India",Panamax,thermal coal,bull,69943.75,11.8,16.87269772767077,289917.92731015856,890221.8243796139,1000000.0,1000000.0,0.0,890221.8243796139,SAIL
6,"Banjarmasin (South Kalimantan), Indonesia","Krishnapatnam, India",Panamax,thermal coal,bull,69943.75,11.8,16.87269772767077,289917.92731015856,890221.8243796139,1500000.0,0.0,-1500000.0,2390221.8243796136,SAIL
6,"Banjarmasin (South Kalimantan), Indonesia","Krishnapatnam, India",Panamax,thermal coal,bull,69943.75,11.8,16.87269772767077,289917.92731015856,890221.8243796139,1500000.0,250000.0,-1250000.0,2140221.8243796136,SAIL
6,"Banjarmasin (South Kalimantan), Indonesia","Krishnapatnam, India",Panamax,thermal coal,bull,69943.75,11.8,16.87269772767077,289917.92731015856,890221.8243796139,1500000.0,500000.0,-1000000.0,1890221.8243796139,SAIL
6,"Banjarmasin (South Kalimantan), Indonesia","Krishnapatnam, India",Panamax,thermal coal,bull,69943.75,11.8,16.87269772767077,289917.92731015856,890221.8243796139,1500000.0,1000000.0,-500000.0,1390221.8243796139,SAIL
6,"Banjarmasin (South Kalimantan), Indonesia","Krishnapatnam, India",Panamax,thermal coal,bull,69943.75,11.8,16.87269772767077,289917.92731015856,890221.8243796139,2000000.0,0.0,-2000000.0,2890221.8243796136,SAIL
6,"Banjarmasin (South Kalimantan), Indonesia","Krishnapatnam, India",Panamax,thermal coal,bull,69943.75,11.8,16.87269772767077,289917.92731015856,890221.8243796139,2000000.0,250000.0,-1750000.0,2640221.8243796136,SAIL
6,"Banjarmasin (South Kalimantan), Indonesia","Krishnapatnam, India",Panamax,thermal coal,bull,69943.75,11.8,16.87269772767077,289917.92731015856,890221.8243796139,2000000.0,500000.0,-1500000.0,2390221.8243796136,SAIL
6,"Banjarmasin (South Kalimantan), Indonesia","Krishnapatnam, India",Panamax,thermal coal,bull,69943.75,11.8,16.87269772767077,289917.92731015856,890221.8243796139,2000000.0,1000000.0,-1000000.0,1890221.8243796139,SAIL
7,"East Kalimantan, Indonesia","Paradip, India",Supramax,coal,bear,51893.75,16.05,12.326358682196124,324360.20148084464,315300.77438337053,0.0,0.0,0.0,315300.77438337053,SAIL
7,"East Kalimantan, Indonesia","Paradip, India",Supramax,coal,bear,51893.75,16.05,12.326358682196124,324360.20148084464,315300.77438337053,0.0,250000.0,250000.0,65300.77438337053,SAIL
7,"East Kalimantan, Indonesia","Paradip, India",Supramax,coal,bear,51893.75,16.05,12.326358682196124,324360.20148084464,315300.77438337053,0.0,500000.0,500000.0,-184699.22561662947,KILL
7,"East Kalimantan, Indonesia","Paradip, India",Supramax,coal,bear,51893.75,16.05,12.326358682196124,324360.20148084464,315300.77438337053,0.0,1000000.0,1000000.0,-684699.2256166295,KILL
7,"East Kalimantan, Indonesia","Paradip, India",Supramax,coal,bear,51893.75,16.05,12.326358682196124,324360.20148084464,315300.77438337053,50000.0,0.0,-50000.0,365300.77438337053,SAIL
7,"East Kalimantan, Indonesia","Paradip, India",Supramax,coal,bear,51893.75,16.05,12.326358682196124,324360.20148084464,315300.77438337053,50000.0,250000.0,200000.0,115300.77438337053,SAIL
7,"East Kalimantan, Indonesia","Paradip, India",Supramax,coal,bear,51893.75,16.05,12.326358682196124,324360.20148084464,315300.77438337053,50000.0,500000.0,450000.0,-134699.22561662947,KILL
7,"East Kalimantan, Indonesia","Paradip, India",Supramax,coal,bear,51893.75,16.05,12.326358682196124,324360.20148084464,315300.77438337053,50000.0,1000000.0,950000.0,-634699.2256166295,KILL
7,"East Kalimantan, Indonesia","Paradip, India",Supramax,coal,bear,51893.75,16.05,12.326358682196124,324360.20148084464,315300.77438337053,100000.0,0.0,-100000.0,415300.77438337053,SAIL
7,"East Kalimantan, Indonesia","Paradip, India",Supramax,coal,bear,51893.75,16.05,12.326358682196124,324360.20148084464,315300.77438337053,100000.0,250000.0,150000.0,165300.77438337053,SAIL
7,"East Kalimantan, Indonesia","Paradip, India",Supramax,coal,bear,51893.75,16.05,12.326358682196124,324360.20148084464,315300.77438337053,100000.0,500000.0,400000.0,-84699.22561662947,KILL
7,"East Kalimantan, Indonesia","Paradip, India",Supramax,coal,bear,51893.75,16.05,12.326358682196124,324360.20148084464,315300.77438337053,100000.0,1000000.0,900000.0,-584699.2256166295,KILL
7,"East Kalimantan, Indonesia","Paradip, India",Supramax,coal,bear,51893.75,16.05,12.326358682196124,324360.20148084464,315300.77438337053,250000.0,0.0,-250000.0,565300.7743833705,SAIL
7,"East Kalimantan, Indonesia","Paradip, India",Supramax,coal,bear,51893.75,16.05,12.326358682196124,324360.20148084464,315300.77438337053,250000.0,250000.0,0.0,315300.77438337053,SAIL
7,"East Kalimantan, Indonesia","Paradip, India",Supramax,coal,bear,51893.75,16.05,12.326358682196124,324360.20148084464,315300.77438337053,250000.0,500000.0,250000.0,65300.77438337053,SAIL
7,"East Kalimantan, Indonesia","Paradip, India",Supramax,coal,bear,51893.75,16.05,12.326358682196124,324360.20148084464,315300.77438337053,250000.0,1000000.0,750000.0,-434699.22561662947,KILL
7,"East Kalimantan, Indonesia","Paradip, India",Supramax,coal,bear,51893.75,16.05,12.326358682196124,324360.20148084464,315300.77438337053,500000.0,0.0,-500000.0,815300.7743833705,SAIL
7,"East Kalimantan, Indonesia","Paradip, India",Supramax,coal,bear,51893.75,16.05,12.326358682196124,324360.20148084464,315300.77438337053,500000.0,250000.0,-250000.0,565300.7743833705,SAIL
7,"East Kalimantan, Indonesia","Paradip, India",Supramax,coal,bear,51893.75,16.05,12.326358682196124,324360.20148084464,315300.77438337053,500000.0,500000.0,0.0,315300.77438337053,SAIL
7,"East Kalimantan, Indonesia","Paradip, India",Supramax,coal,bear,51893.75,16.05,12.326358682196124,324360.20148084464,315300.77438337053,500000.0,1000000.0,500000.0,-184699.22561662947,KILL
7,"East Kalimantan, Indonesia","Paradip, India",Supramax,coal,bear,51893.75,16.05,12.326358682196124,324360.20148084464,315300.77438337053,750000.0,0.0,-750000.0,1065300.7743833705,SAIL
7,"East Kalimantan, Indonesia","Paradip, India",Supramax,coal,bear,51893.75,16.05,12.326358682196124,324360.20148084464,315300.77438337053,750000.0,250000.0,-500000.0,815300.7743833705,SAIL
7,"East Kalimantan, Indonesia","Paradip, India",Supramax,coal,bear,51893.75,16.05,12.326358682196124,324360.20148084464,315300.77438337053,750000.0,500000.0,-250000.0,565300.7743833705,SAIL
7,"East Kalimantan, Indonesia","Paradip, India",Supramax,coal,bear,51893.75,16.05,12.326358682196124,324360.20148084464,315300.77438337053,750000.0,1000000.0,250000.0,65300.77438337053,SAIL
7,"East Kalimantan, Indonesia","Paradip, India",Supramax,coal,bear,51893.75,16.05,12.326358682196124,324360.20148084464,315300.77438337053,1000000.0,0.0,-1000000.0,1315300.7743833705,SAIL
7,"East Kalimantan, Indonesia","Paradip, India",Supramax,coal,bear,51893.75,16.05,12.326358682196124,324360.20148084464,315300.77438337053,1000000.0,250000.0,-750000.0,1065300.7743833705,SAIL
7,"East Kalimantan, Indonesia","Paradip, India",Supramax,coal,bear,51893.75,16.05,12.326358682196124,324360.20148084464,315300.77438337053,1000000.0,500000.0,-500000.0,815300.7743833705,SAIL
7,"East Kalimantan, Indonesia","Paradip, India",Supramax,coal,bear,51893.75,16.05,12.326358682196124,324360.20148084464,315300.77438337053,1000000.0,1000000.0,0.0,315300.77438337053,SAIL
7,"East Kalimantan, Indonesia","Paradip, India",Supramax,coal,bear,51893.75,16.05,12.326358682196124,324360.20148084464,315300.77438337053,1500000.0,0.0,-1500000.0,1815300.7743833705,SAIL
7,"East Kalimantan, Indonesia","Paradip, India",Supramax,coal,bear,51893.75,16.05,12.326358682196124,324360.20148084464,315300.77438337053,1500000.0,250000.0,-1250000.0,1565300.7743833705,SAIL
7,"East Kalimantan, Indonesia","Paradip, India",Supramax,coal,bear,51893.75,16.05,12.326358682196124,324360.20148084464,315300.77438337053,1500000.0,500000.0,-1000000.0,1315300.7743833705,SAIL
7,"East Kalimantan, Indonesia","Paradip, India",Supramax,coal,bear,51893.75,16.05,12.326358682196124,324360.20148084464,315300.77438337053,1500000.0,1000000.0,-500000.0,815300.7743833705,SAIL
7,"East Kalimantan, Indonesia","Paradip, India",Supramax,coal,bear,51893.75,16.05,12.326358682196124,324360.20148084464,315300.77438337053,2000000.0,0.0,-2000000.0,2315300.7743833708,SAIL
7,"East Kalimantan, Indonesia","Paradip, India",Supramax,coal,bear,51893.75,16.05,12.326358682196124,324360.20148084464,315300.77438337053,2000000.0,250000.0,-1750000.0,2065300.7743833705,SAIL
7,"East Kalimantan, Indonesia","Paradip, India",Supramax,coal,bear,51893.75,16.05,12.326358682196124,324360.20148084464,315300.77438337053,2000000.0,500000.0,-1500000.0,1815300.7743833705,SAIL
7,"East Kalimantan, Indonesia","Paradip, India",Supramax,coal,bear,51893.75,16.05,12.326358682196124,324360.20148084464,315300.77438337053,2000000.0,1000000.0,-1000000.0,1315300.7743833705,SAIL
7,"East Kalimantan, Indonesia","Paradip, India",Supramax,coal,base,51893.75,16.05,16.05,324360.20148084464,508534.48601915536,0.0,0.0,0.0,508534.48601915536,SAIL
7,"East Kalimantan, Indonesia","Paradip, India",Supramax,coal,base,51893.75,16.05,16.05,324360.20148084464,508534.48601915536,0.0,250000.0,250000.0,258534.48601915536,SAIL
7,"East Kalimantan, Indonesia","Paradip, India",Supramax,coal,base,51893.75,16.05,16.05,324360.20148084464,508534.48601915536,0.0,500000.0,500000.0,8534.48601915536,SAIL
7,"East Kalimantan, Indonesia","Paradip, India",Supramax,coal,base,51893.75,16.05,16.05,324360.20148084464,508534.48601915536,0.0,1000000.0,1000000.0,-491465.51398084464,KILL
7,"East Kalimantan, Indonesia","Paradip, India",Supramax,coal,base,51893.75,16.05,16.05,324360.20148084464,508534.48601915536,50000.0,0.0,-50000.0,558534.4860191554,SAIL
7,"East Kalimantan, Indonesia","Paradip, India",Supramax,coal,base,51893.75,16.05,16.05,324360.20148084464,508534.48601915536,50000.0,250000.0,200000.0,308534.48601915536,SAIL
7,"East Kalimantan, Indonesia","Paradip, India",Supramax,coal,base,51893.75,16.05,16.05,324360.20148084464,508534.48601915536,50000.0,500000.0,450000.0,58534.48601915536,SAIL
7,"East Kalimantan, Indonesia","Paradip, India",Supramax,coal,base,51893.75,16.05,16.05,324360.20148084464,508534.48601915536,50000.0,1000000.0,950000.0,-441465.51398084464,KILL
7,"East Kalimantan, Indonesia","Paradip, India",Supramax,coal,base,51893.75,16.05,16.05,324360.20148084464,508534.48601915536,100000.0,0.0,-100000.0,608534.4860191554,SAIL
7,"East Kalimantan, Indonesia","Paradip, India",Supramax,coal,base,51893.75,16.05,16.05,324360.20148084464,508534.48601915536,100000.0,250000.0,150000.0,358534.48601915536,SAIL
7,"East Kalimantan, Indonesia","Paradip, India",Supramax,coal,base,51893.75,16.05,16.05,324360.20148084464,508534.48601915536,100000.0,500000.0,400000.0,108534.48601915536,SAIL
7,"East Kalimantan, Indonesia","Paradip, India",Supramax,coal,base,51893.75,16.05,16.05,324360.20148084464,508534.48601915536,100000.0,1000000.0,900000.0,-391465.51398084464,KILL
7,"East Kalimantan, Indonesia","Paradip, India",Supramax,coal,base,51893.75,16.05,16.05,324360.20148084464,508534.48601915536,250000.0,0.0,-250000.0,758534.4860191554,SAIL
7,"East Kalimantan, Indonesia","Paradip, India",Supramax,coal,base,51893.75,16.05,16.05,324360.20148084464,508534.48601915536,250000.0,250000.0,0.0,508534.48601915536,SAIL
7,"East Kalimantan, Indonesia","Paradip, India",Supramax,coal,base,51893.75,16.05,16.05,324360.20148084464,508534.48601915536,250000.0,500000.0,250000.0,258534.48601915536,SAIL
7,"East Kalimantan, Indonesia","Paradip, India",Supramax,coal,base,51893.75,16.05,16.05,324360.20148084464,508534.48601915536,250000.0,1000000.0,750000.0,-241465.51398084464,KILL
7,"East Kalimantan, Indonesia","Paradip, India",Supramax,coal,base,51893.75,16.05,16.05,324360.20148084464,508534.48601915536,500000.0,0.0,-500000.0,1008534.4860191554,SAIL
7,"East Kalimantan, Indonesia","Paradip, India",Supramax,coal,base,51893.75,16.05,16.05,324360.20148084464,508534.48601915536,500000.0,250000.0,-250000.0,758534.4860191554,SAIL
7,"East Kalimantan, Indonesia","Paradip, India",Supramax,coal,base,51893.75,16.05,16.05,324360.20148084464,508534.48601915536,500000.0,500000.0,0.0,508534.48601915536,SAIL
7,"East Kalimantan, Indonesia","Paradip, India",Supramax,coal,base,51893.75,16.05,16.05,324360.20148084464,508534.48601915536,500000.0,1000000.0,500000.0,8534.48601915536,SAIL
7,"East Kalimantan, Indonesia","Paradip, India",Supramax,coal,base,51893.75,16.05,16.05,324360.20148084464,508534.48601915536,750000.0,0.0,-750000.0,1258534.4860191555,SAIL
7,"East Kalimantan, Indonesia","Paradip, India",Supramax,coal,base,51893.75,16.05,16.05,324360.20148084464,508534.48601915536,750000.0,250000.0,-500000.0,1008534.4860191554,SAIL
7,"East Kalimantan, Indonesia","Paradip, India",Supramax,coal,base,51893.75,16.05,16.05,324360.20148084464,508534.48601915536,750000.0,500000.0,-250000.0,758534.4860191554,SAIL
7,"East Kalimantan, Indonesia","Paradip, India",Supramax,coal,base,51893.75,16.05,16.05,324360.20148084464,508534.48601915536,750000.0,1000000.0,250000.0,258534.48601915536,SAIL
7,"East Kalimantan, Indonesia","Paradip, India",Supramax,coal,base,51893.75,16.05,16.05,324360.20148084464,508534.48601915536,1000000.0,0.0,-1000000.0,1508534.4860191555,SAIL
7,"East Kalimantan, Indonesia","Paradip, India",Supramax,coal,base,51893.75,16.05,16.05,324360.20148084464,508534.48601915536,1000000.0,250000.0,-750000.0,1258534.4860191555,SAIL
7,"East Kalimantan, Indonesia","Paradip, India",Supramax,coal,base,51893.75,16.05,16.05,324360.20148084464,508534.48601915536,1000000.0,500000.0,-500000.0,1008534.4860191554,SAIL
7,"East Kalimantan, Indonesia","Paradip, India",Supramax,coal,base,51893.75,16.05,16.05,324360.20148084464,508534.48601915536,1000000.0,1000000.0,0.0,508534.48601915536,SAIL
7,"East Kalimantan, Indonesia","Paradip, India",Supramax,coal,base,51893.75,16.05,16.05,324360.20148084464,508534.48601915536,1500000.0,0.0,-1500000.0,2008534.4860191555,SAIL
7,"East Kalimantan, Indonesia","Paradip, India",Supramax,coal,base,51893.75,16.05,16.05,324360.20148084464,508534.48601915536,1500000.0,250000.0,-1250000.0,1758534.4860191555,SAIL
7,"East Kalimantan, Indonesia","Paradip, India",Supramax,coal,base,51893.75,16.05,16.05,324360.20148084464,508534.48601915536,1500000.0,500000.0,-1000000.0,1508534.4860191555,SAIL
7,"East Kalimantan, Indonesia","Paradip, India",Supramax,coal,base,51893.75,16.05,16.05,324360.20148084464,508534.48601915536,1500000.0,1000000.0,-500000.0,1008534.4860191554,SAIL
7,"East Kalimantan, Indonesia","Paradip, India",Supramax,coal,base,51893.75,16.05,16.05,324360.20148084464,508534.48601915536,2000000.0,0.0,-2000000.0,2508534.4860191555,SAIL
7,"East Kalimantan, Indonesia","Paradip, India",Supramax,coal,base,51893.75,16.05,16.05,324360.20148084464,508534.48601915536,2000000.0,250000.0,-1750000.0,2258534.4860191555,SAIL
7,"East Kalimantan, Indonesia","Paradip, India",Supramax,coal,base,51893.75,16.05,16.05,324360.20148084464,508534.48601915536,2000000.0,500000.0,-1500000.0,2008534.4860191555,SAIL
7,"East Kalimantan, Indonesia","Paradip, India",Supramax,coal,base,51893.75,16.05,16.05,324360.20148084464,508534.48601915536,2000000.0,1000000.0,-1000000.0,1508534.4860191555,SAIL
7,"East Kalimantan, Indonesia","Paradip, India",Supramax,coal,bull,51893.75,16.05,22.94972868890812,324360.20148084464,866587.2816691812,0.0,0.0,0.0,866587.2816691812,SAIL
7,"East Kalimantan, Indonesia","Paradip, India",Supramax,coal,bull,51893.75,16.05,22.94972868890812,324360.20148084464,866587.2816691812,0.0,250000.0,250000.0,616587.2816691812,SAIL
7,"East Kalimantan, Indonesia","Paradip, India",Supramax,coal,bull,51893.75,16.05,22.94972868890812,324360.20148084464,866587.2816691812,0.0,500000.0,500000.0,366587.2816691812,SAIL
7,"East Kalimantan, Indonesia","Paradip, India",Supramax,coal,bull,51893.75,16.05,22.94972868890812,324360.20148084464,866587.2816691812,0.0,1000000.0,1000000.0,-133412.7183308188,KILL
7,"East Kalimantan, Indonesia","Paradip, India",Supramax,coal,bull,51893.75,16.05,22.94972868890812,324360.20148084464,866587.2816691812,50000.0,0.0,-50000.0,916587.2816691812,SAIL
7,"East Kalimantan, Indonesia","Paradip, India",Supramax,coal,bull,51893.75,16.05,22.94972868890812,324360.20148084464,866587.2816691812,50000.0,250000.0,200000.0,666587.2816691812,SAIL
7,"East Kalimantan, Indonesia","Paradip, India",Supramax,coal,bull,51893.75,16.05,22.94972868890812,324360.20148084464,866587.2816691812,50000.0,500000.0,450000.0,416587.2816691812,SAIL
7,"East Kalimantan, Indonesia","Paradip, India",Supramax,coal,bull,51893.75,16.05,22.94972868890812,324360.20148084464,866587.2816691812,50000.0,1000000.0,950000.0,-83412.71833081881,KILL
7,"East Kalimantan, Indonesia","Paradip, India",Supramax,coal,bull,51893.75,16.05,22.94972868890812,324360.20148084464,866587.2816691812,100000.0,0.0,-100000.0,966587.2816691812,SAIL
7,"East Kalimantan, Indonesia","Paradip, India",Supramax,coal,bull,51893.75,16.05,22.94972868890812,324360.20148084464,866587.2816691812,100000.0,250000.0,150000.0,716587.2816691812,SAIL
7,"East Kalimantan, Indonesia","Paradip, India",Supramax,coal,bull,51893.75,16.05,22.94972868890812,324360.20148084464,866587.2816691812,100000.0,500000.0,400000.0,466587.2816691812,SAIL
7,"East Kalimantan, Indonesia","Paradip, India",Supramax,coal,bull,51893.75,16.05,22.94972868890812,324360.20148084464,866587.2816691812,100000.0,1000000.0,900000.0,-33412.71833081881,KILL
7,"East Kalimantan, Indonesia","Paradip, India",Supramax,coal,bull,51893.75,16.05,22.94972868890812,324360.20148084464,866587.2816691812,250000.0,0.0,-250000.0,1116587.2816691813,SAIL
7,"East Kalimantan, Indonesia","Paradip, India",Supramax,coal,bull,51893.75,16.05,22.94972868890812,324360.20148084464,866587.2816691812,250000.0,250000.0,0.0,866587.2816691812,SAIL
7,"East Kalimantan, Indonesia","Paradip, India",Supramax,coal,bull,51893.75,16.05,22.94972868890812,324360.20148084464,866587.2816691812,250000.0,500000.0,250000.0,616587.2816691812,SAIL
7,"East Kalimantan, Indonesia","Paradip, India",Supramax,coal,bull,51893.75,16.05,22.94972868890812,324360.20148084464,866587.2816691812,250000.0,1000000.0,750000.0,116587.28166918119,SAIL
7,"East Kalimantan, Indonesia","Paradip, India",Supramax,coal,bull,51893.75,16.05,22.94972868890812,324360.20148084464,866587.2816691812,500000.0,0.0,-500000.0,1366587.2816691813,SAIL
7,"East Kalimantan, Indonesia","Paradip, India",Supramax,coal,bull,51893.75,16.05,22.94972868890812,324360.20148084464,866587.2816691812,500000.0,250000.0,-250000.0,1116587.2816691813,SAIL
7,"East Kalimantan, Indonesia","Paradip, India",Supramax,coal,bull,51893.75,16.05,22.94972868890812,324360.20148084464,866587.2816691812,500000.0,500000.0,0.0,866587.2816691812,SAIL
7,"East Kalimantan, Indonesia","Paradip, India",Supramax,coal,bull,51893.75,16.05,22.94972868890812,324360.20148084464,866587.2816691812,500000.0,1000000.0,500000.0,366587.2816691812,SAIL
7,"East Kalimantan, Indonesia","Paradip, India",Supramax,coal,bull,51893.75,16.05,22.94972868890812,324360.20148084464,866587.2816691812,750000.0,0.0,-750000.0,1616587.2816691813,SAIL
7,"East Kalimantan, Indonesia","Paradip, India",Supramax,coal,bull,51893.75,16.05,22.94972868890812,324360.20148084464,866587.2816691812,750000.0,250000.0,-500000.0,1366587.2816691813,SAIL
7,"East Kalimantan, Indonesia","Paradip, India",Supramax,coal,bull,51893.75,16.05,22.94972868890812,324360.20148084464,866587.2816691812,750000.0,500000.0,-250000.0,1116587.2816691813,SAIL
7,"East Kalimantan, Indonesia","Paradip, India",Supramax,coal,bull,51893.75,16.05,22.94972868890812,324360.20148084464,866587.2816691812,750000.0,1000000.0,250000.0,616587.2816691812,SAIL
7,"East Kalimantan, Indonesia","Paradip, India",Supramax,coal,bull,51893.75,16.05,22.94972868890812,324360.20148084464,866587.2816691812,1000000.0,0.0,-1000000.0,1866587.2816691813,SAIL
7,"East Kalimantan, Indonesia","Paradip, India",Supramax,coal,bull,51893.75,16.05,22.94972868890812,324360.20148084464,866587.2816691812,1000000.0,250000.0,-750000.0,1616587.2816691813,SAIL
7,"East Kalimantan, Indonesia","Paradip, India",Supramax,coal,bull,51893.75,16.05,22.94972868890812,324360.20148084464,866587.2816691812,1000000.0,500000.0,-500000.0,1366587.2816691813,SAIL
7,"East Kalimantan, Indonesia","Paradip, India",Supramax,coal,bull,51893.75,16.05,22.94972868890812,324360.20148084464,866587.2816691812,1000000.0,1000000.0,0.0,866587.2816691812,SAIL
7,"East Kalimantan, Indonesia","Paradip, India",Supramax,coal,bull,51893.75,16.05,22.94972868890812,324360.20148084464,866587.2816691812,1500000.0,0.0,-1500000.0,2366587.2816691813,SAIL
7,"East Kalimantan, Indonesia","Paradip, India",Supramax,coal,bull,51893.75,16.05,22.94972868890812,324360.20148084464,866587.2816691812,1500000.0,250000.0,-1250000.0,2116587.2816691813,SAIL
7,"East Kalimantan, Indonesia","Paradip, India",Supramax,coal,bull,51893.75,16.05,22.94972868890812,324360.20148084464,866587.2816691812,1500000.0,500000.0,-1000000.0,1866587.2816691813,SAIL
7,"East Kalimantan, Indonesia","Paradip, India",Supramax,coal,bull,51893.75,16.05,22.94972868890812,324360.20148084464,866587.2816691812,1500000.0,1000000.0,-500000.0,1366587.2816691813,SAIL
7,"East Kalimantan, Indonesia","Paradip, India",Supramax,coal,bull,51893.75,16.05,22.94972868890812,324360.20148084464,866587.2816691812,2000000.0,0.0,-2000000.0,2866587.2816691813,SAIL
7,"East Kalimantan, Indonesia","Paradip, India",Supramax,coal,bull,51893.75,16.05,22.94972868890812,324360.20148084464,866587.2816691812,2000000.0,250000.0,-1750000.0,2616587.2816691813,SAIL
7,"East Kalimantan, Indonesia","Paradip, India",Supramax,coal,bull,51893.75,16.05,22.94972868890812,324360.20148084464,866587.2816691812,2000000.0,500000.0,-1500000.0,2366587.2816691813,SAIL
7,"East Kalimantan, Indonesia","Paradip, India",Supramax,coal,bull,51893.75,16.05,22.94972868890812,324360.20148084464,866587.2816691812,2000000.0,1000000.0,-1000000.0,1866587.2816691813,SAIL
8,"Banjarmasin (South Kalimantan), Indonesia","Dahej, India",Panamax,thermal coal,bear,69943.75,13.1,10.06076627643422,393447.32289767335,310240.3983496727,0.0,0.0,0.0,310240.3983496727,SAIL
8,"Banjarmasin (South Kalimantan), Indonesia","Dahej, India",Panamax,thermal coal,bear,69943.75,13.1,10.06076627643422,393447.32289767335,310240.3983496727,0.0,250000.0,250000.0,60240.39834967267,SAIL
8,"Banjarmasin (South Kalimantan), Indonesia","Dahej, India",Panamax,thermal coal,bear,69943.75,13.1,10.06076627643422,393447.32289767335,310240.3983496727,0.0,500000.0,500000.0,-189759.60165032733,KILL
8,"Banjarmasin (South Kalimantan), Indonesia","Dahej, India",Panamax,thermal coal,bear,69943.75,13.1,10.06076627643422,393447.32289767335,310240.3983496727,0.0,1000000.0,1000000.0,-689759.6016503273,KILL
8,"Banjarmasin (South Kalimantan), Indonesia","Dahej, India",Panamax,thermal coal,bear,69943.75,13.1,10.06076627643422,393447.32289767335,310240.3983496727,50000.0,0.0,-50000.0,360240.3983496727,SAIL
8,"Banjarmasin (South Kalimantan), Indonesia","Dahej, India",Panamax,thermal coal,bear,69943.75,13.1,10.06076627643422,393447.32289767335,310240.3983496727,50000.0,250000.0,200000.0,110240.39834967267,SAIL
8,"Banjarmasin (South Kalimantan), Indonesia","Dahej, India",Panamax,thermal coal,bear,69943.75,13.1,10.06076627643422,393447.32289767335,310240.3983496727,50000.0,500000.0,450000.0,-139759.60165032733,KILL
8,"Banjarmasin (South Kalimantan), Indonesia","Dahej, India",Panamax,thermal coal,bear,69943.75,13.1,10.06076627643422,393447.32289767335,310240.3983496727,50000.0,1000000.0,950000.0,-639759.6016503273,KILL
8,"Banjarmasin (South Kalimantan), Indonesia","Dahej, India",Panamax,thermal coal,bear,69943.75,13.1,10.06076627643422,393447.32289767335,310240.3983496727,100000.0,0.0,-100000.0,410240.3983496727,SAIL
8,"Banjarmasin (South Kalimantan), Indonesia","Dahej, India",Panamax,thermal coal,bear,69943.75,13.1,10.06076627643422,393447.32289767335,310240.3983496727,100000.0,250000.0,150000.0,160240.39834967267,SAIL
8,"Banjarmasin (South Kalimantan), Indonesia","Dahej, India",Panamax,thermal coal,bear,69943.75,13.1,10.06076627643422,393447.32289767335,310240.3983496727,100000.0,500000.0,400000.0,-89759.60165032733,KILL
8,"Banjarmasin (South Kalimantan), Indonesia","Dahej, India",Panamax,thermal coal,bear,69943.75,13.1,10.06076627643422,393447.32289767335,310240.3983496727,100000.0,1000000.0,900000.0,-589759.6016503273,KILL
8,"Banjarmasin (South Kalimantan), Indonesia","Dahej, India",Panamax,thermal coal,bear,69943.75,13.1,10.06076627643422,393447.32289767335,310240.3983496727,250000.0,0.0,-250000.0,560240.3983496727,SAIL
8,"Banjarmasin (South Kalimantan), Indonesia","Dahej, India",Panamax,thermal coal,bear,69943.75,13.1,10.06076627643422,393447.32289767335,310240.3983496727,250000.0,250000.0,0.0,310240.3983496727,SAIL
8,"Banjarmasin (South Kalimantan), Indonesia","Dahej, India",Panamax,thermal coal,bear,69943.75,13.1,10.06076627643422,393447.32289767335,310240.3983496727,250000.0,500000.0,250000.0,60240.39834967267,SAIL
8,"Banjarmasin (South Kalimantan), Indonesia","Dahej, India",Panamax,thermal coal,bear,69943.75,13.1,10.06076627643422,393447.32289767335,310240.3983496727,250000.0,1000000.0,750000.0,-439759.6016503273,KILL
8,"Banjarmasin (South Kalimantan), Indonesia","Dahej, India",Panamax,thermal coal,bear,69943.75,13.1,10.06076627643422,393447.32289767335,310240.3983496727,500000.0,0.0,-500000.0,810240.3983496727,SAIL
8,"Banjarmasin (South Kalimantan), Indonesia","Dahej, India",Panamax,thermal coal,bear,69943.75,13.1,10.06076627643422,393447.32289767335,310240.3983496727,500000.0,250000.0,-250000.0,560240.3983496727,SAIL
8,"Banjarmasin (South Kalimantan), Indonesia","Dahej, India",Panamax,thermal coal,bear,69943.75,13.1,10.06076627643422,393447.32289767335,310240.3983496727,500000.0,500000.0,0.0,310240.3983496727,SAIL
8,"Banjarmasin (South Kalimantan), Indonesia","Dahej, India",Panamax,thermal coal,bear,69943.75,13.1,10.06076627643422,393447.32289767335,310240.3983496727,500000.0,1000000.0,500000.0,-189759.60165032733,KILL
8,"Banjarmasin (South Kalimantan), Indonesia","Dahej, India",Panamax,thermal coal,bear,69943.75,13.1,10.06076627643422,393447.32289767335,310240.3983496727,750000.0,0.0,-750000.0,1060240.3983496726,SAIL
8,"Banjarmasin (South Kalimantan), Indonesia","Dahej, India",Panamax,thermal coal,bear,69943.75,13.1,10.06076627643422,393447.32289767335,310240.3983496727,750000.0,250000.0,-500000.0,810240.3983496727,SAIL
8,"Banjarmasin (South Kalimantan), Indonesia","Dahej, India",Panamax,thermal coal,bear,69943.75,13.1,10.06076627643422,393447.32289767335,310240.3983496727,750000.0,500000.0,-250000.0,560240.3983496727,SAIL
8,"Banjarmasin (South Kalimantan), Indonesia","Dahej, India",Panamax,thermal coal,bear,69943.75,13.1,10.06076627643422,393447.32289767335,310240.3983496727,750000.0,1000000.0,250000.0,60240.39834967267,SAIL
8,"Banjarmasin (South Kalimantan), Indonesia","Dahej, India",Panamax,thermal coal,bear,69943.75,13.1,10.06076627643422,393447.32289767335,310240.3983496727,1000000.0,0.0,-1000000.0,1310240.3983496726,SAIL
8,"Banjarmasin (South Kalimantan), Indonesia","Dahej, India",Panamax,thermal coal,bear,69943.75,13.1,10.06076627643422,393447.32289767335,310240.3983496727,1000000.0,250000.0,-750000.0,1060240.3983496726,SAIL
8,"Banjarmasin (South Kalimantan), Indonesia","Dahej, India",Panamax,thermal coal,bear,69943.75,13.1,10.06076627643422,393447.32289767335,310240.3983496727,1000000.0,500000.0,-500000.0,810240.3983496727,SAIL
8,"Banjarmasin (South Kalimantan), Indonesia","Dahej, India",Panamax,thermal coal,bear,69943.75,13.1,10.06076627643422,393447.32289767335,310240.3983496727,1000000.0,1000000.0,0.0,310240.3983496727,SAIL
8,"Banjarmasin (South Kalimantan), Indonesia","Dahej, India",Panamax,thermal coal,bear,69943.75,13.1,10.06076627643422,393447.32289767335,310240.3983496727,1500000.0,0.0,-1500000.0,1810240.3983496726,SAIL
8,"Banjarmasin (South Kalimantan), Indonesia","Dahej, India",Panamax,thermal coal,bear,69943.75,13.1,10.06076627643422,393447.32289767335,310240.3983496727,1500000.0,250000.0,-1250000.0,1560240.3983496726,SAIL
8,"Banjarmasin (South Kalimantan), Indonesia","Dahej, India",Panamax,thermal coal,bear,69943.75,13.1,10.06076627643422,393447.32289767335,310240.3983496727,1500000.0,500000.0,-1000000.0,1310240.3983496726,SAIL
8,"Banjarmasin (South Kalimantan), Indonesia","Dahej, India",Panamax,thermal coal,bear,69943.75,13.1,10.06076627643422,393447.32289767335,310240.3983496727,1500000.0,1000000.0,-500000.0,810240.3983496727,SAIL
8,"Banjarmasin (South Kalimantan), Indonesia","Dahej, India",Panamax,thermal coal,bear,69943.75,13.1,10.06076627643422,393447.32289767335,310240.3983496727,2000000.0,0.0,-2000000.0,2310240.3983496726,SAIL
8,"Banjarmasin (South Kalimantan), Indonesia","Dahej, India",Panamax,thermal coal,bear,69943.75,13.1,10.06076627643422,393447.32289767335,310240.3983496727,2000000.0,250000.0,-1750000.0,2060240.3983496726,SAIL
8,"Banjarmasin (South Kalimantan), Indonesia","Dahej, India",Panamax,thermal coal,bear,69943.75,13.1,10.06076627643422,393447.32289767335,310240.3983496727,2000000.0,500000.0,-1500000.0,1810240.3983496726,SAIL
8,"Banjarmasin (South Kalimantan), Indonesia","Dahej, India",Panamax,thermal coal,bear,69943.75,13.1,10.06076627643422,393447.32289767335,310240.3983496727,2000000.0,1000000.0,-1000000.0,1310240.3983496726,SAIL
8,"Banjarmasin (South Kalimantan), Indonesia","Dahej, India",Panamax,thermal coal,base,69943.75,13.1,13.1,393447.32289767335,522815.80210232665,0.0,0.0,0.0,522815.80210232665,SAIL
8,"Banjarmasin (South Kalimantan), Indonesia","Dahej, India",Panamax,thermal coal,base,69943.75,13.1,13.1,393447.32289767335,522815.80210232665,0.0,250000.0,250000.0,272815.80210232665,SAIL
8,"Banjarmasin (South Kalimantan), Indonesia","Dahej, India",Panamax,thermal coal,base,69943.75,13.1,13.1,393447.32289767335,522815.80210232665,0.0,500000.0,500000.0,22815.80210232665,SAIL
8,"Banjarmasin (South Kalimantan), Indonesia","Dahej, India",Panamax,thermal coal,base,69943.75,13.1,13.1,393447.32289767335,522815.80210232665,0.0,1000000.0,1000000.0,-477184.19789767335,KILL
8,"Banjarmasin (South Kalimantan), Indonesia","Dahej, India",Panamax,thermal coal,base,69943.75,13.1,13.1,393447.32289767335,522815.80210232665,50000.0,0.0,-50000.0,572815.8021023266,SAIL
8,"Banjarmasin (South Kalimantan), Indonesia","Dahej, India",Panamax,thermal coal,base,69943.75,13.1,13.1,393447.32289767335,522815.80210232665,50000.0,250000.0,200000.0,322815.80210232665,SAIL
8,"Banjarmasin (South Kalimantan), Indonesia","Dahej, India",Panamax,thermal coal,base,69943.75,13.1,13.1,393447.32289767335,522815.80210232665,50000.0,500000.0,450000.0,72815.80210232665,SAIL
8,"Banjarmasin (South Kalimantan), Indonesia","Dahej, India",Panamax,thermal coal,base,69943.75,13.1,13.1,393447.32289767335,522815.80210232665,50000.0,1000000.0,950000.0,-427184.19789767335,KILL
8,"Banjarmasin (South Kalimantan), Indonesia","Dahej, India",Panamax,thermal coal,base,69943.75,13.1,13.1,393447.32289767335,522815.80210232665,100000.0,0.0,-100000.0,622815.8021023266,SAIL
8,"Banjarmasin (South Kalimantan), Indonesia","Dahej, India",Panamax,thermal coal,base,69943.75,13.1,13.1,393447.32289767335,522815.80210232665,100000.0,250000.0,150000.0,372815.80210232665,SAIL
8,"Banjarmasin (South Kalimantan), Indonesia","Dahej, India",Panamax,thermal coal,base,69943.75,13.1,13.1,393447.32289767335,522815.80210232665,100000.0,500000.0,400000.0,122815.80210232665,SAIL
8,"Banjarmasin (South Kalimantan), Indonesia","Dahej, India",Panamax,thermal coal,base,69943.75,13.1,13.1,393447.32289767335,522815.80210232665,100000.0,1000000.0,900000.0,-377184.19789767335,KILL
8,"Banjarmasin (South Kalimantan), Indonesia","Dahej, India",Panamax,thermal coal,base,69943.75,13.1,13.1,393447.32289767335,522815.80210232665,250000.0,0.0,-250000.0,772815.8021023266,SAIL
8,"Banjarmasin (South Kalimantan), Indonesia","Dahej, India",Panamax,thermal coal,base,69943.75,13.1,13.1,393447.32289767335,522815.80210232665,250000.0,250000.0,0.0,522815.80210232665,SAIL
8,"Banjarmasin (South Kalimantan), Indonesia","Dahej, India",Panamax,thermal coal,base,69943.75,13.1,13.1,393447.32289767335,522815.80210232665,250000.0,500000.0,250000.0,272815.80210232665,SAIL
8,"Banjarmasin (South Kalimantan), Indonesia","Dahej, India",Panamax,thermal coal,base,69943.75,13.1,13.1,393447.32289767335,522815.80210232665,250000.0,1000000.0,750000.0,-227184.19789767335,KILL
8,"Banjarmasin (South Kalimantan), Indonesia","Dahej, India",Panamax,thermal coal,base,69943.75,13.1,13.1,393447.32289767335,522815.80210232665,500000.0,0.0,-500000.0,1022815.8021023266,SAIL
8,"Banjarmasin (South Kalimantan), Indonesia","Dahej, India",Panamax,thermal coal,base,69943.75,13.1,13.1,393447.32289767335,522815.80210232665,500000.0,250000.0,-250000.0,772815.8021023266,SAIL
8,"Banjarmasin (South Kalimantan), Indonesia","Dahej, India",Panamax,thermal coal,base,69943.75,13.1,13.1,393447.32289767335,522815.80210232665,500000.0,500000.0,0.0,522815.80210232665,SAIL
8,"Banjarmasin (South Kalimantan), Indonesia","Dahej, India",Panamax,thermal coal,base,69943.75,13.1,13.1,393447.32289767335,522815.80210232665,500000.0,1000000.0,500000.0,22815.80210232665,SAIL
8,"Banjarmasin (South Kalimantan), Indonesia","Dahej, India",Panamax,thermal coal,base,69943.75,13.1,13.1,393447.32289767335,522815.80210232665,750000.0,0.0,-750000.0,1272815.8021023266,SAIL
8,"Banjarmasin (South Kalimantan), Indonesia","Dahej, India",Panamax,thermal coal,base,69943.75,13.1,13.1,393447.32289767335,522815.80210232665,750000.0,250000.0,-500000.0,1022815.8021023266,SAIL
8,"Banjarmasin (South Kalimantan), Indonesia","Dahej, India",Panamax,thermal coal,base,69943.75,13.1,13.1,393447.32289767335,522815.80210232665,750000.0,500000.0,-250000.0,772815.8021023266,SAIL
8,"Banjarmasin (South Kalimantan), Indonesia","Dahej, India",Panamax,thermal coal,base,69943.75,13.1,13.1,393447.32289767335,522815.80210232665,750000.0,1000000.0,250000.0,272815.80210232665,SAIL
8,"Banjarmasin (South Kalimantan), Indonesia","Dahej, India",Panamax,thermal coal,base,69943.75,13.1,13.1,393447.32289767335,522815.80210232665,1000000.0,0.0,-1000000.0,1522815.8021023266,SAIL
8,"Banjarmasin (South Kalimantan), Indonesia","Dahej, India",Panamax,thermal coal,base,69943.75,13.1,13.1,393447.32289767335,522815.80210232665,1000000.0,250000.0,-750000.0,1272815.8021023266,SAIL
8,"Banjarmasin (South Kalimantan), Indonesia","Dahej, India",Panamax,thermal coal,base,69943.75,13.1,13.1,393447.32289767335,522815.80210232665,1000000.0,500000.0,-500000.0,1022815.8021023266,SAIL
8,"Banjarmasin (South Kalimantan), Indonesia","Dahej, India",Panamax,thermal coal,base,69943.75,13.1,13.1,393447.32289767335,522815.80210232665,1000000.0,1000000.0,0.0,522815.80210232665,SAIL
8,"Banjarmasin (South Kalimantan), Indonesia","Dahej, India",Panamax,thermal coal,base,69943.75,13.1,13.1,393447.32289767335,522815.80210232665,1500000.0,0.0,-1500000.0,2022815.8021023266,SAIL
8,"Banjarmasin (South Kalimantan), Indonesia","Dahej, India",Panamax,thermal coal,base,69943.75,13.1,13.1,393447.32289767335,522815.80210232665,1500000.0,250000.0,-1250000.0,1772815.8021023266,SAIL
8,"Banjarmasin (South Kalimantan), Indonesia","Dahej, India",Panamax,thermal coal,base,69943.75,13.1,13.1,393447.32289767335,522815.80210232665,1500000.0,500000.0,-1000000.0,1522815.8021023266,SAIL
8,"Banjarmasin (South Kalimantan), Indonesia","Dahej, India",Panamax,thermal coal,base,69943.75,13.1,13.1,393447.32289767335,522815.80210232665,1500000.0,1000000.0,-500000.0,1022815.8021023266,SAIL
8,"Banjarmasin (South Kalimantan), Indonesia","Dahej, India",Panamax,thermal coal,base,69943.75,13.1,13.1,393447.32289767335,522815.80210232665,2000000.0,0.0,-2000000.0,2522815.8021023264,SAIL
8,"Banjarmasin (South Kalimantan), Indonesia","Dahej, India",Panamax,thermal coal,base,69943.75,13.1,13.1,393447.32289767335,522815.80210232665,2000000.0,250000.0,-1750000.0,2272815.8021023264,SAIL
8,"Banjarmasin (South Kalimantan), Indonesia","Dahej, India",Panamax,thermal coal,base,69943.75,13.1,13.1,393447.32289767335,522815.80210232665,2000000.0,500000.0,-1500000.0,2022815.8021023266,SAIL
8,"Banjarmasin (South Kalimantan), Indonesia","Dahej, India",Panamax,thermal coal,base,69943.75,13.1,13.1,393447.32289767335,522815.80210232665,2000000.0,1000000.0,-1000000.0,1522815.8021023266,SAIL
8,"Banjarmasin (South Kalimantan), Indonesia","Dahej, India",Panamax,thermal coal,bull,69943.75,13.1,18.731554256990428,393447.32289767335,916707.8251647009,0.0,0.0,0.0,916707.8251647009,SAIL
8,"Banjarmasin (South Kalimantan), Indonesia","Dahej, India",Panamax,thermal coal,bull,69943.75,13.1,18.731554256990428,393447.32289767335,916707.8251647009,0.0,250000.0,250000.0,666707.8251647009,SAIL
8,"Banjarmasin (South Kalimantan), Indonesia","Dahej, India",Panamax,thermal coal,bull,69943.75,13.1,18.731554256990428,393447.32289767335,916707.8251647009,0.0,500000.0,500000.0,416707.82516470086,SAIL
8,"Banjarmasin (South Kalimantan), Indonesia","Dahej, India",Panamax,thermal coal,bull,69943.75,13.1,18.731554256990428,393447.32289767335,916707.8251647009,0.0,1000000.0,1000000.0,-83292.17483529914,KILL
8,"Banjarmasin (South Kalimantan), Indonesia","Dahej, India",Panamax,thermal coal,bull,69943.75,13.1,18.731554256990428,393447.32289767335,916707.8251647009,50000.0,0.0,-50000.0,966707.8251647009,SAIL
8,"Banjarmasin (South Kalimantan), Indonesia","Dahej, India",Panamax,thermal coal,bull,69943.75,13.1,18.731554256990428,393447.32289767335,916707.8251647009,50000.0,250000.0,200000.0,716707.8251647009,SAIL
8,"Banjarmasin (South Kalimantan), Indonesia","Dahej, India",Panamax,thermal coal,bull,69943.75,13.1,18.731554256990428,393447.32289767335,916707.8251647009,50000.0,500000.0,450000.0,466707.82516470086,SAIL
8,"Banjarmasin (South Kalimantan), Indonesia","Dahej, India",Panamax,thermal coal,bull,69943.75,13.1,18.731554256990428,393447.32289767335,916707.8251647009,50000.0,1000000.0,950000.0,-33292.17483529914,KILL
8,"Banjarmasin (South Kalimantan), Indonesia","Dahej, India",Panamax,thermal coal,bull,69943.75,13.1,18.731554256990428,393447.32289767335,916707.8251647009,100000.0,0.0,-100000.0,1016707.8251647009,SAIL
8,"Banjarmasin (South Kalimantan), Indonesia","Dahej, India",Panamax,thermal coal,bull,69943.75,13.1,18.731554256990428,393447.32289767335,916707.8251647009,100000.0,250000.0,150000.0,766707.8251647009,SAIL
8,"Banjarmasin (South Kalimantan), Indonesia","Dahej, India",Panamax,thermal coal,bull,69943.75,13.1,18.731554256990428,393447.32289767335,916707.8251647009,100000.0,500000.0,400000.0,516707.82516470086,SAIL
8,"Banjarmasin (South Kalimantan), Indonesia","Dahej, India",Panamax,thermal coal,bull,69943.75,13.1,18.731554256990428,393447.32289767335,916707.8251647009,100000.0,1000000.0,900000.0,16707.82516470086,SAIL
8,"Banjarmasin (South Kalimantan), Indonesia","Dahej, India",Panamax,thermal coal,bull,69943.75,13.1,18.731554256990428,393447.32289767335,916707.8251647009,250000.0,0.0,-250000.0,1166707.8251647009,SAIL
8,"Banjarmasin (South Kalimantan), Indonesia","Dahej, India",Panamax,thermal coal,bull,69943.75,13.1,18.731554256990428,393447.32289767335,916707.8251647009,250000.0,250000.0,0.0,916707.8251647009,SAIL
8,"Banjarmasin (South Kalimantan), Indonesia","Dahej, India",Panamax,thermal coal,bull,69943.75,13.1,18.731554256990428,393447.32289767335,916707.8251647009,250000.0,500000.0,250000.0,666707.8251647009,SAIL
8,"Banjarmasin (South Kalimantan), Indonesia","Dahej, India",Panamax,thermal coal,bull,69943.75,13.1,18.731554256990428,393447.32289767335,916707.8251647009,250000.0,1000000.0,750000.0,166707.82516470086,SAIL
8,"Banjarmasin (South Kalimantan), Indonesia","Dahej, India",Panamax,thermal coal,bull,69943.75,13.1,18.731554256990428,393447.32289767335,916707.8251647009,500000.0,0.0,-500000.0,1416707.8251647009,SAIL
8,"Banjarmasin (South Kalimantan), Indonesia","Dahej, India",Panamax,thermal coal,bull,69943.75,13.1,18.731554256990428,393447.32289767335,916707.8251647009,500000.0,250000.0,-250000.0,1166707.8251647009,SAIL
8,"Banjarmasin (South Kalimantan), Indonesia","Dahej, India",Panamax,thermal coal,bull,69943.75,13.1,18.731554256990428,393447.32289767335,916707.8251647009,500000.0,500000.0,0.0,916707.8251647009,SAIL
8,"Banjarmasin (South Kalimantan), Indonesia","Dahej, India",Panamax,thermal coal,bull,69943.75,13.1,18.731554256990428,393447.32289767335,916707.8251647009,500000.0,1000000.0,500000.0,416707.82516470086,SAIL
8,"Banjarmasin (South Kalimantan), Indonesia","Dahej, India",Panamax,thermal coal,bull,69943.75,13.1,18.731554256990428,393447.32289767335,916707.8251647009,750000.0,0.0,-750000.0,1666707.8251647009,SAIL
8,"Banjarmasin (South Kalimantan), Indonesia","Dahej, India",Panamax,thermal coal,bull,69943.75,13.1,18.731554256990428,393447.32289767335,916707.8251647009,750000.0,250000.0,-500000.0,1416707.8251647009,SAIL
8,"Banjarmasin (South Kalimantan), Indonesia","Dahej, India",Panamax,thermal coal,bull,69943.75,13.1,18.731554256990428,393447.32289767335,916707.8251647009,750000.0,500000.0,-250000.0,1166707.8251647009,SAIL
8,"Banjarmasin (South Kalimantan), Indonesia","Dahej, India",Panamax,thermal coal,bull,69943.75,13.1,18.731554256990428,393447.32289767335,916707.8251647009,750000.0,1000000.0,250000.0,666707.8251647009,SAIL
8,"Banjarmasin (South Kalimantan), Indonesia","Dahej, India",Panamax,thermal coal,bull,69943.75,13.1,18.731554256990428,393447.32289767335,916707.8251647009,1000000.0,0.0,-1000000.0,1916707.8251647009,SAIL
8,"Banjarmasin (South Kalimantan), Indonesia","Dahej, India",Panamax,thermal coal,bull,69943.75,13.1,18.731554256990428,393447.32289767335,916707.8251647009,1000000.0,250000.0,-750000.0,1666707.8251647009,SAIL
8,"Banjarmasin (South Kalimantan), Indonesia","Dahej, India",Panamax,thermal coal,bull,69943.75,13.1,18.731554256990428,393447.32289767335,916707.8251647009,1000000.0,500000.0,-500000.0,1416707.8251647009,SAIL
8,"Banjarmasin (South Kalimantan), Indonesia","Dahej, India",Panamax,thermal coal,bull,69943.75,13.1,18.731554256990428,393447.32289767335,916707.8251647009,1000000.0,1000000.0,0.0,916707.8251647009,SAIL
8,"Banjarmasin (South Kalimantan), Indonesia","Dahej, India",Panamax,thermal coal,bull,69943.75,13.1,18.731554256990428,393447.32289767335,916707.8251647009,1500000.0,0.0,-1500000.0,2416707.825164701,SAIL
8,"Banjarmasin (South Kalimantan), Indonesia","Dahej, India",Panamax,thermal coal,bull,69943.75,13.1,18.731554256990428,393447.32289767335,916707.8251647009,1500000.0,250000.0,-1250000.0,2166707.825164701,SAIL
8,"Banjarmasin (South Kalimantan), Indonesia","Dahej, India",Panamax,thermal coal,bull,69943.75,13.1,18.731554256990428,393447.32289767335,916707.8251647009,1500000.0,500000.0,-1000000.0,1916707.8251647009,SAIL
8,"Banjarmasin (South Kalimantan), Indonesia","Dahej, India",Panamax,thermal coal,bull,69943.75,13.1,18.731554256990428,393447.32289767335,916707.8251647009,1500000.0,1000000.0,-500000.0,1416707.8251647009,SAIL
8,"Banjarmasin (South Kalimantan), Indonesia","Dahej, India",Panamax,thermal coal,bull,69943.75,13.1,18.731554256990428,393447.32289767335,916707.8251647009,2000000.0,0.0,-2000000.0,2916707.825164701,SAIL
8,"Banjarmasin (South Kalimantan), Indonesia","Dahej, India",Panamax,thermal coal,bull,69943.75,13.1,18.731554256990428,393447.32289767335,916707.8251647009,2000000.0,250000.0,-1750000.0,2666707.825164701,SAIL
8,"Banjarmasin (South Kalimantan), Indonesia","Dahej, India",Panamax,thermal coal,bull,69943.75,13.1,18.731554256990428,393447.32289767335,916707.8251647009,2000000.0,500000.0,-1500000.0,2416707.825164701,SAIL
8,"Banjarmasin (South Kalimantan), Indonesia","Dahej, India",Panamax,thermal coal,bull,69943.75,13.1,18.731554256990428,393447.32289767335,916707.8251647009,2000000.0,1000000.0,-1000000.0,1916707.8251647009,SAIL
9,"Richards Bay, South Africa","Paradip, India",Panamax,thermal coal,bear,69943.75,18.6,14.284752117685228,515950.780935484,483178.3499958622,0.0,0.0,0.0,483178.3499958622,SAIL
9,"Richards Bay, South Africa","Paradip, India",Panamax,thermal coal,bear,69943.75,18.6,14.284752117685228,515950.780935484,483178.3499958622,0.0,250000.0,250000.0,233178.34999586223,SAIL
9,"Richards Bay, South Africa","Paradip, India",Panamax,thermal coal,bear,69943.75,18.6,14.284752117685228,515950.780935484,483178.3499958622,0.0,500000.0,500000.0,-16821.650004137773,KILL
9,"Richards Bay, South Africa","Paradip, India",Panamax,thermal coal,bear,69943.75,18.6,14.284752117685228,515950.780935484,483178.3499958622,0.0,1000000.0,1000000.0,-516821.6500041378,KILL
9,"Richards Bay, South Africa","Paradip, India",Panamax,thermal coal,bear,69943.75,18.6,14.284752117685228,515950.780935484,483178.3499958622,50000.0,0.0,-50000.0,533178.3499958622,SAIL
9,"Richards Bay, South Africa","Paradip, India",Panamax,thermal coal,bear,69943.75,18.6,14.284752117685228,515950.780935484,483178.3499958622,50000.0,250000.0,200000.0,283178.3499958622,SAIL
9,"Richards Bay, South Africa","Paradip, India",Panamax,thermal coal,bear,69943.75,18.6,14.284752117685228,515950.780935484,483178.3499958622,50000.0,500000.0,450000.0,33178.34999586223,SAIL
9,"Richards Bay, South Africa","Paradip, India",Panamax,thermal coal,bear,69943.75,18.6,14.284752117685228,515950.780935484,483178.3499958622,50000.0,1000000.0,950000.0,-466821.6500041378,KILL
9,"Richards Bay, South Africa","Paradip, India",Panamax,thermal coal,bear,69943.75,18.6,14.284752117685228,515950.780935484,483178.3499958622,100000.0,0.0,-100000.0,583178.3499958622,SAIL
9,"Richards Bay, South Africa","Paradip, India",Panamax,thermal coal,bear,69943.75,18.6,14.284752117685228,515950.780935484,483178.3499958622,100000.0,250000.0,150000.0,333178.3499958622,SAIL
9,"Richards Bay, South Africa","Paradip, India",Panamax,thermal coal,bear,69943.75,18.6,14.284752117685228,515950.780935484,483178.3499958622,100000.0,500000.0,400000.0,83178.34999586223,SAIL
9,"Richards Bay, South Africa","Paradip, India",Panamax,thermal coal,bear,69943.75,18.6,14.284752117685228,515950.780935484,483178.3499958622,100000.0,1000000.0,900000.0,-416821.6500041378,KILL
9,"Richards Bay, South Africa","Paradip, India",Panamax,thermal coal,bear,69943.75,18.6,14.284752117685228,515950.780935484,483178.3499958622,250000.0,0.0,-250000.0,733178.3499958622,SAIL
9,"Richards Bay, South Africa","Paradip, India",Panamax,thermal coal,bear,69943.75,18.6,14.284752117685228,515950.780935484,483178.3499958622,250000.0,250000.0,0.0,483178.3499958622,SAIL
9,"Richards Bay, South Africa","Paradip, India",Panamax,thermal coal,bear,69943.75,18.6,14.284752117685228,515950.780935484,483178.3499958622,250000.0,500000.0,250000.0,233178.34999586223,SAIL
9,"Richards Bay, South Africa","Paradip, India",Panamax,thermal coal,bear,69943.75,18.6,14.284752117685228,515950.780935484,483178.3499958622,250000.0,1000000.0,750000.0,-266821.6500041378,KILL
9,"Richards Bay, South Africa","Paradip, India",Panamax,thermal coal,bear,69943.75,18.6,14.284752117685228,515950.780935484,483178.3499958622,500000.0,0.0,-500000.0,983178.3499958622,SAIL
9,"Richards Bay, South Africa","Paradip, India",Panamax,thermal coal,bear,69943.75,18.6,14.284752117685228,515950.780935484,483178.3499958622,500000.0,250000.0,-250000.0,733178.3499958622,SAIL
9,"Richards Bay, South Africa","Paradip, India",Panamax,thermal coal,bear,69943.75,18.6,14.284752117685228,515950.780935484,483178.3499958622,500000.0,500000.0,0.0,483178.3499958622,SAIL
9,"Richards Bay, South Africa","Paradip, India",Panamax,thermal coal,bear,69943.75,18.6,14.284752117685228,515950.780935484,483178.3499958622,500000.0,1000000.0,500000.0,-16821.650004137773,KILL
9,"Richards Bay, South Africa","Paradip, India",Panamax,thermal coal,bear,69943.75,18.6,14.284752117685228,515950.780935484,483178.3499958622,750000.0,0.0,-750000.0,1233178.3499958622,SAIL
9,"Richards Bay, South Africa","Paradip, India",Panamax,thermal coal,bear,69943.75,18.6,14.284752117685228,515950.780935484,483178.3499958622,750000.0,250000.0,-500000.0,983178.3499958622,SAIL
9,"Richards Bay, South Africa","Paradip, India",Panamax,thermal coal,bear,69943.75,18.6,14.284752117685228,515950.780935484,483178.3499958622,750000.0,500000.0,-250000.0,733178.3499958622,SAIL
9,"Richards Bay, South Africa","Paradip, India",Panamax,thermal coal,bear,69943.75,18.6,14.284752117685228,515950.780935484,483178.3499958622,750000.0,1000000.0,250000.0,233178.34999586223,SAIL
9,"Richards Bay, South Africa","Paradip, India",Panamax,thermal coal,bear,69943.75,18.6,14.284752117685228,515950.780935484,483178.3499958622,1000000.0,0.0,-1000000.0,1483178.3499958622,SAIL
9,"Richards Bay, South Africa","Paradip, India",Panamax,thermal coal,bear,69943.75,18.6,14.284752117685228,515950.780935484,483178.3499958622,1000000.0,250000.0,-750000.0,1233178.3499958622,SAIL
9,"Richards Bay, South Africa","Paradip, India",Panamax,thermal coal,bear,69943.75,18.6,14.284752117685228,515950.780935484,483178.3499958622,1000000.0,500000.0,-500000.0,983178.3499958622,SAIL
9,"Richards Bay, South Africa","Paradip, India",Panamax,thermal coal,bear,69943.75,18.6,14.284752117685228,515950.780935484,483178.3499958622,1000000.0,1000000.0,0.0,483178.3499958622,SAIL
9,"Richards Bay, South Africa","Paradip, India",Panamax,thermal coal,bear,69943.75,18.6,14.284752117685228,515950.780935484,483178.3499958622,1500000.0,0.0,-1500000.0,1983178.3499958622,SAIL
9,"Richards Bay, South Africa","Paradip, India",Panamax,thermal coal,bear,69943.75,18.6,14.284752117685228,515950.780935484,483178.3499958622,1500000.0,250000.0,-1250000.0,1733178.3499958622,SAIL
9,"Richards Bay, South Africa","Paradip, India",Panamax,thermal coal,bear,69943.75,18.6,14.284752117685228,515950.780935484,483178.3499958622,1500000.0,500000.0,-1000000.0,1483178.3499958622,SAIL
9,"Richards Bay, South Africa","Paradip, India",Panamax,thermal coal,bear,69943.75,18.6,14.284752117685228,515950.780935484,483178.3499958622,1500000.0,1000000.0,-500000.0,983178.3499958622,SAIL
9,"Richards Bay, South Africa","Paradip, India",Panamax,thermal coal,bear,69943.75,18.6,14.284752117685228,515950.780935484,483178.3499958622,2000000.0,0.0,-2000000.0,2483178.349995862,SAIL
9,"Richards Bay, South Africa","Paradip, India",Panamax,thermal coal,bear,69943.75,18.6,14.284752117685228,515950.780935484,483178.3499958622,2000000.0,250000.0,-1750000.0,2233178.349995862,SAIL
9,"Richards Bay, South Africa","Paradip, India",Panamax,thermal coal,bear,69943.75,18.6,14.284752117685228,515950.780935484,483178.3499958622,2000000.0,500000.0,-1500000.0,1983178.3499958622,SAIL
9,"Richards Bay, South Africa","Paradip, India",Panamax,thermal coal,bear,69943.75,18.6,14.284752117685228,515950.780935484,483178.3499958622,2000000.0,1000000.0,-1000000.0,1483178.3499958622,SAIL
9,"Richards Bay, South Africa","Paradip, India",Panamax,thermal coal,base,69943.75,18.6,18.6,515950.780935484,785002.969064516,0.0,0.0,0.0,785002.969064516,SAIL
9,"Richards Bay, South Africa","Paradip, India",Panamax,thermal coal,base,69943.75,18.6,18.6,515950.780935484,785002.969064516,0.0,250000.0,250000.0,535002.969064516,SAIL
9,"Richards Bay, South Africa","Paradip, India",Panamax,thermal coal,base,69943.75,18.6,18.6,515950.780935484,785002.969064516,0.0,500000.0,500000.0,285002.969064516,SAIL
9,"Richards Bay, South Africa","Paradip, India",Panamax,thermal coal,base,69943.75,18.6,18.6,515950.780935484,785002.969064516,0.0,1000000.0,1000000.0,-214997.03093548398,KILL
9,"Richards Bay, South Africa","Paradip, India",Panamax,thermal coal,base,69943.75,18.6,18.6,515950.780935484,785002.969064516,50000.0,0.0,-50000.0,835002.969064516,SAIL
9,"Richards Bay, South Africa","Paradip, India",Panamax,thermal coal,base,69943.75,18.6,18.6,515950.780935484,785002.969064516,50000.0,250000.0,200000.0,585002.969064516,SAIL
9,"Richards Bay, South Africa","Paradip, India",Panamax,thermal coal,base,69943.75,18.6,18.6,515950.780935484,785002.969064516,50000.0,500000.0,450000.0,335002.969064516,SAIL
9,"Richards Bay, South Africa","Paradip, India",Panamax,thermal coal,base,69943.75,18.6,18.6,515950.780935484,785002.969064516,50000.0,1000000.0,950000.0,-164997.03093548398,KILL
9,"Richards Bay, South Africa","Paradip, India",Panamax,thermal coal,base,69943.75,18.6,18.6,515950.780935484,785002.969064516,100000.0,0.0,-100000.0,885002.969064516,SAIL
9,"Richards Bay, South Africa","Paradip, India",Panamax,thermal coal,base,69943.75,18.6,18.6,515950.780935484,785002.969064516,100000.0,250000.0,150000.0,635002.969064516,SAIL
9,"Richards Bay, South Africa","Paradip, India",Panamax,thermal coal,base,69943.75,18.6,18.6,515950.780935484,785002.969064516,100000.0,500000.0,400000.0,385002.969064516,SAIL
9,"Richards Bay, South Africa","Paradip, India",Panamax,thermal coal,base,69943.75,18.6,18.6,515950.780935484,785002.969064516,100000.0,1000000.0,900000.0,-114997.03093548398,KILL
9,"Richards Bay, South Africa","Paradip, India",Panamax,thermal coal,base,69943.75,18.6,18.6,515950.780935484,785002.969064516,250000.0,0.0,-250000.0,1035002.969064516,SAIL
9,"Richards Bay, South Africa","Paradip, India",Panamax,thermal coal,base,69943.75,18.6,18.6,515950.780935484,785002.969064516,250000.0,250000.0,0.0,785002.969064516,SAIL
9,"Richards Bay, South Africa","Paradip, India",Panamax,thermal coal,base,69943.75,18.6,18.6,515950.780935484,785002.969064516,250000.0,500000.0,250000.0,535002.969064516,SAIL
9,"Richards Bay, South Africa","Paradip, India",Panamax,thermal coal,base,69943.75,18.6,18.6,515950.780935484,785002.969064516,250000.0,1000000.0,750000.0,35002.969064516015,SAIL
9,"Richards Bay, South Africa","Paradip, India",Panamax,thermal coal,base,69943.75,18.6,18.6,515950.780935484,785002.969064516,500000.0,0.0,-500000.0,1285002.969064516,SAIL
9,"Richards Bay, South Africa","Paradip, India",Panamax,thermal coal,base,69943.75,18.6,18.6,515950.780935484,785002.969064516,500000.0,250000.0,-250000.0,1035002.969064516,SAIL
9,"Richards Bay, South Africa","Paradip, India",Panamax,thermal coal,base,69943.75,18.6,18.6,515950.780935484,785002.969064516,500000.0,500000.0,0.0,785002.969064516,SAIL
9,"Richards Bay, South Africa","Paradip, India",Panamax,thermal coal,base,69943.75,18.6,18.6,515950.780935484,785002.969064516,500000.0,1000000.0,500000.0,285002.969064516,SAIL
9,"Richards Bay, South Africa","Paradip, India",Panamax,thermal coal,base,69943.75,18.6,18.6,515950.780935484,785002.969064516,750000.0,0.0,-750000.0,1535002.969064516,SAIL
9,"Richards Bay, South Africa","Paradip, India",Panamax,thermal coal,base,69943.75,18.6,18.6,515950.780935484,785002.969064516,750000.0,250000.0,-500000.0,1285002.969064516,SAIL
9,"Richards Bay, South Africa","Paradip, India",Panamax,thermal coal,base,69943.75,18.6,18.6,515950.780935484,785002.969064516,750000.0,500000.0,-250000.0,1035002.969064516,SAIL
9,"Richards Bay, South Africa","Paradip, India",Panamax,thermal coal,base,69943.75,18.6,18.6,515950.780935484,785002.969064516,750000.0,1000000.0,250000.0,535002.969064516,SAIL
9,"Richards Bay, South Africa","Paradip, India",Panamax,thermal coal,base,69943.75,18.6,18.6,515950.780935484,785002.969064516,1000000.0,0.0,-1000000.0,1785002.969064516,SAIL
9,"Richards Bay, South Africa","Paradip, India",Panamax,thermal coal,base,69943.75,18.6,18.6,515950.780935484,785002.969064516,1000000.0,250000.0,-750000.0,1535002.969064516,SAIL
9,"Richards Bay, South Africa","Paradip, India",Panamax,thermal coal,base,69943.75,18.6,18.6,515950.780935484,785002.969064516,1000000.0,500000.0,-500000.0,1285002.969064516,SAIL
9,"Richards Bay, South Africa","Paradip, India",Panamax,thermal coal,base,69943.75,18.6,18.6,515950.780935484,785002.969064516,1000000.0,1000000.0,0.0,785002.969064516,SAIL
9,"Richards Bay, South Africa","Paradip, India",Panamax,thermal coal,base,69943.75,18.6,18.6,515950.780935484,785002.969064516,1500000.0,0.0,-1500000.0,2285002.969064516,SAIL
9,"Richards Bay, South Africa","Paradip, India",Panamax,thermal coal,base,69943.75,18.6,18.6,515950.780935484,785002.969064516,1500000.0,250000.0,-1250000.0,2035002.969064516,SAIL
9,"Richards Bay, South Africa","Paradip, India",Panamax,thermal coal,base,69943.75,18.6,18.6,515950.780935484,785002.969064516,1500000.0,500000.0,-1000000.0,1785002.969064516,SAIL
9,"Richards Bay, South Africa","Paradip, India",Panamax,thermal coal,base,69943.75,18.6,18.6,515950.780935484,785002.969064516,1500000.0,1000000.0,-500000.0,1285002.969064516,SAIL
9,"Richards Bay, South Africa","Paradip, India",Panamax,thermal coal,base,69943.75,18.6,18.6,515950.780935484,785002.969064516,2000000.0,0.0,-2000000.0,2785002.969064516,SAIL
9,"Richards Bay, South Africa","Paradip, India",Panamax,thermal coal,base,69943.75,18.6,18.6,515950.780935484,785002.969064516,2000000.0,250000.0,-1750000.0,2535002.969064516,SAIL
9,"Richards Bay, South Africa","Paradip, India",Panamax,thermal coal,base,69943.75,18.6,18.6,515950.780935484,785002.969064516,2000000.0,500000.0,-1500000.0,2285002.969064516,SAIL
9,"Richards Bay, South Africa","Paradip, India",Panamax,thermal coal,base,69943.75,18.6,18.6,515950.780935484,785002.969064516,2000000.0,1000000.0,-1000000.0,1785002.969064516,SAIL
9,"Richards Bay, South Africa","Paradip, India",Panamax,thermal coal,bull,69943.75,18.6,26.595947265650533,515950.780935484,1344269.5056263604,0.0,0.0,0.0,1344269.5056263604,SAIL
9,"Richards Bay, South Africa","Paradip, India",Panamax,thermal coal,bull,69943.75,18.6,26.595947265650533,515950.780935484,1344269.5056263604,0.0,250000.0,250000.0,1094269.5056263604,SAIL
9,"Richards Bay, South Africa","Paradip, India",Panamax,thermal coal,bull,69943.75,18.6,26.595947265650533,515950.780935484,1344269.5056263604,0.0,500000.0,500000.0,844269.5056263604,SAIL
9,"Richards Bay, South Africa","Paradip, India",Panamax,thermal coal,bull,69943.75,18.6,26.595947265650533,515950.780935484,1344269.5056263604,0.0,1000000.0,1000000.0,344269.5056263604,SAIL
9,"Richards Bay, South Africa","Paradip, India",Panamax,thermal coal,bull,69943.75,18.6,26.595947265650533,515950.780935484,1344269.5056263604,50000.0,0.0,-50000.0,1394269.5056263604,SAIL
9,"Richards Bay, South Africa","Paradip, India",Panamax,thermal coal,bull,69943.75,18.6,26.595947265650533,515950.780935484,1344269.5056263604,50000.0,250000.0,200000.0,1144269.5056263604,SAIL
9,"Richards Bay, South Africa","Paradip, India",Panamax,thermal coal,bull,69943.75,18.6,26.595947265650533,515950.780935484,1344269.5056263604,50000.0,500000.0,450000.0,894269.5056263604,SAIL
9,"Richards Bay, South Africa","Paradip, India",Panamax,thermal coal,bull,69943.75,18.6,26.595947265650533,515950.780935484,1344269.5056263604,50000.0,1000000.0,950000.0,394269.5056263604,SAIL
9,"Richards Bay, South Africa","Paradip, India",Panamax,thermal coal,bull,69943.75,18.6,26.595947265650533,515950.780935484,1344269.5056263604,100000.0,0.0,-100000.0,1444269.5056263604,SAIL
9,"Richards Bay, South Africa","Paradip, India",Panamax,thermal coal,bull,69943.75,18.6,26.595947265650533,515950.780935484,1344269.5056263604,100000.0,250000.0,150000.0,1194269.5056263604,SAIL
9,"Richards Bay, South Africa","Paradip, India",Panamax,thermal coal,bull,69943.75,18.6,26.595947265650533,515950.780935484,1344269.5056263604,100000.0,500000.0,400000.0,944269.5056263604,SAIL
9,"Richards Bay, South Africa","Paradip, India",Panamax,thermal coal,bull,69943.75,18.6,26.595947265650533,515950.780935484,1344269.5056263604,100000.0,1000000.0,900000.0,444269.5056263604,SAIL
9,"Richards Bay, South Africa","Paradip, India",Panamax,thermal coal,bull,69943.75,18.6,26.595947265650533,515950.780935484,1344269.5056263604,250000.0,0.0,-250000.0,1594269.5056263604,SAIL
9,"Richards Bay, South Africa","Paradip, India",Panamax,thermal coal,bull,69943.75,18.6,26.595947265650533,515950.780935484,1344269.5056263604,250000.0,250000.0,0.0,1344269.5056263604,SAIL
9,"Richards Bay, South Africa","Paradip, India",Panamax,thermal coal,bull,69943.75,18.6,26.595947265650533,515950.780935484,1344269.5056263604,250000.0,500000.0,250000.0,1094269.5056263604,SAIL
9,"Richards Bay, South Africa","Paradip, India",Panamax,thermal coal,bull,69943.75,18.6,26.595947265650533,515950.780935484,1344269.5056263604,250000.0,1000000.0,750000.0,594269.5056263604,SAIL
9,"Richards Bay, South Africa","Paradip, India",Panamax,thermal coal,bull,69943.75,18.6,26.595947265650533,515950.780935484,1344269.5056263604,500000.0,0.0,-500000.0,1844269.5056263604,SAIL
9,"Richards Bay, South Africa","Paradip, India",Panamax,thermal coal,bull,69943.75,18.6,26.595947265650533,515950.780935484,1344269.5056263604,500000.0,250000.0,-250000.0,1594269.5056263604,SAIL
9,"Richards Bay, South Africa","Paradip, India",Panamax,thermal coal,bull,69943.75,18.6,26.595947265650533,515950.780935484,1344269.5056263604,500000.0,500000.0,0.0,1344269.5056263604,SAIL
9,"Richards Bay, South Africa","Paradip, India",Panamax,thermal coal,bull,69943.75,18.6,26.595947265650533,515950.780935484,1344269.5056263604,500000.0,1000000.0,500000.0,844269.5056263604,SAIL
9,"Richards Bay, South Africa","Paradip, India",Panamax,thermal coal,bull,69943.75,18.6,26.595947265650533,515950.780935484,1344269.5056263604,750000.0,0.0,-750000.0,2094269.5056263604,SAIL
9,"Richards Bay, South Africa","Paradip, India",Panamax,thermal coal,bull,69943.75,18.6,26.595947265650533,515950.780935484,1344269.5056263604,750000.0,250000.0,-500000.0,1844269.5056263604,SAIL
9,"Richards Bay, South Africa","Paradip, India",Panamax,thermal coal,bull,69943.75,18.6,26.595947265650533,515950.780935484,1344269.5056263604,750000.0,500000.0,-250000.0,1594269.5056263604,SAIL
9,"Richards Bay, South Africa","Paradip, India",Panamax,thermal coal,bull,69943.75,18.6,26.595947265650533,515950.780935484,1344269.5056263604,750000.0,1000000.0,250000.0,1094269.5056263604,SAIL
9,"Richards Bay, South Africa","Paradip, India",Panamax,thermal coal,bull,69943.75,18.6,26.595947265650533,515950.780935484,1344269.5056263604,1000000.0,0.0,-1000000.0,2344269.5056263604,SAIL
9,"Richards Bay, South Africa","Paradip, India",Panamax,thermal coal,bull,69943.75,18.6,26.595947265650533,515950.780935484,1344269.5056263604,1000000.0,250000.0,-750000.0,2094269.5056263604,SAIL
9,"Richards Bay, South Africa","Paradip, India",Panamax,thermal coal,bull,69943.75,18.6,26.595947265650533,515950.780935484,1344269.5056263604,1000000.0,500000.0,-500000.0,1844269.5056263604,SAIL
9,"Richards Bay, South Africa","Paradip, India",Panamax,thermal coal,bull,69943.75,18.6,26.595947265650533,515950.780935484,1344269.5056263604,1000000.0,1000000.0,0.0,1344269.5056263604,SAIL
9,"Richards Bay, South Africa","Paradip, India",Panamax,thermal coal,bull,69943.75,18.6,26.595947265650533,515950.780935484,1344269.5056263604,1500000.0,0.0,-1500000.0,2844269.5056263604,SAIL
9,"Richards Bay, South Africa","Paradip, India",Panamax,thermal coal,bull,69943.75,18.6,26.595947265650533,515950.780935484,1344269.5056263604,1500000.0,250000.0,-1250000.0,2594269.5056263604,SAIL
9,"Richards Bay, South Africa","Paradip, India",Panamax,thermal coal,bull,69943.75,18.6,26.595947265650533,515950.780935484,1344269.5056263604,1500000.0,500000.0,-1000000.0,2344269.5056263604,SAIL
9,"Richards Bay, South Africa","Paradip, India",Panamax,thermal coal,bull,69943.75,18.6,26.595947265650533,515950.780935484,1344269.5056263604,1500000.0,1000000.0,-500000.0,1844269.5056263604,SAIL
9,"Richards Bay, South Africa","Paradip, India",Panamax,thermal coal,bull,69943.75,18.6,26.595947265650533,515950.780935484,1344269.5056263604,2000000.0,0.0,-2000000.0,3344269.5056263604,SAIL
9,"Richards Bay, South Africa","Paradip, India",Panamax,thermal coal,bull,69943.75,18.6,26.595947265650533,515950.780935484,1344269.5056263604,2000000.0,250000.0,-1750000.0,3094269.5056263604,SAIL
9,"Richards Bay, South Africa","Paradip, India",Panamax,thermal coal,bull,69943.75,18.6,26.595947265650533,515950.780935484,1344269.5056263604,2000000.0,500000.0,-1500000.0,2844269.5056263604,SAIL
9,"Richards Bay, South Africa","Paradip, India",Panamax,thermal coal,bull,69943.75,18.6,26.595947265650533,515950.780935484,1344269.5056263604,2000000.0,1000000.0,-1000000.0,2344269.5056263604,SAIL
10,Indonesia,"Paradip, India",Supramax,thermal coal,bear,51893.75,21.3,16.35834516702663,307000.4267910571,541895.4477203311,0.0,0.0,0.0,541895.4477203311,SAIL
10,Indonesia,"Paradip, India",Supramax,thermal coal,bear,51893.75,21.3,16.35834516702663,307000.4267910571,541895.4477203311,0.0,250000.0,250000.0,291895.44772033114,SAIL
10,Indonesia,"Paradip, India",Supramax,thermal coal,bear,51893.75,21.3,16.35834516702663,307000.4267910571,541895.4477203311,0.0,500000.0,500000.0,41895.44772033114,SAIL
10,Indonesia,"Paradip, India",Supramax,thermal coal,bear,51893.75,21.3,16.35834516702663,307000.4267910571,541895.4477203311,0.0,1000000.0,1000000.0,-458104.55227966886,KILL
10,Indonesia,"Paradip, India",Supramax,thermal coal,bear,51893.75,21.3,16.35834516702663,307000.4267910571,541895.4477203311,50000.0,0.0,-50000.0,591895.4477203311,SAIL
10,Indonesia,"Paradip, India",Supramax,thermal coal,bear,51893.75,21.3,16.35834516702663,307000.4267910571,541895.4477203311,50000.0,250000.0,200000.0,341895.44772033114,SAIL
10,Indonesia,"Paradip, India",Supramax,thermal coal,bear,51893.75,21.3,16.35834516702663,307000.4267910571,541895.4477203311,50000.0,500000.0,450000.0,91895.44772033114,SAIL
10,Indonesia,"Paradip, India",Supramax,thermal coal,bear,51893.75,21.3,16.35834516702663,307000.4267910571,541895.4477203311,50000.0,1000000.0,950000.0,-408104.55227966886,KILL
10,Indonesia,"Paradip, India",Supramax,thermal coal,bear,51893.75,21.3,16.35834516702663,307000.4267910571,541895.4477203311,100000.0,0.0,-100000.0,641895.4477203311,SAIL
10,Indonesia,"Paradip, India",Supramax,thermal coal,bear,51893.75,21.3,16.35834516702663,307000.4267910571,541895.4477203311,100000.0,250000.0,150000.0,391895.44772033114,SAIL
10,Indonesia,"Paradip, India",Supramax,thermal coal,bear,51893.75,21.3,16.35834516702663,307000.4267910571,541895.4477203311,100000.0,500000.0,400000.0,141895.44772033114,SAIL
10,Indonesia,"Paradip, India",Supramax,thermal coal,bear,51893.75,21.3,16.35834516702663,307000.4267910571,541895.4477203311,100000.0,1000000.0,900000.0,-358104.55227966886,KILL
10,Indonesia,"Paradip, India",Supramax,thermal coal,bear,51893.75,21.3,16.35834516702663,307000.4267910571,541895.4477203311,250000.0,0.0,-250000.0,791895.4477203311,SAIL
10,Indonesia,"Paradip, India",Supramax,thermal coal,bear,51893.75,21.3,16.35834516702663,307000.4267910571,541895.4477203311,250000.0,250000.0,0.0,541895.4477203311,SAIL
10,Indonesia,"Paradip, India",Supramax,thermal coal,bear,51893.75,21.3,16.35834516702663,307000.4267910571,541895.4477203311,250000.0,500000.0,250000.0,291895.44772033114,SAIL
10,Indonesia,"Paradip, India",Supramax,thermal coal,bear,51893.75,21.3,16.35834516702663,307000.4267910571,541895.4477203311,250000.0,1000000.0,750000.0,-208104.55227966886,KILL
10,Indonesia,"Paradip, India",Supramax,thermal coal,bear,51893.75,21.3,16.35834516702663,307000.4267910571,541895.4477203311,500000.0,0.0,-500000.0,1041895.4477203311,SAIL
10,Indonesia,"Paradip, India",Supramax,thermal coal,bear,51893.75,21.3,16.35834516702663,307000.4267910571,541895.4477203311,500000.0,250000.0,-250000.0,791895.4477203311,SAIL
10,Indonesia,"Paradip, India",Supramax,thermal coal,bear,51893.75,21.3,16.35834516702663,307000.4267910571,541895.4477203311,500000.0,500000.0,0.0,541895.4477203311,SAIL
10,Indonesia,"Paradip, India",Supramax,thermal coal,bear,51893.75,21.3,16.35834516702663,307000.4267910571,541895.4477203311,500000.0,1000000.0,500000.0,41895.44772033114,SAIL
10,Indonesia,"Paradip, India",Supramax,thermal coal,bear,51893.75,21.3,16.35834516702663,307000.4267910571,541895.4477203311,750000.0,0.0,-750000.0,1291895.4477203311,SAIL
10,Indonesia,"Paradip, India",Supramax,thermal coal,bear,51893.75,21.3,16.35834516702663,307000.4267910571,541895.4477203311,750000.0,250000.0,-500000.0,1041895.4477203311,SAIL
10,Indonesia,"Paradip, India",Supramax,thermal coal,bear,51893.75,21.3,16.35834516702663,307000.4267910571,541895.4477203311,750000.0,500000.0,-250000.0,791895.4477203311,SAIL
10,Indonesia,"Paradip, India",Supramax,thermal coal,bear,51893.75,21.3,16.35834516702663,307000.4267910571,541895.4477203311,750000.0,1000000.0,250000.0,291895.44772033114,SAIL
10,Indonesia,"Paradip, India",Supramax,thermal coal,bear,51893.75,21.3,16.35834516702663,307000.4267910571,541895.4477203311,1000000.0,0.0,-1000000.0,1541895.4477203311,SAIL
10,Indonesia,"Paradip, India",Supramax,thermal coal,bear,51893.75,21.3,16.35834516702663,307000.4267910571,541895.4477203311,1000000.0,250000.0,-750000.0,1291895.4477203311,SAIL
10,Indonesia,"Paradip, India",Supramax,thermal coal,bear,51893.75,21.3,16.35834516702663,307000.4267910571,541895.4477203311,1000000.0,500000.0,-500000.0,1041895.4477203311,SAIL
10,Indonesia,"Paradip, India",Supramax,thermal coal,bear,51893.75,21.3,16.35834516702663,307000.4267910571,541895.4477203311,1000000.0,1000000.0,0.0,541895.4477203311,SAIL
10,Indonesia,"Paradip, India",Supramax,thermal coal,bear,51893.75,21.3,16.35834516702663,307000.4267910571,541895.4477203311,1500000.0,0.0,-1500000.0,2041895.4477203311,SAIL
10,Indonesia,"Paradip, India",Supramax,thermal coal,bear,51893.75,21.3,16.35834516702663,307000.4267910571,541895.4477203311,1500000.0,250000.0,-1250000.0,1791895.4477203311,SAIL
10,Indonesia,"Paradip, India",Supramax,thermal coal,bear,51893.75,21.3,16.35834516702663,307000.4267910571,541895.4477203311,1500000.0,500000.0,-1000000.0,1541895.4477203311,SAIL
10,Indonesia,"Paradip, India",Supramax,thermal coal,bear,51893.75,21.3,16.35834516702663,307000.4267910571,541895.4477203311,1500000.0,1000000.0,-500000.0,1041895.4477203311,SAIL
10,Indonesia,"Paradip, India",Supramax,thermal coal,bear,51893.75,21.3,16.35834516702663,307000.4267910571,541895.4477203311,2000000.0,0.0,-2000000.0,2541895.447720331,SAIL
10,Indonesia,"Paradip, India",Supramax,thermal coal,bear,51893.75,21.3,16.35834516702663,307000.4267910571,541895.4477203311,2000000.0,250000.0,-1750000.0,2291895.447720331,SAIL
10,Indonesia,"Paradip, India",Supramax,thermal coal,bear,51893.75,21.3,16.35834516702663,307000.4267910571,541895.4477203311,2000000.0,500000.0,-1500000.0,2041895.4477203311,SAIL
10,Indonesia,"Paradip, India",Supramax,thermal coal,bear,51893.75,21.3,16.35834516702663,307000.4267910571,541895.4477203311,2000000.0,1000000.0,-1000000.0,1541895.4477203311,SAIL
10,Indonesia,"Paradip, India",Supramax,thermal coal,base,51893.75,21.3,21.3,307000.4267910571,798336.4482089429,0.0,0.0,0.0,798336.4482089429,SAIL
10,Indonesia,"Paradip, India",Supramax,thermal coal,base,51893.75,21.3,21.3,307000.4267910571,798336.4482089429,0.0,250000.0,250000.0,548336.4482089429,SAIL
10,Indonesia,"Paradip, India",Supramax,thermal coal,base,51893.75,21.3,21.3,307000.4267910571,798336.4482089429,0.0,500000.0,500000.0,298336.4482089429,SAIL
10,Indonesia,"Paradip, India",Supramax,thermal coal,base,51893.75,21.3,21.3,307000.4267910571,798336.4482089429,0.0,1000000.0,1000000.0,-201663.5517910571,KILL
10,Indonesia,"Paradip, India",Supramax,thermal coal,base,51893.75,21.3,21.3,307000.4267910571,798336.4482089429,50000.0,0.0,-50000.0,848336.4482089429,SAIL
10,Indonesia,"Paradip, India",Supramax,thermal coal,base,51893.75,21.3,21.3,307000.4267910571,798336.4482089429,50000.0,250000.0,200000.0,598336.4482089429,SAIL
10,Indonesia,"Paradip, India",Supramax,thermal coal,base,51893.75,21.3,21.3,307000.4267910571,798336.4482089429,50000.0,500000.0,450000.0,348336.4482089429,SAIL
10,Indonesia,"Paradip, India",Supramax,thermal coal,base,51893.75,21.3,21.3,307000.4267910571,798336.4482089429,50000.0,1000000.0,950000.0,-151663.5517910571,KILL
10,Indonesia,"Paradip, India",Supramax,thermal coal,base,51893.75,21.3,21.3,307000.4267910571,798336.4482089429,100000.0,0.0,-100000.0,898336.4482089429,SAIL
10,Indonesia,"Paradip, India",Supramax,thermal coal,base,51893.75,21.3,21.3,307000.4267910571,798336.4482089429,100000.0,250000.0,150000.0,648336.4482089429,SAIL
10,Indonesia,"Paradip, India",Supramax,thermal coal,base,51893.75,21.3,21.3,307000.4267910571,798336.4482089429,100000.0,500000.0,400000.0,398336.4482089429,SAIL
10,Indonesia,"Paradip, India",Supramax,thermal coal,base,51893.75,21.3,21.3,307000.4267910571,798336.4482089429,100000.0,1000000.0,900000.0,-101663.5517910571,KILL
10,Indonesia,"Paradip, India",Supramax,thermal coal,base,51893.75,21.3,21.3,307000.4267910571,798336.4482089429,250000.0,0.0,-250000.0,1048336.4482089429,SAIL
10,Indonesia,"Paradip, India",Supramax,thermal coal,base,51893.75,21.3,21.3,307000.4267910571,798336.4482089429,250000.0,250000.0,0.0,798336.4482089429,SAIL
10,Indonesia,"Paradip, India",Supramax,thermal coal,base,51893.75,21.3,21.3,307000.4267910571,798336.4482089429,250000.0,500000.0,250000.0,548336.4482089429,SAIL
10,Indonesia,"Paradip, India",Supramax,thermal coal,base,51893.75,21.3,21.3,307000.4267910571,798336.4482089429,250000.0,1000000.0,750000.0,48336.44820894289,SAIL
10,Indonesia,"Paradip, India",Supramax,thermal coal,base,51893.75,21.3,21.3,307000.4267910571,798336.4482089429,500000.0,0.0,-500000.0,1298336.448208943,SAIL
10,Indonesia,"Paradip, India",Supramax,thermal coal,base,51893.75,21.3,21.3,307000.4267910571,798336.4482089429,500000.0,250000.0,-250000.0,1048336.4482089429,SAIL
10,Indonesia,"Paradip, India",Supramax,thermal coal,base,51893.75,21.3,21.3,307000.4267910571,798336.4482089429,500000.0,500000.0,0.0,798336.4482089429,SAIL
10,Indonesia,"Paradip, India",Supramax,thermal coal,base,51893.75,21.3,21.3,307000.4267910571,798336.4482089429,500000.0,1000000.0,500000.0,298336.4482089429,SAIL
10,Indonesia,"Paradip, India",Supramax,thermal coal,base,51893.75,21.3,21.3,307000.4267910571,798336.4482089429,750000.0,0.0,-750000.0,1548336.448208943,SAIL
10,Indonesia,"Paradip, India",Supramax,thermal coal,base,51893.75,21.3,21.3,307000.4267910571,798336.4482089429,750000.0,250000.0,-500000.0,1298336.448208943,SAIL
10,Indonesia,"Paradip, India",Supramax,thermal coal,base,51893.75,21.3,21.3,307000.4267910571,798336.4482089429,750000.0,500000.0,-250000.0,1048336.4482089429,SAIL
10,Indonesia,"Paradip, India",Supramax,thermal coal,base,51893.75,21.3,21.3,307000.4267910571,798336.4482089429,750000.0,1000000.0,250000.0,548336.4482089429,SAIL
10,Indonesia,"Paradip, India",Supramax,thermal coal,base,51893.75,21.3,21.3,307000.4267910571,798336.4482089429,1000000.0,0.0,-1000000.0,1798336.448208943,SAIL
10,Indonesia,"Paradip, India",Supramax,thermal coal,base,51893.75,21.3,21.3,307000.4267910571,798336.4482089429,1000000.0,250000.0,-750000.0,1548336.448208943,SAIL
10,Indonesia,"Paradip, India",Supramax,thermal coal,base,51893.75,21.3,21.3,307000.4267910571,798336.4482089429,1000000.0,500000.0,-500000.0,1298336.448208943,SAIL
10,Indonesia,"Paradip, India",Supramax,thermal coal,base,51893.75,21.3,21.3,307000.4267910571,798336.4482089429,1000000.0,1000000.0,0.0,798336.4482089429,SAIL
10,Indonesia,"Paradip, India",Supramax,thermal coal,base,51893.75,21.3,21.3,307000.4267910571,798336.4482089429,1500000.0,0.0,-1500000.0,2298336.448208943,SAIL
10,Indonesia,"Paradip, India",Supramax,thermal coal,base,51893.75,21.3,21.3,307000.4267910571,798336.4482089429,1500000.0,250000.0,-1250000.0,2048336.448208943,SAIL
10,Indonesia,"Paradip, India",Supramax,thermal coal,base,51893.75,21.3,21.3,307000.4267910571,798336.4482089429,1500000.0,500000.0,-1000000.0,1798336.448208943,SAIL
10,Indonesia,"Paradip, India",Supramax,thermal coal,base,51893.75,21.3,21.3,307000.4267910571,798336.4482089429,1500000.0,1000000.0,-500000.0,1298336.448208943,SAIL
10,Indonesia,"Paradip, India",Supramax,thermal coal,base,51893.75,21.3,21.3,307000.4267910571,798336.4482089429,2000000.0,0.0,-2000000.0,2798336.448208943,SAIL
10,Indonesia,"Paradip, India",Supramax,thermal coal,base,51893.75,21.3,21.3,307000.4267910571,798336.4482089429,2000000.0,250000.0,-1750000.0,2548336.448208943,SAIL
10,Indonesia,"Paradip, India",Supramax,thermal coal,base,51893.75,21.3,21.3,307000.4267910571,798336.4482089429,2000000.0,500000.0,-1500000.0,2298336.448208943,SAIL
10,Indonesia,"Paradip, India",Supramax,thermal coal,base,51893.75,21.3,21.3,307000.4267910571,798336.4482089429,2000000.0,1000000.0,-1000000.0,1798336.448208943,SAIL
10,Indonesia,"Paradip, India",Supramax,thermal coal,bull,51893.75,21.3,30.456649288083675,307000.4267910571,1273509.3172024349,0.0,0.0,0.0,1273509.3172024349,SAIL
10,Indonesia,"Paradip, India",Supramax,thermal coal,bull,51893.75,21.3,30.456649288083675,307000.4267910571,1273509.3172024349,0.0,250000.0,250000.0,1023509.3172024349,SAIL
10,Indonesia,"Paradip, India",Supramax,thermal coal,bull,51893.75,21.3,30.456649288083675,307000.4267910571,1273509.3172024349,0.0,500000.0,500000.0,773509.3172024349,SAIL
10,Indonesia,"Paradip, India",Supramax,thermal coal,bull,51893.75,21.3,30.456649288083675,307000.4267910571,1273509.3172024349,0.0,1000000.0,1000000.0,273509.3172024349,SAIL
10,Indonesia,"Paradip, India",Supramax,thermal coal,bull,51893.75,21.3,30.456649288083675,307000.4267910571,1273509.3172024349,50000.0,0.0,-50000.0,1323509.3172024349,SAIL
10,Indonesia,"Paradip, India",Supramax,thermal coal,bull,51893.75,21.3,30.456649288083675,307000.4267910571,1273509.3172024349,50000.0,250000.0,200000.0,1073509.3172024349,SAIL
10,Indonesia,"Paradip, India",Supramax,thermal coal,bull,51893.75,21.3,30.456649288083675,307000.4267910571,1273509.3172024349,50000.0,500000.0,450000.0,823509.3172024349,SAIL
10,Indonesia,"Paradip, India",Supramax,thermal coal,bull,51893.75,21.3,30.456649288083675,307000.4267910571,1273509.3172024349,50000.0,1000000.0,950000.0,323509.3172024349,SAIL
10,Indonesia,"Paradip, India",Supramax,thermal coal,bull,51893.75,21.3,30.456649288083675,307000.4267910571,1273509.3172024349,100000.0,0.0,-100000.0,1373509.3172024349,SAIL
10,Indonesia,"Paradip, India",Supramax,thermal coal,bull,51893.75,21.3,30.456649288083675,307000.4267910571,1273509.3172024349,100000.0,250000.0,150000.0,1123509.3172024349,SAIL
10,Indonesia,"Paradip, India",Supramax,thermal coal,bull,51893.75,21.3,30.456649288083675,307000.4267910571,1273509.3172024349,100000.0,500000.0,400000.0,873509.3172024349,SAIL
10,Indonesia,"Paradip, India",Supramax,thermal coal,bull,51893.75,21.3,30.456649288083675,307000.4267910571,1273509.3172024349,100000.0,1000000.0,900000.0,373509.3172024349,SAIL
10,Indonesia,"Paradip, India",Supramax,thermal coal,bull,51893.75,21.3,30.456649288083675,307000.4267910571,1273509.3172024349,250000.0,0.0,-250000.0,1523509.3172024349,SAIL
10,Indonesia,"Paradip, India",Supramax,thermal coal,bull,51893.75,21.3,30.456649288083675,307000.4267910571,1273509.3172024349,250000.0,250000.0,0.0,1273509.3172024349,SAIL
10,Indonesia,"Paradip, India",Supramax,thermal coal,bull,51893.75,21.3,30.456649288083675,307000.4267910571,1273509.3172024349,250000.0,500000.0,250000.0,1023509.3172024349,SAIL
10,Indonesia,"Paradip, India",Supramax,thermal coal,bull,51893.75,21.3,30.456649288083675,307000.4267910571,1273509.3172024349,250000.0,1000000.0,750000.0,523509.3172024349,SAIL
10,Indonesia,"Paradip, India",Supramax,thermal coal,bull,51893.75,21.3,30.456649288083675,307000.4267910571,1273509.3172024349,500000.0,0.0,-500000.0,1773509.3172024349,SAIL
10,Indonesia,"Paradip, India",Supramax,thermal coal,bull,51893.75,21.3,30.456649288083675,307000.4267910571,1273509.3172024349,500000.0,250000.0,-250000.0,1523509.3172024349,SAIL
10,Indonesia,"Paradip, India",Supramax,thermal coal,bull,51893.75,21.3,30.456649288083675,307000.4267910571,1273509.3172024349,500000.0,500000.0,0.0,1273509.3172024349,SAIL
10,Indonesia,"Paradip, India",Supramax,thermal coal,bull,51893.75,21.3,30.456649288083675,307000.4267910571,1273509.3172024349,500000.0,1000000.0,500000.0,773509.3172024349,SAIL
10,Indonesia,"Paradip, India",Supramax,thermal coal,bull,51893.75,21.3,30.456649288083675,307000.4267910571,1273509.3172024349,750000.0,0.0,-750000.0,2023509.3172024349,SAIL
10,Indonesia,"Paradip, India",Supramax,thermal coal,bull,51893.75,21.3,30.456649288083675,307000.4267910571,1273509.3172024349,750000.0,250000.0,-500000.0,1773509.3172024349,SAIL
10,Indonesia,"Paradip, India",Supramax,thermal coal,bull,51893.75,21.3,30.456649288083675,307000.4267910571,1273509.3172024349,750000.0,500000.0,-250000.0,1523509.3172024349,SAIL
10,Indonesia,"Paradip, India",Supramax,thermal coal,bull,51893.75,21.3,30.456649288083675,307000.4267910571,1273509.3172024349,750000.0,1000000.0,250000.0,1023509.3172024349,SAIL
10,Indonesia,"Paradip, India",Supramax,thermal coal,bull,51893.75,21.3,30.456649288083675,307000.4267910571,1273509.3172024349,1000000.0,0.0,-1000000.0,2273509.317202435,SAIL
10,Indonesia,"Paradip, India",Supramax,thermal coal,bull,51893.75,21.3,30.456649288083675,307000.4267910571,1273509.3172024349,1000000.0,250000.0,-750000.0,2023509.3172024349,SAIL
10,Indonesia,"Paradip, India",Supramax,thermal coal,bull,51893.75,21.3,30.456649288083675,307000.4267910571,1273509.3172024349,1000000.0,500000.0,-500000.0,1773509.3172024349,SAIL
10,Indonesia,"Paradip, India",Supramax,thermal coal,bull,51893.75,21.3,30.456649288083675,307000.4267910571,1273509.3172024349,1000000.0,1000000.0,0.0,1273509.3172024349,SAIL
10,Indonesia,"Paradip, India",Supramax,thermal coal,bull,51893.75,21.3,30.456649288083675,307000.4267910571,1273509.3172024349,1500000.0,0.0,-1500000.0,2773509.317202435,SAIL
10,Indonesia,"Paradip, India",Supramax,thermal coal,bull,51893.75,21.3,30.456649288083675,307000.4267910571,1273509.3172024349,1500000.0,250000.0,-1250000.0,2523509.317202435,SAIL
10,Indonesia,"Paradip, India",Supramax,thermal coal,bull,51893.75,21.3,30.456649288083675,307000.4267910571,1273509.3172024349,1500000.0,500000.0,-1000000.0,2273509.317202435,SAIL
10,Indonesia,"Paradip, India",Supramax,thermal coal,bull,51893.75,21.3,30.456649288083675,307000.4267910571,1273509.3172024349,1500000.0,1000000.0,-500000.0,1773509.3172024349,SAIL
10,Indonesia,"Paradip, India",Supramax,thermal coal,bull,51893.75,21.3,30.456649288083675,307000.4267910571,1273509.3172024349,2000000.0,0.0,-2000000.0,3273509.317202435,SAIL
10,Indonesia,"Paradip, India",Supramax,thermal coal,bull,51893.75,21.3,30.456649288083675,307000.4267910571,1273509.3172024349,2000000.0,250000.0,-1750000.0,3023509.317202435,SAIL
10,Indonesia,"Paradip, India",Supramax,thermal coal,bull,51893.75,21.3,30.456649288083675,307000.4267910571,1273509.3172024349,2000000.0,500000.0,-1500000.0,2773509.317202435,SAIL
10,Indonesia,"Paradip, India",Supramax,thermal coal,bull,51893.75,21.3,30.456649288083675,307000.4267910571,1273509.3172024349,2000000.0,1000000.0,-1000000.0,2273509.317202435,SAIL
11,"Hay Point, Australia","Visakhapatnam, India",Panamax,coal,bear,69943.75,27.85,21.388728305243745,541850.6263131252,954157.239086767,0.0,0.0,0.0,954157.239086767,SAIL
11,"Hay Point, Australia","Visakhapatnam, India",Panamax,coal,bear,69943.75,27.85,21.388728305243745,541850.6263131252,954157.239086767,0.0,250000.0,250000.0,704157.239086767,SAIL
11,"Hay Point, Australia","Visakhapatnam, India",Panamax,coal,bear,69943.75,27.85,21.388728305243745,541850.6263131252,954157.239086767,0.0,500000.0,500000.0,454157.23908676696,SAIL
11,"Hay Point, Australia","Visakhapatnam, India",Panamax,coal,bear,69943.75,27.85,21.388728305243745,541850.6263131252,954157.239086767,0.0,1000000.0,1000000.0,-45842.76091323304,KILL
11,"Hay Point, Australia","Visakhapatnam, India",Panamax,coal,bear,69943.75,27.85,21.388728305243745,541850.6263131252,954157.239086767,50000.0,0.0,-50000.0,1004157.239086767,SAIL
11,"Hay Point, Australia","Visakhapatnam, India",Panamax,coal,bear,69943.75,27.85,21.388728305243745,541850.6263131252,954157.239086767,50000.0,250000.0,200000.0,754157.239086767,SAIL
11,"Hay Point, Australia","Visakhapatnam, India",Panamax,coal,bear,69943.75,27.85,21.388728305243745,541850.6263131252,954157.239086767,50000.0,500000.0,450000.0,504157.23908676696,SAIL
11,"Hay Point, Australia","Visakhapatnam, India",Panamax,coal,bear,69943.75,27.85,21.388728305243745,541850.6263131252,954157.239086767,50000.0,1000000.0,950000.0,4157.23908676696,SAIL
11,"Hay Point, Australia","Visakhapatnam, India",Panamax,coal,bear,69943.75,27.85,21.388728305243745,541850.6263131252,954157.239086767,100000.0,0.0,-100000.0,1054157.239086767,SAIL
11,"Hay Point, Australia","Visakhapatnam, India",Panamax,coal,bear,69943.75,27.85,21.388728305243745,541850.6263131252,954157.239086767,100000.0,250000.0,150000.0,804157.239086767,SAIL
11,"Hay Point, Australia","Visakhapatnam, India",Panamax,coal,bear,69943.75,27.85,21.388728305243745,541850.6263131252,954157.239086767,100000.0,500000.0,400000.0,554157.239086767,SAIL
11,"Hay Point, Australia","Visakhapatnam, India",Panamax,coal,bear,69943.75,27.85,21.388728305243745,541850.6263131252,954157.239086767,100000.0,1000000.0,900000.0,54157.23908676696,SAIL
11,"Hay Point, Australia","Visakhapatnam, India",Panamax,coal,bear,69943.75,27.85,21.388728305243745,541850.6263131252,954157.239086767,250000.0,0.0,-250000.0,1204157.239086767,SAIL
11,"Hay Point, Australia","Visakhapatnam, India",Panamax,coal,bear,69943.75,27.85,21.388728305243745,541850.6263131252,954157.239086767,250000.0,250000.0,0.0,954157.239086767,SAIL
11,"Hay Point, Australia","Visakhapatnam, India",Panamax,coal,bear,69943.75,27.85,21.388728305243745,541850.6263131252,954157.239086767,250000.0,500000.0,250000.0,704157.239086767,SAIL
11,"Hay Point, Australia","Visakhapatnam, India",Panamax,coal,bear,69943.75,27.85,21.388728305243745,541850.6263131252,954157.239086767,250000.0,1000000.0,750000.0,204157.23908676696,SAIL
11,"Hay Point, Australia","Visakhapatnam, India",Panamax,coal,bear,69943.75,27.85,21.388728305243745,541850.6263131252,954157.239086767,500000.0,0.0,-500000.0,1454157.239086767,SAIL
11,"Hay Point, Australia","Visakhapatnam, India",Panamax,coal,bear,69943.75,27.85,21.388728305243745,541850.6263131252,954157.239086767,500000.0,250000.0,-250000.0,1204157.239086767,SAIL
11,"Hay Point, Australia","Visakhapatnam, India",Panamax,coal,bear,69943.75,27.85,21.388728305243745,541850.6263131252,954157.239086767,500000.0,500000.0,0.0,954157.239086767,SAIL
11,"Hay Point, Australia","Visakhapatnam, India",Panamax,coal,bear,69943.75,27.85,21.388728305243745,541850.6263131252,954157.239086767,500000.0,1000000.0,500000.0,454157.23908676696,SAIL
11,"Hay Point, Australia","Visakhapatnam, India",Panamax,coal,bear,69943.75,27.85,21.388728305243745,541850.6263131252,954157.239086767,750000.0,0.0,-750000.0,1704157.239086767,SAIL
11,"Hay Point, Australia","Visakhapatnam, India",Panamax,coal,bear,69943.75,27.85,21.388728305243745,541850.6263131252,954157.239086767,750000.0,250000.0,-500000.0,1454157.239086767,SAIL
11,"Hay Point, Australia","Visakhapatnam, India",Panamax,coal,bear,69943.75,27.85,21.388728305243745,541850.6263131252,954157.239086767,750000.0,500000.0,-250000.0,1204157.239086767,SAIL
11,"Hay Point, Australia","Visakhapatnam, India",Panamax,coal,bear,69943.75,27.85,21.388728305243745,541850.6263131252,954157.239086767,750000.0,1000000.0,250000.0,704157.239086767,SAIL
11,"Hay Point, Australia","Visakhapatnam, India",Panamax,coal,bear,69943.75,27.85,21.388728305243745,541850.6263131252,954157.239086767,1000000.0,0.0,-1000000.0,1954157.239086767,SAIL
11,"Hay Point, Australia","Visakhapatnam, India",Panamax,coal,bear,69943.75,27.85,21.388728305243745,541850.6263131252,954157.239086767,1000000.0,250000.0,-750000.0,1704157.239086767,SAIL
11,"Hay Point, Australia","Visakhapatnam, India",Panamax,coal,bear,69943.75,27.85,21.388728305243745,541850.6263131252,954157.239086767,1000000.0,500000.0,-500000.0,1454157.239086767,SAIL
11,"Hay Point, Australia","Visakhapatnam, India",Panamax,coal,bear,69943.75,27.85,21.388728305243745,541850.6263131252,954157.239086767,1000000.0,1000000.0,0.0,954157.239086767,SAIL
11,"Hay Point, Australia","Visakhapatnam, India",Panamax,coal,bear,69943.75,27.85,21.388728305243745,541850.6263131252,954157.239086767,1500000.0,0.0,-1500000.0,2454157.2390867667,SAIL
11,"Hay Point, Australia","Visakhapatnam, India",Panamax,coal,bear,69943.75,27.85,21.388728305243745,541850.6263131252,954157.239086767,1500000.0,250000.0,-1250000.0,2204157.2390867667,SAIL
11,"Hay Point, Australia","Visakhapatnam, India",Panamax,coal,bear,69943.75,27.85,21.388728305243745,541850.6263131252,954157.239086767,1500000.0,500000.0,-1000000.0,1954157.239086767,SAIL
11,"Hay Point, Australia","Visakhapatnam, India",Panamax,coal,bear,69943.75,27.85,21.388728305243745,541850.6263131252,954157.239086767,1500000.0,1000000.0,-500000.0,1454157.239086767,SAIL
11,"Hay Point, Australia","Visakhapatnam, India",Panamax,coal,bear,69943.75,27.85,21.388728305243745,541850.6263131252,954157.239086767,2000000.0,0.0,-2000000.0,2954157.2390867667,SAIL
11,"Hay Point, Australia","Visakhapatnam, India",Panamax,coal,bear,69943.75,27.85,21.388728305243745,541850.6263131252,954157.239086767,2000000.0,250000.0,-1750000.0,2704157.2390867667,SAIL
11,"Hay Point, Australia","Visakhapatnam, India",Panamax,coal,bear,69943.75,27.85,21.388728305243745,541850.6263131252,954157.239086767,2000000.0,500000.0,-1500000.0,2454157.2390867667,SAIL
11,"Hay Point, Australia","Visakhapatnam, India",Panamax,coal,bear,69943.75,27.85,21.388728305243745,541850.6263131252,954157.239086767,2000000.0,1000000.0,-1000000.0,1954157.239086767,SAIL
11,"Hay Point, Australia","Visakhapatnam, India",Panamax,coal,base,69943.75,27.85,27.85,541850.6263131252,1406082.8111868748,0.0,0.0,0.0,1406082.8111868748,SAIL
11,"Hay Point, Australia","Visakhapatnam, India",Panamax,coal,base,69943.75,27.85,27.85,541850.6263131252,1406082.8111868748,0.0,250000.0,250000.0,1156082.8111868748,SAIL
11,"Hay Point, Australia","Visakhapatnam, India",Panamax,coal,base,69943.75,27.85,27.85,541850.6263131252,1406082.8111868748,0.0,500000.0,500000.0,906082.8111868748,SAIL
11,"Hay Point, Australia","Visakhapatnam, India",Panamax,coal,base,69943.75,27.85,27.85,541850.6263131252,1406082.8111868748,0.0,1000000.0,1000000.0,406082.81118687475,SAIL
11,"Hay Point, Australia","Visakhapatnam, India",Panamax,coal,base,69943.75,27.85,27.85,541850.6263131252,1406082.8111868748,50000.0,0.0,-50000.0,1456082.8111868748,SAIL
11,"Hay Point, Australia","Visakhapatnam, India",Panamax,coal,base,69943.75,27.85,27.85,541850.6263131252,1406082.8111868748,50000.0,250000.0,200000.0,1206082.8111868748,SAIL
11,"Hay Point, Australia","Visakhapatnam, India",Panamax,coal,base,69943.75,27.85,27.85,541850.6263131252,1406082.8111868748,50000.0,500000.0,450000.0,956082.8111868748,SAIL
11,"Hay Point, Australia","Visakhapatnam, India",Panamax,coal,base,69943.75,27.85,27.85,541850.6263131252,1406082.8111868748,50000.0,1000000.0,950000.0,456082.81118687475,SAIL
11,"Hay Point, Australia","Visakhapatnam, India",Panamax,coal,base,69943.75,27.85,27.85,541850.6263131252,1406082.8111868748,100000.0,0.0,-100000.0,1506082.8111868748,SAIL
11,"Hay Point, Australia","Visakhapatnam, India",Panamax,coal,base,69943.75,27.85,27.85,541850.6263131252,1406082.8111868748,100000.0,250000.0,150000.0,1256082.8111868748,SAIL
11,"Hay Point, Australia","Visakhapatnam, India",Panamax,coal,base,69943.75,27.85,27.85,541850.6263131252,1406082.8111868748,100000.0,500000.0,400000.0,1006082.8111868748,SAIL
11,"Hay Point, Australia","Visakhapatnam, India",Panamax,coal,base,69943.75,27.85,27.85,541850.6263131252,1406082.8111868748,100000.0,1000000.0,900000.0,506082.81118687475,SAIL
11,"Hay Point, Australia","Visakhapatnam, India",Panamax,coal,base,69943.75,27.85,27.85,541850.6263131252,1406082.8111868748,250000.0,0.0,-250000.0,1656082.8111868748,SAIL
11,"Hay Point, Australia","Visakhapatnam, India",Panamax,coal,base,69943.75,27.85,27.85,541850.6263131252,1406082.8111868748,250000.0,250000.0,0.0,1406082.8111868748,SAIL
11,"Hay Point, Australia","Visakhapatnam, India",Panamax,coal,base,69943.75,27.85,27.85,541850.6263131252,1406082.8111868748,250000.0,500000.0,250000.0,1156082.8111868748,SAIL
11,"Hay Point, Australia","Visakhapatnam, India",Panamax,coal,base,69943.75,27.85,27.85,541850.6263131252,1406082.8111868748,250000.0,1000000.0,750000.0,656082.8111868748,SAIL
11,"Hay Point, Australia","Visakhapatnam, India",Panamax,coal,base,69943.75,27.85,27.85,541850.6263131252,1406082.8111868748,500000.0,0.0,-500000.0,1906082.8111868748,SAIL
11,"Hay Point, Australia","Visakhapatnam, India",Panamax,coal,base,69943.75,27.85,27.85,541850.6263131252,1406082.8111868748,500000.0,250000.0,-250000.0,1656082.8111868748,SAIL
11,"Hay Point, Australia","Visakhapatnam, India",Panamax,coal,base,69943.75,27.85,27.85,541850.6263131252,1406082.8111868748,500000.0,500000.0,0.0,1406082.8111868748,SAIL
11,"Hay Point, Australia","Visakhapatnam, India",Panamax,coal,base,69943.75,27.85,27.85,541850.6263131252,1406082.8111868748,500000.0,1000000.0,500000.0,906082.8111868748,SAIL
11,"Hay Point, Australia","Visakhapatnam, India",Panamax,coal,base,69943.75,27.85,27.85,541850.6263131252,1406082.8111868748,750000.0,0.0,-750000.0,2156082.8111868748,SAIL
11,"Hay Point, Australia","Visakhapatnam, India",Panamax,coal,base,69943.75,27.85,27.85,541850.6263131252,1406082.8111868748,750000.0,250000.0,-500000.0,1906082.8111868748,SAIL
11,"Hay Point, Australia","Visakhapatnam, India",Panamax,coal,base,69943.75,27.85,27.85,541850.6263131252,1406082.8111868748,750000.0,500000.0,-250000.0,1656082.8111868748,SAIL
11,"Hay Point, Australia","Visakhapatnam, India",Panamax,coal,base,69943.75,27.85,27.85,541850.6263131252,1406082.8111868748,750000.0,1000000.0,250000.0,1156082.8111868748,SAIL
11,"Hay Point, Australia","Visakhapatnam, India",Panamax,coal,base,69943.75,27.85,27.85,541850.6263131252,1406082.8111868748,1000000.0,0.0,-1000000.0,2406082.8111868748,SAIL
11,"Hay Point, Australia","Visakhapatnam, India",Panamax,coal,base,69943.75,27.85,27.85,541850.6263131252,1406082.8111868748,1000000.0,250000.0,-750000.0,2156082.8111868748,SAIL
11,"Hay Point, Australia","Visakhapatnam, India",Panamax,coal,base,69943.75,27.85,27.85,541850.6263131252,1406082.8111868748,1000000.0,500000.0,-500000.0,1906082.8111868748,SAIL
11,"Hay Point, Australia","Visakhapatnam, India",Panamax,coal,base,69943.75,27.85,27.85,541850.6263131252,1406082.8111868748,1000000.0,1000000.0,0.0,1406082.8111868748,SAIL
11,"Hay Point, Australia","Visakhapatnam, India",Panamax,coal,base,69943.75,27.85,27.85,541850.6263131252,1406082.8111868748,1500000.0,0.0,-1500000.0,2906082.8111868748,SAIL
11,"Hay Point, Australia","Visakhapatnam, India",Panamax,coal,base,69943.75,27.85,27.85,541850.6263131252,1406082.8111868748,1500000.0,250000.0,-1250000.0,2656082.8111868748,SAIL
11,"Hay Point, Australia","Visakhapatnam, India",Panamax,coal,base,69943.75,27.85,27.85,541850.6263131252,1406082.8111868748,1500000.0,500000.0,-1000000.0,2406082.8111868748,SAIL
11,"Hay Point, Australia","Visakhapatnam, India",Panamax,coal,base,69943.75,27.85,27.85,541850.6263131252,1406082.8111868748,1500000.0,1000000.0,-500000.0,1906082.8111868748,SAIL
11,"Hay Point, Australia","Visakhapatnam, India",Panamax,coal,base,69943.75,27.85,27.85,541850.6263131252,1406082.8111868748,2000000.0,0.0,-2000000.0,3406082.8111868748,SAIL
11,"Hay Point, Australia","Visakhapatnam, India",Panamax,coal,base,69943.75,27.85,27.85,541850.6263131252,1406082.8111868748,2000000.0,250000.0,-1750000.0,3156082.8111868748,SAIL
11,"Hay Point, Australia","Visakhapatnam, India",Panamax,coal,base,69943.75,27.85,27.85,541850.6263131252,1406082.8111868748,2000000.0,500000.0,-1500000.0,2906082.8111868748,SAIL
11,"Hay Point, Australia","Visakhapatnam, India",Panamax,coal,base,69943.75,27.85,27.85,541850.6263131252,1406082.8111868748,2000000.0,1000000.0,-1000000.0,2406082.8111868748,SAIL
11,"Hay Point, Australia","Visakhapatnam, India",Panamax,coal,bull,69943.75,27.85,39.82242641657889,541850.6263131252,2243479.2113614646,0.0,0.0,0.0,2243479.2113614646,SAIL
11,"Hay Point, Australia","Visakhapatnam, India",Panamax,coal,bull,69943.75,27.85,39.82242641657889,541850.6263131252,2243479.2113614646,0.0,250000.0,250000.0,1993479.2113614646,SAIL
11,"Hay Point, Australia","Visakhapatnam, India",Panamax,coal,bull,69943.75,27.85,39.82242641657889,541850.6263131252,2243479.2113614646,0.0,500000.0,500000.0,1743479.2113614646,SAIL
11,"Hay Point, Australia","Visakhapatnam, India",Panamax,coal,bull,69943.75,27.85,39.82242641657889,541850.6263131252,2243479.2113614646,0.0,1000000.0,1000000.0,1243479.2113614646,SAIL
11,"Hay Point, Australia","Visakhapatnam, India",Panamax,coal,bull,69943.75,27.85,39.82242641657889,541850.6263131252,2243479.2113614646,50000.0,0.0,-50000.0,2293479.2113614646,SAIL
11,"Hay Point, Australia","Visakhapatnam, India",Panamax,coal,bull,69943.75,27.85,39.82242641657889,541850.6263131252,2243479.2113614646,50000.0,250000.0,200000.0,2043479.2113614646,SAIL
11,"Hay Point, Australia","Visakhapatnam, India",Panamax,coal,bull,69943.75,27.85,39.82242641657889,541850.6263131252,2243479.2113614646,50000.0,500000.0,450000.0,1793479.2113614646,SAIL
11,"Hay Point, Australia","Visakhapatnam, India",Panamax,coal,bull,69943.75,27.85,39.82242641657889,541850.6263131252,2243479.2113614646,50000.0,1000000.0,950000.0,1293479.2113614646,SAIL
11,"Hay Point, Australia","Visakhapatnam, India",Panamax,coal,bull,69943.75,27.85,39.82242641657889,541850.6263131252,2243479.2113614646,100000.0,0.0,-100000.0,2343479.2113614646,SAIL
11,"Hay Point, Australia","Visakhapatnam, India",Panamax,coal,bull,69943.75,27.85,39.82242641657889,541850.6263131252,2243479.2113614646,100000.0,250000.0,150000.0,2093479.2113614646,SAIL
11,"Hay Point, Australia","Visakhapatnam, India",Panamax,coal,bull,69943.75,27.85,39.82242641657889,541850.6263131252,2243479.2113614646,100000.0,500000.0,400000.0,1843479.2113614646,SAIL
11,"Hay Point, Australia","Visakhapatnam, India",Panamax,coal,bull,69943.75,27.85,39.82242641657889,541850.6263131252,2243479.2113614646,100000.0,1000000.0,900000.0,1343479.2113614646,SAIL
11,"Hay Point, Australia","Visakhapatnam, India",Panamax,coal,bull,69943.75,27.85,39.82242641657889,541850.6263131252,2243479.2113614646,250000.0,0.0,-250000.0,2493479.2113614646,SAIL
11,"Hay Point, Australia","Visakhapatnam, India",Panamax,coal,bull,69943.75,27.85,39.82242641657889,541850.6263131252,2243479.2113614646,250000.0,250000.0,0.0,2243479.2113614646,SAIL
11,"Hay Point, Australia","Visakhapatnam, India",Panamax,coal,bull,69943.75,27.85,39.82242641657889,541850.6263131252,2243479.2113614646,250000.0,500000.0,250000.0,1993479.2113614646,SAIL
11,"Hay Point, Australia","Visakhapatnam, India",Panamax,coal,bull,69943.75,27.85,39.82242641657889,541850.6263131252,2243479.2113614646,250000.0,1000000.0,750000.0,1493479.2113614646,SAIL
11,"Hay Point, Australia","Visakhapatnam, India",Panamax,coal,bull,69943.75,27.85,39.82242641657889,541850.6263131252,2243479.2113614646,500000.0,0.0,-500000.0,2743479.2113614646,SAIL
11,"Hay Point, Australia","Visakhapatnam, India",Panamax,coal,bull,69943.75,27.85,39.82242641657889,541850.6263131252,2243479.2113614646,500000.0,250000.0,-250000.0,2493479.2113614646,SAIL
11,"Hay Point, Australia","Visakhapatnam, India",Panamax,coal,bull,69943.75,27.85,39.82242641657889,541850.6263131252,2243479.2113614646,500000.0,500000.0,0.0,2243479.2113614646,SAIL
11,"Hay Point, Australia","Visakhapatnam, India",Panamax,coal,bull,69943.75,27.85,39.82242641657889,541850.6263131252,2243479.2113614646,500000.0,1000000.0,500000.0,1743479.2113614646,SAIL
11,"Hay Point, Australia","Visakhapatnam, India",Panamax,coal,bull,69943.75,27.85,39.82242641657889,541850.6263131252,2243479.2113614646,750000.0,0.0,-750000.0,2993479.2113614646,SAIL
11,"Hay Point, Australia","Visakhapatnam, India",Panamax,coal,bull,69943.75,27.85,39.82242641657889,541850.6263131252,2243479.2113614646,750000.0,250000.0,-500000.0,2743479.2113614646,SAIL
11,"Hay Point, Australia","Visakhapatnam, India",Panamax,coal,bull,69943.75,27.85,39.82242641657889,541850.6263131252,2243479.2113614646,750000.0,500000.0,-250000.0,2493479.2113614646,SAIL
11,"Hay Point, Australia","Visakhapatnam, India",Panamax,coal,bull,69943.75,27.85,39.82242641657889,541850.6263131252,2243479.2113614646,750000.0,1000000.0,250000.0,1993479.2113614646,SAIL
11,"Hay Point, Australia","Visakhapatnam, India",Panamax,coal,bull,69943.75,27.85,39.82242641657889,541850.6263131252,2243479.2113614646,1000000.0,0.0,-1000000.0,3243479.2113614646,SAIL
11,"Hay Point, Australia","Visakhapatnam, India",Panamax,coal,bull,69943.75,27.85,39.82242641657889,541850.6263131252,2243479.2113614646,1000000.0,250000.0,-750000.0,2993479.2113614646,SAIL
11,"Hay Point, Australia","Visakhapatnam, India",Panamax,coal,bull,69943.75,27.85,39.82242641657889,541850.6263131252,2243479.2113614646,1000000.0,500000.0,-500000.0,2743479.2113614646,SAIL
11,"Hay Point, Australia","Visakhapatnam, India",Panamax,coal,bull,69943.75,27.85,39.82242641657889,541850.6263131252,2243479.2113614646,1000000.0,1000000.0,0.0,2243479.2113614646,SAIL
11,"Hay Point, Australia","Visakhapatnam, India",Panamax,coal,bull,69943.75,27.85,39.82242641657889,541850.6263131252,2243479.2113614646,1500000.0,0.0,-1500000.0,3743479.2113614646,SAIL
11,"Hay Point, Australia","Visakhapatnam, India",Panamax,coal,bull,69943.75,27.85,39.82242641657889,541850.6263131252,2243479.2113614646,1500000.0,250000.0,-1250000.0,3493479.2113614646,SAIL
11,"Hay Point, Australia","Visakhapatnam, India",Panamax,coal,bull,69943.75,27.85,39.82242641657889,541850.6263131252,2243479.2113614646,1500000.0,500000.0,-1000000.0,3243479.2113614646,SAIL
11,"Hay Point, Australia","Visakhapatnam, India",Panamax,coal,bull,69943.75,27.85,39.82242641657889,541850.6263131252,2243479.2113614646,1500000.0,1000000.0,-500000.0,2743479.2113614646,SAIL
11,"Hay Point, Australia","Visakhapatnam, India",Panamax,coal,bull,69943.75,27.85,39.82242641657889,541850.6263131252,2243479.2113614646,2000000.0,0.0,-2000000.0,4243479.211361464,SAIL
11,"Hay Point, Australia","Visakhapatnam, India",Panamax,coal,bull,69943.75,27.85,39.82242641657889,541850.6263131252,2243479.2113614646,2000000.0,250000.0,-1750000.0,3993479.2113614646,SAIL
11,"Hay Point, Australia","Visakhapatnam, India",Panamax,coal,bull,69943.75,27.85,39.82242641657889,541850.6263131252,2243479.2113614646,2000000.0,500000.0,-1500000.0,3743479.2113614646,SAIL
11,"Hay Point, Australia","Visakhapatnam, India",Panamax,coal,bull,69943.75,27.85,39.82242641657889,541850.6263131252,2243479.2113614646,2000000.0,1000000.0,-1000000.0,3243479.2113614646,SAIL
13,"Adang Bay (East Kalimantan), Indonesia","Kandla, India",Supramax,steam coal,bear,51893.75,26.5,20.35193178057304,441733.5185327099,614404.5413054023,0.0,0.0,0.0,614404.5413054023,SAIL
13,"Adang Bay (East Kalimantan), Indonesia","Kandla, India",Supramax,steam coal,bear,51893.75,26.5,20.35193178057304,441733.5185327099,614404.5413054023,0.0,250000.0,250000.0,364404.5413054023,SAIL
13,"Adang Bay (East Kalimantan), Indonesia","Kandla, India",Supramax,steam coal,bear,51893.75,26.5,20.35193178057304,441733.5185327099,614404.5413054023,0.0,500000.0,500000.0,114404.5413054023,SAIL
13,"Adang Bay (East Kalimantan), Indonesia","Kandla, India",Supramax,steam coal,bear,51893.75,26.5,20.35193178057304,441733.5185327099,614404.5413054023,0.0,1000000.0,1000000.0,-385595.4586945977,KILL
13,"Adang Bay (East Kalimantan), Indonesia","Kandla, India",Supramax,steam coal,bear,51893.75,26.5,20.35193178057304,441733.5185327099,614404.5413054023,50000.0,0.0,-50000.0,664404.5413054023,SAIL
13,"Adang Bay (East Kalimantan), Indonesia","Kandla, India",Supramax,steam coal,bear,51893.75,26.5,20.35193178057304,441733.5185327099,614404.5413054023,50000.0,250000.0,200000.0,414404.5413054023,SAIL
13,"Adang Bay (East Kalimantan), Indonesia","Kandla, India",Supramax,steam coal,bear,51893.75,26.5,20.35193178057304,441733.5185327099,614404.5413054023,50000.0,500000.0,450000.0,164404.5413054023,SAIL
13,"Adang Bay (East Kalimantan), Indonesia","Kandla, India",Supramax,steam coal,bear,51893.75,26.5,20.35193178057304,441733.5185327099,614404.5413054023,50000.0,1000000.0,950000.0,-335595.4586945977,KILL
13,"Adang Bay (East Kalimantan), Indonesia","Kandla, India",Supramax,steam coal,bear,51893.75,26.5,20.35193178057304,441733.5185327099,614404.5413054023,100000.0,0.0,-100000.0,714404.5413054023,SAIL
13,"Adang Bay (East Kalimantan), Indonesia","Kandla, India",Supramax,steam coal,bear,51893.75,26.5,20.35193178057304,441733.5185327099,614404.5413054023,100000.0,250000.0,150000.0,464404.5413054023,SAIL
13,"Adang Bay (East Kalimantan), Indonesia","Kandla, India",Supramax,steam coal,bear,51893.75,26.5,20.35193178057304,441733.5185327099,614404.5413054023,100000.0,500000.0,400000.0,214404.5413054023,SAIL
13,"Adang Bay (East Kalimantan), Indonesia","Kandla, India",Supramax,steam coal,bear,51893.75,26.5,20.35193178057304,441733.5185327099,614404.5413054023,100000.0,1000000.0,900000.0,-285595.4586945977,KILL
13,"Adang Bay (East Kalimantan), Indonesia","Kandla, India",Supramax,steam coal,bear,51893.75,26.5,20.35193178057304,441733.5185327099,614404.5413054023,250000.0,0.0,-250000.0,864404.5413054023,SAIL
13,"Adang Bay (East Kalimantan), Indonesia","Kandla, India",Supramax,steam coal,bear,51893.75,26.5,20.35193178057304,441733.5185327099,614404.5413054023,250000.0,250000.0,0.0,614404.5413054023,SAIL
13,"Adang Bay (East Kalimantan), Indonesia","Kandla, India",Supramax,steam coal,bear,51893.75,26.5,20.35193178057304,441733.5185327099,614404.5413054023,250000.0,500000.0,250000.0,364404.5413054023,SAIL
13,"Adang Bay (East Kalimantan), Indonesia","Kandla, India",Supramax,steam coal,bear,51893.75,26.5,20.35193178057304,441733.5185327099,614404.5413054023,250000.0,1000000.0,750000.0,-135595.4586945977,KILL
13,"Adang Bay (East Kalimantan), Indonesia","Kandla, India",Supramax,steam coal,bear,51893.75,26.5,20.35193178057304,441733.5185327099,614404.5413054023,500000.0,0.0,-500000.0,1114404.5413054023,SAIL
13,"Adang Bay (East Kalimantan), Indonesia","Kandla, India",Supramax,steam coal,bear,51893.75,26.5,20.35193178057304,441733.5185327099,614404.5413054023,500000.0,250000.0,-250000.0,864404.5413054023,SAIL
13,"Adang Bay (East Kalimantan), Indonesia","Kandla, India",Supramax,steam coal,bear,51893.75,26.5,20.35193178057304,441733.5185327099,614404.5413054023,500000.0,500000.0,0.0,614404.5413054023,SAIL
13,"Adang Bay (East Kalimantan), Indonesia","Kandla, India",Supramax,steam coal,bear,51893.75,26.5,20.35193178057304,441733.5185327099,614404.5413054023,500000.0,1000000.0,500000.0,114404.5413054023,SAIL
13,"Adang Bay (East Kalimantan), Indonesia","Kandla, India",Supramax,steam coal,bear,51893.75,26.5,20.35193178057304,441733.5185327099,614404.5413054023,750000.0,0.0,-750000.0,1364404.5413054023,SAIL
13,"Adang Bay (East Kalimantan), Indonesia","Kandla, India",Supramax,steam coal,bear,51893.75,26.5,20.35193178057304,441733.5185327099,614404.5413054023,750000.0,250000.0,-500000.0,1114404.5413054023,SAIL
13,"Adang Bay (East Kalimantan), Indonesia","Kandla, India",Supramax,steam coal,bear,51893.75,26.5,20.35193178057304,441733.5185327099,614404.5413054023,750000.0,500000.0,-250000.0,864404.5413054023,SAIL
13,"Adang Bay (East Kalimantan), Indonesia","Kandla, India",Supramax,steam coal,bear,51893.75,26.5,20.35193178057304,441733.5185327099,614404.5413054023,750000.0,1000000.0,250000.0,364404.5413054023,SAIL
13,"Adang Bay (East Kalimantan), Indonesia","Kandla, India",Supramax,steam coal,bear,51893.75,26.5,20.35193178057304,441733.5185327099,614404.5413054023,1000000.0,0.0,-1000000.0,1614404.5413054023,SAIL
13,"Adang Bay (East Kalimantan), Indonesia","Kandla, India",Supramax,steam coal,bear,51893.75,26.5,20.35193178057304,441733.5185327099,614404.5413054023,1000000.0,250000.0,-750000.0,1364404.5413054023,SAIL
13,"Adang Bay (East Kalimantan), Indonesia","Kandla, India",Supramax,steam coal,bear,51893.75,26.5,20.35193178057304,441733.5185327099,614404.5413054023,1000000.0,500000.0,-500000.0,1114404.5413054023,SAIL
13,"Adang Bay (East Kalimantan), Indonesia","Kandla, India",Supramax,steam coal,bear,51893.75,26.5,20.35193178057304,441733.5185327099,614404.5413054023,1000000.0,1000000.0,0.0,614404.5413054023,SAIL
13,"Adang Bay (East Kalimantan), Indonesia","Kandla, India",Supramax,steam coal,bear,51893.75,26.5,20.35193178057304,441733.5185327099,614404.5413054023,1500000.0,0.0,-1500000.0,2114404.5413054023,SAIL
13,"Adang Bay (East Kalimantan), Indonesia","Kandla, India",Supramax,steam coal,bear,51893.75,26.5,20.35193178057304,441733.5185327099,614404.5413054023,1500000.0,250000.0,-1250000.0,1864404.5413054023,SAIL
13,"Adang Bay (East Kalimantan), Indonesia","Kandla, India",Supramax,steam coal,bear,51893.75,26.5,20.35193178057304,441733.5185327099,614404.5413054023,1500000.0,500000.0,-1000000.0,1614404.5413054023,SAIL
13,"Adang Bay (East Kalimantan), Indonesia","Kandla, India",Supramax,steam coal,bear,51893.75,26.5,20.35193178057304,441733.5185327099,614404.5413054023,1500000.0,1000000.0,-500000.0,1114404.5413054023,SAIL
13,"Adang Bay (East Kalimantan), Indonesia","Kandla, India",Supramax,steam coal,bear,51893.75,26.5,20.35193178057304,441733.5185327099,614404.5413054023,2000000.0,0.0,-2000000.0,2614404.5413054023,SAIL
13,"Adang Bay (East Kalimantan), Indonesia","Kandla, India",Supramax,steam coal,bear,51893.75,26.5,20.35193178057304,441733.5185327099,614404.5413054023,2000000.0,250000.0,-1750000.0,2364404.5413054023,SAIL
13,"Adang Bay (East Kalimantan), Indonesia","Kandla, India",Supramax,steam coal,bear,51893.75,26.5,20.35193178057304,441733.5185327099,614404.5413054023,2000000.0,500000.0,-1500000.0,2114404.5413054023,SAIL
13,"Adang Bay (East Kalimantan), Indonesia","Kandla, India",Supramax,steam coal,bear,51893.75,26.5,20.35193178057304,441733.5185327099,614404.5413054023,2000000.0,1000000.0,-1000000.0,1614404.5413054023,SAIL
13,"Adang Bay (East Kalimantan), Indonesia","Kandla, India",Supramax,steam coal,base,51893.75,26.5,26.5,441733.5185327099,933450.8564672901,0.0,0.0,0.0,933450.8564672901,SAIL
13,"Adang Bay (East Kalimantan), Indonesia","Kandla, India",Supramax,steam coal,base,51893.75,26.5,26.5,441733.5185327099,933450.8564672901,0.0,250000.0,250000.0,683450.8564672901,SAIL
13,"Adang Bay (East Kalimantan), Indonesia","Kandla, India",Supramax,steam coal,base,51893.75,26.5,26.5,441733.5185327099,933450.8564672901,0.0,500000.0,500000.0,433450.8564672901,SAIL
13,"Adang Bay (East Kalimantan), Indonesia","Kandla, India",Supramax,steam coal,base,51893.75,26.5,26.5,441733.5185327099,933450.8564672901,0.0,1000000.0,1000000.0,-66549.14353270992,KILL
13,"Adang Bay (East Kalimantan), Indonesia","Kandla, India",Supramax,steam coal,base,51893.75,26.5,26.5,441733.5185327099,933450.8564672901,50000.0,0.0,-50000.0,983450.8564672901,SAIL
13,"Adang Bay (East Kalimantan), Indonesia","Kandla, India",Supramax,steam coal,base,51893.75,26.5,26.5,441733.5185327099,933450.8564672901,50000.0,250000.0,200000.0,733450.8564672901,SAIL
13,"Adang Bay (East Kalimantan), Indonesia","Kandla, India",Supramax,steam coal,base,51893.75,26.5,26.5,441733.5185327099,933450.8564672901,50000.0,500000.0,450000.0,483450.8564672901,SAIL
13,"Adang Bay (East Kalimantan), Indonesia","Kandla, India",Supramax,steam coal,base,51893.75,26.5,26.5,441733.5185327099,933450.8564672901,50000.0,1000000.0,950000.0,-16549.143532709917,KILL
13,"Adang Bay (East Kalimantan), Indonesia","Kandla, India",Supramax,steam coal,base,51893.75,26.5,26.5,441733.5185327099,933450.8564672901,100000.0,0.0,-100000.0,1033450.8564672901,SAIL
13,"Adang Bay (East Kalimantan), Indonesia","Kandla, India",Supramax,steam coal,base,51893.75,26.5,26.5,441733.5185327099,933450.8564672901,100000.0,250000.0,150000.0,783450.8564672901,SAIL
13,"Adang Bay (East Kalimantan), Indonesia","Kandla, India",Supramax,steam coal,base,51893.75,26.5,26.5,441733.5185327099,933450.8564672901,100000.0,500000.0,400000.0,533450.8564672901,SAIL
13,"Adang Bay (East Kalimantan), Indonesia","Kandla, India",Supramax,steam coal,base,51893.75,26.5,26.5,441733.5185327099,933450.8564672901,100000.0,1000000.0,900000.0,33450.85646729008,SAIL
13,"Adang Bay (East Kalimantan), Indonesia","Kandla, India",Supramax,steam coal,base,51893.75,26.5,26.5,441733.5185327099,933450.8564672901,250000.0,0.0,-250000.0,1183450.85646729,SAIL
13,"Adang Bay (East Kalimantan), Indonesia","Kandla, India",Supramax,steam coal,base,51893.75,26.5,26.5,441733.5185327099,933450.8564672901,250000.0,250000.0,0.0,933450.8564672901,SAIL
13,"Adang Bay (East Kalimantan), Indonesia","Kandla, India",Supramax,steam coal,base,51893.75,26.5,26.5,441733.5185327099,933450.8564672901,250000.0,500000.0,250000.0,683450.8564672901,SAIL
13,"Adang Bay (East Kalimantan), Indonesia","Kandla, India",Supramax,steam coal,base,51893.75,26.5,26.5,441733.5185327099,933450.8564672901,250000.0,1000000.0,750000.0,183450.85646729008,SAIL
13,"Adang Bay (East Kalimantan), Indonesia","Kandla, India",Supramax,steam coal,base,51893.75,26.5,26.5,441733.5185327099,933450.8564672901,500000.0,0.0,-500000.0,1433450.85646729,SAIL
13,"Adang Bay (East Kalimantan), Indonesia","Kandla, India",Supramax,steam coal,base,51893.75,26.5,26.5,441733.5185327099,933450.8564672901,500000.0,250000.0,-250000.0,1183450.85646729,SAIL
13,"Adang Bay (East Kalimantan), Indonesia","Kandla, India",Supramax,steam coal,base,51893.75,26.5,26.5,441733.5185327099,933450.8564672901,500000.0,500000.0,0.0,933450.8564672901,SAIL
13,"Adang Bay (East Kalimantan), Indonesia","Kandla, India",Supramax,steam coal,base,51893.75,26.5,26.5,441733.5185327099,933450.8564672901,500000.0,1000000.0,500000.0,433450.8564672901,SAIL
13,"Adang Bay (East Kalimantan), Indonesia","Kandla, India",Supramax,steam coal,base,51893.75,26.5,26.5,441733.5185327099,933450.8564672901,750000.0,0.0,-750000.0,1683450.85646729,SAIL
13,"Adang Bay (East Kalimantan), Indonesia","Kandla, India",Supramax,steam coal,base,51893.75,26.5,26.5,441733.5185327099,933450.8564672901,750000.0,250000.0,-500000.0,1433450.85646729,SAIL
13,"Adang Bay (East Kalimantan), Indonesia","Kandla, India",Supramax,steam coal,base,51893.75,26.5,26.5,441733.5185327099,933450.8564672901,750000.0,500000.0,-250000.0,1183450.85646729,SAIL
13,"Adang Bay (East Kalimantan), Indonesia","Kandla, India",Supramax,steam coal,base,51893.75,26.5,26.5,441733.5185327099,933450.8564672901,750000.0,1000000.0,250000.0,683450.8564672901,SAIL
13,"Adang Bay (East Kalimantan), Indonesia","Kandla, India",Supramax,steam coal,base,51893.75,26.5,26.5,441733.5185327099,933450.8564672901,1000000.0,0.0,-1000000.0,1933450.85646729,SAIL
13,"Adang Bay (East Kalimantan), Indonesia","Kandla, India",Supramax,steam coal,base,51893.75,26.5,26.5,441733.5185327099,933450.8564672901,1000000.0,250000.0,-750000.0,1683450.85646729,SAIL
13,"Adang Bay (East Kalimantan), Indonesia","Kandla, India",Supramax,steam coal,base,51893.75,26.5,26.5,441733.5185327099,933450.8564672901,1000000.0,500000.0,-500000.0,1433450.85646729,SAIL
13,"Adang Bay (East Kalimantan), Indonesia","Kandla, India",Supramax,steam coal,base,51893.75,26.5,26.5,441733.5185327099,933450.8564672901,1000000.0,1000000.0,0.0,933450.8564672901,SAIL
13,"Adang Bay (East Kalimantan), Indonesia","Kandla, India",Supramax,steam coal,base,51893.75,26.5,26.5,441733.5185327099,933450.8564672901,1500000.0,0.0,-1500000.0,2433450.85646729,SAIL
13,"Adang Bay (East Kalimantan), Indonesia","Kandla, India",Supramax,steam coal,base,51893.75,26.5,26.5,441733.5185327099,933450.8564672901,1500000.0,250000.0,-1250000.0,2183450.85646729,SAIL
13,"Adang Bay (East Kalimantan), Indonesia","Kandla, India",Supramax,steam coal,base,51893.75,26.5,26.5,441733.5185327099,933450.8564672901,1500000.0,500000.0,-1000000.0,1933450.85646729,SAIL
13,"Adang Bay (East Kalimantan), Indonesia","Kandla, India",Supramax,steam coal,base,51893.75,26.5,26.5,441733.5185327099,933450.8564672901,1500000.0,1000000.0,-500000.0,1433450.85646729,SAIL
13,"Adang Bay (East Kalimantan), Indonesia","Kandla, India",Supramax,steam coal,base,51893.75,26.5,26.5,441733.5185327099,933450.8564672901,2000000.0,0.0,-2000000.0,2933450.85646729,SAIL
13,"Adang Bay (East Kalimantan), Indonesia","Kandla, India",Supramax,steam coal,base,51893.75,26.5,26.5,441733.5185327099,933450.8564672901,2000000.0,250000.0,-1750000.0,2683450.85646729,SAIL
13,"Adang Bay (East Kalimantan), Indonesia","Kandla, India",Supramax,steam coal,base,51893.75,26.5,26.5,441733.5185327099,933450.8564672901,2000000.0,500000.0,-1500000.0,2433450.85646729,SAIL
13,"Adang Bay (East Kalimantan), Indonesia","Kandla, India",Supramax,steam coal,base,51893.75,26.5,26.5,441733.5185327099,933450.8564672901,2000000.0,1000000.0,-1000000.0,1933450.85646729,SAIL
13,"Adang Bay (East Kalimantan), Indonesia","Kandla, India",Supramax,steam coal,bull,51893.75,26.5,37.89207540536232,441733.5185327099,1524628.369534311,0.0,0.0,0.0,1524628.369534311,SAIL
13,"Adang Bay (East Kalimantan), Indonesia","Kandla, India",Supramax,steam coal,bull,51893.75,26.5,37.89207540536232,441733.5185327099,1524628.369534311,0.0,250000.0,250000.0,1274628.369534311,SAIL
13,"Adang Bay (East Kalimantan), Indonesia","Kandla, India",Supramax,steam coal,bull,51893.75,26.5,37.89207540536232,441733.5185327099,1524628.369534311,0.0,500000.0,500000.0,1024628.3695343109,SAIL
13,"Adang Bay (East Kalimantan), Indonesia","Kandla, India",Supramax,steam coal,bull,51893.75,26.5,37.89207540536232,441733.5185327099,1524628.369534311,0.0,1000000.0,1000000.0,524628.3695343109,SAIL
13,"Adang Bay (East Kalimantan), Indonesia","Kandla, India",Supramax,steam coal,bull,51893.75,26.5,37.89207540536232,441733.5185327099,1524628.369534311,50000.0,0.0,-50000.0,1574628.369534311,SAIL
13,"Adang Bay (East Kalimantan), Indonesia","Kandla, India",Supramax,steam coal,bull,51893.75,26.5,37.89207540536232,441733.5185327099,1524628.369534311,50000.0,250000.0,200000.0,1324628.369534311,SAIL
13,"Adang Bay (East Kalimantan), Indonesia","Kandla, India",Supramax,steam coal,bull,51893.75,26.5,37.89207540536232,441733.5185327099,1524628.369534311,50000.0,500000.0,450000.0,1074628.369534311,SAIL
13,"Adang Bay (East Kalimantan), Indonesia","Kandla, India",Supramax,steam coal,bull,51893.75,26.5,37.89207540536232,441733.5185327099,1524628.369534311,50000.0,1000000.0,950000.0,574628.3695343109,SAIL
13,"Adang Bay (East Kalimantan), Indonesia","Kandla, India",Supramax,steam coal,bull,51893.75,26.5,37.89207540536232,441733.5185327099,1524628.369534311,100000.0,0.0,-100000.0,1624628.369534311,SAIL
13,"Adang Bay (East Kalimantan), Indonesia","Kandla, India",Supramax,steam coal,bull,51893.75,26.5,37.89207540536232,441733.5185327099,1524628.369534311,100000.0,250000.0,150000.0,1374628.369534311,SAIL
13,"Adang Bay (East Kalimantan), Indonesia","Kandla, India",Supramax,steam coal,bull,51893.75,26.5,37.89207540536232,441733.5185327099,1524628.369534311,100000.0,500000.0,400000.0,1124628.369534311,SAIL
13,"Adang Bay (East Kalimantan), Indonesia","Kandla, India",Supramax,steam coal,bull,51893.75,26.5,37.89207540536232,441733.5185327099,1524628.369534311,100000.0,1000000.0,900000.0,624628.3695343109,SAIL
13,"Adang Bay (East Kalimantan), Indonesia","Kandla, India",Supramax,steam coal,bull,51893.75,26.5,37.89207540536232,441733.5185327099,1524628.369534311,250000.0,0.0,-250000.0,1774628.369534311,SAIL
13,"Adang Bay (East Kalimantan), Indonesia","Kandla, India",Supramax,steam coal,bull,51893.75,26.5,37.89207540536232,441733.5185327099,1524628.369534311,250000.0,250000.0,0.0,1524628.369534311,SAIL
13,"Adang Bay (East Kalimantan), Indonesia","Kandla, India",Supramax,steam coal,bull,51893.75,26.5,37.89207540536232,441733.5185327099,1524628.369534311,250000.0,500000.0,250000.0,1274628.369534311,SAIL
13,"Adang Bay (East Kalimantan), Indonesia","Kandla, India",Supramax,steam coal,bull,51893.75,26.5,37.89207540536232,441733.5185327099,1524628.369534311,250000.0,1000000.0,750000.0,774628.3695343109,SAIL
13,"Adang Bay (East Kalimantan), Indonesia","Kandla, India",Supramax,steam coal,bull,51893.75,26.5,37.89207540536232,441733.5185327099,1524628.369534311,500000.0,0.0,-500000.0,2024628.369534311,SAIL
13,"Adang Bay (East Kalimantan), Indonesia","Kandla, India",Supramax,steam coal,bull,51893.75,26.5,37.89207540536232,441733.5185327099,1524628.369534311,500000.0,250000.0,-250000.0,1774628.369534311,SAIL
13,"Adang Bay (East Kalimantan), Indonesia","Kandla, India",Supramax,steam coal,bull,51893.75,26.5,37.89207540536232,441733.5185327099,1524628.369534311,500000.0,500000.0,0.0,1524628.369534311,SAIL
13,"Adang Bay (East Kalimantan), Indonesia","Kandla, India",Supramax,steam coal,bull,51893.75,26.5,37.89207540536232,441733.5185327099,1524628.369534311,500000.0,1000000.0,500000.0,1024628.3695343109,SAIL
13,"Adang Bay (East Kalimantan), Indonesia","Kandla, India",Supramax,steam coal,bull,51893.75,26.5,37.89207540536232,441733.5185327099,1524628.369534311,750000.0,0.0,-750000.0,2274628.369534311,SAIL
13,"Adang Bay (East Kalimantan), Indonesia","Kandla, India",Supramax,steam coal,bull,51893.75,26.5,37.89207540536232,441733.5185327099,1524628.369534311,750000.0,250000.0,-500000.0,2024628.369534311,SAIL
13,"Adang Bay (East Kalimantan), Indonesia","Kandla, India",Supramax,steam coal,bull,51893.75,26.5,37.89207540536232,441733.5185327099,1524628.369534311,750000.0,500000.0,-250000.0,1774628.369534311,SAIL
13,"Adang Bay (East Kalimantan), Indonesia","Kandla, India",Supramax,steam coal,bull,51893.75,26.5,37.89207540536232,441733.5185327099,1524628.369534311,750000.0,1000000.0,250000.0,1274628.369534311,SAIL
13,"Adang Bay (East Kalimantan), Indonesia","Kandla, India",Supramax,steam coal,bull,51893.75,26.5,37.89207540536232,441733.5185327099,1524628.369534311,1000000.0,0.0,-1000000.0,2524628.369534311,SAIL
13,"Adang Bay (East Kalimantan), Indonesia","Kandla, India",Supramax,steam coal,bull,51893.75,26.5,37.89207540536232,441733.5185327099,1524628.369534311,1000000.0,250000.0,-750000.0,2274628.369534311,SAIL
13,"Adang Bay (East Kalimantan), Indonesia","Kandla, India",Supramax,steam coal,bull,51893.75,26.5,37.89207540536232,441733.5185327099,1524628.369534311,1000000.0,500000.0,-500000.0,2024628.369534311,SAIL
13,"Adang Bay (East Kalimantan), Indonesia","Kandla, India",Supramax,steam coal,bull,51893.75,26.5,37.89207540536232,441733.5185327099,1524628.369534311,1000000.0,1000000.0,0.0,1524628.369534311,SAIL
13,"Adang Bay (East Kalimantan), Indonesia","Kandla, India",Supramax,steam coal,bull,51893.75,26.5,37.89207540536232,441733.5185327099,1524628.369534311,1500000.0,0.0,-1500000.0,3024628.369534311,SAIL
13,"Adang Bay (East Kalimantan), Indonesia","Kandla, India",Supramax,steam coal,bull,51893.75,26.5,37.89207540536232,441733.5185327099,1524628.369534311,1500000.0,250000.0,-1250000.0,2774628.369534311,SAIL
13,"Adang Bay (East Kalimantan), Indonesia","Kandla, India",Supramax,steam coal,bull,51893.75,26.5,37.89207540536232,441733.5185327099,1524628.369534311,1500000.0,500000.0,-1000000.0,2524628.369534311,SAIL
13,"Adang Bay (East Kalimantan), Indonesia","Kandla, India",Supramax,steam coal,bull,51893.75,26.5,37.89207540536232,441733.5185327099,1524628.369534311,1500000.0,1000000.0,-500000.0,2024628.369534311,SAIL
13,"Adang Bay (East Kalimantan), Indonesia","Kandla, India",Supramax,steam coal,bull,51893.75,26.5,37.89207540536232,441733.5185327099,1524628.369534311,2000000.0,0.0,-2000000.0,3524628.369534311,SAIL
13,"Adang Bay (East Kalimantan), Indonesia","Kandla, India",Supramax,steam coal,bull,51893.75,26.5,37.89207540536232,441733.5185327099,1524628.369534311,2000000.0,250000.0,-1750000.0,3274628.369534311,SAIL
13,"Adang Bay (East Kalimantan), Indonesia","Kandla, India",Supramax,steam coal,bull,51893.75,26.5,37.89207540536232,441733.5185327099,1524628.369534311,2000000.0,500000.0,-1500000.0,3024628.369534311,SAIL
13,"Adang Bay (East Kalimantan), Indonesia","Kandla, India",Supramax,steam coal,bull,51893.75,26.5,37.89207540536232,441733.5185327099,1524628.369534311,2000000.0,1000000.0,-1000000.0,2524628.369534311,SAIL
14,"East Kalimantan, Indonesia","Paradip, India",Supramax,thermal coal,bear,51893.75,15.0,11.519961385230022,324360.20148084464,273453.7946539358,0.0,0.0,0.0,273453.7946539358,SAIL
14,"East Kalimantan, Indonesia","Paradip, India",Supramax,thermal coal,bear,51893.75,15.0,11.519961385230022,324360.20148084464,273453.7946539358,0.0,250000.0,250000.0,23453.794653935824,SAIL
14,"East Kalimantan, Indonesia","Paradip, India",Supramax,thermal coal,bear,51893.75,15.0,11.519961385230022,324360.20148084464,273453.7946539358,0.0,500000.0,500000.0,-226546.20534606418,KILL
14,"East Kalimantan, Indonesia","Paradip, India",Supramax,thermal coal,bear,51893.75,15.0,11.519961385230022,324360.20148084464,273453.7946539358,0.0,1000000.0,1000000.0,-726546.2053460642,KILL
14,"East Kalimantan, Indonesia","Paradip, India",Supramax,thermal coal,bear,51893.75,15.0,11.519961385230022,324360.20148084464,273453.7946539358,50000.0,0.0,-50000.0,323453.7946539358,SAIL
14,"East Kalimantan, Indonesia","Paradip, India",Supramax,thermal coal,bear,51893.75,15.0,11.519961385230022,324360.20148084464,273453.7946539358,50000.0,250000.0,200000.0,73453.79465393582,SAIL
14,"East Kalimantan, Indonesia","Paradip, India",Supramax,thermal coal,bear,51893.75,15.0,11.519961385230022,324360.20148084464,273453.7946539358,50000.0,500000.0,450000.0,-176546.20534606418,KILL
14,"East Kalimantan, Indonesia","Paradip, India",Supramax,thermal coal,bear,51893.75,15.0,11.519961385230022,324360.20148084464,273453.7946539358,50000.0,1000000.0,950000.0,-676546.2053460642,KILL
14,"East Kalimantan, Indonesia","Paradip, India",Supramax,thermal coal,bear,51893.75,15.0,11.519961385230022,324360.20148084464,273453.7946539358,100000.0,0.0,-100000.0,373453.7946539358,SAIL
14,"East Kalimantan, Indonesia","Paradip, India",Supramax,thermal coal,bear,51893.75,15.0,11.519961385230022,324360.20148084464,273453.7946539358,100000.0,250000.0,150000.0,123453.79465393582,SAIL
14,"East Kalimantan, Indonesia","Paradip, India",Supramax,thermal coal,bear,51893.75,15.0,11.519961385230022,324360.20148084464,273453.7946539358,100000.0,500000.0,400000.0,-126546.20534606418,KILL
14,"East Kalimantan, Indonesia","Paradip, India",Supramax,thermal coal,bear,51893.75,15.0,11.519961385230022,324360.20148084464,273453.7946539358,100000.0,1000000.0,900000.0,-626546.2053460642,KILL
14,"East Kalimantan, Indonesia","Paradip, India",Supramax,thermal coal,bear,51893.75,15.0,11.519961385230022,324360.20148084464,273453.7946539358,250000.0,0.0,-250000.0,523453.7946539358,SAIL
14,"East Kalimantan, Indonesia","Paradip, India",Supramax,thermal coal,bear,51893.75,15.0,11.519961385230022,324360.20148084464,273453.7946539358,250000.0,250000.0,0.0,273453.7946539358,SAIL
14,"East Kalimantan, Indonesia","Paradip, India",Supramax,thermal coal,bear,51893.75,15.0,11.519961385230022,324360.20148084464,273453.7946539358,250000.0,500000.0,250000.0,23453.794653935824,SAIL
14,"East Kalimantan, Indonesia","Paradip, India",Supramax,thermal coal,bear,51893.75,15.0,11.519961385230022,324360.20148084464,273453.7946539358,250000.0,1000000.0,750000.0,-476546.2053460642,KILL
14,"East Kalimantan, Indonesia","Paradip, India",Supramax,thermal coal,bear,51893.75,15.0,11.519961385230022,324360.20148084464,273453.7946539358,500000.0,0.0,-500000.0,773453.7946539358,SAIL
14,"East Kalimantan, Indonesia","Paradip, India",Supramax,thermal coal,bear,51893.75,15.0,11.519961385230022,324360.20148084464,273453.7946539358,500000.0,250000.0,-250000.0,523453.7946539358,SAIL
14,"East Kalimantan, Indonesia","Paradip, India",Supramax,thermal coal,bear,51893.75,15.0,11.519961385230022,324360.20148084464,273453.7946539358,500000.0,500000.0,0.0,273453.7946539358,SAIL
14,"East Kalimantan, Indonesia","Paradip, India",Supramax,thermal coal,bear,51893.75,15.0,11.519961385230022,324360.20148084464,273453.7946539358,500000.0,1000000.0,500000.0,-226546.20534606418,KILL
14,"East Kalimantan, Indonesia","Paradip, India",Supramax,thermal coal,bear,51893.75,15.0,11.519961385230022,324360.20148084464,273453.7946539358,750000.0,0.0,-750000.0,1023453.7946539358,SAIL
14,"East Kalimantan, Indonesia","Paradip, India",Supramax,thermal coal,bear,51893.75,15.0,11.519961385230022,324360.20148084464,273453.7946539358,750000.0,250000.0,-500000.0,773453.7946539358,SAIL
14,"East Kalimantan, Indonesia","Paradip, India",Supramax,thermal coal,bear,51893.75,15.0,11.519961385230022,324360.20148084464,273453.7946539358,750000.0,500000.0,-250000.0,523453.7946539358,SAIL
14,"East Kalimantan, Indonesia","Paradip, India",Supramax,thermal coal,bear,51893.75,15.0,11.519961385230022,324360.20148084464,273453.7946539358,750000.0,1000000.0,250000.0,23453.794653935824,SAIL
14,"East Kalimantan, Indonesia","Paradip, India",Supramax,thermal coal,bear,51893.75,15.0,11.519961385230022,324360.20148084464,273453.7946539358,1000000.0,0.0,-1000000.0,1273453.7946539358,SAIL
14,"East Kalimantan, Indonesia","Paradip, India",Supramax,thermal coal,bear,51893.75,15.0,11.519961385230022,324360.20148084464,273453.7946539358,1000000.0,250000.0,-750000.0,1023453.7946539358,SAIL
14,"East Kalimantan, Indonesia","Paradip, India",Supramax,thermal coal,bear,51893.75,15.0,11.519961385230022,324360.20148084464,273453.7946539358,1000000.0,500000.0,-500000.0,773453.7946539358,SAIL
14,"East Kalimantan, Indonesia","Paradip, India",Supramax,thermal coal,bear,51893.75,15.0,11.519961385230022,324360.20148084464,273453.7946539358,1000000.0,1000000.0,0.0,273453.7946539358,SAIL
14,"East Kalimantan, Indonesia","Paradip, India",Supramax,thermal coal,bear,51893.75,15.0,11.519961385230022,324360.20148084464,273453.7946539358,1500000.0,0.0,-1500000.0,1773453.7946539358,SAIL
14,"East Kalimantan, Indonesia","Paradip, India",Supramax,thermal coal,bear,51893.75,15.0,11.519961385230022,324360.20148084464,273453.7946539358,1500000.0,250000.0,-1250000.0,1523453.7946539358,SAIL
14,"East Kalimantan, Indonesia","Paradip, India",Supramax,thermal coal,bear,51893.75,15.0,11.519961385230022,324360.20148084464,273453.7946539358,1500000.0,500000.0,-1000000.0,1273453.7946539358,SAIL
14,"East Kalimantan, Indonesia","Paradip, India",Supramax,thermal coal,bear,51893.75,15.0,11.519961385230022,324360.20148084464,273453.7946539358,1500000.0,1000000.0,-500000.0,773453.7946539358,SAIL
14,"East Kalimantan, Indonesia","Paradip, India",Supramax,thermal coal,bear,51893.75,15.0,11.519961385230022,324360.20148084464,273453.7946539358,2000000.0,0.0,-2000000.0,2273453.794653936,SAIL
14,"East Kalimantan, Indonesia","Paradip, India",Supramax,thermal coal,bear,51893.75,15.0,11.519961385230022,324360.20148084464,273453.7946539358,2000000.0,250000.0,-1750000.0,2023453.7946539358,SAIL
14,"East Kalimantan, Indonesia","Paradip, India",Supramax,thermal coal,bear,51893.75,15.0,11.519961385230022,324360.20148084464,273453.7946539358,2000000.0,500000.0,-1500000.0,1773453.7946539358,SAIL
14,"East Kalimantan, Indonesia","Paradip, India",Supramax,thermal coal,bear,51893.75,15.0,11.519961385230022,324360.20148084464,273453.7946539358,2000000.0,1000000.0,-1000000.0,1273453.7946539358,SAIL
14,"East Kalimantan, Indonesia","Paradip, India",Supramax,thermal coal,base,51893.75,15.0,15.0,324360.20148084464,454046.04851915536,0.0,0.0,0.0,454046.04851915536,SAIL
14,"East Kalimantan, Indonesia","Paradip, India",Supramax,thermal coal,base,51893.75,15.0,15.0,324360.20148084464,454046.04851915536,0.0,250000.0,250000.0,204046.04851915536,SAIL
14,"East Kalimantan, Indonesia","Paradip, India",Supramax,thermal coal,base,51893.75,15.0,15.0,324360.20148084464,454046.04851915536,0.0,500000.0,500000.0,-45953.95148084464,KILL
14,"East Kalimantan, Indonesia","Paradip, India",Supramax,thermal coal,base,51893.75,15.0,15.0,324360.20148084464,454046.04851915536,0.0,1000000.0,1000000.0,-545953.9514808446,KILL
14,"East Kalimantan, Indonesia","Paradip, India",Supramax,thermal coal,base,51893.75,15.0,15.0,324360.20148084464,454046.04851915536,50000.0,0.0,-50000.0,504046.04851915536,SAIL
14,"East Kalimantan, Indonesia","Paradip, India",Supramax,thermal coal,base,51893.75,15.0,15.0,324360.20148084464,454046.04851915536,50000.0,250000.0,200000.0,254046.04851915536,SAIL
14,"East Kalimantan, Indonesia","Paradip, India",Supramax,thermal coal,base,51893.75,15.0,15.0,324360.20148084464,454046.04851915536,50000.0,500000.0,450000.0,4046.04851915536,SAIL
14,"East Kalimantan, Indonesia","Paradip, India",Supramax,thermal coal,base,51893.75,15.0,15.0,324360.20148084464,454046.04851915536,50000.0,1000000.0,950000.0,-495953.95148084464,KILL
14,"East Kalimantan, Indonesia","Paradip, India",Supramax,thermal coal,base,51893.75,15.0,15.0,324360.20148084464,454046.04851915536,100000.0,0.0,-100000.0,554046.0485191554,SAIL
14,"East Kalimantan, Indonesia","Paradip, India",Supramax,thermal coal,base,51893.75,15.0,15.0,324360.20148084464,454046.04851915536,100000.0,250000.0,150000.0,304046.04851915536,SAIL
14,"East Kalimantan, Indonesia","Paradip, India",Supramax,thermal coal,base,51893.75,15.0,15.0,324360.20148084464,454046.04851915536,100000.0,500000.0,400000.0,54046.04851915536,SAIL
14,"East Kalimantan, Indonesia","Paradip, India",Supramax,thermal coal,base,51893.75,15.0,15.0,324360.20148084464,454046.04851915536,100000.0,1000000.0,900000.0,-445953.95148084464,KILL
14,"East Kalimantan, Indonesia","Paradip, India",Supramax,thermal coal,base,51893.75,15.0,15.0,324360.20148084464,454046.04851915536,250000.0,0.0,-250000.0,704046.0485191554,SAIL
14,"East Kalimantan, Indonesia","Paradip, India",Supramax,thermal coal,base,51893.75,15.0,15.0,324360.20148084464,454046.04851915536,250000.0,250000.0,0.0,454046.04851915536,SAIL
14,"East Kalimantan, Indonesia","Paradip, India",Supramax,thermal coal,base,51893.75,15.0,15.0,324360.20148084464,454046.04851915536,250000.0,500000.0,250000.0,204046.04851915536,SAIL
14,"East Kalimantan, Indonesia","Paradip, India",Supramax,thermal coal,base,51893.75,15.0,15.0,324360.20148084464,454046.04851915536,250000.0,1000000.0,750000.0,-295953.95148084464,KILL
14,"East Kalimantan, Indonesia","Paradip, India",Supramax,thermal coal,base,51893.75,15.0,15.0,324360.20148084464,454046.04851915536,500000.0,0.0,-500000.0,954046.0485191554,SAIL
14,"East Kalimantan, Indonesia","Paradip, India",Supramax,thermal coal,base,51893.75,15.0,15.0,324360.20148084464,454046.04851915536,500000.0,250000.0,-250000.0,704046.0485191554,SAIL
14,"East Kalimantan, Indonesia","Paradip, India",Supramax,thermal coal,base,51893.75,15.0,15.0,324360.20148084464,454046.04851915536,500000.0,500000.0,0.0,454046.04851915536,SAIL
14,"East Kalimantan, Indonesia","Paradip, India",Supramax,thermal coal,base,51893.75,15.0,15.0,324360.20148084464,454046.04851915536,500000.0,1000000.0,500000.0,-45953.95148084464,KILL
14,"East Kalimantan, Indonesia","Paradip, India",Supramax,thermal coal,base,51893.75,15.0,15.0,324360.20148084464,454046.04851915536,750000.0,0.0,-750000.0,1204046.0485191555,SAIL
14,"East Kalimantan, Indonesia","Paradip, India",Supramax,thermal coal,base,51893.75,15.0,15.0,324360.20148084464,454046.04851915536,750000.0,250000.0,-500000.0,954046.0485191554,SAIL
14,"East Kalimantan, Indonesia","Paradip, India",Supramax,thermal coal,base,51893.75,15.0,15.0,324360.20148084464,454046.04851915536,750000.0,500000.0,-250000.0,704046.0485191554,SAIL
14,"East Kalimantan, Indonesia","Paradip, India",Supramax,thermal coal,base,51893.75,15.0,15.0,324360.20148084464,454046.04851915536,750000.0,1000000.0,250000.0,204046.04851915536,SAIL
14,"East Kalimantan, Indonesia","Paradip, India",Supramax,thermal coal,base,51893.75,15.0,15.0,324360.20148084464,454046.04851915536,1000000.0,0.0,-1000000.0,1454046.0485191555,SAIL
14,"East Kalimantan, Indonesia","Paradip, India",Supramax,thermal coal,base,51893.75,15.0,15.0,324360.20148084464,454046.04851915536,1000000.0,250000.0,-750000.0,1204046.0485191555,SAIL
14,"East Kalimantan, Indonesia","Paradip, India",Supramax,thermal coal,base,51893.75,15.0,15.0,324360.20148084464,454046.04851915536,1000000.0,500000.0,-500000.0,954046.0485191554,SAIL
14,"East Kalimantan, Indonesia","Paradip, India",Supramax,thermal coal,base,51893.75,15.0,15.0,324360.20148084464,454046.04851915536,1000000.0,1000000.0,0.0,454046.04851915536,SAIL
14,"East Kalimantan, Indonesia","Paradip, India",Supramax,thermal coal,base,51893.75,15.0,15.0,324360.20148084464,454046.04851915536,1500000.0,0.0,-1500000.0,1954046.0485191555,SAIL
14,"East Kalimantan, Indonesia","Paradip, India",Supramax,thermal coal,base,51893.75,15.0,15.0,324360.20148084464,454046.04851915536,1500000.0,250000.0,-1250000.0,1704046.0485191555,SAIL
14,"East Kalimantan, Indonesia","Paradip, India",Supramax,thermal coal,base,51893.75,15.0,15.0,324360.20148084464,454046.04851915536,1500000.0,500000.0,-1000000.0,1454046.0485191555,SAIL
14,"East Kalimantan, Indonesia","Paradip, India",Supramax,thermal coal,base,51893.75,15.0,15.0,324360.20148084464,454046.04851915536,1500000.0,1000000.0,-500000.0,954046.0485191554,SAIL
14,"East Kalimantan, Indonesia","Paradip, India",Supramax,thermal coal,base,51893.75,15.0,15.0,324360.20148084464,454046.04851915536,2000000.0,0.0,-2000000.0,2454046.0485191555,SAIL
14,"East Kalimantan, Indonesia","Paradip, India",Supramax,thermal coal,base,51893.75,15.0,15.0,324360.20148084464,454046.04851915536,2000000.0,250000.0,-1750000.0,2204046.0485191555,SAIL
14,"East Kalimantan, Indonesia","Paradip, India",Supramax,thermal coal,base,51893.75,15.0,15.0,324360.20148084464,454046.04851915536,2000000.0,500000.0,-1500000.0,1954046.0485191555,SAIL
14,"East Kalimantan, Indonesia","Paradip, India",Supramax,thermal coal,base,51893.75,15.0,15.0,324360.20148084464,454046.04851915536,2000000.0,1000000.0,-1000000.0,1454046.0485191555,SAIL
14,"East Kalimantan, Indonesia","Paradip, India",Supramax,thermal coal,bull,51893.75,15.0,21.44834456907301,324360.20148084464,788674.8295004879,0.0,0.0,0.0,788674.8295004879,SAIL
14,"East Kalimantan, Indonesia","Paradip, India",Supramax,thermal coal,bull,51893.75,15.0,21.44834456907301,324360.20148084464,788674.8295004879,0.0,250000.0,250000.0,538674.8295004879,SAIL
14,"East Kalimantan, Indonesia","Paradip, India",Supramax,thermal coal,bull,51893.75,15.0,21.44834456907301,324360.20148084464,788674.8295004879,0.0,500000.0,500000.0,288674.8295004879,SAIL
14,"East Kalimantan, Indonesia","Paradip, India",Supramax,thermal coal,bull,51893.75,15.0,21.44834456907301,324360.20148084464,788674.8295004879,0.0,1000000.0,1000000.0,-211325.1704995121,KILL
14,"East Kalimantan, Indonesia","Paradip, India",Supramax,thermal coal,bull,51893.75,15.0,21.44834456907301,324360.20148084464,788674.8295004879,50000.0,0.0,-50000.0,838674.8295004879,SAIL
14,"East Kalimantan, Indonesia","Paradip, India",Supramax,thermal coal,bull,51893.75,15.0,21.44834456907301,324360.20148084464,788674.8295004879,50000.0,250000.0,200000.0,588674.8295004879,SAIL
14,"East Kalimantan, Indonesia","Paradip, India",Supramax,thermal coal,bull,51893.75,15.0,21.44834456907301,324360.20148084464,788674.8295004879,50000.0,500000.0,450000.0,338674.8295004879,SAIL
14,"East Kalimantan, Indonesia","Paradip, India",Supramax,thermal coal,bull,51893.75,15.0,21.44834456907301,324360.20148084464,788674.8295004879,50000.0,1000000.0,950000.0,-161325.1704995121,KILL
14,"East Kalimantan, Indonesia","Paradip, India",Supramax,thermal coal,bull,51893.75,15.0,21.44834456907301,324360.20148084464,788674.8295004879,100000.0,0.0,-100000.0,888674.8295004879,SAIL
14,"East Kalimantan, Indonesia","Paradip, India",Supramax,thermal coal,bull,51893.75,15.0,21.44834456907301,324360.20148084464,788674.8295004879,100000.0,250000.0,150000.0,638674.8295004879,SAIL
14,"East Kalimantan, Indonesia","Paradip, India",Supramax,thermal coal,bull,51893.75,15.0,21.44834456907301,324360.20148084464,788674.8295004879,100000.0,500000.0,400000.0,388674.8295004879,SAIL
14,"East Kalimantan, Indonesia","Paradip, India",Supramax,thermal coal,bull,51893.75,15.0,21.44834456907301,324360.20148084464,788674.8295004879,100000.0,1000000.0,900000.0,-111325.17049951211,KILL
14,"East Kalimantan, Indonesia","Paradip, India",Supramax,thermal coal,bull,51893.75,15.0,21.44834456907301,324360.20148084464,788674.8295004879,250000.0,0.0,-250000.0,1038674.8295004879,SAIL
14,"East Kalimantan, Indonesia","Paradip, India",Supramax,thermal coal,bull,51893.75,15.0,21.44834456907301,324360.20148084464,788674.8295004879,250000.0,250000.0,0.0,788674.8295004879,SAIL
14,"East Kalimantan, Indonesia","Paradip, India",Supramax,thermal coal,bull,51893.75,15.0,21.44834456907301,324360.20148084464,788674.8295004879,250000.0,500000.0,250000.0,538674.8295004879,SAIL
14,"East Kalimantan, Indonesia","Paradip, India",Supramax,thermal coal,bull,51893.75,15.0,21.44834456907301,324360.20148084464,788674.8295004879,250000.0,1000000.0,750000.0,38674.82950048789,SAIL
14,"East Kalimantan, Indonesia","Paradip, India",Supramax,thermal coal,bull,51893.75,15.0,21.44834456907301,324360.20148084464,788674.8295004879,500000.0,0.0,-500000.0,1288674.829500488,SAIL
14,"East Kalimantan, Indonesia","Paradip, India",Supramax,thermal coal,bull,51893.75,15.0,21.44834456907301,324360.20148084464,788674.8295004879,500000.0,250000.0,-250000.0,1038674.8295004879,SAIL
14,"East Kalimantan, Indonesia","Paradip, India",Supramax,thermal coal,bull,51893.75,15.0,21.44834456907301,324360.20148084464,788674.8295004879,500000.0,500000.0,0.0,788674.8295004879,SAIL
14,"East Kalimantan, Indonesia","Paradip, India",Supramax,thermal coal,bull,51893.75,15.0,21.44834456907301,324360.20148084464,788674.8295004879,500000.0,1000000.0,500000.0,288674.8295004879,SAIL
14,"East Kalimantan, Indonesia","Paradip, India",Supramax,thermal coal,bull,51893.75,15.0,21.44834456907301,324360.20148084464,788674.8295004879,750000.0,0.0,-750000.0,1538674.829500488,SAIL
14,"East Kalimantan, Indonesia","Paradip, India",Supramax,thermal coal,bull,51893.75,15.0,21.44834456907301,324360.20148084464,788674.8295004879,750000.0,250000.0,-500000.0,1288674.829500488,SAIL
14,"East Kalimantan, Indonesia","Paradip, India",Supramax,thermal coal,bull,51893.75,15.0,21.44834456907301,324360.20148084464,788674.8295004879,750000.0,500000.0,-250000.0,1038674.8295004879,SAIL
14,"East Kalimantan, Indonesia","Paradip, India",Supramax,thermal coal,bull,51893.75,15.0,21.44834456907301,324360.20148084464,788674.8295004879,750000.0,1000000.0,250000.0,538674.8295004879,SAIL
14,"East Kalimantan, Indonesia","Paradip, India",Supramax,thermal coal,bull,51893.75,15.0,21.44834456907301,324360.20148084464,788674.8295004879,1000000.0,0.0,-1000000.0,1788674.829500488,SAIL
14,"East Kalimantan, Indonesia","Paradip, India",Supramax,thermal coal,bull,51893.75,15.0,21.44834456907301,324360.20148084464,788674.8295004879,1000000.0,250000.0,-750000.0,1538674.829500488,SAIL
14,"East Kalimantan, Indonesia","Paradip, India",Supramax,thermal coal,bull,51893.75,15.0,21.44834456907301,324360.20148084464,788674.8295004879,1000000.0,500000.0,-500000.0,1288674.829500488,SAIL
14,"East Kalimantan, Indonesia","Paradip, India",Supramax,thermal coal,bull,51893.75,15.0,21.44834456907301,324360.20148084464,788674.8295004879,1000000.0,1000000.0,0.0,788674.8295004879,SAIL
14,"East Kalimantan, Indonesia","Paradip, India",Supramax,thermal coal,bull,51893.75,15.0,21.44834456907301,324360.20148084464,788674.8295004879,1500000.0,0.0,-1500000.0,2288674.829500488,SAIL
14,"East Kalimantan, Indonesia","Paradip, India",Supramax,thermal coal,bull,51893.75,15.0,21.44834456907301,324360.20148084464,788674.8295004879,1500000.0,250000.0,-1250000.0,2038674.829500488,SAIL
14,"East Kalimantan, Indonesia","Paradip, India",Supramax,thermal coal,bull,51893.75,15.0,21.44834456907301,324360.20148084464,788674.8295004879,1500000.0,500000.0,-1000000.0,1788674.829500488,SAIL
14,"East Kalimantan, Indonesia","Paradip, India",Supramax,thermal coal,bull,51893.75,15.0,21.44834456907301,324360.20148084464,788674.8295004879,1500000.0,1000000.0,-500000.0,1288674.829500488,SAIL
14,"East Kalimantan, Indonesia","Paradip, India",Supramax,thermal coal,bull,51893.75,15.0,21.44834456907301,324360.20148084464,788674.8295004879,2000000.0,0.0,-2000000.0,2788674.829500488,SAIL
14,"East Kalimantan, Indonesia","Paradip, India",Supramax,thermal coal,bull,51893.75,15.0,21.44834456907301,324360.20148084464,788674.8295004879,2000000.0,250000.0,-1750000.0,2538674.829500488,SAIL
14,"East Kalimantan, Indonesia","Paradip, India",Supramax,thermal coal,bull,51893.75,15.0,21.44834456907301,324360.20148084464,788674.8295004879,2000000.0,500000.0,-1500000.0,2288674.829500488,SAIL
14,"East Kalimantan, Indonesia","Paradip, India",Supramax,thermal coal,bull,51893.75,15.0,21.44834456907301,324360.20148084464,788674.8295004879,2000000.0,1000000.0,-1000000.0,1788674.829500488,SAIL
15,Atlantic / Black Sea ports (Taman / Ust-Luga proxy),"Visakhapatnam, India",Panamax,coal,bear,69943.75,19.5,14.975949800799029,605790.3531287188,441683.7357509183,0.0,0.0,0.0,441683.7357509183,SAIL
15,Atlantic / Black Sea ports (Taman / Ust-Luga proxy),"Visakhapatnam, India",Panamax,coal,bear,69943.75,19.5,14.975949800799029,605790.3531287188,441683.7357509183,0.0,250000.0,250000.0,191683.73575091828,SAIL
15,Atlantic / Black Sea ports (Taman / Ust-Luga proxy),"Visakhapatnam, India",Panamax,coal,bear,69943.75,19.5,14.975949800799029,605790.3531287188,441683.7357509183,0.0,500000.0,500000.0,-58316.26424908172,KILL
15,Atlantic / Black Sea ports (Taman / Ust-Luga proxy),"Visakhapatnam, India",Panamax,coal,bear,69943.75,19.5,14.975949800799029,605790.3531287188,441683.7357509183,0.0,1000000.0,1000000.0,-558316.2642490817,KILL
15,Atlantic / Black Sea ports (Taman / Ust-Luga proxy),"Visakhapatnam, India",Panamax,coal,bear,69943.75,19.5,14.975949800799029,605790.3531287188,441683.7357509183,50000.0,0.0,-50000.0,491683.7357509183,SAIL
15,Atlantic / Black Sea ports (Taman / Ust-Luga proxy),"Visakhapatnam, India",Panamax,coal,bear,69943.75,19.5,14.975949800799029,605790.3531287188,441683.7357509183,50000.0,250000.0,200000.0,241683.73575091828,SAIL
15,Atlantic / Black Sea ports (Taman / Ust-Luga proxy),"Visakhapatnam, India",Panamax,coal,bear,69943.75,19.5,14.975949800799029,605790.3531287188,441683.7357509183,50000.0,500000.0,450000.0,-8316.264249081723,KILL
15,Atlantic / Black Sea ports (Taman / Ust-Luga proxy),"Visakhapatnam, India",Panamax,coal,bear,69943.75,19.5,14.975949800799029,605790.3531287188,441683.7357509183,50000.0,1000000.0,950000.0,-508316.2642490817,KILL
15,Atlantic / Black Sea ports (Taman / Ust-Luga proxy),"Visakhapatnam, India",Panamax,coal,bear,69943.75,19.5,14.975949800799029,605790.3531287188,441683.7357509183,100000.0,0.0,-100000.0,541683.7357509183,SAIL
15,Atlantic / Black Sea ports (Taman / Ust-Luga proxy),"Visakhapatnam, India",Panamax,coal,bear,69943.75,19.5,14.975949800799029,605790.3531287188,441683.7357509183,100000.0,250000.0,150000.0,291683.7357509183,SAIL
15,Atlantic / Black Sea ports (Taman / Ust-Luga proxy),"Visakhapatnam, India",Panamax,coal,bear,69943.75,19.5,14.975949800799029,605790.3531287188,441683.7357509183,100000.0,500000.0,400000.0,41683.73575091828,SAIL
15,Atlantic / Black Sea ports (Taman / Ust-Luga proxy),"Visakhapatnam, India",Panamax,coal,bear,69943.75,19.5,14.975949800799029,605790.3531287188,441683.7357509183,100000.0,1000000.0,900000.0,-458316.2642490817,KILL
15,Atlantic / Black Sea ports (Taman / Ust-Luga proxy),"Visakhapatnam, India",Panamax,coal,bear,69943.75,19.5,14.975949800799029,605790.3531287188,441683.7357509183,250000.0,0.0,-250000.0,691683.7357509183,SAIL
15,Atlantic / Black Sea ports (Taman / Ust-Luga proxy),"Visakhapatnam, India",Panamax,coal,bear,69943.75,19.5,14.975949800799029,605790.3531287188,441683.7357509183,250000.0,250000.0,0.0,441683.7357509183,SAIL
15,Atlantic / Black Sea ports (Taman / Ust-Luga proxy),"Visakhapatnam, India",Panamax,coal,bear,69943.75,19.5,14.975949800799029,605790.3531287188,441683.7357509183,250000.0,500000.0,250000.0,191683.73575091828,SAIL
15,Atlantic / Black Sea ports (Taman / Ust-Luga proxy),"Visakhapatnam, India",Panamax,coal,bear,69943.75,19.5,14.975949800799029,605790.3531287188,441683.7357509183,250000.0,1000000.0,750000.0,-308316.2642490817,KILL
15,Atlantic / Black Sea ports (Taman / Ust-Luga proxy),"Visakhapatnam, India",Panamax,coal,bear,69943.75,19.5,14.975949800799029,605790.3531287188,441683.7357509183,500000.0,0.0,-500000.0,941683.7357509183,SAIL
15,Atlantic / Black Sea ports (Taman / Ust-Luga proxy),"Visakhapatnam, India",Panamax,coal,bear,69943.75,19.5,14.975949800799029,605790.3531287188,441683.7357509183,500000.0,250000.0,-250000.0,691683.7357509183,SAIL
15,Atlantic / Black Sea ports (Taman / Ust-Luga proxy),"Visakhapatnam, India",Panamax,coal,bear,69943.75,19.5,14.975949800799029,605790.3531287188,441683.7357509183,500000.0,500000.0,0.0,441683.7357509183,SAIL
15,Atlantic / Black Sea ports (Taman / Ust-Luga proxy),"Visakhapatnam, India",Panamax,coal,bear,69943.75,19.5,14.975949800799029,605790.3531287188,441683.7357509183,500000.0,1000000.0,500000.0,-58316.26424908172,KILL
15,Atlantic / Black Sea ports (Taman / Ust-Luga proxy),"Visakhapatnam, India",Panamax,coal,bear,69943.75,19.5,14.975949800799029,605790.3531287188,441683.7357509183,750000.0,0.0,-750000.0,1191683.7357509183,SAIL
15,Atlantic / Black Sea ports (Taman / Ust-Luga proxy),"Visakhapatnam, India",Panamax,coal,bear,69943.75,19.5,14.975949800799029,605790.3531287188,441683.7357509183,750000.0,250000.0,-500000.0,941683.7357509183,SAIL
15,Atlantic / Black Sea ports (Taman / Ust-Luga proxy),"Visakhapatnam, India",Panamax,coal,bear,69943.75,19.5,14.975949800799029,605790.3531287188,441683.7357509183,750000.0,500000.0,-250000.0,691683.7357509183,SAIL
15,Atlantic / Black Sea ports (Taman / Ust-Luga proxy),"Visakhapatnam, India",Panamax,coal,bear,69943.75,19.5,14.975949800799029,605790.3531287188,441683.7357509183,750000.0,1000000.0,250000.0,191683.73575091828,SAIL
15,Atlantic / Black Sea ports (Taman / Ust-Luga proxy),"Visakhapatnam, India",Panamax,coal,bear,69943.75,19.5,14.975949800799029,605790.3531287188,441683.7357509183,1000000.0,0.0,-1000000.0,1441683.7357509183,SAIL
15,Atlantic / Black Sea ports (Taman / Ust-Luga proxy),"Visakhapatnam, India",Panamax,coal,bear,69943.75,19.5,14.975949800799029,605790.3531287188,441683.7357509183,1000000.0,250000.0,-750000.0,1191683.7357509183,SAIL
15,Atlantic / Black Sea ports (Taman / Ust-Luga proxy),"Visakhapatnam, India",Panamax,coal,bear,69943.75,19.5,14.975949800799029,605790.3531287188,441683.7357509183,1000000.0,500000.0,-500000.0,941683.7357509183,SAIL
15,Atlantic / Black Sea ports (Taman / Ust-Luga proxy),"Visakhapatnam, India",Panamax,coal,bear,69943.75,19.5,14.975949800799029,605790.3531287188,441683.7357509183,1000000.0,1000000.0,0.0,441683.7357509183,SAIL
15,Atlantic / Black Sea ports (Taman / Ust-Luga proxy),"Visakhapatnam, India",Panamax,coal,bear,69943.75,19.5,14.975949800799029,605790.3531287188,441683.7357509183,1500000.0,0.0,-1500000.0,1941683.7357509183,SAIL
15,Atlantic / Black Sea ports (Taman / Ust-Luga proxy),"Visakhapatnam, India",Panamax,coal,bear,69943.75,19.5,14.975949800799029,605790.3531287188,441683.7357509183,1500000.0,250000.0,-1250000.0,1691683.7357509183,SAIL
15,Atlantic / Black Sea ports (Taman / Ust-Luga proxy),"Visakhapatnam, India",Panamax,coal,bear,69943.75,19.5,14.975949800799029,605790.3531287188,441683.7357509183,1500000.0,500000.0,-1000000.0,1441683.7357509183,SAIL
15,Atlantic / Black Sea ports (Taman / Ust-Luga proxy),"Visakhapatnam, India",Panamax,coal,bear,69943.75,19.5,14.975949800799029,605790.3531287188,441683.7357509183,1500000.0,1000000.0,-500000.0,941683.7357509183,SAIL
15,Atlantic / Black Sea ports (Taman / Ust-Luga proxy),"Visakhapatnam, India",Panamax,coal,bear,69943.75,19.5,14.975949800799029,605790.3531287188,441683.7357509183,2000000.0,0.0,-2000000.0,2441683.7357509183,SAIL
15,Atlantic / Black Sea ports (Taman / Ust-Luga proxy),"Visakhapatnam, India",Panamax,coal,bear,69943.75,19.5,14.975949800799029,605790.3531287188,441683.7357509183,2000000.0,250000.0,-1750000.0,2191683.7357509183,SAIL
15,Atlantic / Black Sea ports (Taman / Ust-Luga proxy),"Visakhapatnam, India",Panamax,coal,bear,69943.75,19.5,14.975949800799029,605790.3531287188,441683.7357509183,2000000.0,500000.0,-1500000.0,1941683.7357509183,SAIL
15,Atlantic / Black Sea ports (Taman / Ust-Luga proxy),"Visakhapatnam, India",Panamax,coal,bear,69943.75,19.5,14.975949800799029,605790.3531287188,441683.7357509183,2000000.0,1000000.0,-1000000.0,1441683.7357509183,SAIL
15,Atlantic / Black Sea ports (Taman / Ust-Luga proxy),"Visakhapatnam, India",Panamax,coal,base,69943.75,19.5,19.5,605790.3531287188,758112.7718712812,0.0,0.0,0.0,758112.7718712812,SAIL
15,Atlantic / Black Sea ports (Taman / Ust-Luga proxy),"Visakhapatnam, India",Panamax,coal,base,69943.75,19.5,19.5,605790.3531287188,758112.7718712812,0.0,250000.0,250000.0,508112.7718712812,SAIL
15,Atlantic / Black Sea ports (Taman / Ust-Luga proxy),"Visakhapatnam, India",Panamax,coal,base,69943.75,19.5,19.5,605790.3531287188,758112.7718712812,0.0,500000.0,500000.0,258112.7718712812,SAIL
15,Atlantic / Black Sea ports (Taman / Ust-Luga proxy),"Visakhapatnam, India",Panamax,coal,base,69943.75,19.5,19.5,605790.3531287188,758112.7718712812,0.0,1000000.0,1000000.0,-241887.2281287188,KILL
15,Atlantic / Black Sea ports (Taman / Ust-Luga proxy),"Visakhapatnam, India",Panamax,coal,base,69943.75,19.5,19.5,605790.3531287188,758112.7718712812,50000.0,0.0,-50000.0,808112.7718712812,SAIL
15,Atlantic / Black Sea ports (Taman / Ust-Luga proxy),"Visakhapatnam, India",Panamax,coal,base,69943.75,19.5,19.5,605790.3531287188,758112.7718712812,50000.0,250000.0,200000.0,558112.7718712812,SAIL
15,Atlantic / Black Sea ports (Taman / Ust-Luga proxy),"Visakhapatnam, India",Panamax,coal,base,69943.75,19.5,19.5,605790.3531287188,758112.7718712812,50000.0,500000.0,450000.0,308112.7718712812,SAIL
15,Atlantic / Black Sea ports (Taman / Ust-Luga proxy),"Visakhapatnam, India",Panamax,coal,base,69943.75,19.5,19.5,605790.3531287188,758112.7718712812,50000.0,1000000.0,950000.0,-191887.2281287188,KILL
15,Atlantic / Black Sea ports (Taman / Ust-Luga proxy),"Visakhapatnam, India",Panamax,coal,base,69943.75,19.5,19.5,605790.3531287188,758112.7718712812,100000.0,0.0,-100000.0,858112.7718712812,SAIL
15,Atlantic / Black Sea ports (Taman / Ust-Luga proxy),"Visakhapatnam, India",Panamax,coal,base,69943.75,19.5,19.5,605790.3531287188,758112.7718712812,100000.0,250000.0,150000.0,608112.7718712812,SAIL
15,Atlantic / Black Sea ports (Taman / Ust-Luga proxy),"Visakhapatnam, India",Panamax,coal,base,69943.75,19.5,19.5,605790.3531287188,758112.7718712812,100000.0,500000.0,400000.0,358112.7718712812,SAIL
15,Atlantic / Black Sea ports (Taman / Ust-Luga proxy),"Visakhapatnam, India",Panamax,coal,base,69943.75,19.5,19.5,605790.3531287188,758112.7718712812,100000.0,1000000.0,900000.0,-141887.2281287188,KILL
15,Atlantic / Black Sea ports (Taman / Ust-Luga proxy),"Visakhapatnam, India",Panamax,coal,base,69943.75,19.5,19.5,605790.3531287188,758112.7718712812,250000.0,0.0,-250000.0,1008112.7718712812,SAIL
15,Atlantic / Black Sea ports (Taman / Ust-Luga proxy),"Visakhapatnam, India",Panamax,coal,base,69943.75,19.5,19.5,605790.3531287188,758112.7718712812,250000.0,250000.0,0.0,758112.7718712812,SAIL
15,Atlantic / Black Sea ports (Taman / Ust-Luga proxy),"Visakhapatnam, India",Panamax,coal,base,69943.75,19.5,19.5,605790.3531287188,758112.7718712812,250000.0,500000.0,250000.0,508112.7718712812,SAIL
15,Atlantic / Black Sea ports (Taman / Ust-Luga proxy),"Visakhapatnam, India",Panamax,coal,base,69943.75,19.5,19.5,605790.3531287188,758112.7718712812,250000.0,1000000.0,750000.0,8112.771871281206,SAIL
15,Atlantic / Black Sea ports (Taman / Ust-Luga proxy),"Visakhapatnam, India",Panamax,coal,base,69943.75,19.5,19.5,605790.3531287188,758112.7718712812,500000.0,0.0,-500000.0,1258112.7718712813,SAIL
15,Atlantic / Black Sea ports (Taman / Ust-Luga proxy),"Visakhapatnam, India",Panamax,coal,base,69943.75,19.5,19.5,605790.3531287188,758112.7718712812,500000.0,250000.0,-250000.0,1008112.7718712812,SAIL
15,Atlantic / Black Sea ports (Taman / Ust-Luga proxy),"Visakhapatnam, India",Panamax,coal,base,69943.75,19.5,19.5,605790.3531287188,758112.7718712812,500000.0,500000.0,0.0,758112.7718712812,SAIL
15,Atlantic / Black Sea ports (Taman / Ust-Luga proxy),"Visakhapatnam, India",Panamax,coal,base,69943.75,19.5,19.5,605790.3531287188,758112.7718712812,500000.0,1000000.0,500000.0,258112.7718712812,SAIL
15,Atlantic / Black Sea ports (Taman / Ust-Luga proxy),"Visakhapatnam, India",Panamax,coal,base,69943.75,19.5,19.5,605790.3531287188,758112.7718712812,750000.0,0.0,-750000.0,1508112.7718712813,SAIL
15,Atlantic / Black Sea ports (Taman / Ust-Luga proxy),"Visakhapatnam, India",Panamax,coal,base,69943.75,19.5,19.5,605790.3531287188,758112.7718712812,750000.0,250000.0,-500000.0,1258112.7718712813,SAIL
15,Atlantic / Black Sea ports (Taman / Ust-Luga proxy),"Visakhapatnam, India",Panamax,coal,base,69943.75,19.5,19.5,605790.3531287188,758112.7718712812,750000.0,500000.0,-250000.0,1008112.7718712812,SAIL
15,Atlantic / Black Sea ports (Taman / Ust-Luga proxy),"Visakhapatnam, India",Panamax,coal,base,69943.75,19.5,19.5,605790.3531287188,758112.7718712812,750000.0,1000000.0,250000.0,508112.7718712812,SAIL
15,Atlantic / Black Sea ports (Taman / Ust-Luga proxy),"Visakhapatnam, India",Panamax,coal,base,69943.75,19.5,19.5,605790.3531287188,758112.7718712812,1000000.0,0.0,-1000000.0,1758112.7718712813,SAIL
15,Atlantic / Black Sea ports (Taman / Ust-Luga proxy),"Visakhapatnam, India",Panamax,coal,base,69943.75,19.5,19.5,605790.3531287188,758112.7718712812,1000000.0,250000.0,-750000.0,1508112.7718712813,SAIL
15,Atlantic / Black Sea ports (Taman / Ust-Luga proxy),"Visakhapatnam, India",Panamax,coal,base,69943.75,19.5,19.5,605790.3531287188,758112.7718712812,1000000.0,500000.0,-500000.0,1258112.7718712813,SAIL
15,Atlantic / Black Sea ports (Taman / Ust-Luga proxy),"Visakhapatnam, India",Panamax,coal,base,69943.75,19.5,19.5,605790.3531287188,758112.7718712812,1000000.0,1000000.0,0.0,758112.7718712812,SAIL
15,Atlantic / Black Sea ports (Taman / Ust-Luga proxy),"Visakhapatnam, India",Panamax,coal,base,69943.75,19.5,19.5,605790.3531287188,758112.7718712812,1500000.0,0.0,-1500000.0,2258112.7718712813,SAIL
15,Atlantic / Black Sea ports (Taman / Ust-Luga proxy),"Visakhapatnam, India",Panamax,coal,base,69943.75,19.5,19.5,605790.3531287188,758112.7718712812,1500000.0,250000.0,-1250000.0,2008112.7718712813,SAIL
15,Atlantic / Black Sea ports (Taman / Ust-Luga proxy),"Visakhapatnam, India",Panamax,coal,base,69943.75,19.5,19.5,605790.3531287188,758112.7718712812,1500000.0,500000.0,-1000000.0,1758112.7718712813,SAIL
15,Atlantic / Black Sea ports (Taman / Ust-Luga proxy),"Visakhapatnam, India",Panamax,coal,base,69943.75,19.5,19.5,605790.3531287188,758112.7718712812,1500000.0,1000000.0,-500000.0,1258112.7718712813,SAIL
15,Atlantic / Black Sea ports (Taman / Ust-Luga proxy),"Visakhapatnam, India",Panamax,coal,base,69943.75,19.5,19.5,605790.3531287188,758112.7718712812,2000000.0,0.0,-2000000.0,2758112.7718712813,SAIL
15,Atlantic / Black Sea ports (Taman / Ust-Luga proxy),"Visakhapatnam, India",Panamax,coal,base,69943.75,19.5,19.5,605790.3531287188,758112.7718712812,2000000.0,250000.0,-1750000.0,2508112.7718712813,SAIL
15,Atlantic / Black Sea ports (Taman / Ust-Luga proxy),"Visakhapatnam, India",Panamax,coal,base,69943.75,19.5,19.5,605790.3531287188,758112.7718712812,2000000.0,500000.0,-1500000.0,2258112.7718712813,SAIL
15,Atlantic / Black Sea ports (Taman / Ust-Luga proxy),"Visakhapatnam, India",Panamax,coal,base,69943.75,19.5,19.5,605790.3531287188,758112.7718712812,2000000.0,1000000.0,-1000000.0,1758112.7718712813,SAIL
15,Atlantic / Black Sea ports (Taman / Ust-Luga proxy),"Visakhapatnam, India",Panamax,coal,bull,69943.75,19.5,27.88284793979492,605790.3531287188,1344440.5924603124,0.0,0.0,0.0,1344440.5924603124,SAIL
15,Atlantic / Black Sea ports (Taman / Ust-Luga proxy),"Visakhapatnam, India",Panamax,coal,bull,69943.75,19.5,27.88284793979492,605790.3531287188,1344440.5924603124,0.0,250000.0,250000.0,1094440.5924603124,SAIL
15,Atlantic / Black Sea ports (Taman / Ust-Luga proxy),"Visakhapatnam, India",Panamax,coal,bull,69943.75,19.5,27.88284793979492,605790.3531287188,1344440.5924603124,0.0,500000.0,500000.0,844440.5924603124,SAIL
15,Atlantic / Black Sea ports (Taman / Ust-Luga proxy),"Visakhapatnam, India",Panamax,coal,bull,69943.75,19.5,27.88284793979492,605790.3531287188,1344440.5924603124,0.0,1000000.0,1000000.0,344440.5924603124,SAIL
15,Atlantic / Black Sea ports (Taman / Ust-Luga proxy),"Visakhapatnam, India",Panamax,coal,bull,69943.75,19.5,27.88284793979492,605790.3531287188,1344440.5924603124,50000.0,0.0,-50000.0,1394440.5924603124,SAIL
15,Atlantic / Black Sea ports (Taman / Ust-Luga proxy),"Visakhapatnam, India",Panamax,coal,bull,69943.75,19.5,27.88284793979492,605790.3531287188,1344440.5924603124,50000.0,250000.0,200000.0,1144440.5924603124,SAIL
15,Atlantic / Black Sea ports (Taman / Ust-Luga proxy),"Visakhapatnam, India",Panamax,coal,bull,69943.75,19.5,27.88284793979492,605790.3531287188,1344440.5924603124,50000.0,500000.0,450000.0,894440.5924603124,SAIL
15,Atlantic / Black Sea ports (Taman / Ust-Luga proxy),"Visakhapatnam, India",Panamax,coal,bull,69943.75,19.5,27.88284793979492,605790.3531287188,1344440.5924603124,50000.0,1000000.0,950000.0,394440.5924603124,SAIL
15,Atlantic / Black Sea ports (Taman / Ust-Luga proxy),"Visakhapatnam, India",Panamax,coal,bull,69943.75,19.5,27.88284793979492,605790.3531287188,1344440.5924603124,100000.0,0.0,-100000.0,1444440.5924603124,SAIL
15,Atlantic / Black Sea ports (Taman / Ust-Luga proxy),"Visakhapatnam, India",Panamax,coal,bull,69943.75,19.5,27.88284793979492,605790.3531287188,1344440.5924603124,100000.0,250000.0,150000.0,1194440.5924603124,SAIL
15,Atlantic / Black Sea ports (Taman / Ust-Luga proxy),"Visakhapatnam, India",Panamax,coal,bull,69943.75,19.5,27.88284793979492,605790.3531287188,1344440.5924603124,100000.0,500000.0,400000.0,944440.5924603124,SAIL
15,Atlantic / Black Sea ports (Taman / Ust-Luga proxy),"Visakhapatnam, India",Panamax,coal,bull,69943.75,19.5,27.88284793979492,605790.3531287188,1344440.5924603124,100000.0,1000000.0,900000.0,444440.5924603124,SAIL
15,Atlantic / Black Sea ports (Taman / Ust-Luga proxy),"Visakhapatnam, India",Panamax,coal,bull,69943.75,19.5,27.88284793979492,605790.3531287188,1344440.5924603124,250000.0,0.0,-250000.0,1594440.5924603124,SAIL
15,Atlantic / Black Sea ports (Taman / Ust-Luga proxy),"Visakhapatnam, India",Panamax,coal,bull,69943.75,19.5,27.88284793979492,605790.3531287188,1344440.5924603124,250000.0,250000.0,0.0,1344440.5924603124,SAIL
15,Atlantic / Black Sea ports (Taman / Ust-Luga proxy),"Visakhapatnam, India",Panamax,coal,bull,69943.75,19.5,27.88284793979492,605790.3531287188,1344440.5924603124,250000.0,500000.0,250000.0,1094440.5924603124,SAIL
15,Atlantic / Black Sea ports (Taman / Ust-Luga proxy),"Visakhapatnam, India",Panamax,coal,bull,69943.75,19.5,27.88284793979492,605790.3531287188,1344440.5924603124,250000.0,1000000.0,750000.0,594440.5924603124,SAIL
15,Atlantic / Black Sea ports (Taman / Ust-Luga proxy),"Visakhapatnam, India",Panamax,coal,bull,69943.75,19.5,27.88284793979492,605790.3531287188,1344440.5924603124,500000.0,0.0,-500000.0,1844440.5924603124,SAIL
15,Atlantic / Black Sea ports (Taman / Ust-Luga proxy),"Visakhapatnam, India",Panamax,coal,bull,69943.75,19.5,27.88284793979492,605790.3531287188,1344440.5924603124,500000.0,250000.0,-250000.0,1594440.5924603124,SAIL
15,Atlantic / Black Sea ports (Taman / Ust-Luga proxy),"Visakhapatnam, India",Panamax,coal,bull,69943.75,19.5,27.88284793979492,605790.3531287188,1344440.5924603124,500000.0,500000.0,0.0,1344440.5924603124,SAIL
15,Atlantic / Black Sea ports (Taman / Ust-Luga proxy),"Visakhapatnam, India",Panamax,coal,bull,69943.75,19.5,27.88284793979492,605790.3531287188,1344440.5924603124,500000.0,1000000.0,500000.0,844440.5924603124,SAIL
15,Atlantic / Black Sea ports (Taman / Ust-Luga proxy),"Visakhapatnam, India",Panamax,coal,bull,69943.75,19.5,27.88284793979492,605790.3531287188,1344440.5924603124,750000.0,0.0,-750000.0,2094440.5924603124,SAIL
15,Atlantic / Black Sea ports (Taman / Ust-Luga proxy),"Visakhapatnam, India",Panamax,coal,bull,69943.75,19.5,27.88284793979492,605790.3531287188,1344440.5924603124,750000.0,250000.0,-500000.0,1844440.5924603124,SAIL
15,Atlantic / Black Sea ports (Taman / Ust-Luga proxy),"Visakhapatnam, India",Panamax,coal,bull,69943.75,19.5,27.88284793979492,605790.3531287188,1344440.5924603124,750000.0,500000.0,-250000.0,1594440.5924603124,SAIL
15,Atlantic / Black Sea ports (Taman / Ust-Luga proxy),"Visakhapatnam, India",Panamax,coal,bull,69943.75,19.5,27.88284793979492,605790.3531287188,1344440.5924603124,750000.0,1000000.0,250000.0,1094440.5924603124,SAIL
15,Atlantic / Black Sea ports (Taman / Ust-Luga proxy),"Visakhapatnam, India",Panamax,coal,bull,69943.75,19.5,27.88284793979492,605790.3531287188,1344440.5924603124,1000000.0,0.0,-1000000.0,2344440.5924603124,SAIL
15,Atlantic / Black Sea ports (Taman / Ust-Luga proxy),"Visakhapatnam, India",Panamax,coal,bull,69943.75,19.5,27.88284793979492,605790.3531287188,1344440.5924603124,1000000.0,250000.0,-750000.0,2094440.5924603124,SAIL
15,Atlantic / Black Sea ports (Taman / Ust-Luga proxy),"Visakhapatnam, India",Panamax,coal,bull,69943.75,19.5,27.88284793979492,605790.3531287188,1344440.5924603124,1000000.0,500000.0,-500000.0,1844440.5924603124,SAIL
15,Atlantic / Black Sea ports (Taman / Ust-Luga proxy),"Visakhapatnam, India",Panamax,coal,bull,69943.75,19.5,27.88284793979492,605790.3531287188,1344440.5924603124,1000000.0,1000000.0,0.0,1344440.5924603124,SAIL
15,Atlantic / Black Sea ports (Taman / Ust-Luga proxy),"Visakhapatnam, India",Panamax,coal,bull,69943.75,19.5,27.88284793979492,605790.3531287188,1344440.5924603124,1500000.0,0.0,-1500000.0,2844440.5924603124,SAIL
15,Atlantic / Black Sea ports (Taman / Ust-Luga proxy),"Visakhapatnam, India",Panamax,coal,bull,69943.75,19.5,27.88284793979492,605790.3531287188,1344440.5924603124,1500000.0,250000.0,-1250000.0,2594440.5924603124,SAIL
15,Atlantic / Black Sea ports (Taman / Ust-Luga proxy),"Visakhapatnam, India",Panamax,coal,bull,69943.75,19.5,27.88284793979492,605790.3531287188,1344440.5924603124,1500000.0,500000.0,-1000000.0,2344440.5924603124,SAIL
15,Atlantic / Black Sea ports (Taman / Ust-Luga proxy),"Visakhapatnam, India",Panamax,coal,bull,69943.75,19.5,27.88284793979492,605790.3531287188,1344440.5924603124,1500000.0,1000000.0,-500000.0,1844440.5924603124,SAIL
15,Atlantic / Black Sea ports (Taman / Ust-Luga proxy),"Visakhapatnam, India",Panamax,coal,bull,69943.75,19.5,27.88284793979492,605790.3531287188,1344440.5924603124,2000000.0,0.0,-2000000.0,3344440.5924603124,SAIL
15,Atlantic / Black Sea ports (Taman / Ust-Luga proxy),"Visakhapatnam, India",Panamax,coal,bull,69943.75,19.5,27.88284793979492,605790.3531287188,1344440.5924603124,2000000.0,250000.0,-1750000.0,3094440.5924603124,SAIL
15,Atlantic / Black Sea ports (Taman / Ust-Luga proxy),"Visakhapatnam, India",Panamax,coal,bull,69943.75,19.5,27.88284793979492,605790.3531287188,1344440.5924603124,2000000.0,500000.0,-1500000.0,2844440.5924603124,SAIL
15,Atlantic / Black Sea ports (Taman / Ust-Luga proxy),"Visakhapatnam, India",Panamax,coal,bull,69943.75,19.5,27.88284793979492,605790.3531287188,1344440.5924603124,2000000.0,1000000.0,-1000000.0,2344440.5924603124,SAIL
16,"Richards Bay, South Africa","Gangavaram, India",Capesize,coal,bear,157937.5,14.0,10.75196395954802,465615.2471076028,1232523.0607535127,0.0,0.0,0.0,1232523.0607535127,SAIL
16,"Richards Bay, South Africa","Gangavaram, India",Capesize,coal,bear,157937.5,14.0,10.75196395954802,465615.2471076028,1232523.0607535127,0.0,250000.0,250000.0,982523.0607535127,SAIL
16,"Richards Bay, South Africa","Gangavaram, India",Capesize,coal,bear,157937.5,14.0,10.75196395954802,465615.2471076028,1232523.0607535127,0.0,500000.0,500000.0,732523.0607535127,SAIL
16,"Richards Bay, South Africa","Gangavaram, India",Capesize,coal,bear,157937.5,14.0,10.75196395954802,465615.2471076028,1232523.0607535127,0.0,1000000.0,1000000.0,232523.06075351266,SAIL
16,"Richards Bay, South Africa","Gangavaram, India",Capesize,coal,bear,157937.5,14.0,10.75196395954802,465615.2471076028,1232523.0607535127,50000.0,0.0,-50000.0,1282523.0607535127,SAIL
16,"Richards Bay, South Africa","Gangavaram, India",Capesize,coal,bear,157937.5,14.0,10.75196395954802,465615.2471076028,1232523.0607535127,50000.0,250000.0,200000.0,1032523.0607535127,SAIL
16,"Richards Bay, South Africa","Gangavaram, India",Capesize,coal,bear,157937.5,14.0,10.75196395954802,465615.2471076028,1232523.0607535127,50000.0,500000.0,450000.0,782523.0607535127,SAIL
16,"Richards Bay, South Africa","Gangavaram, India",Capesize,coal,bear,157937.5,14.0,10.75196395954802,465615.2471076028,1232523.0607535127,50000.0,1000000.0,950000.0,282523.06075351266,SAIL
16,"Richards Bay, South Africa","Gangavaram, India",Capesize,coal,bear,157937.5,14.0,10.75196395954802,465615.2471076028,1232523.0607535127,100000.0,0.0,-100000.0,1332523.0607535127,SAIL
16,"Richards Bay, South Africa","Gangavaram, India",Capesize,coal,bear,157937.5,14.0,10.75196395954802,465615.2471076028,1232523.0607535127,100000.0,250000.0,150000.0,1082523.0607535127,SAIL
16,"Richards Bay, South Africa","Gangavaram, India",Capesize,coal,bear,157937.5,14.0,10.75196395954802,465615.2471076028,1232523.0607535127,100000.0,500000.0,400000.0,832523.0607535127,SAIL
16,"Richards Bay, South Africa","Gangavaram, India",Capesize,coal,bear,157937.5,14.0,10.75196395954802,465615.2471076028,1232523.0607535127,100000.0,1000000.0,900000.0,332523.06075351266,SAIL
16,"Richards Bay, South Africa","Gangavaram, India",Capesize,coal,bear,157937.5,14.0,10.75196395954802,465615.2471076028,1232523.0607535127,250000.0,0.0,-250000.0,1482523.0607535127,SAIL
16,"Richards Bay, South Africa","Gangavaram, India",Capesize,coal,bear,157937.5,14.0,10.75196395954802,465615.2471076028,1232523.0607535127,250000.0,250000.0,0.0,1232523.0607535127,SAIL
16,"Richards Bay, South Africa","Gangavaram, India",Capesize,coal,bear,157937.5,14.0,10.75196395954802,465615.2471076028,1232523.0607535127,250000.0,500000.0,250000.0,982523.0607535127,SAIL
16,"Richards Bay, South Africa","Gangavaram, India",Capesize,coal,bear,157937.5,14.0,10.75196395954802,465615.2471076028,1232523.0607535127,250000.0,1000000.0,750000.0,482523.06075351266,SAIL
16,"Richards Bay, South Africa","Gangavaram, India",Capesize,coal,bear,157937.5,14.0,10.75196395954802,465615.2471076028,1232523.0607535127,500000.0,0.0,-500000.0,1732523.0607535127,SAIL
16,"Richards Bay, South Africa","Gangavaram, India",Capesize,coal,bear,157937.5,14.0,10.75196395954802,465615.2471076028,1232523.0607535127,500000.0,250000.0,-250000.0,1482523.0607535127,SAIL
16,"Richards Bay, South Africa","Gangavaram, India",Capesize,coal,bear,157937.5,14.0,10.75196395954802,465615.2471076028,1232523.0607535127,500000.0,500000.0,0.0,1232523.0607535127,SAIL
16,"Richards Bay, South Africa","Gangavaram, India",Capesize,coal,bear,157937.5,14.0,10.75196395954802,465615.2471076028,1232523.0607535127,500000.0,1000000.0,500000.0,732523.0607535127,SAIL
16,"Richards Bay, South Africa","Gangavaram, India",Capesize,coal,bear,157937.5,14.0,10.75196395954802,465615.2471076028,1232523.0607535127,750000.0,0.0,-750000.0,1982523.0607535127,SAIL
16,"Richards Bay, South Africa","Gangavaram, India",Capesize,coal,bear,157937.5,14.0,10.75196395954802,465615.2471076028,1232523.0607535127,750000.0,250000.0,-500000.0,1732523.0607535127,SAIL
16,"Richards Bay, South Africa","Gangavaram, India",Capesize,coal,bear,157937.5,14.0,10.75196395954802,465615.2471076028,1232523.0607535127,750000.0,500000.0,-250000.0,1482523.0607535127,SAIL
16,"Richards Bay, South Africa","Gangavaram, India",Capesize,coal,bear,157937.5,14.0,10.75196395954802,465615.2471076028,1232523.0607535127,750000.0,1000000.0,250000.0,982523.0607535127,SAIL
16,"Richards Bay, South Africa","Gangavaram, India",Capesize,coal,bear,157937.5,14.0,10.75196395954802,465615.2471076028,1232523.0607535127,1000000.0,0.0,-1000000.0,2232523.0607535127,SAIL
16,"Richards Bay, South Africa","Gangavaram, India",Capesize,coal,bear,157937.5,14.0,10.75196395954802,465615.2471076028,1232523.0607535127,1000000.0,250000.0,-750000.0,1982523.0607535127,SAIL
16,"Richards Bay, South Africa","Gangavaram, India",Capesize,coal,bear,157937.5,14.0,10.75196395954802,465615.2471076028,1232523.0607535127,1000000.0,500000.0,-500000.0,1732523.0607535127,SAIL
16,"Richards Bay, South Africa","Gangavaram, India",Capesize,coal,bear,157937.5,14.0,10.75196395954802,465615.2471076028,1232523.0607535127,1000000.0,1000000.0,0.0,1232523.0607535127,SAIL
16,"Richards Bay, South Africa","Gangavaram, India",Capesize,coal,bear,157937.5,14.0,10.75196395954802,465615.2471076028,1232523.0607535127,1500000.0,0.0,-1500000.0,2732523.0607535127,SAIL
16,"Richards Bay, South Africa","Gangavaram, India",Capesize,coal,bear,157937.5,14.0,10.75196395954802,465615.2471076028,1232523.0607535127,1500000.0,250000.0,-1250000.0,2482523.0607535127,SAIL
16,"Richards Bay, South Africa","Gangavaram, India",Capesize,coal,bear,157937.5,14.0,10.75196395954802,465615.2471076028,1232523.0607535127,1500000.0,500000.0,-1000000.0,2232523.0607535127,SAIL
16,"Richards Bay, South Africa","Gangavaram, India",Capesize,coal,bear,157937.5,14.0,10.75196395954802,465615.2471076028,1232523.0607535127,1500000.0,1000000.0,-500000.0,1732523.0607535127,SAIL
16,"Richards Bay, South Africa","Gangavaram, India",Capesize,coal,bear,157937.5,14.0,10.75196395954802,465615.2471076028,1232523.0607535127,2000000.0,0.0,-2000000.0,3232523.0607535127,SAIL
16,"Richards Bay, South Africa","Gangavaram, India",Capesize,coal,bear,157937.5,14.0,10.75196395954802,465615.2471076028,1232523.0607535127,2000000.0,250000.0,-1750000.0,2982523.0607535127,SAIL
16,"Richards Bay, South Africa","Gangavaram, India",Capesize,coal,bear,157937.5,14.0,10.75196395954802,465615.2471076028,1232523.0607535127,2000000.0,500000.0,-1500000.0,2732523.0607535127,SAIL
16,"Richards Bay, South Africa","Gangavaram, India",Capesize,coal,bear,157937.5,14.0,10.75196395954802,465615.2471076028,1232523.0607535127,2000000.0,1000000.0,-1000000.0,2232523.0607535127,SAIL
16,"Richards Bay, South Africa","Gangavaram, India",Capesize,coal,base,157937.5,14.0,14.0,465615.2471076028,1745509.7528923973,0.0,0.0,0.0,1745509.7528923973,SAIL
16,"Richards Bay, South Africa","Gangavaram, India",Capesize,coal,base,157937.5,14.0,14.0,465615.2471076028,1745509.7528923973,0.0,250000.0,250000.0,1495509.7528923973,SAIL
16,"Richards Bay, South Africa","Gangavaram, India",Capesize,coal,base,157937.5,14.0,14.0,465615.2471076028,1745509.7528923973,0.0,500000.0,500000.0,1245509.7528923973,SAIL
16,"Richards Bay, South Africa","Gangavaram, India",Capesize,coal,base,157937.5,14.0,14.0,465615.2471076028,1745509.7528923973,0.0,1000000.0,1000000.0,745509.7528923973,SAIL
16,"Richards Bay, South Africa","Gangavaram, India",Capesize,coal,base,157937.5,14.0,14.0,465615.2471076028,1745509.7528923973,50000.0,0.0,-50000.0,1795509.7528923973,SAIL
16,"Richards Bay, South Africa","Gangavaram, India",Capesize,coal,base,157937.5,14.0,14.0,465615.2471076028,1745509.7528923973,50000.0,250000.0,200000.0,1545509.7528923973,SAIL
16,"Richards Bay, South Africa","Gangavaram, India",Capesize,coal,base,157937.5,14.0,14.0,465615.2471076028,1745509.7528923973,50000.0,500000.0,450000.0,1295509.7528923973,SAIL
16,"Richards Bay, South Africa","Gangavaram, India",Capesize,coal,base,157937.5,14.0,14.0,465615.2471076028,1745509.7528923973,50000.0,1000000.0,950000.0,795509.7528923973,SAIL
16,"Richards Bay, South Africa","Gangavaram, India",Capesize,coal,base,157937.5,14.0,14.0,465615.2471076028,1745509.7528923973,100000.0,0.0,-100000.0,1845509.7528923973,SAIL
16,"Richards Bay, South Africa","Gangavaram, India",Capesize,coal,base,157937.5,14.0,14.0,465615.2471076028,1745509.7528923973,100000.0,250000.0,150000.0,1595509.7528923973,SAIL
16,"Richards Bay, South Africa","Gangavaram, India",Capesize,coal,base,157937.5,14.0,14.0,465615.2471076028,1745509.7528923973,100000.0,500000.0,400000.0,1345509.7528923973,SAIL
16,"Richards Bay, South Africa","Gangavaram, India",Capesize,coal,base,157937.5,14.0,14.0,465615.2471076028,1745509.7528923973,100000.0,1000000.0,900000.0,845509.7528923973,SAIL
16,"Richards Bay, South Africa","Gangavaram, India",Capesize,coal,base,157937.5,14.0,14.0,465615.2471076028,1745509.7528923973,250000.0,0.0,-250000.0,1995509.7528923973,SAIL
16,"Richards Bay, South Africa","Gangavaram, India",Capesize,coal,base,157937.5,14.0,14.0,465615.2471076028,1745509.7528923973,250000.0,250000.0,0.0,1745509.7528923973,SAIL
16,"Richards Bay, South Africa","Gangavaram, India",Capesize,coal,base,157937.5,14.0,14.0,465615.2471076028,1745509.7528923973,250000.0,500000.0,250000.0,1495509.7528923973,SAIL
16,"Richards Bay, South Africa","Gangavaram, India",Capesize,coal,base,157937.5,14.0,14.0,465615.2471076028,1745509.7528923973,250000.0,1000000.0,750000.0,995509.7528923973,SAIL
16,"Richards Bay, South Africa","Gangavaram, India",Capesize,coal,base,157937.5,14.0,14.0,465615.2471076028,1745509.7528923973,500000.0,0.0,-500000.0,2245509.7528923973,SAIL
16,"Richards Bay, South Africa","Gangavaram, India",Capesize,coal,base,157937.5,14.0,14.0,465615.2471076028,1745509.7528923973,500000.0,250000.0,-250000.0,1995509.7528923973,SAIL
16,"Richards Bay, South Africa","Gangavaram, India",Capesize,coal,base,157937.5,14.0,14.0,465615.2471076028,1745509.7528923973,500000.0,500000.0,0.0,1745509.7528923973,SAIL
16,"Richards Bay, South Africa","Gangavaram, India",Capesize,coal,base,157937.5,14.0,14.0,465615.2471076028,1745509.7528923973,500000.0,1000000.0,500000.0,1245509.7528923973,SAIL
16,"Richards Bay, South Africa","Gangavaram, India",Capesize,coal,base,157937.5,14.0,14.0,465615.2471076028,1745509.7528923973,750000.0,0.0,-750000.0,2495509.7528923973,SAIL
16,"Richards Bay, South Africa","Gangavaram, India",Capesize,coal,base,157937.5,14.0,14.0,465615.2471076028,1745509.7528923973,750000.0,250000.0,-500000.0,2245509.7528923973,SAIL
16,"Richards Bay, South Africa","Gangavaram, India",Capesize,coal,base,157937.5,14.0,14.0,465615.2471076028,1745509.7528923973,750000.0,500000.0,-250000.0,1995509.7528923973,SAIL
16,"Richards Bay, South Africa","Gangavaram, India",Capesize,coal,base,157937.5,14.0,14.0,465615.2471076028,1745509.7528923973,750000.0,1000000.0,250000.0,1495509.7528923973,SAIL
16,"Richards Bay, South Africa","Gangavaram, India",Capesize,coal,base,157937.5,14.0,14.0,465615.2471076028,1745509.7528923973,1000000.0,0.0,-1000000.0,2745509.7528923973,SAIL
16,"Richards Bay, South Africa","Gangavaram, India",Capesize,coal,base,157937.5,14.0,14.0,465615.2471076028,1745509.7528923973,1000000.0,250000.0,-750000.0,2495509.7528923973,SAIL
16,"Richards Bay, South Africa","Gangavaram, India",Capesize,coal,base,157937.5,14.0,14.0,465615.2471076028,1745509.7528923973,1000000.0,500000.0,-500000.0,2245509.7528923973,SAIL
16,"Richards Bay, South Africa","Gangavaram, India",Capesize,coal,base,157937.5,14.0,14.0,465615.2471076028,1745509.7528923973,1000000.0,1000000.0,0.0,1745509.7528923973,SAIL
16,"Richards Bay, South Africa","Gangavaram, India",Capesize,coal,base,157937.5,14.0,14.0,465615.2471076028,1745509.7528923973,1500000.0,0.0,-1500000.0,3245509.7528923973,SAIL
16,"Richards Bay, South Africa","Gangavaram, India",Capesize,coal,base,157937.5,14.0,14.0,465615.2471076028,1745509.7528923973,1500000.0,250000.0,-1250000.0,2995509.7528923973,SAIL
16,"Richards Bay, South Africa","Gangavaram, India",Capesize,coal,base,157937.5,14.0,14.0,465615.2471076028,1745509.7528923973,1500000.0,500000.0,-1000000.0,2745509.7528923973,SAIL
16,"Richards Bay, South Africa","Gangavaram, India",Capesize,coal,base,157937.5,14.0,14.0,465615.2471076028,1745509.7528923973,1500000.0,1000000.0,-500000.0,2245509.7528923973,SAIL
16,"Richards Bay, South Africa","Gangavaram, India",Capesize,coal,base,157937.5,14.0,14.0,465615.2471076028,1745509.7528923973,2000000.0,0.0,-2000000.0,3745509.7528923973,SAIL
16,"Richards Bay, South Africa","Gangavaram, India",Capesize,coal,base,157937.5,14.0,14.0,465615.2471076028,1745509.7528923973,2000000.0,250000.0,-1750000.0,3495509.7528923973,SAIL
16,"Richards Bay, South Africa","Gangavaram, India",Capesize,coal,base,157937.5,14.0,14.0,465615.2471076028,1745509.7528923973,2000000.0,500000.0,-1500000.0,3245509.7528923973,SAIL
16,"Richards Bay, South Africa","Gangavaram, India",Capesize,coal,base,157937.5,14.0,14.0,465615.2471076028,1745509.7528923973,2000000.0,1000000.0,-1000000.0,2745509.7528923973,SAIL
16,"Richards Bay, South Africa","Gangavaram, India",Capesize,coal,bull,157937.5,14.0,20.01845493113481,465615.2471076028,2696049.4785785014,0.0,0.0,0.0,2696049.4785785014,SAIL
16,"Richards Bay, South Africa","Gangavaram, India",Capesize,coal,bull,157937.5,14.0,20.01845493113481,465615.2471076028,2696049.4785785014,0.0,250000.0,250000.0,2446049.4785785014,SAIL
16,"Richards Bay, South Africa","Gangavaram, India",Capesize,coal,bull,157937.5,14.0,20.01845493113481,465615.2471076028,2696049.4785785014,0.0,500000.0,500000.0,2196049.4785785014,SAIL
16,"Richards Bay, South Africa","Gangavaram, India",Capesize,coal,bull,157937.5,14.0,20.01845493113481,465615.2471076028,2696049.4785785014,0.0,1000000.0,1000000.0,1696049.4785785014,SAIL
16,"Richards Bay, South Africa","Gangavaram, India",Capesize,coal,bull,157937.5,14.0,20.01845493113481,465615.2471076028,2696049.4785785014,50000.0,0.0,-50000.0,2746049.4785785014,SAIL
16,"Richards Bay, South Africa","Gangavaram, India",Capesize,coal,bull,157937.5,14.0,20.01845493113481,465615.2471076028,2696049.4785785014,50000.0,250000.0,200000.0,2496049.4785785014,SAIL
16,"Richards Bay, South Africa","Gangavaram, India",Capesize,coal,bull,157937.5,14.0,20.01845493113481,465615.2471076028,2696049.4785785014,50000.0,500000.0,450000.0,2246049.4785785014,SAIL
16,"Richards Bay, South Africa","Gangavaram, India",Capesize,coal,bull,157937.5,14.0,20.01845493113481,465615.2471076028,2696049.4785785014,50000.0,1000000.0,950000.0,1746049.4785785014,SAIL
16,"Richards Bay, South Africa","Gangavaram, India",Capesize,coal,bull,157937.5,14.0,20.01845493113481,465615.2471076028,2696049.4785785014,100000.0,0.0,-100000.0,2796049.4785785014,SAIL
16,"Richards Bay, South Africa","Gangavaram, India",Capesize,coal,bull,157937.5,14.0,20.01845493113481,465615.2471076028,2696049.4785785014,100000.0,250000.0,150000.0,2546049.4785785014,SAIL
16,"Richards Bay, South Africa","Gangavaram, India",Capesize,coal,bull,157937.5,14.0,20.01845493113481,465615.2471076028,2696049.4785785014,100000.0,500000.0,400000.0,2296049.4785785014,SAIL
16,"Richards Bay, South Africa","Gangavaram, India",Capesize,coal,bull,157937.5,14.0,20.01845493113481,465615.2471076028,2696049.4785785014,100000.0,1000000.0,900000.0,1796049.4785785014,SAIL
16,"Richards Bay, South Africa","Gangavaram, India",Capesize,coal,bull,157937.5,14.0,20.01845493113481,465615.2471076028,2696049.4785785014,250000.0,0.0,-250000.0,2946049.4785785014,SAIL
16,"Richards Bay, South Africa","Gangavaram, India",Capesize,coal,bull,157937.5,14.0,20.01845493113481,465615.2471076028,2696049.4785785014,250000.0,250000.0,0.0,2696049.4785785014,SAIL
16,"Richards Bay, South Africa","Gangavaram, India",Capesize,coal,bull,157937.5,14.0,20.01845493113481,465615.2471076028,2696049.4785785014,250000.0,500000.0,250000.0,2446049.4785785014,SAIL
16,"Richards Bay, South Africa","Gangavaram, India",Capesize,coal,bull,157937.5,14.0,20.01845493113481,465615.2471076028,2696049.4785785014,250000.0,1000000.0,750000.0,1946049.4785785014,SAIL
16,"Richards Bay, South Africa","Gangavaram, India",Capesize,coal,bull,157937.5,14.0,20.01845493113481,465615.2471076028,2696049.4785785014,500000.0,0.0,-500000.0,3196049.4785785014,SAIL
16,"Richards Bay, South Africa","Gangavaram, India",Capesize,coal,bull,157937.5,14.0,20.01845493113481,465615.2471076028,2696049.4785785014,500000.0,250000.0,-250000.0,2946049.4785785014,SAIL
16,"Richards Bay, South Africa","Gangavaram, India",Capesize,coal,bull,157937.5,14.0,20.01845493113481,465615.2471076028,2696049.4785785014,500000.0,500000.0,0.0,2696049.4785785014,SAIL
16,"Richards Bay, South Africa","Gangavaram, India",Capesize,coal,bull,157937.5,14.0,20.01845493113481,465615.2471076028,2696049.4785785014,500000.0,1000000.0,500000.0,2196049.4785785014,SAIL
16,"Richards Bay, South Africa","Gangavaram, India",Capesize,coal,bull,157937.5,14.0,20.01845493113481,465615.2471076028,2696049.4785785014,750000.0,0.0,-750000.0,3446049.4785785014,SAIL
16,"Richards Bay, South Africa","Gangavaram, India",Capesize,coal,bull,157937.5,14.0,20.01845493113481,465615.2471076028,2696049.4785785014,750000.0,250000.0,-500000.0,3196049.4785785014,SAIL
16,"Richards Bay, South Africa","Gangavaram, India",Capesize,coal,bull,157937.5,14.0,20.01845493113481,465615.2471076028,2696049.4785785014,750000.0,500000.0,-250000.0,2946049.4785785014,SAIL
16,"Richards Bay, South Africa","Gangavaram, India",Capesize,coal,bull,157937.5,14.0,20.01845493113481,465615.2471076028,2696049.4785785014,750000.0,1000000.0,250000.0,2446049.4785785014,SAIL
16,"Richards Bay, South Africa","Gangavaram, India",Capesize,coal,bull,157937.5,14.0,20.01845493113481,465615.2471076028,2696049.4785785014,1000000.0,0.0,-1000000.0,3696049.4785785014,SAIL
16,"Richards Bay, South Africa","Gangavaram, India",Capesize,coal,bull,157937.5,14.0,20.01845493113481,465615.2471076028,2696049.4785785014,1000000.0,250000.0,-750000.0,3446049.4785785014,SAIL
16,"Richards Bay, South Africa","Gangavaram, India",Capesize,coal,bull,157937.5,14.0,20.01845493113481,465615.2471076028,2696049.4785785014,1000000.0,500000.0,-500000.0,3196049.4785785014,SAIL
16,"Richards Bay, South Africa","Gangavaram, India",Capesize,coal,bull,157937.5,14.0,20.01845493113481,465615.2471076028,2696049.4785785014,1000000.0,1000000.0,0.0,2696049.4785785014,SAIL
16,"Richards Bay, South Africa","Gangavaram, India",Capesize,coal,bull,157937.5,14.0,20.01845493113481,465615.2471076028,2696049.4785785014,1500000.0,0.0,-1500000.0,4196049.478578501,SAIL
16,"Richards Bay, South Africa","Gangavaram, India",Capesize,coal,bull,157937.5,14.0,20.01845493113481,465615.2471076028,2696049.4785785014,1500000.0,250000.0,-1250000.0,3946049.4785785014,SAIL
16,"Richards Bay, South Africa","Gangavaram, India",Capesize,coal,bull,157937.5,14.0,20.01845493113481,465615.2471076028,2696049.4785785014,1500000.0,500000.0,-1000000.0,3696049.4785785014,SAIL
16,"Richards Bay, South Africa","Gangavaram, India",Capesize,coal,bull,157937.5,14.0,20.01845493113481,465615.2471076028,2696049.4785785014,1500000.0,1000000.0,-500000.0,3196049.4785785014,SAIL
16,"Richards Bay, South Africa","Gangavaram, India",Capesize,coal,bull,157937.5,14.0,20.01845493113481,465615.2471076028,2696049.4785785014,2000000.0,0.0,-2000000.0,4696049.478578501,SAIL
16,"Richards Bay, South Africa","Gangavaram, India",Capesize,coal,bull,157937.5,14.0,20.01845493113481,465615.2471076028,2696049.4785785014,2000000.0,250000.0,-1750000.0,4446049.478578501,SAIL
16,"Richards Bay, South Africa","Gangavaram, India",Capesize,coal,bull,157937.5,14.0,20.01845493113481,465615.2471076028,2696049.4785785014,2000000.0,500000.0,-1500000.0,4196049.478578501,SAIL
16,"Richards Bay, South Africa","Gangavaram, India",Capesize,coal,bull,157937.5,14.0,20.01845493113481,465615.2471076028,2696049.4785785014,2000000.0,1000000.0,-1000000.0,3696049.4785785014,SAIL
17,"Queensland, Australia","Haldia, India",Panamax,coking coal,bear,69943.75,20.3,15.59034774134463,522407.5919034318,568039.7929302417,0.0,0.0,0.0,568039.7929302417,SAIL
17,"Queensland, Australia","Haldia, India",Panamax,coking coal,bear,69943.75,20.3,15.59034774134463,522407.5919034318,568039.7929302417,0.0,250000.0,250000.0,318039.7929302417,SAIL
17,"Queensland, Australia","Haldia, India",Panamax,coking coal,bear,69943.75,20.3,15.59034774134463,522407.5919034318,568039.7929302417,0.0,500000.0,500000.0,68039.79293024167,SAIL
17,"Queensland, Australia","Haldia, India",Panamax,coking coal,bear,69943.75,20.3,15.59034774134463,522407.5919034318,568039.7929302417,0.0,1000000.0,1000000.0,-431960.2070697583,KILL
17,"Queensland, Australia","Haldia, India",Panamax,coking coal,bear,69943.75,20.3,15.59034774134463,522407.5919034318,568039.7929302417,50000.0,0.0,-50000.0,618039.7929302417,SAIL
17,"Queensland, Australia","Haldia, India",Panamax,coking coal,bear,69943.75,20.3,15.59034774134463,522407.5919034318,568039.7929302417,50000.0,250000.0,200000.0,368039.7929302417,SAIL
17,"Queensland, Australia","Haldia, India",Panamax,coking coal,bear,69943.75,20.3,15.59034774134463,522407.5919034318,568039.7929302417,50000.0,500000.0,450000.0,118039.79293024167,SAIL
17,"Queensland, Australia","Haldia, India",Panamax,coking coal,bear,69943.75,20.3,15.59034774134463,522407.5919034318,568039.7929302417,50000.0,1000000.0,950000.0,-381960.2070697583,KILL
17,"Queensland, Australia","Haldia, India",Panamax,coking coal,bear,69943.75,20.3,15.59034774134463,522407.5919034318,568039.7929302417,100000.0,0.0,-100000.0,668039.7929302417,SAIL
17,"Queensland, Australia","Haldia, India",Panamax,coking coal,bear,69943.75,20.3,15.59034774134463,522407.5919034318,568039.7929302417,100000.0,250000.0,150000.0,418039.7929302417,SAIL
17,"Queensland, Australia","Haldia, India",Panamax,coking coal,bear,69943.75,20.3,15.59034774134463,522407.5919034318,568039.7929302417,100000.0,500000.0,400000.0,168039.79293024167,SAIL
17,"Queensland, Australia","Haldia, India",Panamax,coking coal,bear,69943.75,20.3,15.59034774134463,522407.5919034318,568039.7929302417,100000.0,1000000.0,900000.0,-331960.2070697583,KILL
17,"Queensland, Australia","Haldia, India",Panamax,coking coal,bear,69943.75,20.3,15.59034774134463,522407.5919034318,568039.7929302417,250000.0,0.0,-250000.0,818039.7929302417,SAIL
17,"Queensland, Australia","Haldia, India",Panamax,coking coal,bear,69943.75,20.3,15.59034774134463,522407.5919034318,568039.7929302417,250000.0,250000.0,0.0,568039.7929302417,SAIL
17,"Queensland, Australia","Haldia, India",Panamax,coking coal,bear,69943.75,20.3,15.59034774134463,522407.5919034318,568039.7929302417,250000.0,500000.0,250000.0,318039.7929302417,SAIL
17,"Queensland, Australia","Haldia, India",Panamax,coking coal,bear,69943.75,20.3,15.59034774134463,522407.5919034318,568039.7929302417,250000.0,1000000.0,750000.0,-181960.20706975833,KILL
17,"Queensland, Australia","Haldia, India",Panamax,coking coal,bear,69943.75,20.3,15.59034774134463,522407.5919034318,568039.7929302417,500000.0,0.0,-500000.0,1068039.7929302417,SAIL
17,"Queensland, Australia","Haldia, India",Panamax,coking coal,bear,69943.75,20.3,15.59034774134463,522407.5919034318,568039.7929302417,500000.0,250000.0,-250000.0,818039.7929302417,SAIL
17,"Queensland, Australia","Haldia, India",Panamax,coking coal,bear,69943.75,20.3,15.59034774134463,522407.5919034318,568039.7929302417,500000.0,500000.0,0.0,568039.7929302417,SAIL
17,"Queensland, Australia","Haldia, India",Panamax,coking coal,bear,69943.75,20.3,15.59034774134463,522407.5919034318,568039.7929302417,500000.0,1000000.0,500000.0,68039.79293024167,SAIL
17,"Queensland, Australia","Haldia, India",Panamax,coking coal,bear,69943.75,20.3,15.59034774134463,522407.5919034318,568039.7929302417,750000.0,0.0,-750000.0,1318039.7929302417,SAIL
17,"Queensland, Australia","Haldia, India",Panamax,coking coal,bear,69943.75,20.3,15.59034774134463,522407.5919034318,568039.7929302417,750000.0,250000.0,-500000.0,1068039.7929302417,SAIL
17,"Queensland, Australia","Haldia, India",Panamax,coking coal,bear,69943.75,20.3,15.59034774134463,522407.5919034318,568039.7929302417,750000.0,500000.0,-250000.0,818039.7929302417,SAIL
17,"Queensland, Australia","Haldia, India",Panamax,coking coal,bear,69943.75,20.3,15.59034774134463,522407.5919034318,568039.7929302417,750000.0,1000000.0,250000.0,318039.7929302417,SAIL
17,"Queensland, Australia","Haldia, India",Panamax,coking coal,bear,69943.75,20.3,15.59034774134463,522407.5919034318,568039.7929302417,1000000.0,0.0,-1000000.0,1568039.7929302417,SAIL
17,"Queensland, Australia","Haldia, India",Panamax,coking coal,bear,69943.75,20.3,15.59034774134463,522407.5919034318,568039.7929302417,1000000.0,250000.0,-750000.0,1318039.7929302417,SAIL
17,"Queensland, Australia","Haldia, India",Panamax,coking coal,bear,69943.75,20.3,15.59034774134463,522407.5919034318,568039.7929302417,1000000.0,500000.0,-500000.0,1068039.7929302417,SAIL
17,"Queensland, Australia","Haldia, India",Panamax,coking coal,bear,69943.75,20.3,15.59034774134463,522407.5919034318,568039.7929302417,1000000.0,1000000.0,0.0,568039.7929302417,SAIL
17,"Queensland, Australia","Haldia, India",Panamax,coking coal,bear,69943.75,20.3,15.59034774134463,522407.5919034318,568039.7929302417,1500000.0,0.0,-1500000.0,2068039.7929302417,SAIL
17,"Queensland, Australia","Haldia, India",Panamax,coking coal,bear,69943.75,20.3,15.59034774134463,522407.5919034318,568039.7929302417,1500000.0,250000.0,-1250000.0,1818039.7929302417,SAIL
17,"Queensland, Australia","Haldia, India",Panamax,coking coal,bear,69943.75,20.3,15.59034774134463,522407.5919034318,568039.7929302417,1500000.0,500000.0,-1000000.0,1568039.7929302417,SAIL
17,"Queensland, Australia","Haldia, India",Panamax,coking coal,bear,69943.75,20.3,15.59034774134463,522407.5919034318,568039.7929302417,1500000.0,1000000.0,-500000.0,1068039.7929302417,SAIL
17,"Queensland, Australia","Haldia, India",Panamax,coking coal,bear,69943.75,20.3,15.59034774134463,522407.5919034318,568039.7929302417,2000000.0,0.0,-2000000.0,2568039.7929302417,SAIL
17,"Queensland, Australia","Haldia, India",Panamax,coking coal,bear,69943.75,20.3,15.59034774134463,522407.5919034318,568039.7929302417,2000000.0,250000.0,-1750000.0,2318039.7929302417,SAIL
17,"Queensland, Australia","Haldia, India",Panamax,coking coal,bear,69943.75,20.3,15.59034774134463,522407.5919034318,568039.7929302417,2000000.0,500000.0,-1500000.0,2068039.7929302417,SAIL
17,"Queensland, Australia","Haldia, India",Panamax,coking coal,bear,69943.75,20.3,15.59034774134463,522407.5919034318,568039.7929302417,2000000.0,1000000.0,-1000000.0,1568039.7929302417,SAIL
17,"Queensland, Australia","Haldia, India",Panamax,coking coal,base,69943.75,20.3,20.3,522407.5919034318,897450.5330965682,0.0,0.0,0.0,897450.5330965682,SAIL
17,"Queensland, Australia","Haldia, India",Panamax,coking coal,base,69943.75,20.3,20.3,522407.5919034318,897450.5330965682,0.0,250000.0,250000.0,647450.5330965682,SAIL
17,"Queensland, Australia","Haldia, India",Panamax,coking coal,base,69943.75,20.3,20.3,522407.5919034318,897450.5330965682,0.0,500000.0,500000.0,397450.5330965682,SAIL
17,"Queensland, Australia","Haldia, India",Panamax,coking coal,base,69943.75,20.3,20.3,522407.5919034318,897450.5330965682,0.0,1000000.0,1000000.0,-102549.4669034318,KILL
17,"Queensland, Australia","Haldia, India",Panamax,coking coal,base,69943.75,20.3,20.3,522407.5919034318,897450.5330965682,50000.0,0.0,-50000.0,947450.5330965682,SAIL
17,"Queensland, Australia","Haldia, India",Panamax,coking coal,base,69943.75,20.3,20.3,522407.5919034318,897450.5330965682,50000.0,250000.0,200000.0,697450.5330965682,SAIL
17,"Queensland, Australia","Haldia, India",Panamax,coking coal,base,69943.75,20.3,20.3,522407.5919034318,897450.5330965682,50000.0,500000.0,450000.0,447450.5330965682,SAIL
17,"Queensland, Australia","Haldia, India",Panamax,coking coal,base,69943.75,20.3,20.3,522407.5919034318,897450.5330965682,50000.0,1000000.0,950000.0,-52549.46690343181,KILL
17,"Queensland, Australia","Haldia, India",Panamax,coking coal,base,69943.75,20.3,20.3,522407.5919034318,897450.5330965682,100000.0,0.0,-100000.0,997450.5330965682,SAIL
17,"Queensland, Australia","Haldia, India",Panamax,coking coal,base,69943.75,20.3,20.3,522407.5919034318,897450.5330965682,100000.0,250000.0,150000.0,747450.5330965682,SAIL
17,"Queensland, Australia","Haldia, India",Panamax,coking coal,base,69943.75,20.3,20.3,522407.5919034318,897450.5330965682,100000.0,500000.0,400000.0,497450.5330965682,SAIL
17,"Queensland, Australia","Haldia, India",Panamax,coking coal,base,69943.75,20.3,20.3,522407.5919034318,897450.5330965682,100000.0,1000000.0,900000.0,-2549.4669034318067,KILL
17,"Queensland, Australia","Haldia, India",Panamax,coking coal,base,69943.75,20.3,20.3,522407.5919034318,897450.5330965682,250000.0,0.0,-250000.0,1147450.5330965682,SAIL
17,"Queensland, Australia","Haldia, India",Panamax,coking coal,base,69943.75,20.3,20.3,522407.5919034318,897450.5330965682,250000.0,250000.0,0.0,897450.5330965682,SAIL
17,"Queensland, Australia","Haldia, India",Panamax,coking coal,base,69943.75,20.3,20.3,522407.5919034318,897450.5330965682,250000.0,500000.0,250000.0,647450.5330965682,SAIL
17,"Queensland, Australia","Haldia, India",Panamax,coking coal,base,69943.75,20.3,20.3,522407.5919034318,897450.5330965682,250000.0,1000000.0,750000.0,147450.5330965682,SAIL
17,"Queensland, Australia","Haldia, India",Panamax,coking coal,base,69943.75,20.3,20.3,522407.5919034318,897450.5330965682,500000.0,0.0,-500000.0,1397450.5330965682,SAIL
17,"Queensland, Australia","Haldia, India",Panamax,coking coal,base,69943.75,20.3,20.3,522407.5919034318,897450.5330965682,500000.0,250000.0,-250000.0,1147450.5330965682,SAIL
17,"Queensland, Australia","Haldia, India",Panamax,coking coal,base,69943.75,20.3,20.3,522407.5919034318,897450.5330965682,500000.0,500000.0,0.0,897450.5330965682,SAIL
17,"Queensland, Australia","Haldia, India",Panamax,coking coal,base,69943.75,20.3,20.3,522407.5919034318,897450.5330965682,500000.0,1000000.0,500000.0,397450.5330965682,SAIL
17,"Queensland, Australia","Haldia, India",Panamax,coking coal,base,69943.75,20.3,20.3,522407.5919034318,897450.5330965682,750000.0,0.0,-750000.0,1647450.5330965682,SAIL
17,"Queensland, Australia","Haldia, India",Panamax,coking coal,base,69943.75,20.3,20.3,522407.5919034318,897450.5330965682,750000.0,250000.0,-500000.0,1397450.5330965682,SAIL
17,"Queensland, Australia","Haldia, India",Panamax,coking coal,base,69943.75,20.3,20.3,522407.5919034318,897450.5330965682,750000.0,500000.0,-250000.0,1147450.5330965682,SAIL
17,"Queensland, Australia","Haldia, India",Panamax,coking coal,base,69943.75,20.3,20.3,522407.5919034318,897450.5330965682,750000.0,1000000.0,250000.0,647450.5330965682,SAIL
17,"Queensland, Australia","Haldia, India",Panamax,coking coal,base,69943.75,20.3,20.3,522407.5919034318,897450.5330965682,1000000.0,0.0,-1000000.0,1897450.5330965682,SAIL
17,"Queensland, Australia","Haldia, India",Panamax,coking coal,base,69943.75,20.3,20.3,522407.5919034318,897450.5330965682,1000000.0,250000.0,-750000.0,1647450.5330965682,SAIL
17,"Queensland, Australia","Haldia, India",Panamax,coking coal,base,69943.75,20.3,20.3,522407.5919034318,897450.5330965682,1000000.0,500000.0,-500000.0,1397450.5330965682,SAIL
17,"Queensland, Australia","Haldia, India",Panamax,coking coal,base,69943.75,20.3,20.3,522407.5919034318,897450.5330965682,1000000.0,1000000.0,0.0,897450.5330965682,SAIL
17,"Queensland, Australia","Haldia, India",Panamax,coking coal,base,69943.75,20.3,20.3,522407.5919034318,897450.5330965682,1500000.0,0.0,-1500000.0,2397450.533096568,SAIL
17,"Queensland, Australia","Haldia, India",Panamax,coking coal,base,69943.75,20.3,20.3,522407.5919034318,897450.5330965682,1500000.0,250000.0,-1250000.0,2147450.533096568,SAIL
17,"Queensland, Australia","Haldia, India",Panamax,coking coal,base,69943.75,20.3,20.3,522407.5919034318,897450.5330965682,1500000.0,500000.0,-1000000.0,1897450.5330965682,SAIL
17,"Queensland, Australia","Haldia, India",Panamax,coking coal,base,69943.75,20.3,20.3,522407.5919034318,897450.5330965682,1500000.0,1000000.0,-500000.0,1397450.5330965682,SAIL
17,"Queensland, Australia","Haldia, India",Panamax,coking coal,base,69943.75,20.3,20.3,522407.5919034318,897450.5330965682,2000000.0,0.0,-2000000.0,2897450.533096568,SAIL
17,"Queensland, Australia","Haldia, India",Panamax,coking coal,base,69943.75,20.3,20.3,522407.5919034318,897450.5330965682,2000000.0,250000.0,-1750000.0,2647450.533096568,SAIL
17,"Queensland, Australia","Haldia, India",Panamax,coking coal,base,69943.75,20.3,20.3,522407.5919034318,897450.5330965682,2000000.0,500000.0,-1500000.0,2397450.533096568,SAIL
17,"Queensland, Australia","Haldia, India",Panamax,coking coal,base,69943.75,20.3,20.3,522407.5919034318,897450.5330965682,2000000.0,1000000.0,-1000000.0,1897450.5330965682,SAIL
17,"Queensland, Australia","Haldia, India",Panamax,coking coal,bull,69943.75,20.3,29.026759650145475,522407.5919034318,1507832.8283764308,0.0,0.0,0.0,1507832.8283764308,SAIL
17,"Queensland, Australia","Haldia, India",Panamax,coking coal,bull,69943.75,20.3,29.026759650145475,522407.5919034318,1507832.8283764308,0.0,250000.0,250000.0,1257832.8283764308,SAIL
17,"Queensland, Australia","Haldia, India",Panamax,coking coal,bull,69943.75,20.3,29.026759650145475,522407.5919034318,1507832.8283764308,0.0,500000.0,500000.0,1007832.8283764308,SAIL
17,"Queensland, Australia","Haldia, India",Panamax,coking coal,bull,69943.75,20.3,29.026759650145475,522407.5919034318,1507832.8283764308,0.0,1000000.0,1000000.0,507832.8283764308,SAIL
17,"Queensland, Australia","Haldia, India",Panamax,coking coal,bull,69943.75,20.3,29.026759650145475,522407.5919034318,1507832.8283764308,50000.0,0.0,-50000.0,1557832.8283764308,SAIL
17,"Queensland, Australia","Haldia, India",Panamax,coking coal,bull,69943.75,20.3,29.026759650145475,522407.5919034318,1507832.8283764308,50000.0,250000.0,200000.0,1307832.8283764308,SAIL
17,"Queensland, Australia","Haldia, India",Panamax,coking coal,bull,69943.75,20.3,29.026759650145475,522407.5919034318,1507832.8283764308,50000.0,500000.0,450000.0,1057832.8283764308,SAIL
17,"Queensland, Australia","Haldia, India",Panamax,coking coal,bull,69943.75,20.3,29.026759650145475,522407.5919034318,1507832.8283764308,50000.0,1000000.0,950000.0,557832.8283764308,SAIL
17,"Queensland, Australia","Haldia, India",Panamax,coking coal,bull,69943.75,20.3,29.026759650145475,522407.5919034318,1507832.8283764308,100000.0,0.0,-100000.0,1607832.8283764308,SAIL
17,"Queensland, Australia","Haldia, India",Panamax,coking coal,bull,69943.75,20.3,29.026759650145475,522407.5919034318,1507832.8283764308,100000.0,250000.0,150000.0,1357832.8283764308,SAIL
17,"Queensland, Australia","Haldia, India",Panamax,coking coal,bull,69943.75,20.3,29.026759650145475,522407.5919034318,1507832.8283764308,100000.0,500000.0,400000.0,1107832.8283764308,SAIL
17,"Queensland, Australia","Haldia, India",Panamax,coking coal,bull,69943.75,20.3,29.026759650145475,522407.5919034318,1507832.8283764308,100000.0,1000000.0,900000.0,607832.8283764308,SAIL
17,"Queensland, Australia","Haldia, India",Panamax,coking coal,bull,69943.75,20.3,29.026759650145475,522407.5919034318,1507832.8283764308,250000.0,0.0,-250000.0,1757832.8283764308,SAIL
17,"Queensland, Australia","Haldia, India",Panamax,coking coal,bull,69943.75,20.3,29.026759650145475,522407.5919034318,1507832.8283764308,250000.0,250000.0,0.0,1507832.8283764308,SAIL
17,"Queensland, Australia","Haldia, India",Panamax,coking coal,bull,69943.75,20.3,29.026759650145475,522407.5919034318,1507832.8283764308,250000.0,500000.0,250000.0,1257832.8283764308,SAIL
17,"Queensland, Australia","Haldia, India",Panamax,coking coal,bull,69943.75,20.3,29.026759650145475,522407.5919034318,1507832.8283764308,250000.0,1000000.0,750000.0,757832.8283764308,SAIL
17,"Queensland, Australia","Haldia, India",Panamax,coking coal,bull,69943.75,20.3,29.026759650145475,522407.5919034318,1507832.8283764308,500000.0,0.0,-500000.0,2007832.8283764308,SAIL
17,"Queensland, Australia","Haldia, India",Panamax,coking coal,bull,69943.75,20.3,29.026759650145475,522407.5919034318,1507832.8283764308,500000.0,250000.0,-250000.0,1757832.8283764308,SAIL
17,"Queensland, Australia","Haldia, India",Panamax,coking coal,bull,69943.75,20.3,29.026759650145475,522407.5919034318,1507832.8283764308,500000.0,500000.0,0.0,1507832.8283764308,SAIL
17,"Queensland, Australia","Haldia, India",Panamax,coking coal,bull,69943.75,20.3,29.026759650145475,522407.5919034318,1507832.8283764308,500000.0,1000000.0,500000.0,1007832.8283764308,SAIL
17,"Queensland, Australia","Haldia, India",Panamax,coking coal,bull,69943.75,20.3,29.026759650145475,522407.5919034318,1507832.8283764308,750000.0,0.0,-750000.0,2257832.828376431,SAIL
17,"Queensland, Australia","Haldia, India",Panamax,coking coal,bull,69943.75,20.3,29.026759650145475,522407.5919034318,1507832.8283764308,750000.0,250000.0,-500000.0,2007832.8283764308,SAIL
17,"Queensland, Australia","Haldia, India",Panamax,coking coal,bull,69943.75,20.3,29.026759650145475,522407.5919034318,1507832.8283764308,750000.0,500000.0,-250000.0,1757832.8283764308,SAIL
17,"Queensland, Australia","Haldia, India",Panamax,coking coal,bull,69943.75,20.3,29.026759650145475,522407.5919034318,1507832.8283764308,750000.0,1000000.0,250000.0,1257832.8283764308,SAIL
17,"Queensland, Australia","Haldia, India",Panamax,coking coal,bull,69943.75,20.3,29.026759650145475,522407.5919034318,1507832.8283764308,1000000.0,0.0,-1000000.0,2507832.828376431,SAIL
17,"Queensland, Australia","Haldia, India",Panamax,coking coal,bull,69943.75,20.3,29.026759650145475,522407.5919034318,1507832.8283764308,1000000.0,250000.0,-750000.0,2257832.828376431,SAIL
17,"Queensland, Australia","Haldia, India",Panamax,coking coal,bull,69943.75,20.3,29.026759650145475,522407.5919034318,1507832.8283764308,1000000.0,500000.0,-500000.0,2007832.8283764308,SAIL
17,"Queensland, Australia","Haldia, India",Panamax,coking coal,bull,69943.75,20.3,29.026759650145475,522407.5919034318,1507832.8283764308,1000000.0,1000000.0,0.0,1507832.8283764308,SAIL
17,"Queensland, Australia","Haldia, India",Panamax,coking coal,bull,69943.75,20.3,29.026759650145475,522407.5919034318,1507832.8283764308,1500000.0,0.0,-1500000.0,3007832.828376431,SAIL
17,"Queensland, Australia","Haldia, India",Panamax,coking coal,bull,69943.75,20.3,29.026759650145475,522407.5919034318,1507832.8283764308,1500000.0,250000.0,-1250000.0,2757832.828376431,SAIL
17,"Queensland, Australia","Haldia, India",Panamax,coking coal,bull,69943.75,20.3,29.026759650145475,522407.5919034318,1507832.8283764308,1500000.0,500000.0,-1000000.0,2507832.828376431,SAIL
17,"Queensland, Australia","Haldia, India",Panamax,coking coal,bull,69943.75,20.3,29.026759650145475,522407.5919034318,1507832.8283764308,1500000.0,1000000.0,-500000.0,2007832.8283764308,SAIL
17,"Queensland, Australia","Haldia, India",Panamax,coking coal,bull,69943.75,20.3,29.026759650145475,522407.5919034318,1507832.8283764308,2000000.0,0.0,-2000000.0,3507832.828376431,SAIL
17,"Queensland, Australia","Haldia, India",Panamax,coking coal,bull,69943.75,20.3,29.026759650145475,522407.5919034318,1507832.8283764308,2000000.0,250000.0,-1750000.0,3257832.828376431,SAIL
17,"Queensland, Australia","Haldia, India",Panamax,coking coal,bull,69943.75,20.3,29.026759650145475,522407.5919034318,1507832.8283764308,2000000.0,500000.0,-1500000.0,3007832.828376431,SAIL
17,"Queensland, Australia","Haldia, India",Panamax,coking coal,bull,69943.75,20.3,29.026759650145475,522407.5919034318,1507832.8283764308,2000000.0,1000000.0,-1000000.0,2507832.828376431,SAIL
18,"Richards Bay, South Africa","Haldia, India",Panamax,coking / thermal coal,bear,69943.75,12.8,9.83036704872962,522807.0979471695,164765.63731741282,0.0,0.0,0.0,164765.63731741282,SAIL
18,"Richards Bay, South Africa","Haldia, India",Panamax,coking / thermal coal,bear,69943.75,12.8,9.83036704872962,522807.0979471695,164765.63731741282,0.0,250000.0,250000.0,-85234.36268258718,KILL
18,"Richards Bay, South Africa","Haldia, India",Panamax,coking / thermal coal,bear,69943.75,12.8,9.83036704872962,522807.0979471695,164765.63731741282,0.0,500000.0,500000.0,-335234.3626825872,KILL
18,"Richards Bay, South Africa","Haldia, India",Panamax,coking / thermal coal,bear,69943.75,12.8,9.83036704872962,522807.0979471695,164765.63731741282,0.0,1000000.0,1000000.0,-835234.3626825872,KILL
18,"Richards Bay, South Africa","Haldia, India",Panamax,coking / thermal coal,bear,69943.75,12.8,9.83036704872962,522807.0979471695,164765.63731741282,50000.0,0.0,-50000.0,214765.63731741282,SAIL
18,"Richards Bay, South Africa","Haldia, India",Panamax,coking / thermal coal,bear,69943.75,12.8,9.83036704872962,522807.0979471695,164765.63731741282,50000.0,250000.0,200000.0,-35234.362682587176,KILL
18,"Richards Bay, South Africa","Haldia, India",Panamax,coking / thermal coal,bear,69943.75,12.8,9.83036704872962,522807.0979471695,164765.63731741282,50000.0,500000.0,450000.0,-285234.3626825872,KILL
18,"Richards Bay, South Africa","Haldia, India",Panamax,coking / thermal coal,bear,69943.75,12.8,9.83036704872962,522807.0979471695,164765.63731741282,50000.0,1000000.0,950000.0,-785234.3626825872,KILL
18,"Richards Bay, South Africa","Haldia, India",Panamax,coking / thermal coal,bear,69943.75,12.8,9.83036704872962,522807.0979471695,164765.63731741282,100000.0,0.0,-100000.0,264765.6373174128,SAIL
18,"Richards Bay, South Africa","Haldia, India",Panamax,coking / thermal coal,bear,69943.75,12.8,9.83036704872962,522807.0979471695,164765.63731741282,100000.0,250000.0,150000.0,14765.637317412824,SAIL
18,"Richards Bay, South Africa","Haldia, India",Panamax,coking / thermal coal,bear,69943.75,12.8,9.83036704872962,522807.0979471695,164765.63731741282,100000.0,500000.0,400000.0,-235234.36268258718,KILL
18,"Richards Bay, South Africa","Haldia, India",Panamax,coking / thermal coal,bear,69943.75,12.8,9.83036704872962,522807.0979471695,164765.63731741282,100000.0,1000000.0,900000.0,-735234.3626825872,KILL
18,"Richards Bay, South Africa","Haldia, India",Panamax,coking / thermal coal,bear,69943.75,12.8,9.83036704872962,522807.0979471695,164765.63731741282,250000.0,0.0,-250000.0,414765.6373174128,SAIL
18,"Richards Bay, South Africa","Haldia, India",Panamax,coking / thermal coal,bear,69943.75,12.8,9.83036704872962,522807.0979471695,164765.63731741282,250000.0,250000.0,0.0,164765.63731741282,SAIL
18,"Richards Bay, South Africa","Haldia, India",Panamax,coking / thermal coal,bear,69943.75,12.8,9.83036704872962,522807.0979471695,164765.63731741282,250000.0,500000.0,250000.0,-85234.36268258718,KILL
18,"Richards Bay, South Africa","Haldia, India",Panamax,coking / thermal coal,bear,69943.75,12.8,9.83036704872962,522807.0979471695,164765.63731741282,250000.0,1000000.0,750000.0,-585234.3626825872,KILL
18,"Richards Bay, South Africa","Haldia, India",Panamax,coking / thermal coal,bear,69943.75,12.8,9.83036704872962,522807.0979471695,164765.63731741282,500000.0,0.0,-500000.0,664765.6373174128,SAIL
18,"Richards Bay, South Africa","Haldia, India",Panamax,coking / thermal coal,bear,69943.75,12.8,9.83036704872962,522807.0979471695,164765.63731741282,500000.0,250000.0,-250000.0,414765.6373174128,SAIL
18,"Richards Bay, South Africa","Haldia, India",Panamax,coking / thermal coal,bear,69943.75,12.8,9.83036704872962,522807.0979471695,164765.63731741282,500000.0,500000.0,0.0,164765.63731741282,SAIL
18,"Richards Bay, South Africa","Haldia, India",Panamax,coking / thermal coal,bear,69943.75,12.8,9.83036704872962,522807.0979471695,164765.63731741282,500000.0,1000000.0,500000.0,-335234.3626825872,KILL
18,"Richards Bay, South Africa","Haldia, India",Panamax,coking / thermal coal,bear,69943.75,12.8,9.83036704872962,522807.0979471695,164765.63731741282,750000.0,0.0,-750000.0,914765.6373174128,SAIL
18,"Richards Bay, South Africa","Haldia, India",Panamax,coking / thermal coal,bear,69943.75,12.8,9.83036704872962,522807.0979471695,164765.63731741282,750000.0,250000.0,-500000.0,664765.6373174128,SAIL
18,"Richards Bay, South Africa","Haldia, India",Panamax,coking / thermal coal,bear,69943.75,12.8,9.83036704872962,522807.0979471695,164765.63731741282,750000.0,500000.0,-250000.0,414765.6373174128,SAIL
18,"Richards Bay, South Africa","Haldia, India",Panamax,coking / thermal coal,bear,69943.75,12.8,9.83036704872962,522807.0979471695,164765.63731741282,750000.0,1000000.0,250000.0,-85234.36268258718,KILL
18,"Richards Bay, South Africa","Haldia, India",Panamax,coking / thermal coal,bear,69943.75,12.8,9.83036704872962,522807.0979471695,164765.63731741282,1000000.0,0.0,-1000000.0,1164765.6373174128,SAIL
18,"Richards Bay, South Africa","Haldia, India",Panamax,coking / thermal coal,bear,69943.75,12.8,9.83036704872962,522807.0979471695,164765.63731741282,1000000.0,250000.0,-750000.0,914765.6373174128,SAIL
18,"Richards Bay, South Africa","Haldia, India",Panamax,coking / thermal coal,bear,69943.75,12.8,9.83036704872962,522807.0979471695,164765.63731741282,1000000.0,500000.0,-500000.0,664765.6373174128,SAIL
18,"Richards Bay, South Africa","Haldia, India",Panamax,coking / thermal coal,bear,69943.75,12.8,9.83036704872962,522807.0979471695,164765.63731741282,1000000.0,1000000.0,0.0,164765.63731741282,SAIL
18,"Richards Bay, South Africa","Haldia, India",Panamax,coking / thermal coal,bear,69943.75,12.8,9.83036704872962,522807.0979471695,164765.63731741282,1500000.0,0.0,-1500000.0,1664765.6373174128,SAIL
18,"Richards Bay, South Africa","Haldia, India",Panamax,coking / thermal coal,bear,69943.75,12.8,9.83036704872962,522807.0979471695,164765.63731741282,1500000.0,250000.0,-1250000.0,1414765.6373174128,SAIL
18,"Richards Bay, South Africa","Haldia, India",Panamax,coking / thermal coal,bear,69943.75,12.8,9.83036704872962,522807.0979471695,164765.63731741282,1500000.0,500000.0,-1000000.0,1164765.6373174128,SAIL
18,"Richards Bay, South Africa","Haldia, India",Panamax,coking / thermal coal,bear,69943.75,12.8,9.83036704872962,522807.0979471695,164765.63731741282,1500000.0,1000000.0,-500000.0,664765.6373174128,SAIL
18,"Richards Bay, South Africa","Haldia, India",Panamax,coking / thermal coal,bear,69943.75,12.8,9.83036704872962,522807.0979471695,164765.63731741282,2000000.0,0.0,-2000000.0,2164765.637317413,SAIL
18,"Richards Bay, South Africa","Haldia, India",Panamax,coking / thermal coal,bear,69943.75,12.8,9.83036704872962,522807.0979471695,164765.63731741282,2000000.0,250000.0,-1750000.0,1914765.6373174128,SAIL
18,"Richards Bay, South Africa","Haldia, India",Panamax,coking / thermal coal,bear,69943.75,12.8,9.83036704872962,522807.0979471695,164765.63731741282,2000000.0,500000.0,-1500000.0,1664765.6373174128,SAIL
18,"Richards Bay, South Africa","Haldia, India",Panamax,coking / thermal coal,bear,69943.75,12.8,9.83036704872962,522807.0979471695,164765.63731741282,2000000.0,1000000.0,-1000000.0,1164765.6373174128,SAIL
18,"Richards Bay, South Africa","Haldia, India",Panamax,coking / thermal coal,base,69943.75,12.8,12.8,522807.0979471695,372472.9020528305,0.0,0.0,0.0,372472.9020528305,SAIL
18,"Richards Bay, South Africa","Haldia, India",Panamax,coking / thermal coal,base,69943.75,12.8,12.8,522807.0979471695,372472.9020528305,0.0,250000.0,250000.0,122472.9020528305,SAIL
18,"Richards Bay, South Africa","Haldia, India",Panamax,coking / thermal coal,base,69943.75,12.8,12.8,522807.0979471695,372472.9020528305,0.0,500000.0,500000.0,-127527.0979471695,KILL
18,"Richards Bay, South Africa","Haldia, India",Panamax,coking / thermal coal,base,69943.75,12.8,12.8,522807.0979471695,372472.9020528305,0.0,1000000.0,1000000.0,-627527.0979471696,KILL
18,"Richards Bay, South Africa","Haldia, India",Panamax,coking / thermal coal,base,69943.75,12.8,12.8,522807.0979471695,372472.9020528305,50000.0,0.0,-50000.0,422472.9020528305,SAIL
18,"Richards Bay, South Africa","Haldia, India",Panamax,coking / thermal coal,base,69943.75,12.8,12.8,522807.0979471695,372472.9020528305,50000.0,250000.0,200000.0,172472.9020528305,SAIL
18,"Richards Bay, South Africa","Haldia, India",Panamax,coking / thermal coal,base,69943.75,12.8,12.8,522807.0979471695,372472.9020528305,50000.0,500000.0,450000.0,-77527.0979471695,KILL
18,"Richards Bay, South Africa","Haldia, India",Panamax,coking / thermal coal,base,69943.75,12.8,12.8,522807.0979471695,372472.9020528305,50000.0,1000000.0,950000.0,-577527.0979471696,KILL
18,"Richards Bay, South Africa","Haldia, India",Panamax,coking / thermal coal,base,69943.75,12.8,12.8,522807.0979471695,372472.9020528305,100000.0,0.0,-100000.0,472472.9020528305,SAIL
18,"Richards Bay, South Africa","Haldia, India",Panamax,coking / thermal coal,base,69943.75,12.8,12.8,522807.0979471695,372472.9020528305,100000.0,250000.0,150000.0,222472.9020528305,SAIL
18,"Richards Bay, South Africa","Haldia, India",Panamax,coking / thermal coal,base,69943.75,12.8,12.8,522807.0979471695,372472.9020528305,100000.0,500000.0,400000.0,-27527.097947169503,KILL
18,"Richards Bay, South Africa","Haldia, India",Panamax,coking / thermal coal,base,69943.75,12.8,12.8,522807.0979471695,372472.9020528305,100000.0,1000000.0,900000.0,-527527.0979471696,KILL
18,"Richards Bay, South Africa","Haldia, India",Panamax,coking / thermal coal,base,69943.75,12.8,12.8,522807.0979471695,372472.9020528305,250000.0,0.0,-250000.0,622472.9020528304,SAIL
18,"Richards Bay, South Africa","Haldia, India",Panamax,coking / thermal coal,base,69943.75,12.8,12.8,522807.0979471695,372472.9020528305,250000.0,250000.0,0.0,372472.9020528305,SAIL
18,"Richards Bay, South Africa","Haldia, India",Panamax,coking / thermal coal,base,69943.75,12.8,12.8,522807.0979471695,372472.9020528305,250000.0,500000.0,250000.0,122472.9020528305,SAIL
18,"Richards Bay, South Africa","Haldia, India",Panamax,coking / thermal coal,base,69943.75,12.8,12.8,522807.0979471695,372472.9020528305,250000.0,1000000.0,750000.0,-377527.0979471695,KILL
18,"Richards Bay, South Africa","Haldia, India",Panamax,coking / thermal coal,base,69943.75,12.8,12.8,522807.0979471695,372472.9020528305,500000.0,0.0,-500000.0,872472.9020528304,SAIL
18,"Richards Bay, South Africa","Haldia, India",Panamax,coking / thermal coal,base,69943.75,12.8,12.8,522807.0979471695,372472.9020528305,500000.0,250000.0,-250000.0,622472.9020528304,SAIL
18,"Richards Bay, South Africa","Haldia, India",Panamax,coking / thermal coal,base,69943.75,12.8,12.8,522807.0979471695,372472.9020528305,500000.0,500000.0,0.0,372472.9020528305,SAIL
18,"Richards Bay, South Africa","Haldia, India",Panamax,coking / thermal coal,base,69943.75,12.8,12.8,522807.0979471695,372472.9020528305,500000.0,1000000.0,500000.0,-127527.0979471695,KILL
18,"Richards Bay, South Africa","Haldia, India",Panamax,coking / thermal coal,base,69943.75,12.8,12.8,522807.0979471695,372472.9020528305,750000.0,0.0,-750000.0,1122472.9020528304,SAIL
18,"Richards Bay, South Africa","Haldia, India",Panamax,coking / thermal coal,base,69943.75,12.8,12.8,522807.0979471695,372472.9020528305,750000.0,250000.0,-500000.0,872472.9020528304,SAIL
18,"Richards Bay, South Africa","Haldia, India",Panamax,coking / thermal coal,base,69943.75,12.8,12.8,522807.0979471695,372472.9020528305,750000.0,500000.0,-250000.0,622472.9020528304,SAIL
18,"Richards Bay, South Africa","Haldia, India",Panamax,coking / thermal coal,base,69943.75,12.8,12.8,522807.0979471695,372472.9020528305,750000.0,1000000.0,250000.0,122472.9020528305,SAIL
18,"Richards Bay, South Africa","Haldia, India",Panamax,coking / thermal coal,base,69943.75,12.8,12.8,522807.0979471695,372472.9020528305,1000000.0,0.0,-1000000.0,1372472.9020528304,SAIL
18,"Richards Bay, South Africa","Haldia, India",Panamax,coking / thermal coal,base,69943.75,12.8,12.8,522807.0979471695,372472.9020528305,1000000.0,250000.0,-750000.0,1122472.9020528304,SAIL
18,"Richards Bay, South Africa","Haldia, India",Panamax,coking / thermal coal,base,69943.75,12.8,12.8,522807.0979471695,372472.9020528305,1000000.0,500000.0,-500000.0,872472.9020528304,SAIL
18,"Richards Bay, South Africa","Haldia, India",Panamax,coking / thermal coal,base,69943.75,12.8,12.8,522807.0979471695,372472.9020528305,1000000.0,1000000.0,0.0,372472.9020528305,SAIL
18,"Richards Bay, South Africa","Haldia, India",Panamax,coking / thermal coal,base,69943.75,12.8,12.8,522807.0979471695,372472.9020528305,1500000.0,0.0,-1500000.0,1872472.9020528304,SAIL
18,"Richards Bay, South Africa","Haldia, India",Panamax,coking / thermal coal,base,69943.75,12.8,12.8,522807.0979471695,372472.9020528305,1500000.0,250000.0,-1250000.0,1622472.9020528304,SAIL
18,"Richards Bay, South Africa","Haldia, India",Panamax,coking / thermal coal,base,69943.75,12.8,12.8,522807.0979471695,372472.9020528305,1500000.0,500000.0,-1000000.0,1372472.9020528304,SAIL
18,"Richards Bay, South Africa","Haldia, India",Panamax,coking / thermal coal,base,69943.75,12.8,12.8,522807.0979471695,372472.9020528305,1500000.0,1000000.0,-500000.0,872472.9020528304,SAIL
18,"Richards Bay, South Africa","Haldia, India",Panamax,coking / thermal coal,base,69943.75,12.8,12.8,522807.0979471695,372472.9020528305,2000000.0,0.0,-2000000.0,2372472.9020528304,SAIL
18,"Richards Bay, South Africa","Haldia, India",Panamax,coking / thermal coal,base,69943.75,12.8,12.8,522807.0979471695,372472.9020528305,2000000.0,250000.0,-1750000.0,2122472.9020528304,SAIL
18,"Richards Bay, South Africa","Haldia, India",Panamax,coking / thermal coal,base,69943.75,12.8,12.8,522807.0979471695,372472.9020528305,2000000.0,500000.0,-1500000.0,1872472.9020528304,SAIL
18,"Richards Bay, South Africa","Haldia, India",Panamax,coking / thermal coal,base,69943.75,12.8,12.8,522807.0979471695,372472.9020528305,2000000.0,1000000.0,-1000000.0,1372472.9020528304,SAIL
18,"Richards Bay, South Africa","Haldia, India",Panamax,coking / thermal coal,bull,69943.75,12.8,18.302587365608968,522807.0979471695,757344.4971061426,0.0,0.0,0.0,757344.4971061426,SAIL
18,"Richards Bay, South Africa","Haldia, India",Panamax,coking / thermal coal,bull,69943.75,12.8,18.302587365608968,522807.0979471695,757344.4971061426,0.0,250000.0,250000.0,507344.4971061426,SAIL
18,"Richards Bay, South Africa","Haldia, India",Panamax,coking / thermal coal,bull,69943.75,12.8,18.302587365608968,522807.0979471695,757344.4971061426,0.0,500000.0,500000.0,257344.49710614257,SAIL
18,"Richards Bay, South Africa","Haldia, India",Panamax,coking / thermal coal,bull,69943.75,12.8,18.302587365608968,522807.0979471695,757344.4971061426,0.0,1000000.0,1000000.0,-242655.50289385743,KILL
18,"Richards Bay, South Africa","Haldia, India",Panamax,coking / thermal coal,bull,69943.75,12.8,18.302587365608968,522807.0979471695,757344.4971061426,50000.0,0.0,-50000.0,807344.4971061426,SAIL
18,"Richards Bay, South Africa","Haldia, India",Panamax,coking / thermal coal,bull,69943.75,12.8,18.302587365608968,522807.0979471695,757344.4971061426,50000.0,250000.0,200000.0,557344.4971061426,SAIL
18,"Richards Bay, South Africa","Haldia, India",Panamax,coking / thermal coal,bull,69943.75,12.8,18.302587365608968,522807.0979471695,757344.4971061426,50000.0,500000.0,450000.0,307344.4971061426,SAIL
18,"Richards Bay, South Africa","Haldia, India",Panamax,coking / thermal coal,bull,69943.75,12.8,18.302587365608968,522807.0979471695,757344.4971061426,50000.0,1000000.0,950000.0,-192655.50289385743,KILL
18,"Richards Bay, South Africa","Haldia, India",Panamax,coking / thermal coal,bull,69943.75,12.8,18.302587365608968,522807.0979471695,757344.4971061426,100000.0,0.0,-100000.0,857344.4971061426,SAIL
18,"Richards Bay, South Africa","Haldia, India",Panamax,coking / thermal coal,bull,69943.75,12.8,18.302587365608968,522807.0979471695,757344.4971061426,100000.0,250000.0,150000.0,607344.4971061426,SAIL
18,"Richards Bay, South Africa","Haldia, India",Panamax,coking / thermal coal,bull,69943.75,12.8,18.302587365608968,522807.0979471695,757344.4971061426,100000.0,500000.0,400000.0,357344.4971061426,SAIL
18,"Richards Bay, South Africa","Haldia, India",Panamax,coking / thermal coal,bull,69943.75,12.8,18.302587365608968,522807.0979471695,757344.4971061426,100000.0,1000000.0,900000.0,-142655.50289385743,KILL
18,"Richards Bay, South Africa","Haldia, India",Panamax,coking / thermal coal,bull,69943.75,12.8,18.302587365608968,522807.0979471695,757344.4971061426,250000.0,0.0,-250000.0,1007344.4971061426,SAIL
18,"Richards Bay, South Africa","Haldia, India",Panamax,coking / thermal coal,bull,69943.75,12.8,18.302587365608968,522807.0979471695,757344.4971061426,250000.0,250000.0,0.0,757344.4971061426,SAIL
18,"Richards Bay, South Africa","Haldia, India",Panamax,coking / thermal coal,bull,69943.75,12.8,18.302587365608968,522807.0979471695,757344.4971061426,250000.0,500000.0,250000.0,507344.4971061426,SAIL
18,"Richards Bay, South Africa","Haldia, India",Panamax,coking / thermal coal,bull,69943.75,12.8,18.302587365608968,522807.0979471695,757344.4971061426,250000.0,1000000.0,750000.0,7344.497106142575,SAIL
18,"Richards Bay, South Africa","Haldia, India",Panamax,coking / thermal coal,bull,69943.75,12.8,18.302587365608968,522807.0979471695,757344.4971061426,500000.0,0.0,-500000.0,1257344.4971061426,SAIL
18,"Richards Bay, South Africa","Haldia, India",Panamax,coking / thermal coal,bull,69943.75,12.8,18.302587365608968,522807.0979471695,757344.4971061426,500000.0,250000.0,-250000.0,1007344.4971061426,SAIL
18,"Richards Bay, South Africa","Haldia, India",Panamax,coking / thermal coal,bull,69943.75,12.8,18.302587365608968,522807.0979471695,757344.4971061426,500000.0,500000.0,0.0,757344.4971061426,SAIL
18,"Richards Bay, South Africa","Haldia, India",Panamax,coking / thermal coal,bull,69943.75,12.8,18.302587365608968,522807.0979471695,757344.4971061426,500000.0,1000000.0,500000.0,257344.49710614257,SAIL
18,"Richards Bay, South Africa","Haldia, India",Panamax,coking / thermal coal,bull,69943.75,12.8,18.302587365608968,522807.0979471695,757344.4971061426,750000.0,0.0,-750000.0,1507344.4971061426,SAIL
18,"Richards Bay, South Africa","Haldia, India",Panamax,coking / thermal coal,bull,69943.75,12.8,18.302587365608968,522807.0979471695,757344.4971061426,750000.0,250000.0,-500000.0,1257344.4971061426,SAIL
18,"Richards Bay, South Africa","Haldia, India",Panamax,coking / thermal coal,bull,69943.75,12.8,18.302587365608968,522807.0979471695,757344.4971061426,750000.0,500000.0,-250000.0,1007344.4971061426,SAIL
18,"Richards Bay, South Africa","Haldia, India",Panamax,coking / thermal coal,bull,69943.75,12.8,18.302587365608968,522807.0979471695,757344.4971061426,750000.0,1000000.0,250000.0,507344.4971061426,SAIL
18,"Richards Bay, South Africa","Haldia, India",Panamax,coking / thermal coal,bull,69943.75,12.8,18.302587365608968,522807.0979471695,757344.4971061426,1000000.0,0.0,-1000000.0,1757344.4971061426,SAIL
18,"Richards Bay, South Africa","Haldia, India",Panamax,coking / thermal coal,bull,69943.75,12.8,18.302587365608968,522807.0979471695,757344.4971061426,1000000.0,250000.0,-750000.0,1507344.4971061426,SAIL
18,"Richards Bay, South Africa","Haldia, India",Panamax,coking / thermal coal,bull,69943.75,12.8,18.302587365608968,522807.0979471695,757344.4971061426,1000000.0,500000.0,-500000.0,1257344.4971061426,SAIL
18,"Richards Bay, South Africa","Haldia, India",Panamax,coking / thermal coal,bull,69943.75,12.8,18.302587365608968,522807.0979471695,757344.4971061426,1000000.0,1000000.0,0.0,757344.4971061426,SAIL
18,"Richards Bay, South Africa","Haldia, India",Panamax,coking / thermal coal,bull,69943.75,12.8,18.302587365608968,522807.0979471695,757344.4971061426,1500000.0,0.0,-1500000.0,2257344.4971061423,SAIL
18,"Richards Bay, South Africa","Haldia, India",Panamax,coking / thermal coal,bull,69943.75,12.8,18.302587365608968,522807.0979471695,757344.4971061426,1500000.0,250000.0,-1250000.0,2007344.4971061426,SAIL
18,"Richards Bay, South Africa","Haldia, India",Panamax,coking / thermal coal,bull,69943.75,12.8,18.302587365608968,522807.0979471695,757344.4971061426,1500000.0,500000.0,-1000000.0,1757344.4971061426,SAIL
18,"Richards Bay, South Africa","Haldia, India",Panamax,coking / thermal coal,bull,69943.75,12.8,18.302587365608968,522807.0979471695,757344.4971061426,1500000.0,1000000.0,-500000.0,1257344.4971061426,SAIL
18,"Richards Bay, South Africa","Haldia, India",Panamax,coking / thermal coal,bull,69943.75,12.8,18.302587365608968,522807.0979471695,757344.4971061426,2000000.0,0.0,-2000000.0,2757344.4971061423,SAIL
18,"Richards Bay, South Africa","Haldia, India",Panamax,coking / thermal coal,bull,69943.75,12.8,18.302587365608968,522807.0979471695,757344.4971061426,2000000.0,250000.0,-1750000.0,2507344.4971061423,SAIL
18,"Richards Bay, South Africa","Haldia, India",Panamax,coking / thermal coal,bull,69943.75,12.8,18.302587365608968,522807.0979471695,757344.4971061426,2000000.0,500000.0,-1500000.0,2257344.4971061423,SAIL
18,"Richards Bay, South Africa","Haldia, India",Panamax,coking / thermal coal,bull,69943.75,12.8,18.302587365608968,522807.0979471695,757344.4971061426,2000000.0,1000000.0,-1000000.0,1757344.4971061426,SAIL
19,"Richards Bay, South Africa","Kandla, India",Capesize,coal,bear,157937.5,17.45,13.401555078150926,443034.2231819321,1673573.8819735297,0.0,0.0,0.0,1673573.8819735297,SAIL
19,"Richards Bay, South Africa","Kandla, India",Capesize,coal,bear,157937.5,17.45,13.401555078150926,443034.2231819321,1673573.8819735297,0.0,250000.0,250000.0,1423573.8819735297,SAIL
19,"Richards Bay, South Africa","Kandla, India",Capesize,coal,bear,157937.5,17.45,13.401555078150926,443034.2231819321,1673573.8819735297,0.0,500000.0,500000.0,1173573.8819735297,SAIL
19,"Richards Bay, South Africa","Kandla, India",Capesize,coal,bear,157937.5,17.45,13.401555078150926,443034.2231819321,1673573.8819735297,0.0,1000000.0,1000000.0,673573.8819735297,SAIL
19,"Richards Bay, South Africa","Kandla, India",Capesize,coal,bear,157937.5,17.45,13.401555078150926,443034.2231819321,1673573.8819735297,50000.0,0.0,-50000.0,1723573.8819735297,SAIL
19,"Richards Bay, South Africa","Kandla, India",Capesize,coal,bear,157937.5,17.45,13.401555078150926,443034.2231819321,1673573.8819735297,50000.0,250000.0,200000.0,1473573.8819735297,SAIL
19,"Richards Bay, South Africa","Kandla, India",Capesize,coal,bear,157937.5,17.45,13.401555078150926,443034.2231819321,1673573.8819735297,50000.0,500000.0,450000.0,1223573.8819735297,SAIL
19,"Richards Bay, South Africa","Kandla, India",Capesize,coal,bear,157937.5,17.45,13.401555078150926,443034.2231819321,1673573.8819735297,50000.0,1000000.0,950000.0,723573.8819735297,SAIL
19,"Richards Bay, South Africa","Kandla, India",Capesize,coal,bear,157937.5,17.45,13.401555078150926,443034.2231819321,1673573.8819735297,100000.0,0.0,-100000.0,1773573.8819735297,SAIL
19,"Richards Bay, South Africa","Kandla, India",Capesize,coal,bear,157937.5,17.45,13.401555078150926,443034.2231819321,1673573.8819735297,100000.0,250000.0,150000.0,1523573.8819735297,SAIL
19,"Richards Bay, South Africa","Kandla, India",Capesize,coal,bear,157937.5,17.45,13.401555078150926,443034.2231819321,1673573.8819735297,100000.0,500000.0,400000.0,1273573.8819735297,SAIL
19,"Richards Bay, South Africa","Kandla, India",Capesize,coal,bear,157937.5,17.45,13.401555078150926,443034.2231819321,1673573.8819735297,100000.0,1000000.0,900000.0,773573.8819735297,SAIL
19,"Richards Bay, South Africa","Kandla, India",Capesize,coal,bear,157937.5,17.45,13.401555078150926,443034.2231819321,1673573.8819735297,250000.0,0.0,-250000.0,1923573.8819735297,SAIL
19,"Richards Bay, South Africa","Kandla, India",Capesize,coal,bear,157937.5,17.45,13.401555078150926,443034.2231819321,1673573.8819735297,250000.0,250000.0,0.0,1673573.8819735297,SAIL
19,"Richards Bay, South Africa","Kandla, India",Capesize,coal,bear,157937.5,17.45,13.401555078150926,443034.2231819321,1673573.8819735297,250000.0,500000.0,250000.0,1423573.8819735297,SAIL
19,"Richards Bay, South Africa","Kandla, India",Capesize,coal,bear,157937.5,17.45,13.401555078150926,443034.2231819321,1673573.8819735297,250000.0,1000000.0,750000.0,923573.8819735297,SAIL
19,"Richards Bay, South Africa","Kandla, India",Capesize,coal,bear,157937.5,17.45,13.401555078150926,443034.2231819321,1673573.8819735297,500000.0,0.0,-500000.0,2173573.8819735297,SAIL
19,"Richards Bay, South Africa","Kandla, India",Capesize,coal,bear,157937.5,17.45,13.401555078150926,443034.2231819321,1673573.8819735297,500000.0,250000.0,-250000.0,1923573.8819735297,SAIL
19,"Richards Bay, South Africa","Kandla, India",Capesize,coal,bear,157937.5,17.45,13.401555078150926,443034.2231819321,1673573.8819735297,500000.0,500000.0,0.0,1673573.8819735297,SAIL
19,"Richards Bay, South Africa","Kandla, India",Capesize,coal,bear,157937.5,17.45,13.401555078150926,443034.2231819321,1673573.8819735297,500000.0,1000000.0,500000.0,1173573.8819735297,SAIL
19,"Richards Bay, South Africa","Kandla, India",Capesize,coal,bear,157937.5,17.45,13.401555078150926,443034.2231819321,1673573.8819735297,750000.0,0.0,-750000.0,2423573.8819735297,SAIL
19,"Richards Bay, South Africa","Kandla, India",Capesize,coal,bear,157937.5,17.45,13.401555078150926,443034.2231819321,1673573.8819735297,750000.0,250000.0,-500000.0,2173573.8819735297,SAIL
19,"Richards Bay, South Africa","Kandla, India",Capesize,coal,bear,157937.5,17.45,13.401555078150926,443034.2231819321,1673573.8819735297,750000.0,500000.0,-250000.0,1923573.8819735297,SAIL
19,"Richards Bay, South Africa","Kandla, India",Capesize,coal,bear,157937.5,17.45,13.401555078150926,443034.2231819321,1673573.8819735297,750000.0,1000000.0,250000.0,1423573.8819735297,SAIL
19,"Richards Bay, South Africa","Kandla, India",Capesize,coal,bear,157937.5,17.45,13.401555078150926,443034.2231819321,1673573.8819735297,1000000.0,0.0,-1000000.0,2673573.8819735297,SAIL
19,"Richards Bay, South Africa","Kandla, India",Capesize,coal,bear,157937.5,17.45,13.401555078150926,443034.2231819321,1673573.8819735297,1000000.0,250000.0,-750000.0,2423573.8819735297,SAIL
19,"Richards Bay, South Africa","Kandla, India",Capesize,coal,bear,157937.5,17.45,13.401555078150926,443034.2231819321,1673573.8819735297,1000000.0,500000.0,-500000.0,2173573.8819735297,SAIL
19,"Richards Bay, South Africa","Kandla, India",Capesize,coal,bear,157937.5,17.45,13.401555078150926,443034.2231819321,1673573.8819735297,1000000.0,1000000.0,0.0,1673573.8819735297,SAIL
19,"Richards Bay, South Africa","Kandla, India",Capesize,coal,bear,157937.5,17.45,13.401555078150926,443034.2231819321,1673573.8819735297,1500000.0,0.0,-1500000.0,3173573.8819735297,SAIL
19,"Richards Bay, South Africa","Kandla, India",Capesize,coal,bear,157937.5,17.45,13.401555078150926,443034.2231819321,1673573.8819735297,1500000.0,250000.0,-1250000.0,2923573.8819735297,SAIL
19,"Richards Bay, South Africa","Kandla, India",Capesize,coal,bear,157937.5,17.45,13.401555078150926,443034.2231819321,1673573.8819735297,1500000.0,500000.0,-1000000.0,2673573.8819735297,SAIL
19,"Richards Bay, South Africa","Kandla, India",Capesize,coal,bear,157937.5,17.45,13.401555078150926,443034.2231819321,1673573.8819735297,1500000.0,1000000.0,-500000.0,2173573.8819735297,SAIL
19,"Richards Bay, South Africa","Kandla, India",Capesize,coal,bear,157937.5,17.45,13.401555078150926,443034.2231819321,1673573.8819735297,2000000.0,0.0,-2000000.0,3673573.8819735297,SAIL
19,"Richards Bay, South Africa","Kandla, India",Capesize,coal,bear,157937.5,17.45,13.401555078150926,443034.2231819321,1673573.8819735297,2000000.0,250000.0,-1750000.0,3423573.8819735297,SAIL
19,"Richards Bay, South Africa","Kandla, India",Capesize,coal,bear,157937.5,17.45,13.401555078150926,443034.2231819321,1673573.8819735297,2000000.0,500000.0,-1500000.0,3173573.8819735297,SAIL
19,"Richards Bay, South Africa","Kandla, India",Capesize,coal,bear,157937.5,17.45,13.401555078150926,443034.2231819321,1673573.8819735297,2000000.0,1000000.0,-1000000.0,2673573.8819735297,SAIL
19,"Richards Bay, South Africa","Kandla, India",Capesize,coal,base,157937.5,17.45,17.45,443034.2231819321,2312975.1518180678,0.0,0.0,0.0,2312975.1518180678,SAIL
19,"Richards Bay, South Africa","Kandla, India",Capesize,coal,base,157937.5,17.45,17.45,443034.2231819321,2312975.1518180678,0.0,250000.0,250000.0,2062975.1518180678,SAIL
19,"Richards Bay, South Africa","Kandla, India",Capesize,coal,base,157937.5,17.45,17.45,443034.2231819321,2312975.1518180678,0.0,500000.0,500000.0,1812975.1518180678,SAIL
19,"Richards Bay, South Africa","Kandla, India",Capesize,coal,base,157937.5,17.45,17.45,443034.2231819321,2312975.1518180678,0.0,1000000.0,1000000.0,1312975.1518180678,SAIL
19,"Richards Bay, South Africa","Kandla, India",Capesize,coal,base,157937.5,17.45,17.45,443034.2231819321,2312975.1518180678,50000.0,0.0,-50000.0,2362975.1518180678,SAIL
19,"Richards Bay, South Africa","Kandla, India",Capesize,coal,base,157937.5,17.45,17.45,443034.2231819321,2312975.1518180678,50000.0,250000.0,200000.0,2112975.1518180678,SAIL
19,"Richards Bay, South Africa","Kandla, India",Capesize,coal,base,157937.5,17.45,17.45,443034.2231819321,2312975.1518180678,50000.0,500000.0,450000.0,1862975.1518180678,SAIL
19,"Richards Bay, South Africa","Kandla, India",Capesize,coal,base,157937.5,17.45,17.45,443034.2231819321,2312975.1518180678,50000.0,1000000.0,950000.0,1362975.1518180678,SAIL
19,"Richards Bay, South Africa","Kandla, India",Capesize,coal,base,157937.5,17.45,17.45,443034.2231819321,2312975.1518180678,100000.0,0.0,-100000.0,2412975.1518180678,SAIL
19,"Richards Bay, South Africa","Kandla, India",Capesize,coal,base,157937.5,17.45,17.45,443034.2231819321,2312975.1518180678,100000.0,250000.0,150000.0,2162975.1518180678,SAIL
19,"Richards Bay, South Africa","Kandla, India",Capesize,coal,base,157937.5,17.45,17.45,443034.2231819321,2312975.1518180678,100000.0,500000.0,400000.0,1912975.1518180678,SAIL
19,"Richards Bay, South Africa","Kandla, India",Capesize,coal,base,157937.5,17.45,17.45,443034.2231819321,2312975.1518180678,100000.0,1000000.0,900000.0,1412975.1518180678,SAIL
19,"Richards Bay, South Africa","Kandla, India",Capesize,coal,base,157937.5,17.45,17.45,443034.2231819321,2312975.1518180678,250000.0,0.0,-250000.0,2562975.1518180678,SAIL
19,"Richards Bay, South Africa","Kandla, India",Capesize,coal,base,157937.5,17.45,17.45,443034.2231819321,2312975.1518180678,250000.0,250000.0,0.0,2312975.1518180678,SAIL
19,"Richards Bay, South Africa","Kandla, India",Capesize,coal,base,157937.5,17.45,17.45,443034.2231819321,2312975.1518180678,250000.0,500000.0,250000.0,2062975.1518180678,SAIL
19,"Richards Bay, South Africa","Kandla, India",Capesize,coal,base,157937.5,17.45,17.45,443034.2231819321,2312975.1518180678,250000.0,1000000.0,750000.0,1562975.1518180678,SAIL
19,"Richards Bay, South Africa","Kandla, India",Capesize,coal,base,157937.5,17.45,17.45,443034.2231819321,2312975.1518180678,500000.0,0.0,-500000.0,2812975.1518180678,SAIL
19,"Richards Bay, South Africa","Kandla, India",Capesize,coal,base,157937.5,17.45,17.45,443034.2231819321,2312975.1518180678,500000.0,250000.0,-250000.0,2562975.1518180678,SAIL
19,"Richards Bay, South Africa","Kandla, India",Capesize,coal,base,157937.5,17.45,17.45,443034.2231819321,2312975.1518180678,500000.0,500000.0,0.0,2312975.1518180678,SAIL
19,"Richards Bay, South Africa","Kandla, India",Capesize,coal,base,157937.5,17.45,17.45,443034.2231819321,2312975.1518180678,500000.0,1000000.0,500000.0,1812975.1518180678,SAIL
19,"Richards Bay, South Africa","Kandla, India",Capesize,coal,base,157937.5,17.45,17.45,443034.2231819321,2312975.1518180678,750000.0,0.0,-750000.0,3062975.1518180678,SAIL
19,"Richards Bay, South Africa","Kandla, India",Capesize,coal,base,157937.5,17.45,17.45,443034.2231819321,2312975.1518180678,750000.0,250000.0,-500000.0,2812975.1518180678,SAIL
19,"Richards Bay, South Africa","Kandla, India",Capesize,coal,base,157937.5,17.45,17.45,443034.2231819321,2312975.1518180678,750000.0,500000.0,-250000.0,2562975.1518180678,SAIL
19,"Richards Bay, South Africa","Kandla, India",Capesize,coal,base,157937.5,17.45,17.45,443034.2231819321,2312975.1518180678,750000.0,1000000.0,250000.0,2062975.1518180678,SAIL
19,"Richards Bay, South Africa","Kandla, India",Capesize,coal,base,157937.5,17.45,17.45,443034.2231819321,2312975.1518180678,1000000.0,0.0,-1000000.0,3312975.1518180678,SAIL
19,"Richards Bay, South Africa","Kandla, India",Capesize,coal,base,157937.5,17.45,17.45,443034.2231819321,2312975.1518180678,1000000.0,250000.0,-750000.0,3062975.1518180678,SAIL
19,"Richards Bay, South Africa","Kandla, India",Capesize,coal,base,157937.5,17.45,17.45,443034.2231819321,2312975.1518180678,1000000.0,500000.0,-500000.0,2812975.1518180678,SAIL
19,"Richards Bay, South Africa","Kandla, India",Capesize,coal,base,157937.5,17.45,17.45,443034.2231819321,2312975.1518180678,1000000.0,1000000.0,0.0,2312975.1518180678,SAIL
19,"Richards Bay, South Africa","Kandla, India",Capesize,coal,base,157937.5,17.45,17.45,443034.2231819321,2312975.1518180678,1500000.0,0.0,-1500000.0,3812975.1518180678,SAIL
19,"Richards Bay, South Africa","Kandla, India",Capesize,coal,base,157937.5,17.45,17.45,443034.2231819321,2312975.1518180678,1500000.0,250000.0,-1250000.0,3562975.1518180678,SAIL
19,"Richards Bay, South Africa","Kandla, India",Capesize,coal,base,157937.5,17.45,17.45,443034.2231819321,2312975.1518180678,1500000.0,500000.0,-1000000.0,3312975.1518180678,SAIL
19,"Richards Bay, South Africa","Kandla, India",Capesize,coal,base,157937.5,17.45,17.45,443034.2231819321,2312975.1518180678,1500000.0,1000000.0,-500000.0,2812975.1518180678,SAIL
19,"Richards Bay, South Africa","Kandla, India",Capesize,coal,base,157937.5,17.45,17.45,443034.2231819321,2312975.1518180678,2000000.0,0.0,-2000000.0,4312975.151818068,SAIL
19,"Richards Bay, South Africa","Kandla, India",Capesize,coal,base,157937.5,17.45,17.45,443034.2231819321,2312975.1518180678,2000000.0,250000.0,-1750000.0,4062975.1518180678,SAIL
19,"Richards Bay, South Africa","Kandla, India",Capesize,coal,base,157937.5,17.45,17.45,443034.2231819321,2312975.1518180678,2000000.0,500000.0,-1500000.0,3812975.1518180678,SAIL
19,"Richards Bay, South Africa","Kandla, India",Capesize,coal,base,157937.5,17.45,17.45,443034.2231819321,2312975.1518180678,2000000.0,1000000.0,-1000000.0,3312975.1518180678,SAIL
19,"Richards Bay, South Africa","Kandla, India",Capesize,coal,bull,157937.5,17.45,24.9515741820216,443034.2231819321,3497755.024191104,0.0,0.0,0.0,3497755.024191104,SAIL
19,"Richards Bay, South Africa","Kandla, India",Capesize,coal,bull,157937.5,17.45,24.9515741820216,443034.2231819321,3497755.024191104,0.0,250000.0,250000.0,3247755.024191104,SAIL
19,"Richards Bay, South Africa","Kandla, India",Capesize,coal,bull,157937.5,17.45,24.9515741820216,443034.2231819321,3497755.024191104,0.0,500000.0,500000.0,2997755.024191104,SAIL
19,"Richards Bay, South Africa","Kandla, India",Capesize,coal,bull,157937.5,17.45,24.9515741820216,443034.2231819321,3497755.024191104,0.0,1000000.0,1000000.0,2497755.024191104,SAIL
19,"Richards Bay, South Africa","Kandla, India",Capesize,coal,bull,157937.5,17.45,24.9515741820216,443034.2231819321,3497755.024191104,50000.0,0.0,-50000.0,3547755.024191104,SAIL
19,"Richards Bay, South Africa","Kandla, India",Capesize,coal,bull,157937.5,17.45,24.9515741820216,443034.2231819321,3497755.024191104,50000.0,250000.0,200000.0,3297755.024191104,SAIL
19,"Richards Bay, South Africa","Kandla, India",Capesize,coal,bull,157937.5,17.45,24.9515741820216,443034.2231819321,3497755.024191104,50000.0,500000.0,450000.0,3047755.024191104,SAIL
19,"Richards Bay, South Africa","Kandla, India",Capesize,coal,bull,157937.5,17.45,24.9515741820216,443034.2231819321,3497755.024191104,50000.0,1000000.0,950000.0,2547755.024191104,SAIL
19,"Richards Bay, South Africa","Kandla, India",Capesize,coal,bull,157937.5,17.45,24.9515741820216,443034.2231819321,3497755.024191104,100000.0,0.0,-100000.0,3597755.024191104,SAIL
19,"Richards Bay, South Africa","Kandla, India",Capesize,coal,bull,157937.5,17.45,24.9515741820216,443034.2231819321,3497755.024191104,100000.0,250000.0,150000.0,3347755.024191104,SAIL
19,"Richards Bay, South Africa","Kandla, India",Capesize,coal,bull,157937.5,17.45,24.9515741820216,443034.2231819321,3497755.024191104,100000.0,500000.0,400000.0,3097755.024191104,SAIL
19,"Richards Bay, South Africa","Kandla, India",Capesize,coal,bull,157937.5,17.45,24.9515741820216,443034.2231819321,3497755.024191104,100000.0,1000000.0,900000.0,2597755.024191104,SAIL
19,"Richards Bay, South Africa","Kandla, India",Capesize,coal,bull,157937.5,17.45,24.9515741820216,443034.2231819321,3497755.024191104,250000.0,0.0,-250000.0,3747755.024191104,SAIL
19,"Richards Bay, South Africa","Kandla, India",Capesize,coal,bull,157937.5,17.45,24.9515741820216,443034.2231819321,3497755.024191104,250000.0,250000.0,0.0,3497755.024191104,SAIL
19,"Richards Bay, South Africa","Kandla, India",Capesize,coal,bull,157937.5,17.45,24.9515741820216,443034.2231819321,3497755.024191104,250000.0,500000.0,250000.0,3247755.024191104,SAIL
19,"Richards Bay, South Africa","Kandla, India",Capesize,coal,bull,157937.5,17.45,24.9515741820216,443034.2231819321,3497755.024191104,250000.0,1000000.0,750000.0,2747755.024191104,SAIL
19,"Richards Bay, South Africa","Kandla, India",Capesize,coal,bull,157937.5,17.45,24.9515741820216,443034.2231819321,3497755.024191104,500000.0,0.0,-500000.0,3997755.024191104,SAIL
19,"Richards Bay, South Africa","Kandla, India",Capesize,coal,bull,157937.5,17.45,24.9515741820216,443034.2231819321,3497755.024191104,500000.0,250000.0,-250000.0,3747755.024191104,SAIL
19,"Richards Bay, South Africa","Kandla, India",Capesize,coal,bull,157937.5,17.45,24.9515741820216,443034.2231819321,3497755.024191104,500000.0,500000.0,0.0,3497755.024191104,SAIL
19,"Richards Bay, South Africa","Kandla, India",Capesize,coal,bull,157937.5,17.45,24.9515741820216,443034.2231819321,3497755.024191104,500000.0,1000000.0,500000.0,2997755.024191104,SAIL
19,"Richards Bay, South Africa","Kandla, India",Capesize,coal,bull,157937.5,17.45,24.9515741820216,443034.2231819321,3497755.024191104,750000.0,0.0,-750000.0,4247755.024191104,SAIL
19,"Richards Bay, South Africa","Kandla, India",Capesize,coal,bull,157937.5,17.45,24.9515741820216,443034.2231819321,3497755.024191104,750000.0,250000.0,-500000.0,3997755.024191104,SAIL
19,"Richards Bay, South Africa","Kandla, India",Capesize,coal,bull,157937.5,17.45,24.9515741820216,443034.2231819321,3497755.024191104,750000.0,500000.0,-250000.0,3747755.024191104,SAIL
19,"Richards Bay, South Africa","Kandla, India",Capesize,coal,bull,157937.5,17.45,24.9515741820216,443034.2231819321,3497755.024191104,750000.0,1000000.0,250000.0,3247755.024191104,SAIL
19,"Richards Bay, South Africa","Kandla, India",Capesize,coal,bull,157937.5,17.45,24.9515741820216,443034.2231819321,3497755.024191104,1000000.0,0.0,-1000000.0,4497755.024191104,SAIL
19,"Richards Bay, South Africa","Kandla, India",Capesize,coal,bull,157937.5,17.45,24.9515741820216,443034.2231819321,3497755.024191104,1000000.0,250000.0,-750000.0,4247755.024191104,SAIL
19,"Richards Bay, South Africa","Kandla, India",Capesize,coal,bull,157937.5,17.45,24.9515741820216,443034.2231819321,3497755.024191104,1000000.0,500000.0,-500000.0,3997755.024191104,SAIL
19,"Richards Bay, South Africa","Kandla, India",Capesize,coal,bull,157937.5,17.45,24.9515741820216,443034.2231819321,3497755.024191104,1000000.0,1000000.0,0.0,3497755.024191104,SAIL
19,"Richards Bay, South Africa","Kandla, India",Capesize,coal,bull,157937.5,17.45,24.9515741820216,443034.2231819321,3497755.024191104,1500000.0,0.0,-1500000.0,4997755.024191104,SAIL
19,"Richards Bay, South Africa","Kandla, India",Capesize,coal,bull,157937.5,17.45,24.9515741820216,443034.2231819321,3497755.024191104,1500000.0,250000.0,-1250000.0,4747755.024191104,SAIL
19,"Richards Bay, South Africa","Kandla, India",Capesize,coal,bull,157937.5,17.45,24.9515741820216,443034.2231819321,3497755.024191104,1500000.0,500000.0,-1000000.0,4497755.024191104,SAIL
19,"Richards Bay, South Africa","Kandla, India",Capesize,coal,bull,157937.5,17.45,24.9515741820216,443034.2231819321,3497755.024191104,1500000.0,1000000.0,-500000.0,3997755.024191104,SAIL
19,"Richards Bay, South Africa","Kandla, India",Capesize,coal,bull,157937.5,17.45,24.9515741820216,443034.2231819321,3497755.024191104,2000000.0,0.0,-2000000.0,5497755.024191104,SAIL
19,"Richards Bay, South Africa","Kandla, India",Capesize,coal,bull,157937.5,17.45,24.9515741820216,443034.2231819321,3497755.024191104,2000000.0,250000.0,-1750000.0,5247755.024191104,SAIL
19,"Richards Bay, South Africa","Kandla, India",Capesize,coal,bull,157937.5,17.45,24.9515741820216,443034.2231819321,3497755.024191104,2000000.0,500000.0,-1500000.0,4997755.024191104,SAIL
19,"Richards Bay, South Africa","Kandla, India",Capesize,coal,bull,157937.5,17.45,24.9515741820216,443034.2231819321,3497755.024191104,2000000.0,1000000.0,-1000000.0,4497755.024191104,SAIL
20,East Coast Australia,East Coast India,Panamax,coal,bear,69943.75,17.7,13.593554434571423,582171.8247438441,368612.3482392109,0.0,0.0,0.0,368612.3482392109,SAIL
20,East Coast Australia,East Coast India,Panamax,coal,bear,69943.75,17.7,13.593554434571423,582171.8247438441,368612.3482392109,0.0,250000.0,250000.0,118612.3482392109,SAIL
20,East Coast Australia,East Coast India,Panamax,coal,bear,69943.75,17.7,13.593554434571423,582171.8247438441,368612.3482392109,0.0,500000.0,500000.0,-131387.6517607891,KILL
20,East Coast Australia,East Coast India,Panamax,coal,bear,69943.75,17.7,13.593554434571423,582171.8247438441,368612.3482392109,0.0,1000000.0,1000000.0,-631387.6517607891,KILL
20,East Coast Australia,East Coast India,Panamax,coal,bear,69943.75,17.7,13.593554434571423,582171.8247438441,368612.3482392109,50000.0,0.0,-50000.0,418612.3482392109,SAIL
20,East Coast Australia,East Coast India,Panamax,coal,bear,69943.75,17.7,13.593554434571423,582171.8247438441,368612.3482392109,50000.0,250000.0,200000.0,168612.3482392109,SAIL
20,East Coast Australia,East Coast India,Panamax,coal,bear,69943.75,17.7,13.593554434571423,582171.8247438441,368612.3482392109,50000.0,500000.0,450000.0,-81387.6517607891,KILL
20,East Coast Australia,East Coast India,Panamax,coal,bear,69943.75,17.7,13.593554434571423,582171.8247438441,368612.3482392109,50000.0,1000000.0,950000.0,-581387.6517607891,KILL
20,East Coast Australia,East Coast India,Panamax,coal,bear,69943.75,17.7,13.593554434571423,582171.8247438441,368612.3482392109,100000.0,0.0,-100000.0,468612.3482392109,SAIL
20,East Coast Australia,East Coast India,Panamax,coal,bear,69943.75,17.7,13.593554434571423,582171.8247438441,368612.3482392109,100000.0,250000.0,150000.0,218612.3482392109,SAIL
20,East Coast Australia,East Coast India,Panamax,coal,bear,69943.75,17.7,13.593554434571423,582171.8247438441,368612.3482392109,100000.0,500000.0,400000.0,-31387.6517607891,KILL
20,East Coast Australia,East Coast India,Panamax,coal,bear,69943.75,17.7,13.593554434571423,582171.8247438441,368612.3482392109,100000.0,1000000.0,900000.0,-531387.6517607891,KILL
20,East Coast Australia,East Coast India,Panamax,coal,bear,69943.75,17.7,13.593554434571423,582171.8247438441,368612.3482392109,250000.0,0.0,-250000.0,618612.3482392109,SAIL
20,East Coast Australia,East Coast India,Panamax,coal,bear,69943.75,17.7,13.593554434571423,582171.8247438441,368612.3482392109,250000.0,250000.0,0.0,368612.3482392109,SAIL
20,East Coast Australia,East Coast India,Panamax,coal,bear,69943.75,17.7,13.593554434571423,582171.8247438441,368612.3482392109,250000.0,500000.0,250000.0,118612.3482392109,SAIL
20,East Coast Australia,East Coast India,Panamax,coal,bear,69943.75,17.7,13.593554434571423,582171.8247438441,368612.3482392109,250000.0,1000000.0,750000.0,-381387.6517607891,KILL
20,East Coast Australia,East Coast India,Panamax,coal,bear,69943.75,17.7,13.593554434571423,582171.8247438441,368612.3482392109,500000.0,0.0,-500000.0,868612.3482392109,SAIL
20,East Coast Australia,East Coast India,Panamax,coal,bear,69943.75,17.7,13.593554434571423,582171.8247438441,368612.3482392109,500000.0,250000.0,-250000.0,618612.3482392109,SAIL
20,East Coast Australia,East Coast India,Panamax,coal,bear,69943.75,17.7,13.593554434571423,582171.8247438441,368612.3482392109,500000.0,500000.0,0.0,368612.3482392109,SAIL
20,East Coast Australia,East Coast India,Panamax,coal,bear,69943.75,17.7,13.593554434571423,582171.8247438441,368612.3482392109,500000.0,1000000.0,500000.0,-131387.6517607891,KILL
20,East Coast Australia,East Coast India,Panamax,coal,bear,69943.75,17.7,13.593554434571423,582171.8247438441,368612.3482392109,750000.0,0.0,-750000.0,1118612.348239211,SAIL
20,East Coast Australia,East Coast India,Panamax,coal,bear,69943.75,17.7,13.593554434571423,582171.8247438441,368612.3482392109,750000.0,250000.0,-500000.0,868612.3482392109,SAIL
20,East Coast Australia,East Coast India,Panamax,coal,bear,69943.75,17.7,13.593554434571423,582171.8247438441,368612.3482392109,750000.0,500000.0,-250000.0,618612.3482392109,SAIL
20,East Coast Australia,East Coast India,Panamax,coal,bear,69943.75,17.7,13.593554434571423,582171.8247438441,368612.3482392109,750000.0,1000000.0,250000.0,118612.3482392109,SAIL
20,East Coast Australia,East Coast India,Panamax,coal,bear,69943.75,17.7,13.593554434571423,582171.8247438441,368612.3482392109,1000000.0,0.0,-1000000.0,1368612.348239211,SAIL
20,East Coast Australia,East Coast India,Panamax,coal,bear,69943.75,17.7,13.593554434571423,582171.8247438441,368612.3482392109,1000000.0,250000.0,-750000.0,1118612.348239211,SAIL
20,East Coast Australia,East Coast India,Panamax,coal,bear,69943.75,17.7,13.593554434571423,582171.8247438441,368612.3482392109,1000000.0,500000.0,-500000.0,868612.3482392109,SAIL
20,East Coast Australia,East Coast India,Panamax,coal,bear,69943.75,17.7,13.593554434571423,582171.8247438441,368612.3482392109,1000000.0,1000000.0,0.0,368612.3482392109,SAIL
20,East Coast Australia,East Coast India,Panamax,coal,bear,69943.75,17.7,13.593554434571423,582171.8247438441,368612.3482392109,1500000.0,0.0,-1500000.0,1868612.348239211,SAIL
20,East Coast Australia,East Coast India,Panamax,coal,bear,69943.75,17.7,13.593554434571423,582171.8247438441,368612.3482392109,1500000.0,250000.0,-1250000.0,1618612.348239211,SAIL
20,East Coast Australia,East Coast India,Panamax,coal,bear,69943.75,17.7,13.593554434571423,582171.8247438441,368612.3482392109,1500000.0,500000.0,-1000000.0,1368612.348239211,SAIL
20,East Coast Australia,East Coast India,Panamax,coal,bear,69943.75,17.7,13.593554434571423,582171.8247438441,368612.3482392109,1500000.0,1000000.0,-500000.0,868612.3482392109,SAIL
20,East Coast Australia,East Coast India,Panamax,coal,bear,69943.75,17.7,13.593554434571423,582171.8247438441,368612.3482392109,2000000.0,0.0,-2000000.0,2368612.348239211,SAIL
20,East Coast Australia,East Coast India,Panamax,coal,bear,69943.75,17.7,13.593554434571423,582171.8247438441,368612.3482392109,2000000.0,250000.0,-1750000.0,2118612.348239211,SAIL
20,East Coast Australia,East Coast India,Panamax,coal,bear,69943.75,17.7,13.593554434571423,582171.8247438441,368612.3482392109,2000000.0,500000.0,-1500000.0,1868612.348239211,SAIL
20,East Coast Australia,East Coast India,Panamax,coal,bear,69943.75,17.7,13.593554434571423,582171.8247438441,368612.3482392109,2000000.0,1000000.0,-1000000.0,1368612.348239211,SAIL
20,East Coast Australia,East Coast India,Panamax,coal,base,69943.75,17.7,17.7,582171.8247438441,655832.5502561559,0.0,0.0,0.0,655832.5502561559,SAIL
20,East Coast Australia,East Coast India,Panamax,coal,base,69943.75,17.7,17.7,582171.8247438441,655832.5502561559,0.0,250000.0,250000.0,405832.5502561559,SAIL
20,East Coast Australia,East Coast India,Panamax,coal,base,69943.75,17.7,17.7,582171.8247438441,655832.5502561559,0.0,500000.0,500000.0,155832.5502561559,SAIL
20,East Coast Australia,East Coast India,Panamax,coal,base,69943.75,17.7,17.7,582171.8247438441,655832.5502561559,0.0,1000000.0,1000000.0,-344167.4497438441,KILL
20,East Coast Australia,East Coast India,Panamax,coal,base,69943.75,17.7,17.7,582171.8247438441,655832.5502561559,50000.0,0.0,-50000.0,705832.5502561559,SAIL
20,East Coast Australia,East Coast India,Panamax,coal,base,69943.75,17.7,17.7,582171.8247438441,655832.5502561559,50000.0,250000.0,200000.0,455832.5502561559,SAIL
20,East Coast Australia,East Coast India,Panamax,coal,base,69943.75,17.7,17.7,582171.8247438441,655832.5502561559,50000.0,500000.0,450000.0,205832.5502561559,SAIL
20,East Coast Australia,East Coast India,Panamax,coal,base,69943.75,17.7,17.7,582171.8247438441,655832.5502561559,50000.0,1000000.0,950000.0,-294167.4497438441,KILL
20,East Coast Australia,East Coast India,Panamax,coal,base,69943.75,17.7,17.7,582171.8247438441,655832.5502561559,100000.0,0.0,-100000.0,755832.5502561559,SAIL
20,East Coast Australia,East Coast India,Panamax,coal,base,69943.75,17.7,17.7,582171.8247438441,655832.5502561559,100000.0,250000.0,150000.0,505832.5502561559,SAIL
20,East Coast Australia,East Coast India,Panamax,coal,base,69943.75,17.7,17.7,582171.8247438441,655832.5502561559,100000.0,500000.0,400000.0,255832.5502561559,SAIL
20,East Coast Australia,East Coast India,Panamax,coal,base,69943.75,17.7,17.7,582171.8247438441,655832.5502561559,100000.0,1000000.0,900000.0,-244167.4497438441,KILL
20,East Coast Australia,East Coast India,Panamax,coal,base,69943.75,17.7,17.7,582171.8247438441,655832.5502561559,250000.0,0.0,-250000.0,905832.5502561559,SAIL
20,East Coast Australia,East Coast India,Panamax,coal,base,69943.75,17.7,17.7,582171.8247438441,655832.5502561559,250000.0,250000.0,0.0,655832.5502561559,SAIL
20,East Coast Australia,East Coast India,Panamax,coal,base,69943.75,17.7,17.7,582171.8247438441,655832.5502561559,250000.0,500000.0,250000.0,405832.5502561559,SAIL
20,East Coast Australia,East Coast India,Panamax,coal,base,69943.75,17.7,17.7,582171.8247438441,655832.5502561559,250000.0,1000000.0,750000.0,-94167.4497438441,KILL
20,East Coast Australia,East Coast India,Panamax,coal,base,69943.75,17.7,17.7,582171.8247438441,655832.5502561559,500000.0,0.0,-500000.0,1155832.550256156,SAIL
20,East Coast Australia,East Coast India,Panamax,coal,base,69943.75,17.7,17.7,582171.8247438441,655832.5502561559,500000.0,250000.0,-250000.0,905832.5502561559,SAIL
20,East Coast Australia,East Coast India,Panamax,coal,base,69943.75,17.7,17.7,582171.8247438441,655832.5502561559,500000.0,500000.0,0.0,655832.5502561559,SAIL
20,East Coast Australia,East Coast India,Panamax,coal,base,69943.75,17.7,17.7,582171.8247438441,655832.5502561559,500000.0,1000000.0,500000.0,155832.5502561559,SAIL
20,East Coast Australia,East Coast India,Panamax,coal,base,69943.75,17.7,17.7,582171.8247438441,655832.5502561559,750000.0,0.0,-750000.0,1405832.550256156,SAIL
20,East Coast Australia,East Coast India,Panamax,coal,base,69943.75,17.7,17.7,582171.8247438441,655832.5502561559,750000.0,250000.0,-500000.0,1155832.550256156,SAIL
20,East Coast Australia,East Coast India,Panamax,coal,base,69943.75,17.7,17.7,582171.8247438441,655832.5502561559,750000.0,500000.0,-250000.0,905832.5502561559,SAIL
20,East Coast Australia,East Coast India,Panamax,coal,base,69943.75,17.7,17.7,582171.8247438441,655832.5502561559,750000.0,1000000.0,250000.0,405832.5502561559,SAIL
20,East Coast Australia,East Coast India,Panamax,coal,base,69943.75,17.7,17.7,582171.8247438441,655832.5502561559,1000000.0,0.0,-1000000.0,1655832.550256156,SAIL
20,East Coast Australia,East Coast India,Panamax,coal,base,69943.75,17.7,17.7,582171.8247438441,655832.5502561559,1000000.0,250000.0,-750000.0,1405832.550256156,SAIL
20,East Coast Australia,East Coast India,Panamax,coal,base,69943.75,17.7,17.7,582171.8247438441,655832.5502561559,1000000.0,500000.0,-500000.0,1155832.550256156,SAIL
20,East Coast Australia,East Coast India,Panamax,coal,base,69943.75,17.7,17.7,582171.8247438441,655832.5502561559,1000000.0,1000000.0,0.0,655832.5502561559,SAIL
20,East Coast Australia,East Coast India,Panamax,coal,base,69943.75,17.7,17.7,582171.8247438441,655832.5502561559,1500000.0,0.0,-1500000.0,2155832.550256156,SAIL
20,East Coast Australia,East Coast India,Panamax,coal,base,69943.75,17.7,17.7,582171.8247438441,655832.5502561559,1500000.0,250000.0,-1250000.0,1905832.550256156,SAIL
20,East Coast Australia,East Coast India,Panamax,coal,base,69943.75,17.7,17.7,582171.8247438441,655832.5502561559,1500000.0,500000.0,-1000000.0,1655832.550256156,SAIL
20,East Coast Australia,East Coast India,Panamax,coal,base,69943.75,17.7,17.7,582171.8247438441,655832.5502561559,1500000.0,1000000.0,-500000.0,1155832.550256156,SAIL
20,East Coast Australia,East Coast India,Panamax,coal,base,69943.75,17.7,17.7,582171.8247438441,655832.5502561559,2000000.0,0.0,-2000000.0,2655832.550256156,SAIL
20,East Coast Australia,East Coast India,Panamax,coal,base,69943.75,17.7,17.7,582171.8247438441,655832.5502561559,2000000.0,250000.0,-1750000.0,2405832.550256156,SAIL
20,East Coast Australia,East Coast India,Panamax,coal,base,69943.75,17.7,17.7,582171.8247438441,655832.5502561559,2000000.0,500000.0,-1500000.0,2155832.550256156,SAIL
20,East Coast Australia,East Coast India,Panamax,coal,base,69943.75,17.7,17.7,582171.8247438441,655832.5502561559,2000000.0,1000000.0,-1000000.0,1655832.550256156,SAIL
20,East Coast Australia,East Coast India,Panamax,coal,bull,69943.75,17.7,25.30904659150615,582171.8247438441,1188037.802790814,0.0,0.0,0.0,1188037.802790814,SAIL
20,East Coast Australia,East Coast India,Panamax,coal,bull,69943.75,17.7,25.30904659150615,582171.8247438441,1188037.802790814,0.0,250000.0,250000.0,938037.8027908141,SAIL
20,East Coast Australia,East Coast India,Panamax,coal,bull,69943.75,17.7,25.30904659150615,582171.8247438441,1188037.802790814,0.0,500000.0,500000.0,688037.8027908141,SAIL
20,East Coast Australia,East Coast India,Panamax,coal,bull,69943.75,17.7,25.30904659150615,582171.8247438441,1188037.802790814,0.0,1000000.0,1000000.0,188037.80279081408,SAIL
20,East Coast Australia,East Coast India,Panamax,coal,bull,69943.75,17.7,25.30904659150615,582171.8247438441,1188037.802790814,50000.0,0.0,-50000.0,1238037.802790814,SAIL
20,East Coast Australia,East Coast India,Panamax,coal,bull,69943.75,17.7,25.30904659150615,582171.8247438441,1188037.802790814,50000.0,250000.0,200000.0,988037.8027908141,SAIL
20,East Coast Australia,East Coast India,Panamax,coal,bull,69943.75,17.7,25.30904659150615,582171.8247438441,1188037.802790814,50000.0,500000.0,450000.0,738037.8027908141,SAIL
20,East Coast Australia,East Coast India,Panamax,coal,bull,69943.75,17.7,25.30904659150615,582171.8247438441,1188037.802790814,50000.0,1000000.0,950000.0,238037.80279081408,SAIL
20,East Coast Australia,East Coast India,Panamax,coal,bull,69943.75,17.7,25.30904659150615,582171.8247438441,1188037.802790814,100000.0,0.0,-100000.0,1288037.802790814,SAIL
20,East Coast Australia,East Coast India,Panamax,coal,bull,69943.75,17.7,25.30904659150615,582171.8247438441,1188037.802790814,100000.0,250000.0,150000.0,1038037.8027908141,SAIL
20,East Coast Australia,East Coast India,Panamax,coal,bull,69943.75,17.7,25.30904659150615,582171.8247438441,1188037.802790814,100000.0,500000.0,400000.0,788037.8027908141,SAIL
20,East Coast Australia,East Coast India,Panamax,coal,bull,69943.75,17.7,25.30904659150615,582171.8247438441,1188037.802790814,100000.0,1000000.0,900000.0,288037.8027908141,SAIL
20,East Coast Australia,East Coast India,Panamax,coal,bull,69943.75,17.7,25.30904659150615,582171.8247438441,1188037.802790814,250000.0,0.0,-250000.0,1438037.802790814,SAIL
20,East Coast Australia,East Coast India,Panamax,coal,bull,69943.75,17.7,25.30904659150615,582171.8247438441,1188037.802790814,250000.0,250000.0,0.0,1188037.802790814,SAIL
20,East Coast Australia,East Coast India,Panamax,coal,bull,69943.75,17.7,25.30904659150615,582171.8247438441,1188037.802790814,250000.0,500000.0,250000.0,938037.8027908141,SAIL
20,East Coast Australia,East Coast India,Panamax,coal,bull,69943.75,17.7,25.30904659150615,582171.8247438441,1188037.802790814,250000.0,1000000.0,750000.0,438037.8027908141,SAIL
20,East Coast Australia,East Coast India,Panamax,coal,bull,69943.75,17.7,25.30904659150615,582171.8247438441,1188037.802790814,500000.0,0.0,-500000.0,1688037.802790814,SAIL
20,East Coast Australia,East Coast India,Panamax,coal,bull,69943.75,17.7,25.30904659150615,582171.8247438441,1188037.802790814,500000.0,250000.0,-250000.0,1438037.802790814,SAIL
20,East Coast Australia,East Coast India,Panamax,coal,bull,69943.75,17.7,25.30904659150615,582171.8247438441,1188037.802790814,500000.0,500000.0,0.0,1188037.802790814,SAIL
20,East Coast Australia,East Coast India,Panamax,coal,bull,69943.75,17.7,25.30904659150615,582171.8247438441,1188037.802790814,500000.0,1000000.0,500000.0,688037.8027908141,SAIL
20,East Coast Australia,East Coast India,Panamax,coal,bull,69943.75,17.7,25.30904659150615,582171.8247438441,1188037.802790814,750000.0,0.0,-750000.0,1938037.802790814,SAIL
20,East Coast Australia,East Coast India,Panamax,coal,bull,69943.75,17.7,25.30904659150615,582171.8247438441,1188037.802790814,750000.0,250000.0,-500000.0,1688037.802790814,SAIL
20,East Coast Australia,East Coast India,Panamax,coal,bull,69943.75,17.7,25.30904659150615,582171.8247438441,1188037.802790814,750000.0,500000.0,-250000.0,1438037.802790814,SAIL
20,East Coast Australia,East Coast India,Panamax,coal,bull,69943.75,17.7,25.30904659150615,582171.8247438441,1188037.802790814,750000.0,1000000.0,250000.0,938037.8027908141,SAIL
20,East Coast Australia,East Coast India,Panamax,coal,bull,69943.75,17.7,25.30904659150615,582171.8247438441,1188037.802790814,1000000.0,0.0,-1000000.0,2188037.802790814,SAIL
20,East Coast Australia,East Coast India,Panamax,coal,bull,69943.75,17.7,25.30904659150615,582171.8247438441,1188037.802790814,1000000.0,250000.0,-750000.0,1938037.802790814,SAIL
20,East Coast Australia,East Coast India,Panamax,coal,bull,69943.75,17.7,25.30904659150615,582171.8247438441,1188037.802790814,1000000.0,500000.0,-500000.0,1688037.802790814,SAIL
20,East Coast Australia,East Coast India,Panamax,coal,bull,69943.75,17.7,25.30904659150615,582171.8247438441,1188037.802790814,1000000.0,1000000.0,0.0,1188037.802790814,SAIL
20,East Coast Australia,East Coast India,Panamax,coal,bull,69943.75,17.7,25.30904659150615,582171.8247438441,1188037.802790814,1500000.0,0.0,-1500000.0,2688037.802790814,SAIL
20,East Coast Australia,East Coast India,Panamax,coal,bull,69943.75,17.7,25.30904659150615,582171.8247438441,1188037.802790814,1500000.0,250000.0,-1250000.0,2438037.802790814,SAIL
20,East Coast Australia,East Coast India,Panamax,coal,bull,69943.75,17.7,25.30904659150615,582171.8247438441,1188037.802790814,1500000.0,500000.0,-1000000.0,2188037.802790814,SAIL
20,East Coast Australia,East Coast India,Panamax,coal,bull,69943.75,17.7,25.30904659150615,582171.8247438441,1188037.802790814,1500000.0,1000000.0,-500000.0,1688037.802790814,SAIL
20,East Coast Australia,East Coast India,Panamax,coal,bull,69943.75,17.7,25.30904659150615,582171.8247438441,1188037.802790814,2000000.0,0.0,-2000000.0,3188037.802790814,SAIL
20,East Coast Australia,East Coast India,Panamax,coal,bull,69943.75,17.7,25.30904659150615,582171.8247438441,1188037.802790814,2000000.0,250000.0,-1750000.0,2938037.802790814,SAIL
20,East Coast Australia,East Coast India,Panamax,coal,bull,69943.75,17.7,25.30904659150615,582171.8247438441,1188037.802790814,2000000.0,500000.0,-1500000.0,2688037.802790814,SAIL
20,East Coast Australia,East Coast India,Panamax,coal,bull,69943.75,17.7,25.30904659150615,582171.8247438441,1188037.802790814,2000000.0,1000000.0,-1000000.0,2188037.802790814,SAIL
21,Indonesia,East Coast India,Panamax,coal,bear,69943.75,11.2,8.601571167638415,307000.4267910571,294625.7165654523,0.0,0.0,0.0,294625.7165654523,SAIL
21,Indonesia,East Coast India,Panamax,coal,bear,69943.75,11.2,8.601571167638415,307000.4267910571,294625.7165654523,0.0,250000.0,250000.0,44625.71656545228,SAIL
21,Indonesia,East Coast India,Panamax,coal,bear,69943.75,11.2,8.601571167638415,307000.4267910571,294625.7165654523,0.0,500000.0,500000.0,-205374.28343454772,KILL
21,Indonesia,East Coast India,Panamax,coal,bear,69943.75,11.2,8.601571167638415,307000.4267910571,294625.7165654523,0.0,1000000.0,1000000.0,-705374.2834345477,KILL
21,Indonesia,East Coast India,Panamax,coal,bear,69943.75,11.2,8.601571167638415,307000.4267910571,294625.7165654523,50000.0,0.0,-50000.0,344625.7165654523,SAIL
21,Indonesia,East Coast India,Panamax,coal,bear,69943.75,11.2,8.601571167638415,307000.4267910571,294625.7165654523,50000.0,250000.0,200000.0,94625.71656545228,SAIL
21,Indonesia,East Coast India,Panamax,coal,bear,69943.75,11.2,8.601571167638415,307000.4267910571,294625.7165654523,50000.0,500000.0,450000.0,-155374.28343454772,KILL
21,Indonesia,East Coast India,Panamax,coal,bear,69943.75,11.2,8.601571167638415,307000.4267910571,294625.7165654523,50000.0,1000000.0,950000.0,-655374.2834345477,KILL
21,Indonesia,East Coast India,Panamax,coal,bear,69943.75,11.2,8.601571167638415,307000.4267910571,294625.7165654523,100000.0,0.0,-100000.0,394625.7165654523,SAIL
21,Indonesia,East Coast India,Panamax,coal,bear,69943.75,11.2,8.601571167638415,307000.4267910571,294625.7165654523,100000.0,250000.0,150000.0,144625.71656545228,SAIL
21,Indonesia,East Coast India,Panamax,coal,bear,69943.75,11.2,8.601571167638415,307000.4267910571,294625.7165654523,100000.0,500000.0,400000.0,-105374.28343454772,KILL
21,Indonesia,East Coast India,Panamax,coal,bear,69943.75,11.2,8.601571167638415,307000.4267910571,294625.7165654523,100000.0,1000000.0,900000.0,-605374.2834345477,KILL
21,Indonesia,East Coast India,Panamax,coal,bear,69943.75,11.2,8.601571167638415,307000.4267910571,294625.7165654523,250000.0,0.0,-250000.0,544625.7165654523,SAIL
21,Indonesia,East Coast India,Panamax,coal,bear,69943.75,11.2,8.601571167638415,307000.4267910571,294625.7165654523,250000.0,250000.0,0.0,294625.7165654523,SAIL
21,Indonesia,East Coast India,Panamax,coal,bear,69943.75,11.2,8.601571167638415,307000.4267910571,294625.7165654523,250000.0,500000.0,250000.0,44625.71656545228,SAIL
21,Indonesia,East Coast India,Panamax,coal,bear,69943.75,11.2,8.601571167638415,307000.4267910571,294625.7165654523,250000.0,1000000.0,750000.0,-455374.2834345477,KILL
21,Indonesia,East Coast India,Panamax,coal,bear,69943.75,11.2,8.601571167638415,307000.4267910571,294625.7165654523,500000.0,0.0,-500000.0,794625.7165654523,SAIL
21,Indonesia,East Coast India,Panamax,coal,bear,69943.75,11.2,8.601571167638415,307000.4267910571,294625.7165654523,500000.0,250000.0,-250000.0,544625.7165654523,SAIL
21,Indonesia,East Coast India,Panamax,coal,bear,69943.75,11.2,8.601571167638415,307000.4267910571,294625.7165654523,500000.0,500000.0,0.0,294625.7165654523,SAIL
21,Indonesia,East Coast India,Panamax,coal,bear,69943.75,11.2,8.601571167638415,307000.4267910571,294625.7165654523,500000.0,1000000.0,500000.0,-205374.28343454772,KILL
21,Indonesia,East Coast India,Panamax,coal,bear,69943.75,11.2,8.601571167638415,307000.4267910571,294625.7165654523,750000.0,0.0,-750000.0,1044625.7165654523,SAIL
21,Indonesia,East Coast India,Panamax,coal,bear,69943.75,11.2,8.601571167638415,307000.4267910571,294625.7165654523,750000.0,250000.0,-500000.0,794625.7165654523,SAIL
21,Indonesia,East Coast India,Panamax,coal,bear,69943.75,11.2,8.601571167638415,307000.4267910571,294625.7165654523,750000.0,500000.0,-250000.0,544625.7165654523,SAIL
21,Indonesia,East Coast India,Panamax,coal,bear,69943.75,11.2,8.601571167638415,307000.4267910571,294625.7165654523,750000.0,1000000.0,250000.0,44625.71656545228,SAIL
21,Indonesia,East Coast India,Panamax,coal,bear,69943.75,11.2,8.601571167638415,307000.4267910571,294625.7165654523,1000000.0,0.0,-1000000.0,1294625.7165654523,SAIL
21,Indonesia,East Coast India,Panamax,coal,bear,69943.75,11.2,8.601571167638415,307000.4267910571,294625.7165654523,1000000.0,250000.0,-750000.0,1044625.7165654523,SAIL
21,Indonesia,East Coast India,Panamax,coal,bear,69943.75,11.2,8.601571167638415,307000.4267910571,294625.7165654523,1000000.0,500000.0,-500000.0,794625.7165654523,SAIL
21,Indonesia,East Coast India,Panamax,coal,bear,69943.75,11.2,8.601571167638415,307000.4267910571,294625.7165654523,1000000.0,1000000.0,0.0,294625.7165654523,SAIL
21,Indonesia,East Coast India,Panamax,coal,bear,69943.75,11.2,8.601571167638415,307000.4267910571,294625.7165654523,1500000.0,0.0,-1500000.0,1794625.7165654523,SAIL
21,Indonesia,East Coast India,Panamax,coal,bear,69943.75,11.2,8.601571167638415,307000.4267910571,294625.7165654523,1500000.0,250000.0,-1250000.0,1544625.7165654523,SAIL
21,Indonesia,East Coast India,Panamax,coal,bear,69943.75,11.2,8.601571167638415,307000.4267910571,294625.7165654523,1500000.0,500000.0,-1000000.0,1294625.7165654523,SAIL
21,Indonesia,East Coast India,Panamax,coal,bear,69943.75,11.2,8.601571167638415,307000.4267910571,294625.7165654523,1500000.0,1000000.0,-500000.0,794625.7165654523,SAIL
21,Indonesia,East Coast India,Panamax,coal,bear,69943.75,11.2,8.601571167638415,307000.4267910571,294625.7165654523,2000000.0,0.0,-2000000.0,2294625.7165654525,SAIL
21,Indonesia,East Coast India,Panamax,coal,bear,69943.75,11.2,8.601571167638415,307000.4267910571,294625.7165654523,2000000.0,250000.0,-1750000.0,2044625.7165654523,SAIL
21,Indonesia,East Coast India,Panamax,coal,bear,69943.75,11.2,8.601571167638415,307000.4267910571,294625.7165654523,2000000.0,500000.0,-1500000.0,1794625.7165654523,SAIL
21,Indonesia,East Coast India,Panamax,coal,bear,69943.75,11.2,8.601571167638415,307000.4267910571,294625.7165654523,2000000.0,1000000.0,-1000000.0,1294625.7165654523,SAIL
21,Indonesia,East Coast India,Panamax,coal,base,69943.75,11.2,11.2,307000.4267910571,476369.5732089429,0.0,0.0,0.0,476369.5732089429,SAIL
21,Indonesia,East Coast India,Panamax,coal,base,69943.75,11.2,11.2,307000.4267910571,476369.5732089429,0.0,250000.0,250000.0,226369.5732089429,SAIL
21,Indonesia,East Coast India,Panamax,coal,base,69943.75,11.2,11.2,307000.4267910571,476369.5732089429,0.0,500000.0,500000.0,-23630.426791057107,KILL
21,Indonesia,East Coast India,Panamax,coal,base,69943.75,11.2,11.2,307000.4267910571,476369.5732089429,0.0,1000000.0,1000000.0,-523630.4267910571,KILL
21,Indonesia,East Coast India,Panamax,coal,base,69943.75,11.2,11.2,307000.4267910571,476369.5732089429,50000.0,0.0,-50000.0,526369.5732089429,SAIL
21,Indonesia,East Coast India,Panamax,coal,base,69943.75,11.2,11.2,307000.4267910571,476369.5732089429,50000.0,250000.0,200000.0,276369.5732089429,SAIL
21,Indonesia,East Coast India,Panamax,coal,base,69943.75,11.2,11.2,307000.4267910571,476369.5732089429,50000.0,500000.0,450000.0,26369.573208942893,SAIL
21,Indonesia,East Coast India,Panamax,coal,base,69943.75,11.2,11.2,307000.4267910571,476369.5732089429,50000.0,1000000.0,950000.0,-473630.4267910571,KILL
21,Indonesia,East Coast India,Panamax,coal,base,69943.75,11.2,11.2,307000.4267910571,476369.5732089429,100000.0,0.0,-100000.0,576369.5732089429,SAIL
21,Indonesia,East Coast India,Panamax,coal,base,69943.75,11.2,11.2,307000.4267910571,476369.5732089429,100000.0,250000.0,150000.0,326369.5732089429,SAIL
21,Indonesia,East Coast India,Panamax,coal,base,69943.75,11.2,11.2,307000.4267910571,476369.5732089429,100000.0,500000.0,400000.0,76369.5732089429,SAIL
21,Indonesia,East Coast India,Panamax,coal,base,69943.75,11.2,11.2,307000.4267910571,476369.5732089429,100000.0,1000000.0,900000.0,-423630.4267910571,KILL
21,Indonesia,East Coast India,Panamax,coal,base,69943.75,11.2,11.2,307000.4267910571,476369.5732089429,250000.0,0.0,-250000.0,726369.5732089429,SAIL
21,Indonesia,East Coast India,Panamax,coal,base,69943.75,11.2,11.2,307000.4267910571,476369.5732089429,250000.0,250000.0,0.0,476369.5732089429,SAIL
21,Indonesia,East Coast India,Panamax,coal,base,69943.75,11.2,11.2,307000.4267910571,476369.5732089429,250000.0,500000.0,250000.0,226369.5732089429,SAIL
21,Indonesia,East Coast India,Panamax,coal,base,69943.75,11.2,11.2,307000.4267910571,476369.5732089429,250000.0,1000000.0,750000.0,-273630.4267910571,KILL
21,Indonesia,East Coast India,Panamax,coal,base,69943.75,11.2,11.2,307000.4267910571,476369.5732089429,500000.0,0.0,-500000.0,976369.5732089429,SAIL
21,Indonesia,East Coast India,Panamax,coal,base,69943.75,11.2,11.2,307000.4267910571,476369.5732089429,500000.0,250000.0,-250000.0,726369.5732089429,SAIL
21,Indonesia,East Coast India,Panamax,coal,base,69943.75,11.2,11.2,307000.4267910571,476369.5732089429,500000.0,500000.0,0.0,476369.5732089429,SAIL
21,Indonesia,East Coast India,Panamax,coal,base,69943.75,11.2,11.2,307000.4267910571,476369.5732089429,500000.0,1000000.0,500000.0,-23630.426791057107,KILL
21,Indonesia,East Coast India,Panamax,coal,base,69943.75,11.2,11.2,307000.4267910571,476369.5732089429,750000.0,0.0,-750000.0,1226369.573208943,SAIL
21,Indonesia,East Coast India,Panamax,coal,base,69943.75,11.2,11.2,307000.4267910571,476369.5732089429,750000.0,250000.0,-500000.0,976369.5732089429,SAIL
21,Indonesia,East Coast India,Panamax,coal,base,69943.75,11.2,11.2,307000.4267910571,476369.5732089429,750000.0,500000.0,-250000.0,726369.5732089429,SAIL
21,Indonesia,East Coast India,Panamax,coal,base,69943.75,11.2,11.2,307000.4267910571,476369.5732089429,750000.0,1000000.0,250000.0,226369.5732089429,SAIL
21,Indonesia,East Coast India,Panamax,coal,base,69943.75,11.2,11.2,307000.4267910571,476369.5732089429,1000000.0,0.0,-1000000.0,1476369.573208943,SAIL
21,Indonesia,East Coast India,Panamax,coal,base,69943.75,11.2,11.2,307000.4267910571,476369.5732089429,1000000.0,250000.0,-750000.0,1226369.573208943,SAIL
21,Indonesia,East Coast India,Panamax,coal,base,69943.75,11.2,11.2,307000.4267910571,476369.5732089429,1000000.0,500000.0,-500000.0,976369.5732089429,SAIL
21,Indonesia,East Coast India,Panamax,coal,base,69943.75,11.2,11.2,307000.4267910571,476369.5732089429,1000000.0,1000000.0,0.0,476369.5732089429,SAIL
21,Indonesia,East Coast India,Panamax,coal,base,69943.75,11.2,11.2,307000.4267910571,476369.5732089429,1500000.0,0.0,-1500000.0,1976369.573208943,SAIL
21,Indonesia,East Coast India,Panamax,coal,base,69943.75,11.2,11.2,307000.4267910571,476369.5732089429,1500000.0,250000.0,-1250000.0,1726369.573208943,SAIL
21,Indonesia,East Coast India,Panamax,coal,base,69943.75,11.2,11.2,307000.4267910571,476369.5732089429,1500000.0,500000.0,-1000000.0,1476369.573208943,SAIL
21,Indonesia,East Coast India,Panamax,coal,base,69943.75,11.2,11.2,307000.4267910571,476369.5732089429,1500000.0,1000000.0,-500000.0,976369.5732089429,SAIL
21,Indonesia,East Coast India,Panamax,coal,base,69943.75,11.2,11.2,307000.4267910571,476369.5732089429,2000000.0,0.0,-2000000.0,2476369.573208943,SAIL
21,Indonesia,East Coast India,Panamax,coal,base,69943.75,11.2,11.2,307000.4267910571,476369.5732089429,2000000.0,250000.0,-1750000.0,2226369.573208943,SAIL
21,Indonesia,East Coast India,Panamax,coal,base,69943.75,11.2,11.2,307000.4267910571,476369.5732089429,2000000.0,500000.0,-1500000.0,1976369.573208943,SAIL
21,Indonesia,East Coast India,Panamax,coal,base,69943.75,11.2,11.2,307000.4267910571,476369.5732089429,2000000.0,1000000.0,-1000000.0,1476369.573208943,SAIL
21,Indonesia,East Coast India,Panamax,coal,bull,69943.75,11.2,16.01476394490785,307000.4267910571,813132.2188805911,0.0,0.0,0.0,813132.2188805911,SAIL
21,Indonesia,East Coast India,Panamax,coal,bull,69943.75,11.2,16.01476394490785,307000.4267910571,813132.2188805911,0.0,250000.0,250000.0,563132.2188805911,SAIL
21,Indonesia,East Coast India,Panamax,coal,bull,69943.75,11.2,16.01476394490785,307000.4267910571,813132.2188805911,0.0,500000.0,500000.0,313132.2188805911,SAIL
21,Indonesia,East Coast India,Panamax,coal,bull,69943.75,11.2,16.01476394490785,307000.4267910571,813132.2188805911,0.0,1000000.0,1000000.0,-186867.7811194089,KILL
21,Indonesia,East Coast India,Panamax,coal,bull,69943.75,11.2,16.01476394490785,307000.4267910571,813132.2188805911,50000.0,0.0,-50000.0,863132.2188805911,SAIL
21,Indonesia,East Coast India,Panamax,coal,bull,69943.75,11.2,16.01476394490785,307000.4267910571,813132.2188805911,50000.0,250000.0,200000.0,613132.2188805911,SAIL
21,Indonesia,East Coast India,Panamax,coal,bull,69943.75,11.2,16.01476394490785,307000.4267910571,813132.2188805911,50000.0,500000.0,450000.0,363132.2188805911,SAIL
21,Indonesia,East Coast India,Panamax,coal,bull,69943.75,11.2,16.01476394490785,307000.4267910571,813132.2188805911,50000.0,1000000.0,950000.0,-136867.7811194089,KILL
21,Indonesia,East Coast India,Panamax,coal,bull,69943.75,11.2,16.01476394490785,307000.4267910571,813132.2188805911,100000.0,0.0,-100000.0,913132.2188805911,SAIL
21,Indonesia,East Coast India,Panamax,coal,bull,69943.75,11.2,16.01476394490785,307000.4267910571,813132.2188805911,100000.0,250000.0,150000.0,663132.2188805911,SAIL
21,Indonesia,East Coast India,Panamax,coal,bull,69943.75,11.2,16.01476394490785,307000.4267910571,813132.2188805911,100000.0,500000.0,400000.0,413132.2188805911,SAIL
21,Indonesia,East Coast India,Panamax,coal,bull,69943.75,11.2,16.01476394490785,307000.4267910571,813132.2188805911,100000.0,1000000.0,900000.0,-86867.7811194089,KILL
21,Indonesia,East Coast India,Panamax,coal,bull,69943.75,11.2,16.01476394490785,307000.4267910571,813132.2188805911,250000.0,0.0,-250000.0,1063132.218880591,SAIL
21,Indonesia,East Coast India,Panamax,coal,bull,69943.75,11.2,16.01476394490785,307000.4267910571,813132.2188805911,250000.0,250000.0,0.0,813132.2188805911,SAIL
21,Indonesia,East Coast India,Panamax,coal,bull,69943.75,11.2,16.01476394490785,307000.4267910571,813132.2188805911,250000.0,500000.0,250000.0,563132.2188805911,SAIL
21,Indonesia,East Coast India,Panamax,coal,bull,69943.75,11.2,16.01476394490785,307000.4267910571,813132.2188805911,250000.0,1000000.0,750000.0,63132.2188805911,SAIL
21,Indonesia,East Coast India,Panamax,coal,bull,69943.75,11.2,16.01476394490785,307000.4267910571,813132.2188805911,500000.0,0.0,-500000.0,1313132.218880591,SAIL
21,Indonesia,East Coast India,Panamax,coal,bull,69943.75,11.2,16.01476394490785,307000.4267910571,813132.2188805911,500000.0,250000.0,-250000.0,1063132.218880591,SAIL
21,Indonesia,East Coast India,Panamax,coal,bull,69943.75,11.2,16.01476394490785,307000.4267910571,813132.2188805911,500000.0,500000.0,0.0,813132.2188805911,SAIL
21,Indonesia,East Coast India,Panamax,coal,bull,69943.75,11.2,16.01476394490785,307000.4267910571,813132.2188805911,500000.0,1000000.0,500000.0,313132.2188805911,SAIL
21,Indonesia,East Coast India,Panamax,coal,bull,69943.75,11.2,16.01476394490785,307000.4267910571,813132.2188805911,750000.0,0.0,-750000.0,1563132.218880591,SAIL
21,Indonesia,East Coast India,Panamax,coal,bull,69943.75,11.2,16.01476394490785,307000.4267910571,813132.2188805911,750000.0,250000.0,-500000.0,1313132.218880591,SAIL
21,Indonesia,East Coast India,Panamax,coal,bull,69943.75,11.2,16.01476394490785,307000.4267910571,813132.2188805911,750000.0,500000.0,-250000.0,1063132.218880591,SAIL
21,Indonesia,East Coast India,Panamax,coal,bull,69943.75,11.2,16.01476394490785,307000.4267910571,813132.2188805911,750000.0,1000000.0,250000.0,563132.2188805911,SAIL
21,Indonesia,East Coast India,Panamax,coal,bull,69943.75,11.2,16.01476394490785,307000.4267910571,813132.2188805911,1000000.0,0.0,-1000000.0,1813132.218880591,SAIL
21,Indonesia,East Coast India,Panamax,coal,bull,69943.75,11.2,16.01476394490785,307000.4267910571,813132.2188805911,1000000.0,250000.0,-750000.0,1563132.218880591,SAIL
21,Indonesia,East Coast India,Panamax,coal,bull,69943.75,11.2,16.01476394490785,307000.4267910571,813132.2188805911,1000000.0,500000.0,-500000.0,1313132.218880591,SAIL
21,Indonesia,East Coast India,Panamax,coal,bull,69943.75,11.2,16.01476394490785,307000.4267910571,813132.2188805911,1000000.0,1000000.0,0.0,813132.2188805911,SAIL
21,Indonesia,East Coast India,Panamax,coal,bull,69943.75,11.2,16.01476394490785,307000.4267910571,813132.2188805911,1500000.0,0.0,-1500000.0,2313132.218880591,SAIL
21,Indonesia,East Coast India,Panamax,coal,bull,69943.75,11.2,16.01476394490785,307000.4267910571,813132.2188805911,1500000.0,250000.0,-1250000.0,2063132.218880591,SAIL
21,Indonesia,East Coast India,Panamax,coal,bull,69943.75,11.2,16.01476394490785,307000.4267910571,813132.2188805911,1500000.0,500000.0,-1000000.0,1813132.218880591,SAIL
21,Indonesia,East Coast India,Panamax,coal,bull,69943.75,11.2,16.01476394490785,307000.4267910571,813132.2188805911,1500000.0,1000000.0,-500000.0,1313132.218880591,SAIL
21,Indonesia,East Coast India,Panamax,coal,bull,69943.75,11.2,16.01476394490785,307000.4267910571,813132.2188805911,2000000.0,0.0,-2000000.0,2813132.218880591,SAIL
21,Indonesia,East Coast India,Panamax,coal,bull,69943.75,11.2,16.01476394490785,307000.4267910571,813132.2188805911,2000000.0,250000.0,-1750000.0,2563132.218880591,SAIL
21,Indonesia,East Coast India,Panamax,coal,bull,69943.75,11.2,16.01476394490785,307000.4267910571,813132.2188805911,2000000.0,500000.0,-1500000.0,2313132.218880591,SAIL
21,Indonesia,East Coast India,Panamax,coal,bull,69943.75,11.2,16.01476394490785,307000.4267910571,813132.2188805911,2000000.0,1000000.0,-1000000.0,1813132.218880591,SAIL
22,Indonesia,West Coast India,Panamax,coal,bear,69943.75,12.85,9.86876692001372,442047.96952408215,248210.5967376274,0.0,0.0,0.0,248210.5967376274,SAIL
22,Indonesia,West Coast India,Panamax,coal,bear,69943.75,12.85,9.86876692001372,442047.96952408215,248210.5967376274,0.0,250000.0,250000.0,-1789.4032623725943,KILL
22,Indonesia,West Coast India,Panamax,coal,bear,69943.75,12.85,9.86876692001372,442047.96952408215,248210.5967376274,0.0,500000.0,500000.0,-251789.4032623726,KILL
22,Indonesia,West Coast India,Panamax,coal,bear,69943.75,12.85,9.86876692001372,442047.96952408215,248210.5967376274,0.0,1000000.0,1000000.0,-751789.4032623726,KILL
22,Indonesia,West Coast India,Panamax,coal,bear,69943.75,12.85,9.86876692001372,442047.96952408215,248210.5967376274,50000.0,0.0,-50000.0,298210.5967376274,SAIL
22,Indonesia,West Coast India,Panamax,coal,bear,69943.75,12.85,9.86876692001372,442047.96952408215,248210.5967376274,50000.0,250000.0,200000.0,48210.596737627406,SAIL
22,Indonesia,West Coast India,Panamax,coal,bear,69943.75,12.85,9.86876692001372,442047.96952408215,248210.5967376274,50000.0,500000.0,450000.0,-201789.4032623726,KILL
22,Indonesia,West Coast India,Panamax,coal,bear,69943.75,12.85,9.86876692001372,442047.96952408215,248210.5967376274,50000.0,1000000.0,950000.0,-701789.4032623726,KILL
22,Indonesia,West Coast India,Panamax,coal,bear,69943.75,12.85,9.86876692001372,442047.96952408215,248210.5967376274,100000.0,0.0,-100000.0,348210.5967376274,SAIL
22,Indonesia,West Coast India,Panamax,coal,bear,69943.75,12.85,9.86876692001372,442047.96952408215,248210.5967376274,100000.0,250000.0,150000.0,98210.5967376274,SAIL
22,Indonesia,West Coast India,Panamax,coal,bear,69943.75,12.85,9.86876692001372,442047.96952408215,248210.5967376274,100000.0,500000.0,400000.0,-151789.4032623726,KILL
22,Indonesia,West Coast India,Panamax,coal,bear,69943.75,12.85,9.86876692001372,442047.96952408215,248210.5967376274,100000.0,1000000.0,900000.0,-651789.4032623726,KILL
22,Indonesia,West Coast India,Panamax,coal,bear,69943.75,12.85,9.86876692001372,442047.96952408215,248210.5967376274,250000.0,0.0,-250000.0,498210.5967376274,SAIL
22,Indonesia,West Coast India,Panamax,coal,bear,69943.75,12.85,9.86876692001372,442047.96952408215,248210.5967376274,250000.0,250000.0,0.0,248210.5967376274,SAIL
22,Indonesia,West Coast India,Panamax,coal,bear,69943.75,12.85,9.86876692001372,442047.96952408215,248210.5967376274,250000.0,500000.0,250000.0,-1789.4032623725943,KILL
22,Indonesia,West Coast India,Panamax,coal,bear,69943.75,12.85,9.86876692001372,442047.96952408215,248210.5967376274,250000.0,1000000.0,750000.0,-501789.4032623726,KILL
22,Indonesia,West Coast India,Panamax,coal,bear,69943.75,12.85,9.86876692001372,442047.96952408215,248210.5967376274,500000.0,0.0,-500000.0,748210.5967376274,SAIL
22,Indonesia,West Coast India,Panamax,coal,bear,69943.75,12.85,9.86876692001372,442047.96952408215,248210.5967376274,500000.0,250000.0,-250000.0,498210.5967376274,SAIL
22,Indonesia,West Coast India,Panamax,coal,bear,69943.75,12.85,9.86876692001372,442047.96952408215,248210.5967376274,500000.0,500000.0,0.0,248210.5967376274,SAIL
22,Indonesia,West Coast India,Panamax,coal,bear,69943.75,12.85,9.86876692001372,442047.96952408215,248210.5967376274,500000.0,1000000.0,500000.0,-251789.4032623726,KILL
22,Indonesia,West Coast India,Panamax,coal,bear,69943.75,12.85,9.86876692001372,442047.96952408215,248210.5967376274,750000.0,0.0,-750000.0,998210.5967376274,SAIL
22,Indonesia,West Coast India,Panamax,coal,bear,69943.75,12.85,9.86876692001372,442047.96952408215,248210.5967376274,750000.0,250000.0,-500000.0,748210.5967376274,SAIL
22,Indonesia,West Coast India,Panamax,coal,bear,69943.75,12.85,9.86876692001372,442047.96952408215,248210.5967376274,750000.0,500000.0,-250000.0,498210.5967376274,SAIL
22,Indonesia,West Coast India,Panamax,coal,bear,69943.75,12.85,9.86876692001372,442047.96952408215,248210.5967376274,750000.0,1000000.0,250000.0,-1789.4032623725943,KILL
22,Indonesia,West Coast India,Panamax,coal,bear,69943.75,12.85,9.86876692001372,442047.96952408215,248210.5967376274,1000000.0,0.0,-1000000.0,1248210.5967376274,SAIL
22,Indonesia,West Coast India,Panamax,coal,bear,69943.75,12.85,9.86876692001372,442047.96952408215,248210.5967376274,1000000.0,250000.0,-750000.0,998210.5967376274,SAIL
22,Indonesia,West Coast India,Panamax,coal,bear,69943.75,12.85,9.86876692001372,442047.96952408215,248210.5967376274,1000000.0,500000.0,-500000.0,748210.5967376274,SAIL
22,Indonesia,West Coast India,Panamax,coal,bear,69943.75,12.85,9.86876692001372,442047.96952408215,248210.5967376274,1000000.0,1000000.0,0.0,248210.5967376274,SAIL
22,Indonesia,West Coast India,Panamax,coal,bear,69943.75,12.85,9.86876692001372,442047.96952408215,248210.5967376274,1500000.0,0.0,-1500000.0,1748210.5967376274,SAIL
22,Indonesia,West Coast India,Panamax,coal,bear,69943.75,12.85,9.86876692001372,442047.96952408215,248210.5967376274,1500000.0,250000.0,-1250000.0,1498210.5967376274,SAIL
22,Indonesia,West Coast India,Panamax,coal,bear,69943.75,12.85,9.86876692001372,442047.96952408215,248210.5967376274,1500000.0,500000.0,-1000000.0,1248210.5967376274,SAIL
22,Indonesia,West Coast India,Panamax,coal,bear,69943.75,12.85,9.86876692001372,442047.96952408215,248210.5967376274,1500000.0,1000000.0,-500000.0,748210.5967376274,SAIL
22,Indonesia,West Coast India,Panamax,coal,bear,69943.75,12.85,9.86876692001372,442047.96952408215,248210.5967376274,2000000.0,0.0,-2000000.0,2248210.5967376274,SAIL
22,Indonesia,West Coast India,Panamax,coal,bear,69943.75,12.85,9.86876692001372,442047.96952408215,248210.5967376274,2000000.0,250000.0,-1750000.0,1998210.5967376274,SAIL
22,Indonesia,West Coast India,Panamax,coal,bear,69943.75,12.85,9.86876692001372,442047.96952408215,248210.5967376274,2000000.0,500000.0,-1500000.0,1748210.5967376274,SAIL
22,Indonesia,West Coast India,Panamax,coal,bear,69943.75,12.85,9.86876692001372,442047.96952408215,248210.5967376274,2000000.0,1000000.0,-1000000.0,1248210.5967376274,SAIL
22,Indonesia,West Coast India,Panamax,coal,base,69943.75,12.85,12.85,442047.96952408215,456729.21797591785,0.0,0.0,0.0,456729.21797591785,SAIL
22,Indonesia,West Coast India,Panamax,coal,base,69943.75,12.85,12.85,442047.96952408215,456729.21797591785,0.0,250000.0,250000.0,206729.21797591785,SAIL
22,Indonesia,West Coast India,Panamax,coal,base,69943.75,12.85,12.85,442047.96952408215,456729.21797591785,0.0,500000.0,500000.0,-43270.782024082146,KILL
22,Indonesia,West Coast India,Panamax,coal,base,69943.75,12.85,12.85,442047.96952408215,456729.21797591785,0.0,1000000.0,1000000.0,-543270.7820240821,KILL
22,Indonesia,West Coast India,Panamax,coal,base,69943.75,12.85,12.85,442047.96952408215,456729.21797591785,50000.0,0.0,-50000.0,506729.21797591785,SAIL
22,Indonesia,West Coast India,Panamax,coal,base,69943.75,12.85,12.85,442047.96952408215,456729.21797591785,50000.0,250000.0,200000.0,256729.21797591785,SAIL
22,Indonesia,West Coast India,Panamax,coal,base,69943.75,12.85,12.85,442047.96952408215,456729.21797591785,50000.0,500000.0,450000.0,6729.217975917854,SAIL
22,Indonesia,West Coast India,Panamax,coal,base,69943.75,12.85,12.85,442047.96952408215,456729.21797591785,50000.0,1000000.0,950000.0,-493270.78202408215,KILL
22,Indonesia,West Coast India,Panamax,coal,base,69943.75,12.85,12.85,442047.96952408215,456729.21797591785,100000.0,0.0,-100000.0,556729.2179759179,SAIL
22,Indonesia,West Coast India,Panamax,coal,base,69943.75,12.85,12.85,442047.96952408215,456729.21797591785,100000.0,250000.0,150000.0,306729.21797591785,SAIL
22,Indonesia,West Coast India,Panamax,coal,base,69943.75,12.85,12.85,442047.96952408215,456729.21797591785,100000.0,500000.0,400000.0,56729.217975917854,SAIL
22,Indonesia,West Coast India,Panamax,coal,base,69943.75,12.85,12.85,442047.96952408215,456729.21797591785,100000.0,1000000.0,900000.0,-443270.78202408215,KILL
22,Indonesia,West Coast India,Panamax,coal,base,69943.75,12.85,12.85,442047.96952408215,456729.21797591785,250000.0,0.0,-250000.0,706729.2179759179,SAIL
22,Indonesia,West Coast India,Panamax,coal,base,69943.75,12.85,12.85,442047.96952408215,456729.21797591785,250000.0,250000.0,0.0,456729.21797591785,SAIL
22,Indonesia,West Coast India,Panamax,coal,base,69943.75,12.85,12.85,442047.96952408215,456729.21797591785,250000.0,500000.0,250000.0,206729.21797591785,SAIL
22,Indonesia,West Coast India,Panamax,coal,base,69943.75,12.85,12.85,442047.96952408215,456729.21797591785,250000.0,1000000.0,750000.0,-293270.78202408215,KILL
22,Indonesia,West Coast India,Panamax,coal,base,69943.75,12.85,12.85,442047.96952408215,456729.21797591785,500000.0,0.0,-500000.0,956729.2179759179,SAIL
22,Indonesia,West Coast India,Panamax,coal,base,69943.75,12.85,12.85,442047.96952408215,456729.21797591785,500000.0,250000.0,-250000.0,706729.2179759179,SAIL
22,Indonesia,West Coast India,Panamax,coal,base,69943.75,12.85,12.85,442047.96952408215,456729.21797591785,500000.0,500000.0,0.0,456729.21797591785,SAIL
22,Indonesia,West Coast India,Panamax,coal,base,69943.75,12.85,12.85,442047.96952408215,456729.21797591785,500000.0,1000000.0,500000.0,-43270.782024082146,KILL
22,Indonesia,West Coast India,Panamax,coal,base,69943.75,12.85,12.85,442047.96952408215,456729.21797591785,750000.0,0.0,-750000.0,1206729.2179759177,SAIL
22,Indonesia,West Coast India,Panamax,coal,base,69943.75,12.85,12.85,442047.96952408215,456729.21797591785,750000.0,250000.0,-500000.0,956729.2179759179,SAIL
22,Indonesia,West Coast India,Panamax,coal,base,69943.75,12.85,12.85,442047.96952408215,456729.21797591785,750000.0,500000.0,-250000.0,706729.2179759179,SAIL
22,Indonesia,West Coast India,Panamax,coal,base,69943.75,12.85,12.85,442047.96952408215,456729.21797591785,750000.0,1000000.0,250000.0,206729.21797591785,SAIL
22,Indonesia,West Coast India,Panamax,coal,base,69943.75,12.85,12.85,442047.96952408215,456729.21797591785,1000000.0,0.0,-1000000.0,1456729.2179759177,SAIL
22,Indonesia,West Coast India,Panamax,coal,base,69943.75,12.85,12.85,442047.96952408215,456729.21797591785,1000000.0,250000.0,-750000.0,1206729.2179759177,SAIL
22,Indonesia,West Coast India,Panamax,coal,base,69943.75,12.85,12.85,442047.96952408215,456729.21797591785,1000000.0,500000.0,-500000.0,956729.2179759179,SAIL
22,Indonesia,West Coast India,Panamax,coal,base,69943.75,12.85,12.85,442047.96952408215,456729.21797591785,1000000.0,1000000.0,0.0,456729.21797591785,SAIL
22,Indonesia,West Coast India,Panamax,coal,base,69943.75,12.85,12.85,442047.96952408215,456729.21797591785,1500000.0,0.0,-1500000.0,1956729.2179759177,SAIL
22,Indonesia,West Coast India,Panamax,coal,base,69943.75,12.85,12.85,442047.96952408215,456729.21797591785,1500000.0,250000.0,-1250000.0,1706729.2179759177,SAIL
22,Indonesia,West Coast India,Panamax,coal,base,69943.75,12.85,12.85,442047.96952408215,456729.21797591785,1500000.0,500000.0,-1000000.0,1456729.2179759177,SAIL
22,Indonesia,West Coast India,Panamax,coal,base,69943.75,12.85,12.85,442047.96952408215,456729.21797591785,1500000.0,1000000.0,-500000.0,956729.2179759179,SAIL
22,Indonesia,West Coast India,Panamax,coal,base,69943.75,12.85,12.85,442047.96952408215,456729.21797591785,2000000.0,0.0,-2000000.0,2456729.2179759177,SAIL
22,Indonesia,West Coast India,Panamax,coal,base,69943.75,12.85,12.85,442047.96952408215,456729.21797591785,2000000.0,250000.0,-1750000.0,2206729.2179759177,SAIL
22,Indonesia,West Coast India,Panamax,coal,base,69943.75,12.85,12.85,442047.96952408215,456729.21797591785,2000000.0,500000.0,-1500000.0,1956729.2179759177,SAIL
22,Indonesia,West Coast India,Panamax,coal,base,69943.75,12.85,12.85,442047.96952408215,456729.21797591785,2000000.0,1000000.0,-1000000.0,1456729.2179759177,SAIL
22,Indonesia,West Coast India,Panamax,coal,bull,69943.75,12.85,18.37408184750588,442047.96952408215,843104.2176974072,0.0,0.0,0.0,843104.2176974072,SAIL
22,Indonesia,West Coast India,Panamax,coal,bull,69943.75,12.85,18.37408184750588,442047.96952408215,843104.2176974072,0.0,250000.0,250000.0,593104.2176974072,SAIL
22,Indonesia,West Coast India,Panamax,coal,bull,69943.75,12.85,18.37408184750588,442047.96952408215,843104.2176974072,0.0,500000.0,500000.0,343104.21769740724,SAIL
22,Indonesia,West Coast India,Panamax,coal,bull,69943.75,12.85,18.37408184750588,442047.96952408215,843104.2176974072,0.0,1000000.0,1000000.0,-156895.78230259276,KILL
22,Indonesia,West Coast India,Panamax,coal,bull,69943.75,12.85,18.37408184750588,442047.96952408215,843104.2176974072,50000.0,0.0,-50000.0,893104.2176974072,SAIL
22,Indonesia,West Coast India,Panamax,coal,bull,69943.75,12.85,18.37408184750588,442047.96952408215,843104.2176974072,50000.0,250000.0,200000.0,643104.2176974072,SAIL
22,Indonesia,West Coast India,Panamax,coal,bull,69943.75,12.85,18.37408184750588,442047.96952408215,843104.2176974072,50000.0,500000.0,450000.0,393104.21769740724,SAIL
22,Indonesia,West Coast India,Panamax,coal,bull,69943.75,12.85,18.37408184750588,442047.96952408215,843104.2176974072,50000.0,1000000.0,950000.0,-106895.78230259276,KILL
22,Indonesia,West Coast India,Panamax,coal,bull,69943.75,12.85,18.37408184750588,442047.96952408215,843104.2176974072,100000.0,0.0,-100000.0,943104.2176974072,SAIL
22,Indonesia,West Coast India,Panamax,coal,bull,69943.75,12.85,18.37408184750588,442047.96952408215,843104.2176974072,100000.0,250000.0,150000.0,693104.2176974072,SAIL
22,Indonesia,West Coast India,Panamax,coal,bull,69943.75,12.85,18.37408184750588,442047.96952408215,843104.2176974072,100000.0,500000.0,400000.0,443104.21769740724,SAIL
22,Indonesia,West Coast India,Panamax,coal,bull,69943.75,12.85,18.37408184750588,442047.96952408215,843104.2176974072,100000.0,1000000.0,900000.0,-56895.782302592765,KILL
22,Indonesia,West Coast India,Panamax,coal,bull,69943.75,12.85,18.37408184750588,442047.96952408215,843104.2176974072,250000.0,0.0,-250000.0,1093104.2176974071,SAIL
22,Indonesia,West Coast India,Panamax,coal,bull,69943.75,12.85,18.37408184750588,442047.96952408215,843104.2176974072,250000.0,250000.0,0.0,843104.2176974072,SAIL
22,Indonesia,West Coast India,Panamax,coal,bull,69943.75,12.85,18.37408184750588,442047.96952408215,843104.2176974072,250000.0,500000.0,250000.0,593104.2176974072,SAIL
22,Indonesia,West Coast India,Panamax,coal,bull,69943.75,12.85,18.37408184750588,442047.96952408215,843104.2176974072,250000.0,1000000.0,750000.0,93104.21769740724,SAIL
22,Indonesia,West Coast India,Panamax,coal,bull,69943.75,12.85,18.37408184750588,442047.96952408215,843104.2176974072,500000.0,0.0,-500000.0,1343104.2176974071,SAIL
22,Indonesia,West Coast India,Panamax,coal,bull,69943.75,12.85,18.37408184750588,442047.96952408215,843104.2176974072,500000.0,250000.0,-250000.0,1093104.2176974071,SAIL
22,Indonesia,West Coast India,Panamax,coal,bull,69943.75,12.85,18.37408184750588,442047.96952408215,843104.2176974072,500000.0,500000.0,0.0,843104.2176974072,SAIL
22,Indonesia,West Coast India,Panamax,coal,bull,69943.75,12.85,18.37408184750588,442047.96952408215,843104.2176974072,500000.0,1000000.0,500000.0,343104.21769740724,SAIL
22,Indonesia,West Coast India,Panamax,coal,bull,69943.75,12.85,18.37408184750588,442047.96952408215,843104.2176974072,750000.0,0.0,-750000.0,1593104.2176974071,SAIL
22,Indonesia,West Coast India,Panamax,coal,bull,69943.75,12.85,18.37408184750588,442047.96952408215,843104.2176974072,750000.0,250000.0,-500000.0,1343104.2176974071,SAIL
22,Indonesia,West Coast India,Panamax,coal,bull,69943.75,12.85,18.37408184750588,442047.96952408215,843104.2176974072,750000.0,500000.0,-250000.0,1093104.2176974071,SAIL
22,Indonesia,West Coast India,Panamax,coal,bull,69943.75,12.85,18.37408184750588,442047.96952408215,843104.2176974072,750000.0,1000000.0,250000.0,593104.2176974072,SAIL
22,Indonesia,West Coast India,Panamax,coal,bull,69943.75,12.85,18.37408184750588,442047.96952408215,843104.2176974072,1000000.0,0.0,-1000000.0,1843104.2176974071,SAIL
22,Indonesia,West Coast India,Panamax,coal,bull,69943.75,12.85,18.37408184750588,442047.96952408215,843104.2176974072,1000000.0,250000.0,-750000.0,1593104.2176974071,SAIL
22,Indonesia,West Coast India,Panamax,coal,bull,69943.75,12.85,18.37408184750588,442047.96952408215,843104.2176974072,1000000.0,500000.0,-500000.0,1343104.2176974071,SAIL
22,Indonesia,West Coast India,Panamax,coal,bull,69943.75,12.85,18.37408184750588,442047.96952408215,843104.2176974072,1000000.0,1000000.0,0.0,843104.2176974072,SAIL
22,Indonesia,West Coast India,Panamax,coal,bull,69943.75,12.85,18.37408184750588,442047.96952408215,843104.2176974072,1500000.0,0.0,-1500000.0,2343104.217697407,SAIL
22,Indonesia,West Coast India,Panamax,coal,bull,69943.75,12.85,18.37408184750588,442047.96952408215,843104.2176974072,1500000.0,250000.0,-1250000.0,2093104.2176974071,SAIL
22,Indonesia,West Coast India,Panamax,coal,bull,69943.75,12.85,18.37408184750588,442047.96952408215,843104.2176974072,1500000.0,500000.0,-1000000.0,1843104.2176974071,SAIL
22,Indonesia,West Coast India,Panamax,coal,bull,69943.75,12.85,18.37408184750588,442047.96952408215,843104.2176974072,1500000.0,1000000.0,-500000.0,1343104.2176974071,SAIL
22,Indonesia,West Coast India,Panamax,coal,bull,69943.75,12.85,18.37408184750588,442047.96952408215,843104.2176974072,2000000.0,0.0,-2000000.0,2843104.217697407,SAIL
22,Indonesia,West Coast India,Panamax,coal,bull,69943.75,12.85,18.37408184750588,442047.96952408215,843104.2176974072,2000000.0,250000.0,-1750000.0,2593104.217697407,SAIL
22,Indonesia,West Coast India,Panamax,coal,bull,69943.75,12.85,18.37408184750588,442047.96952408215,843104.2176974072,2000000.0,500000.0,-1500000.0,2343104.217697407,SAIL
22,Indonesia,West Coast India,Panamax,coal,bull,69943.75,12.85,18.37408184750588,442047.96952408215,843104.2176974072,2000000.0,1000000.0,-1000000.0,1843104.2176974071,SAIL
23,"Richards Bay, South Africa","Krishnapatnam, India",Capesize,coal,bear,157937.5,19.55,15.01434967208313,465615.2471076028,1905713.6042270265,0.0,0.0,0.0,1905713.6042270265,SAIL
23,"Richards Bay, South Africa","Krishnapatnam, India",Capesize,coal,bear,157937.5,19.55,15.01434967208313,465615.2471076028,1905713.6042270265,0.0,250000.0,250000.0,1655713.6042270265,SAIL
23,"Richards Bay, South Africa","Krishnapatnam, India",Capesize,coal,bear,157937.5,19.55,15.01434967208313,465615.2471076028,1905713.6042270265,0.0,500000.0,500000.0,1405713.6042270265,SAIL
23,"Richards Bay, South Africa","Krishnapatnam, India",Capesize,coal,bear,157937.5,19.55,15.01434967208313,465615.2471076028,1905713.6042270265,0.0,1000000.0,1000000.0,905713.6042270265,SAIL
23,"Richards Bay, South Africa","Krishnapatnam, India",Capesize,coal,bear,157937.5,19.55,15.01434967208313,465615.2471076028,1905713.6042270265,50000.0,0.0,-50000.0,1955713.6042270265,SAIL
23,"Richards Bay, South Africa","Krishnapatnam, India",Capesize,coal,bear,157937.5,19.55,15.01434967208313,465615.2471076028,1905713.6042270265,50000.0,250000.0,200000.0,1705713.6042270265,SAIL
23,"Richards Bay, South Africa","Krishnapatnam, India",Capesize,coal,bear,157937.5,19.55,15.01434967208313,465615.2471076028,1905713.6042270265,50000.0,500000.0,450000.0,1455713.6042270265,SAIL
23,"Richards Bay, South Africa","Krishnapatnam, India",Capesize,coal,bear,157937.5,19.55,15.01434967208313,465615.2471076028,1905713.6042270265,50000.0,1000000.0,950000.0,955713.6042270265,SAIL
23,"Richards Bay, South Africa","Krishnapatnam, India",Capesize,coal,bear,157937.5,19.55,15.01434967208313,465615.2471076028,1905713.6042270265,100000.0,0.0,-100000.0,2005713.6042270265,SAIL
23,"Richards Bay, South Africa","Krishnapatnam, India",Capesize,coal,bear,157937.5,19.55,15.01434967208313,465615.2471076028,1905713.6042270265,100000.0,250000.0,150000.0,1755713.6042270265,SAIL
23,"Richards Bay, South Africa","Krishnapatnam, India",Capesize,coal,bear,157937.5,19.55,15.01434967208313,465615.2471076028,1905713.6042270265,100000.0,500000.0,400000.0,1505713.6042270265,SAIL
23,"Richards Bay, South Africa","Krishnapatnam, India",Capesize,coal,bear,157937.5,19.55,15.01434967208313,465615.2471076028,1905713.6042270265,100000.0,1000000.0,900000.0,1005713.6042270265,SAIL
23,"Richards Bay, South Africa","Krishnapatnam, India",Capesize,coal,bear,157937.5,19.55,15.01434967208313,465615.2471076028,1905713.6042270265,250000.0,0.0,-250000.0,2155713.6042270265,SAIL
23,"Richards Bay, South Africa","Krishnapatnam, India",Capesize,coal,bear,157937.5,19.55,15.01434967208313,465615.2471076028,1905713.6042270265,250000.0,250000.0,0.0,1905713.6042270265,SAIL
23,"Richards Bay, South Africa","Krishnapatnam, India",Capesize,coal,bear,157937.5,19.55,15.01434967208313,465615.2471076028,1905713.6042270265,250000.0,500000.0,250000.0,1655713.6042270265,SAIL
23,"Richards Bay, South Africa","Krishnapatnam, India",Capesize,coal,bear,157937.5,19.55,15.01434967208313,465615.2471076028,1905713.6042270265,250000.0,1000000.0,750000.0,1155713.6042270265,SAIL
23,"Richards Bay, South Africa","Krishnapatnam, India",Capesize,coal,bear,157937.5,19.55,15.01434967208313,465615.2471076028,1905713.6042270265,500000.0,0.0,-500000.0,2405713.6042270265,SAIL
23,"Richards Bay, South Africa","Krishnapatnam, India",Capesize,coal,bear,157937.5,19.55,15.01434967208313,465615.2471076028,1905713.6042270265,500000.0,250000.0,-250000.0,2155713.6042270265,SAIL
23,"Richards Bay, South Africa","Krishnapatnam, India",Capesize,coal,bear,157937.5,19.55,15.01434967208313,465615.2471076028,1905713.6042270265,500000.0,500000.0,0.0,1905713.6042270265,SAIL
23,"Richards Bay, South Africa","Krishnapatnam, India",Capesize,coal,bear,157937.5,19.55,15.01434967208313,465615.2471076028,1905713.6042270265,500000.0,1000000.0,500000.0,1405713.6042270265,SAIL
23,"Richards Bay, South Africa","Krishnapatnam, India",Capesize,coal,bear,157937.5,19.55,15.01434967208313,465615.2471076028,1905713.6042270265,750000.0,0.0,-750000.0,2655713.6042270265,SAIL
23,"Richards Bay, South Africa","Krishnapatnam, India",Capesize,coal,bear,157937.5,19.55,15.01434967208313,465615.2471076028,1905713.6042270265,750000.0,250000.0,-500000.0,2405713.6042270265,SAIL
23,"Richards Bay, South Africa","Krishnapatnam, India",Capesize,coal,bear,157937.5,19.55,15.01434967208313,465615.2471076028,1905713.6042270265,750000.0,500000.0,-250000.0,2155713.6042270265,SAIL
23,"Richards Bay, South Africa","Krishnapatnam, India",Capesize,coal,bear,157937.5,19.55,15.01434967208313,465615.2471076028,1905713.6042270265,750000.0,1000000.0,250000.0,1655713.6042270265,SAIL
23,"Richards Bay, South Africa","Krishnapatnam, India",Capesize,coal,bear,157937.5,19.55,15.01434967208313,465615.2471076028,1905713.6042270265,1000000.0,0.0,-1000000.0,2905713.6042270265,SAIL
23,"Richards Bay, South Africa","Krishnapatnam, India",Capesize,coal,bear,157937.5,19.55,15.01434967208313,465615.2471076028,1905713.6042270265,1000000.0,250000.0,-750000.0,2655713.6042270265,SAIL
23,"Richards Bay, South Africa","Krishnapatnam, India",Capesize,coal,bear,157937.5,19.55,15.01434967208313,465615.2471076028,1905713.6042270265,1000000.0,500000.0,-500000.0,2405713.6042270265,SAIL
23,"Richards Bay, South Africa","Krishnapatnam, India",Capesize,coal,bear,157937.5,19.55,15.01434967208313,465615.2471076028,1905713.6042270265,1000000.0,1000000.0,0.0,1905713.6042270265,SAIL
23,"Richards Bay, South Africa","Krishnapatnam, India",Capesize,coal,bear,157937.5,19.55,15.01434967208313,465615.2471076028,1905713.6042270265,1500000.0,0.0,-1500000.0,3405713.6042270265,SAIL
23,"Richards Bay, South Africa","Krishnapatnam, India",Capesize,coal,bear,157937.5,19.55,15.01434967208313,465615.2471076028,1905713.6042270265,1500000.0,250000.0,-1250000.0,3155713.6042270265,SAIL
23,"Richards Bay, South Africa","Krishnapatnam, India",Capesize,coal,bear,157937.5,19.55,15.01434967208313,465615.2471076028,1905713.6042270265,1500000.0,500000.0,-1000000.0,2905713.6042270265,SAIL
23,"Richards Bay, South Africa","Krishnapatnam, India",Capesize,coal,bear,157937.5,19.55,15.01434967208313,465615.2471076028,1905713.6042270265,1500000.0,1000000.0,-500000.0,2405713.6042270265,SAIL
23,"Richards Bay, South Africa","Krishnapatnam, India",Capesize,coal,bear,157937.5,19.55,15.01434967208313,465615.2471076028,1905713.6042270265,2000000.0,0.0,-2000000.0,3905713.6042270265,SAIL
23,"Richards Bay, South Africa","Krishnapatnam, India",Capesize,coal,bear,157937.5,19.55,15.01434967208313,465615.2471076028,1905713.6042270265,2000000.0,250000.0,-1750000.0,3655713.6042270265,SAIL
23,"Richards Bay, South Africa","Krishnapatnam, India",Capesize,coal,bear,157937.5,19.55,15.01434967208313,465615.2471076028,1905713.6042270265,2000000.0,500000.0,-1500000.0,3405713.6042270265,SAIL
23,"Richards Bay, South Africa","Krishnapatnam, India",Capesize,coal,bear,157937.5,19.55,15.01434967208313,465615.2471076028,1905713.6042270265,2000000.0,1000000.0,-1000000.0,2905713.6042270265,SAIL
23,"Richards Bay, South Africa","Krishnapatnam, India",Capesize,coal,base,157937.5,19.55,19.55,465615.2471076028,2622062.8778923973,0.0,0.0,0.0,2622062.8778923973,SAIL
23,"Richards Bay, South Africa","Krishnapatnam, India",Capesize,coal,base,157937.5,19.55,19.55,465615.2471076028,2622062.8778923973,0.0,250000.0,250000.0,2372062.8778923973,SAIL
23,"Richards Bay, South Africa","Krishnapatnam, India",Capesize,coal,base,157937.5,19.55,19.55,465615.2471076028,2622062.8778923973,0.0,500000.0,500000.0,2122062.8778923973,SAIL
23,"Richards Bay, South Africa","Krishnapatnam, India",Capesize,coal,base,157937.5,19.55,19.55,465615.2471076028,2622062.8778923973,0.0,1000000.0,1000000.0,1622062.8778923973,SAIL
23,"Richards Bay, South Africa","Krishnapatnam, India",Capesize,coal,base,157937.5,19.55,19.55,465615.2471076028,2622062.8778923973,50000.0,0.0,-50000.0,2672062.8778923973,SAIL
23,"Richards Bay, South Africa","Krishnapatnam, India",Capesize,coal,base,157937.5,19.55,19.55,465615.2471076028,2622062.8778923973,50000.0,250000.0,200000.0,2422062.8778923973,SAIL
23,"Richards Bay, South Africa","Krishnapatnam, India",Capesize,coal,base,157937.5,19.55,19.55,465615.2471076028,2622062.8778923973,50000.0,500000.0,450000.0,2172062.8778923973,SAIL
23,"Richards Bay, South Africa","Krishnapatnam, India",Capesize,coal,base,157937.5,19.55,19.55,465615.2471076028,2622062.8778923973,50000.0,1000000.0,950000.0,1672062.8778923973,SAIL
23,"Richards Bay, South Africa","Krishnapatnam, India",Capesize,coal,base,157937.5,19.55,19.55,465615.2471076028,2622062.8778923973,100000.0,0.0,-100000.0,2722062.8778923973,SAIL
23,"Richards Bay, South Africa","Krishnapatnam, India",Capesize,coal,base,157937.5,19.55,19.55,465615.2471076028,2622062.8778923973,100000.0,250000.0,150000.0,2472062.8778923973,SAIL
23,"Richards Bay, South Africa","Krishnapatnam, India",Capesize,coal,base,157937.5,19.55,19.55,465615.2471076028,2622062.8778923973,100000.0,500000.0,400000.0,2222062.8778923973,SAIL
23,"Richards Bay, South Africa","Krishnapatnam, India",Capesize,coal,base,157937.5,19.55,19.55,465615.2471076028,2622062.8778923973,100000.0,1000000.0,900000.0,1722062.8778923973,SAIL
23,"Richards Bay, South Africa","Krishnapatnam, India",Capesize,coal,base,157937.5,19.55,19.55,465615.2471076028,2622062.8778923973,250000.0,0.0,-250000.0,2872062.8778923973,SAIL
23,"Richards Bay, South Africa","Krishnapatnam, India",Capesize,coal,base,157937.5,19.55,19.55,465615.2471076028,2622062.8778923973,250000.0,250000.0,0.0,2622062.8778923973,SAIL
23,"Richards Bay, South Africa","Krishnapatnam, India",Capesize,coal,base,157937.5,19.55,19.55,465615.2471076028,2622062.8778923973,250000.0,500000.0,250000.0,2372062.8778923973,SAIL
23,"Richards Bay, South Africa","Krishnapatnam, India",Capesize,coal,base,157937.5,19.55,19.55,465615.2471076028,2622062.8778923973,250000.0,1000000.0,750000.0,1872062.8778923973,SAIL
23,"Richards Bay, South Africa","Krishnapatnam, India",Capesize,coal,base,157937.5,19.55,19.55,465615.2471076028,2622062.8778923973,500000.0,0.0,-500000.0,3122062.8778923973,SAIL
23,"Richards Bay, South Africa","Krishnapatnam, India",Capesize,coal,base,157937.5,19.55,19.55,465615.2471076028,2622062.8778923973,500000.0,250000.0,-250000.0,2872062.8778923973,SAIL
23,"Richards Bay, South Africa","Krishnapatnam, India",Capesize,coal,base,157937.5,19.55,19.55,465615.2471076028,2622062.8778923973,500000.0,500000.0,0.0,2622062.8778923973,SAIL
23,"Richards Bay, South Africa","Krishnapatnam, India",Capesize,coal,base,157937.5,19.55,19.55,465615.2471076028,2622062.8778923973,500000.0,1000000.0,500000.0,2122062.8778923973,SAIL
23,"Richards Bay, South Africa","Krishnapatnam, India",Capesize,coal,base,157937.5,19.55,19.55,465615.2471076028,2622062.8778923973,750000.0,0.0,-750000.0,3372062.8778923973,SAIL
23,"Richards Bay, South Africa","Krishnapatnam, India",Capesize,coal,base,157937.5,19.55,19.55,465615.2471076028,2622062.8778923973,750000.0,250000.0,-500000.0,3122062.8778923973,SAIL
23,"Richards Bay, South Africa","Krishnapatnam, India",Capesize,coal,base,157937.5,19.55,19.55,465615.2471076028,2622062.8778923973,750000.0,500000.0,-250000.0,2872062.8778923973,SAIL
23,"Richards Bay, South Africa","Krishnapatnam, India",Capesize,coal,base,157937.5,19.55,19.55,465615.2471076028,2622062.8778923973,750000.0,1000000.0,250000.0,2372062.8778923973,SAIL
23,"Richards Bay, South Africa","Krishnapatnam, India",Capesize,coal,base,157937.5,19.55,19.55,465615.2471076028,2622062.8778923973,1000000.0,0.0,-1000000.0,3622062.8778923973,SAIL
23,"Richards Bay, South Africa","Krishnapatnam, India",Capesize,coal,base,157937.5,19.55,19.55,465615.2471076028,2622062.8778923973,1000000.0,250000.0,-750000.0,3372062.8778923973,SAIL
23,"Richards Bay, South Africa","Krishnapatnam, India",Capesize,coal,base,157937.5,19.55,19.55,465615.2471076028,2622062.8778923973,1000000.0,500000.0,-500000.0,3122062.8778923973,SAIL
23,"Richards Bay, South Africa","Krishnapatnam, India",Capesize,coal,base,157937.5,19.55,19.55,465615.2471076028,2622062.8778923973,1000000.0,1000000.0,0.0,2622062.8778923973,SAIL
23,"Richards Bay, South Africa","Krishnapatnam, India",Capesize,coal,base,157937.5,19.55,19.55,465615.2471076028,2622062.8778923973,1500000.0,0.0,-1500000.0,4122062.8778923973,SAIL
23,"Richards Bay, South Africa","Krishnapatnam, India",Capesize,coal,base,157937.5,19.55,19.55,465615.2471076028,2622062.8778923973,1500000.0,250000.0,-1250000.0,3872062.8778923973,SAIL
23,"Richards Bay, South Africa","Krishnapatnam, India",Capesize,coal,base,157937.5,19.55,19.55,465615.2471076028,2622062.8778923973,1500000.0,500000.0,-1000000.0,3622062.8778923973,SAIL
23,"Richards Bay, South Africa","Krishnapatnam, India",Capesize,coal,base,157937.5,19.55,19.55,465615.2471076028,2622062.8778923973,1500000.0,1000000.0,-500000.0,3122062.8778923973,SAIL
23,"Richards Bay, South Africa","Krishnapatnam, India",Capesize,coal,base,157937.5,19.55,19.55,465615.2471076028,2622062.8778923973,2000000.0,0.0,-2000000.0,4622062.877892397,SAIL
23,"Richards Bay, South Africa","Krishnapatnam, India",Capesize,coal,base,157937.5,19.55,19.55,465615.2471076028,2622062.8778923973,2000000.0,250000.0,-1750000.0,4372062.877892397,SAIL
23,"Richards Bay, South Africa","Krishnapatnam, India",Capesize,coal,base,157937.5,19.55,19.55,465615.2471076028,2622062.8778923973,2000000.0,500000.0,-1500000.0,4122062.8778923973,SAIL
23,"Richards Bay, South Africa","Krishnapatnam, India",Capesize,coal,base,157937.5,19.55,19.55,465615.2471076028,2622062.8778923973,2000000.0,1000000.0,-1000000.0,3622062.8778923973,SAIL
23,"Richards Bay, South Africa","Krishnapatnam, India",Capesize,coal,bull,157937.5,19.55,27.954342421691823,465615.2471076028,3949423.7091183495,0.0,0.0,0.0,3949423.7091183495,SAIL
23,"Richards Bay, South Africa","Krishnapatnam, India",Capesize,coal,bull,157937.5,19.55,27.954342421691823,465615.2471076028,3949423.7091183495,0.0,250000.0,250000.0,3699423.7091183495,SAIL
23,"Richards Bay, South Africa","Krishnapatnam, India",Capesize,coal,bull,157937.5,19.55,27.954342421691823,465615.2471076028,3949423.7091183495,0.0,500000.0,500000.0,3449423.7091183495,SAIL
23,"Richards Bay, South Africa","Krishnapatnam, India",Capesize,coal,bull,157937.5,19.55,27.954342421691823,465615.2471076028,3949423.7091183495,0.0,1000000.0,1000000.0,2949423.7091183495,SAIL
23,"Richards Bay, South Africa","Krishnapatnam, India",Capesize,coal,bull,157937.5,19.55,27.954342421691823,465615.2471076028,3949423.7091183495,50000.0,0.0,-50000.0,3999423.7091183495,SAIL
23,"Richards Bay, South Africa","Krishnapatnam, India",Capesize,coal,bull,157937.5,19.55,27.954342421691823,465615.2471076028,3949423.7091183495,50000.0,250000.0,200000.0,3749423.7091183495,SAIL
23,"Richards Bay, South Africa","Krishnapatnam, India",Capesize,coal,bull,157937.5,19.55,27.954342421691823,465615.2471076028,3949423.7091183495,50000.0,500000.0,450000.0,3499423.7091183495,SAIL
23,"Richards Bay, South Africa","Krishnapatnam, India",Capesize,coal,bull,157937.5,19.55,27.954342421691823,465615.2471076028,3949423.7091183495,50000.0,1000000.0,950000.0,2999423.7091183495,SAIL
23,"Richards Bay, South Africa","Krishnapatnam, India",Capesize,coal,bull,157937.5,19.55,27.954342421691823,465615.2471076028,3949423.7091183495,100000.0,0.0,-100000.0,4049423.7091183495,SAIL
23,"Richards Bay, South Africa","Krishnapatnam, India",Capesize,coal,bull,157937.5,19.55,27.954342421691823,465615.2471076028,3949423.7091183495,100000.0,250000.0,150000.0,3799423.7091183495,SAIL
23,"Richards Bay, South Africa","Krishnapatnam, India",Capesize,coal,bull,157937.5,19.55,27.954342421691823,465615.2471076028,3949423.7091183495,100000.0,500000.0,400000.0,3549423.7091183495,SAIL
23,"Richards Bay, South Africa","Krishnapatnam, India",Capesize,coal,bull,157937.5,19.55,27.954342421691823,465615.2471076028,3949423.7091183495,100000.0,1000000.0,900000.0,3049423.7091183495,SAIL
23,"Richards Bay, South Africa","Krishnapatnam, India",Capesize,coal,bull,157937.5,19.55,27.954342421691823,465615.2471076028,3949423.7091183495,250000.0,0.0,-250000.0,4199423.7091183495,SAIL
23,"Richards Bay, South Africa","Krishnapatnam, India",Capesize,coal,bull,157937.5,19.55,27.954342421691823,465615.2471076028,3949423.7091183495,250000.0,250000.0,0.0,3949423.7091183495,SAIL
23,"Richards Bay, South Africa","Krishnapatnam, India",Capesize,coal,bull,157937.5,19.55,27.954342421691823,465615.2471076028,3949423.7091183495,250000.0,500000.0,250000.0,3699423.7091183495,SAIL
23,"Richards Bay, South Africa","Krishnapatnam, India",Capesize,coal,bull,157937.5,19.55,27.954342421691823,465615.2471076028,3949423.7091183495,250000.0,1000000.0,750000.0,3199423.7091183495,SAIL
23,"Richards Bay, South Africa","Krishnapatnam, India",Capesize,coal,bull,157937.5,19.55,27.954342421691823,465615.2471076028,3949423.7091183495,500000.0,0.0,-500000.0,4449423.7091183495,SAIL
23,"Richards Bay, South Africa","Krishnapatnam, India",Capesize,coal,bull,157937.5,19.55,27.954342421691823,465615.2471076028,3949423.7091183495,500000.0,250000.0,-250000.0,4199423.7091183495,SAIL
23,"Richards Bay, South Africa","Krishnapatnam, India",Capesize,coal,bull,157937.5,19.55,27.954342421691823,465615.2471076028,3949423.7091183495,500000.0,500000.0,0.0,3949423.7091183495,SAIL
23,"Richards Bay, South Africa","Krishnapatnam, India",Capesize,coal,bull,157937.5,19.55,27.954342421691823,465615.2471076028,3949423.7091183495,500000.0,1000000.0,500000.0,3449423.7091183495,SAIL
23,"Richards Bay, South Africa","Krishnapatnam, India",Capesize,coal,bull,157937.5,19.55,27.954342421691823,465615.2471076028,3949423.7091183495,750000.0,0.0,-750000.0,4699423.7091183495,SAIL
23,"Richards Bay, South Africa","Krishnapatnam, India",Capesize,coal,bull,157937.5,19.55,27.954342421691823,465615.2471076028,3949423.7091183495,750000.0,250000.0,-500000.0,4449423.7091183495,SAIL
23,"Richards Bay, South Africa","Krishnapatnam, India",Capesize,coal,bull,157937.5,19.55,27.954342421691823,465615.2471076028,3949423.7091183495,750000.0,500000.0,-250000.0,4199423.7091183495,SAIL
23,"Richards Bay, South Africa","Krishnapatnam, India",Capesize,coal,bull,157937.5,19.55,27.954342421691823,465615.2471076028,3949423.7091183495,750000.0,1000000.0,250000.0,3699423.7091183495,SAIL
23,"Richards Bay, South Africa","Krishnapatnam, India",Capesize,coal,bull,157937.5,19.55,27.954342421691823,465615.2471076028,3949423.7091183495,1000000.0,0.0,-1000000.0,4949423.7091183495,SAIL
23,"Richards Bay, South Africa","Krishnapatnam, India",Capesize,coal,bull,157937.5,19.55,27.954342421691823,465615.2471076028,3949423.7091183495,1000000.0,250000.0,-750000.0,4699423.7091183495,SAIL
23,"Richards Bay, South Africa","Krishnapatnam, India",Capesize,coal,bull,157937.5,19.55,27.954342421691823,465615.2471076028,3949423.7091183495,1000000.0,500000.0,-500000.0,4449423.7091183495,SAIL
23,"Richards Bay, South Africa","Krishnapatnam, India",Capesize,coal,bull,157937.5,19.55,27.954342421691823,465615.2471076028,3949423.7091183495,1000000.0,1000000.0,0.0,3949423.7091183495,SAIL
23,"Richards Bay, South Africa","Krishnapatnam, India",Capesize,coal,bull,157937.5,19.55,27.954342421691823,465615.2471076028,3949423.7091183495,1500000.0,0.0,-1500000.0,5449423.7091183495,SAIL
23,"Richards Bay, South Africa","Krishnapatnam, India",Capesize,coal,bull,157937.5,19.55,27.954342421691823,465615.2471076028,3949423.7091183495,1500000.0,250000.0,-1250000.0,5199423.7091183495,SAIL
23,"Richards Bay, South Africa","Krishnapatnam, India",Capesize,coal,bull,157937.5,19.55,27.954342421691823,465615.2471076028,3949423.7091183495,1500000.0,500000.0,-1000000.0,4949423.7091183495,SAIL
23,"Richards Bay, South Africa","Krishnapatnam, India",Capesize,coal,bull,157937.5,19.55,27.954342421691823,465615.2471076028,3949423.7091183495,1500000.0,1000000.0,-500000.0,4449423.7091183495,SAIL
23,"Richards Bay, South Africa","Krishnapatnam, India",Capesize,coal,bull,157937.5,19.55,27.954342421691823,465615.2471076028,3949423.7091183495,2000000.0,0.0,-2000000.0,5949423.7091183495,SAIL
23,"Richards Bay, South Africa","Krishnapatnam, India",Capesize,coal,bull,157937.5,19.55,27.954342421691823,465615.2471076028,3949423.7091183495,2000000.0,250000.0,-1750000.0,5699423.7091183495,SAIL
23,"Richards Bay, South Africa","Krishnapatnam, India",Capesize,coal,bull,157937.5,19.55,27.954342421691823,465615.2471076028,3949423.7091183495,2000000.0,500000.0,-1500000.0,5449423.7091183495,SAIL
23,"Richards Bay, South Africa","Krishnapatnam, India",Capesize,coal,bull,157937.5,19.55,27.954342421691823,465615.2471076028,3949423.7091183495,2000000.0,1000000.0,-1000000.0,4949423.7091183495,SAIL
24,US East Coast (Hampton Roads / Baltimore),East Coast India (Paradip / Visakhapatnam),Panamax,coal / coking coal,bear,69943.75,44.35,34.06068582899677,1040705.5642442276,1341626.5302076652,0.0,0.0,0.0,1341626.5302076652,SAIL
24,US East Coast (Hampton Roads / Baltimore),East Coast India (Paradip / Visakhapatnam),Panamax,coal / coking coal,bear,69943.75,44.35,34.06068582899677,1040705.5642442276,1341626.5302076652,0.0,250000.0,250000.0,1091626.5302076652,SAIL
24,US East Coast (Hampton Roads / Baltimore),East Coast India (Paradip / Visakhapatnam),Panamax,coal / coking coal,bear,69943.75,44.35,34.06068582899677,1040705.5642442276,1341626.5302076652,0.0,500000.0,500000.0,841626.5302076652,SAIL
24,US East Coast (Hampton Roads / Baltimore),East Coast India (Paradip / Visakhapatnam),Panamax,coal / coking coal,bear,69943.75,44.35,34.06068582899677,1040705.5642442276,1341626.5302076652,0.0,1000000.0,1000000.0,341626.5302076652,SAIL
24,US East Coast (Hampton Roads / Baltimore),East Coast India (Paradip / Visakhapatnam),Panamax,coal / coking coal,bear,69943.75,44.35,34.06068582899677,1040705.5642442276,1341626.5302076652,50000.0,0.0,-50000.0,1391626.5302076652,SAIL
24,US East Coast (Hampton Roads / Baltimore),East Coast India (Paradip / Visakhapatnam),Panamax,coal / coking coal,bear,69943.75,44.35,34.06068582899677,1040705.5642442276,1341626.5302076652,50000.0,250000.0,200000.0,1141626.5302076652,SAIL
24,US East Coast (Hampton Roads / Baltimore),East Coast India (Paradip / Visakhapatnam),Panamax,coal / coking coal,bear,69943.75,44.35,34.06068582899677,1040705.5642442276,1341626.5302076652,50000.0,500000.0,450000.0,891626.5302076652,SAIL
24,US East Coast (Hampton Roads / Baltimore),East Coast India (Paradip / Visakhapatnam),Panamax,coal / coking coal,bear,69943.75,44.35,34.06068582899677,1040705.5642442276,1341626.5302076652,50000.0,1000000.0,950000.0,391626.5302076652,SAIL
24,US East Coast (Hampton Roads / Baltimore),East Coast India (Paradip / Visakhapatnam),Panamax,coal / coking coal,bear,69943.75,44.35,34.06068582899677,1040705.5642442276,1341626.5302076652,100000.0,0.0,-100000.0,1441626.5302076652,SAIL
24,US East Coast (Hampton Roads / Baltimore),East Coast India (Paradip / Visakhapatnam),Panamax,coal / coking coal,bear,69943.75,44.35,34.06068582899677,1040705.5642442276,1341626.5302076652,100000.0,250000.0,150000.0,1191626.5302076652,SAIL
24,US East Coast (Hampton Roads / Baltimore),East Coast India (Paradip / Visakhapatnam),Panamax,coal / coking coal,bear,69943.75,44.35,34.06068582899677,1040705.5642442276,1341626.5302076652,100000.0,500000.0,400000.0,941626.5302076652,SAIL
24,US East Coast (Hampton Roads / Baltimore),East Coast India (Paradip / Visakhapatnam),Panamax,coal / coking coal,bear,69943.75,44.35,34.06068582899677,1040705.5642442276,1341626.5302076652,100000.0,1000000.0,900000.0,441626.5302076652,SAIL
24,US East Coast (Hampton Roads / Baltimore),East Coast India (Paradip / Visakhapatnam),Panamax,coal / coking coal,bear,69943.75,44.35,34.06068582899677,1040705.5642442276,1341626.5302076652,250000.0,0.0,-250000.0,1591626.5302076652,SAIL
24,US East Coast (Hampton Roads / Baltimore),East Coast India (Paradip / Visakhapatnam),Panamax,coal / coking coal,bear,69943.75,44.35,34.06068582899677,1040705.5642442276,1341626.5302076652,250000.0,250000.0,0.0,1341626.5302076652,SAIL
24,US East Coast (Hampton Roads / Baltimore),East Coast India (Paradip / Visakhapatnam),Panamax,coal / coking coal,bear,69943.75,44.35,34.06068582899677,1040705.5642442276,1341626.5302076652,250000.0,500000.0,250000.0,1091626.5302076652,SAIL
24,US East Coast (Hampton Roads / Baltimore),East Coast India (Paradip / Visakhapatnam),Panamax,coal / coking coal,bear,69943.75,44.35,34.06068582899677,1040705.5642442276,1341626.5302076652,250000.0,1000000.0,750000.0,591626.5302076652,SAIL
24,US East Coast (Hampton Roads / Baltimore),East Coast India (Paradip / Visakhapatnam),Panamax,coal / coking coal,bear,69943.75,44.35,34.06068582899677,1040705.5642442276,1341626.5302076652,500000.0,0.0,-500000.0,1841626.5302076652,SAIL
24,US East Coast (Hampton Roads / Baltimore),East Coast India (Paradip / Visakhapatnam),Panamax,coal / coking coal,bear,69943.75,44.35,34.06068582899677,1040705.5642442276,1341626.5302076652,500000.0,250000.0,-250000.0,1591626.5302076652,SAIL
24,US East Coast (Hampton Roads / Baltimore),East Coast India (Paradip / Visakhapatnam),Panamax,coal / coking coal,bear,69943.75,44.35,34.06068582899677,1040705.5642442276,1341626.5302076652,500000.0,500000.0,0.0,1341626.5302076652,SAIL
24,US East Coast (Hampton Roads / Baltimore),East Coast India (Paradip / Visakhapatnam),Panamax,coal / coking coal,bear,69943.75,44.35,34.06068582899677,1040705.5642442276,1341626.5302076652,500000.0,1000000.0,500000.0,841626.5302076652,SAIL
24,US East Coast (Hampton Roads / Baltimore),East Coast India (Paradip / Visakhapatnam),Panamax,coal / coking coal,bear,69943.75,44.35,34.06068582899677,1040705.5642442276,1341626.5302076652,750000.0,0.0,-750000.0,2091626.5302076652,SAIL
24,US East Coast (Hampton Roads / Baltimore),East Coast India (Paradip / Visakhapatnam),Panamax,coal / coking coal,bear,69943.75,44.35,34.06068582899677,1040705.5642442276,1341626.5302076652,750000.0,250000.0,-500000.0,1841626.5302076652,SAIL
24,US East Coast (Hampton Roads / Baltimore),East Coast India (Paradip / Visakhapatnam),Panamax,coal / coking coal,bear,69943.75,44.35,34.06068582899677,1040705.5642442276,1341626.5302076652,750000.0,500000.0,-250000.0,1591626.5302076652,SAIL
24,US East Coast (Hampton Roads / Baltimore),East Coast India (Paradip / Visakhapatnam),Panamax,coal / coking coal,bear,69943.75,44.35,34.06068582899677,1040705.5642442276,1341626.5302076652,750000.0,1000000.0,250000.0,1091626.5302076652,SAIL
24,US East Coast (Hampton Roads / Baltimore),East Coast India (Paradip / Visakhapatnam),Panamax,coal / coking coal,bear,69943.75,44.35,34.06068582899677,1040705.5642442276,1341626.5302076652,1000000.0,0.0,-1000000.0,2341626.530207665,SAIL
24,US East Coast (Hampton Roads / Baltimore),East Coast India (Paradip / Visakhapatnam),Panamax,coal / coking coal,bear,69943.75,44.35,34.06068582899677,1040705.5642442276,1341626.5302076652,1000000.0,250000.0,-750000.0,2091626.5302076652,SAIL
24,US East Coast (Hampton Roads / Baltimore),East Coast India (Paradip / Visakhapatnam),Panamax,coal / coking coal,bear,69943.75,44.35,34.06068582899677,1040705.5642442276,1341626.5302076652,1000000.0,500000.0,-500000.0,1841626.5302076652,SAIL
24,US East Coast (Hampton Roads / Baltimore),East Coast India (Paradip / Visakhapatnam),Panamax,coal / coking coal,bear,69943.75,44.35,34.06068582899677,1040705.5642442276,1341626.5302076652,1000000.0,1000000.0,0.0,1341626.5302076652,SAIL
24,US East Coast (Hampton Roads / Baltimore),East Coast India (Paradip / Visakhapatnam),Panamax,coal / coking coal,bear,69943.75,44.35,34.06068582899677,1040705.5642442276,1341626.5302076652,1500000.0,0.0,-1500000.0,2841626.530207665,SAIL
24,US East Coast (Hampton Roads / Baltimore),East Coast India (Paradip / Visakhapatnam),Panamax,coal / coking coal,bear,69943.75,44.35,34.06068582899677,1040705.5642442276,1341626.5302076652,1500000.0,250000.0,-1250000.0,2591626.530207665,SAIL
24,US East Coast (Hampton Roads / Baltimore),East Coast India (Paradip / Visakhapatnam),Panamax,coal / coking coal,bear,69943.75,44.35,34.06068582899677,1040705.5642442276,1341626.5302076652,1500000.0,500000.0,-1000000.0,2341626.530207665,SAIL
24,US East Coast (Hampton Roads / Baltimore),East Coast India (Paradip / Visakhapatnam),Panamax,coal / coking coal,bear,69943.75,44.35,34.06068582899677,1040705.5642442276,1341626.5302076652,1500000.0,1000000.0,-500000.0,1841626.5302076652,SAIL
24,US East Coast (Hampton Roads / Baltimore),East Coast India (Paradip / Visakhapatnam),Panamax,coal / coking coal,bear,69943.75,44.35,34.06068582899677,1040705.5642442276,1341626.5302076652,2000000.0,0.0,-2000000.0,3341626.530207665,SAIL
24,US East Coast (Hampton Roads / Baltimore),East Coast India (Paradip / Visakhapatnam),Panamax,coal / coking coal,bear,69943.75,44.35,34.06068582899677,1040705.5642442276,1341626.5302076652,2000000.0,250000.0,-1750000.0,3091626.530207665,SAIL
24,US East Coast (Hampton Roads / Baltimore),East Coast India (Paradip / Visakhapatnam),Panamax,coal / coking coal,bear,69943.75,44.35,34.06068582899677,1040705.5642442276,1341626.5302076652,2000000.0,500000.0,-1500000.0,2841626.530207665,SAIL
24,US East Coast (Hampton Roads / Baltimore),East Coast India (Paradip / Visakhapatnam),Panamax,coal / coking coal,bear,69943.75,44.35,34.06068582899677,1040705.5642442276,1341626.5302076652,2000000.0,1000000.0,-1000000.0,2341626.530207665,SAIL
24,US East Coast (Hampton Roads / Baltimore),East Coast India (Paradip / Visakhapatnam),Panamax,coal / coking coal,base,69943.75,44.35,44.35,1040705.5642442276,2061299.7482557725,0.0,0.0,0.0,2061299.7482557725,SAIL
24,US East Coast (Hampton Roads / Baltimore),East Coast India (Paradip / Visakhapatnam),Panamax,coal / coking coal,base,69943.75,44.35,44.35,1040705.5642442276,2061299.7482557725,0.0,250000.0,250000.0,1811299.7482557725,SAIL
24,US East Coast (Hampton Roads / Baltimore),East Coast India (Paradip / Visakhapatnam),Panamax,coal / coking coal,base,69943.75,44.35,44.35,1040705.5642442276,2061299.7482557725,0.0,500000.0,500000.0,1561299.7482557725,SAIL
24,US East Coast (Hampton Roads / Baltimore),East Coast India (Paradip / Visakhapatnam),Panamax,coal / coking coal,base,69943.75,44.35,44.35,1040705.5642442276,2061299.7482557725,0.0,1000000.0,1000000.0,1061299.7482557725,SAIL
24,US East Coast (Hampton Roads / Baltimore),East Coast India (Paradip / Visakhapatnam),Panamax,coal / coking coal,base,69943.75,44.35,44.35,1040705.5642442276,2061299.7482557725,50000.0,0.0,-50000.0,2111299.7482557725,SAIL
24,US East Coast (Hampton Roads / Baltimore),East Coast India (Paradip / Visakhapatnam),Panamax,coal / coking coal,base,69943.75,44.35,44.35,1040705.5642442276,2061299.7482557725,50000.0,250000.0,200000.0,1861299.7482557725,SAIL
24,US East Coast (Hampton Roads / Baltimore),East Coast India (Paradip / Visakhapatnam),Panamax,coal / coking coal,base,69943.75,44.35,44.35,1040705.5642442276,2061299.7482557725,50000.0,500000.0,450000.0,1611299.7482557725,SAIL
24,US East Coast (Hampton Roads / Baltimore),East Coast India (Paradip / Visakhapatnam),Panamax,coal / coking coal,base,69943.75,44.35,44.35,1040705.5642442276,2061299.7482557725,50000.0,1000000.0,950000.0,1111299.7482557725,SAIL
24,US East Coast (Hampton Roads / Baltimore),East Coast India (Paradip / Visakhapatnam),Panamax,coal / coking coal,base,69943.75,44.35,44.35,1040705.5642442276,2061299.7482557725,100000.0,0.0,-100000.0,2161299.7482557725,SAIL
24,US East Coast (Hampton Roads / Baltimore),East Coast India (Paradip / Visakhapatnam),Panamax,coal / coking coal,base,69943.75,44.35,44.35,1040705.5642442276,2061299.7482557725,100000.0,250000.0,150000.0,1911299.7482557725,SAIL
24,US East Coast (Hampton Roads / Baltimore),East Coast India (Paradip / Visakhapatnam),Panamax,coal / coking coal,base,69943.75,44.35,44.35,1040705.5642442276,2061299.7482557725,100000.0,500000.0,400000.0,1661299.7482557725,SAIL
24,US East Coast (Hampton Roads / Baltimore),East Coast India (Paradip / Visakhapatnam),Panamax,coal / coking coal,base,69943.75,44.35,44.35,1040705.5642442276,2061299.7482557725,100000.0,1000000.0,900000.0,1161299.7482557725,SAIL
24,US East Coast (Hampton Roads / Baltimore),East Coast India (Paradip / Visakhapatnam),Panamax,coal / coking coal,base,69943.75,44.35,44.35,1040705.5642442276,2061299.7482557725,250000.0,0.0,-250000.0,2311299.7482557725,SAIL
24,US East Coast (Hampton Roads / Baltimore),East Coast India (Paradip / Visakhapatnam),Panamax,coal / coking coal,base,69943.75,44.35,44.35,1040705.5642442276,2061299.7482557725,250000.0,250000.0,0.0,2061299.7482557725,SAIL
24,US East Coast (Hampton Roads / Baltimore),East Coast India (Paradip / Visakhapatnam),Panamax,coal / coking coal,base,69943.75,44.35,44.35,1040705.5642442276,2061299.7482557725,250000.0,500000.0,250000.0,1811299.7482557725,SAIL
24,US East Coast (Hampton Roads / Baltimore),East Coast India (Paradip / Visakhapatnam),Panamax,coal / coking coal,base,69943.75,44.35,44.35,1040705.5642442276,2061299.7482557725,250000.0,1000000.0,750000.0,1311299.7482557725,SAIL
24,US East Coast (Hampton Roads / Baltimore),East Coast India (Paradip / Visakhapatnam),Panamax,coal / coking coal,base,69943.75,44.35,44.35,1040705.5642442276,2061299.7482557725,500000.0,0.0,-500000.0,2561299.7482557725,SAIL
24,US East Coast (Hampton Roads / Baltimore),East Coast India (Paradip / Visakhapatnam),Panamax,coal / coking coal,base,69943.75,44.35,44.35,1040705.5642442276,2061299.7482557725,500000.0,250000.0,-250000.0,2311299.7482557725,SAIL
24,US East Coast (Hampton Roads / Baltimore),East Coast India (Paradip / Visakhapatnam),Panamax,coal / coking coal,base,69943.75,44.35,44.35,1040705.5642442276,2061299.7482557725,500000.0,500000.0,0.0,2061299.7482557725,SAIL
24,US East Coast (Hampton Roads / Baltimore),East Coast India (Paradip / Visakhapatnam),Panamax,coal / coking coal,base,69943.75,44.35,44.35,1040705.5642442276,2061299.7482557725,500000.0,1000000.0,500000.0,1561299.7482557725,SAIL
24,US East Coast (Hampton Roads / Baltimore),East Coast India (Paradip / Visakhapatnam),Panamax,coal / coking coal,base,69943.75,44.35,44.35,1040705.5642442276,2061299.7482557725,750000.0,0.0,-750000.0,2811299.7482557725,SAIL
24,US East Coast (Hampton Roads / Baltimore),East Coast India (Paradip / Visakhapatnam),Panamax,coal / coking coal,base,69943.75,44.35,44.35,1040705.5642442276,2061299.7482557725,750000.0,250000.0,-500000.0,2561299.7482557725,SAIL
24,US East Coast (Hampton Roads / Baltimore),East Coast India (Paradip / Visakhapatnam),Panamax,coal / coking coal,base,69943.75,44.35,44.35,1040705.5642442276,2061299.7482557725,750000.0,500000.0,-250000.0,2311299.7482557725,SAIL
24,US East Coast (Hampton Roads / Baltimore),East Coast India (Paradip / Visakhapatnam),Panamax,coal / coking coal,base,69943.75,44.35,44.35,1040705.5642442276,2061299.7482557725,750000.0,1000000.0,250000.0,1811299.7482557725,SAIL
24,US East Coast (Hampton Roads / Baltimore),East Coast India (Paradip / Visakhapatnam),Panamax,coal / coking coal,base,69943.75,44.35,44.35,1040705.5642442276,2061299.7482557725,1000000.0,0.0,-1000000.0,3061299.7482557725,SAIL
24,US East Coast (Hampton Roads / Baltimore),East Coast India (Paradip / Visakhapatnam),Panamax,coal / coking coal,base,69943.75,44.35,44.35,1040705.5642442276,2061299.7482557725,1000000.0,250000.0,-750000.0,2811299.7482557725,SAIL
24,US East Coast (Hampton Roads / Baltimore),East Coast India (Paradip / Visakhapatnam),Panamax,coal / coking coal,base,69943.75,44.35,44.35,1040705.5642442276,2061299.7482557725,1000000.0,500000.0,-500000.0,2561299.7482557725,SAIL
24,US East Coast (Hampton Roads / Baltimore),East Coast India (Paradip / Visakhapatnam),Panamax,coal / coking coal,base,69943.75,44.35,44.35,1040705.5642442276,2061299.7482557725,1000000.0,1000000.0,0.0,2061299.7482557725,SAIL
24,US East Coast (Hampton Roads / Baltimore),East Coast India (Paradip / Visakhapatnam),Panamax,coal / coking coal,base,69943.75,44.35,44.35,1040705.5642442276,2061299.7482557725,1500000.0,0.0,-1500000.0,3561299.7482557725,SAIL
24,US East Coast (Hampton Roads / Baltimore),East Coast India (Paradip / Visakhapatnam),Panamax,coal / coking coal,base,69943.75,44.35,44.35,1040705.5642442276,2061299.7482557725,1500000.0,250000.0,-1250000.0,3311299.7482557725,SAIL
24,US East Coast (Hampton Roads / Baltimore),East Coast India (Paradip / Visakhapatnam),Panamax,coal / coking coal,base,69943.75,44.35,44.35,1040705.5642442276,2061299.7482557725,1500000.0,500000.0,-1000000.0,3061299.7482557725,SAIL
24,US East Coast (Hampton Roads / Baltimore),East Coast India (Paradip / Visakhapatnam),Panamax,coal / coking coal,base,69943.75,44.35,44.35,1040705.5642442276,2061299.7482557725,1500000.0,1000000.0,-500000.0,2561299.7482557725,SAIL
24,US East Coast (Hampton Roads / Baltimore),East Coast India (Paradip / Visakhapatnam),Panamax,coal / coking coal,base,69943.75,44.35,44.35,1040705.5642442276,2061299.7482557725,2000000.0,0.0,-2000000.0,4061299.7482557725,SAIL
24,US East Coast (Hampton Roads / Baltimore),East Coast India (Paradip / Visakhapatnam),Panamax,coal / coking coal,base,69943.75,44.35,44.35,1040705.5642442276,2061299.7482557725,2000000.0,250000.0,-1750000.0,3811299.7482557725,SAIL
24,US East Coast (Hampton Roads / Baltimore),East Coast India (Paradip / Visakhapatnam),Panamax,coal / coking coal,base,69943.75,44.35,44.35,1040705.5642442276,2061299.7482557725,2000000.0,500000.0,-1500000.0,3561299.7482557725,SAIL
24,US East Coast (Hampton Roads / Baltimore),East Coast India (Paradip / Visakhapatnam),Panamax,coal / coking coal,base,69943.75,44.35,44.35,1040705.5642442276,2061299.7482557725,2000000.0,1000000.0,-1000000.0,3061299.7482557725,SAIL
24,US East Coast (Hampton Roads / Baltimore),East Coast India (Paradip / Visakhapatnam),Panamax,coal / coking coal,bull,69943.75,44.35,63.415605442559205,1040705.5642442276,3394819.6889287727,0.0,0.0,0.0,3394819.6889287727,SAIL
24,US East Coast (Hampton Roads / Baltimore),East Coast India (Paradip / Visakhapatnam),Panamax,coal / coking coal,bull,69943.75,44.35,63.415605442559205,1040705.5642442276,3394819.6889287727,0.0,250000.0,250000.0,3144819.6889287727,SAIL
24,US East Coast (Hampton Roads / Baltimore),East Coast India (Paradip / Visakhapatnam),Panamax,coal / coking coal,bull,69943.75,44.35,63.415605442559205,1040705.5642442276,3394819.6889287727,0.0,500000.0,500000.0,2894819.6889287727,SAIL
24,US East Coast (Hampton Roads / Baltimore),East Coast India (Paradip / Visakhapatnam),Panamax,coal / coking coal,bull,69943.75,44.35,63.415605442559205,1040705.5642442276,3394819.6889287727,0.0,1000000.0,1000000.0,2394819.6889287727,SAIL
24,US East Coast (Hampton Roads / Baltimore),East Coast India (Paradip / Visakhapatnam),Panamax,coal / coking coal,bull,69943.75,44.35,63.415605442559205,1040705.5642442276,3394819.6889287727,50000.0,0.0,-50000.0,3444819.6889287727,SAIL
24,US East Coast (Hampton Roads / Baltimore),East Coast India (Paradip / Visakhapatnam),Panamax,coal / coking coal,bull,69943.75,44.35,63.415605442559205,1040705.5642442276,3394819.6889287727,50000.0,250000.0,200000.0,3194819.6889287727,SAIL
24,US East Coast (Hampton Roads / Baltimore),East Coast India (Paradip / Visakhapatnam),Panamax,coal / coking coal,bull,69943.75,44.35,63.415605442559205,1040705.5642442276,3394819.6889287727,50000.0,500000.0,450000.0,2944819.6889287727,SAIL
24,US East Coast (Hampton Roads / Baltimore),East Coast India (Paradip / Visakhapatnam),Panamax,coal / coking coal,bull,69943.75,44.35,63.415605442559205,1040705.5642442276,3394819.6889287727,50000.0,1000000.0,950000.0,2444819.6889287727,SAIL
24,US East Coast (Hampton Roads / Baltimore),East Coast India (Paradip / Visakhapatnam),Panamax,coal / coking coal,bull,69943.75,44.35,63.415605442559205,1040705.5642442276,3394819.6889287727,100000.0,0.0,-100000.0,3494819.6889287727,SAIL
24,US East Coast (Hampton Roads / Baltimore),East Coast India (Paradip / Visakhapatnam),Panamax,coal / coking coal,bull,69943.75,44.35,63.415605442559205,1040705.5642442276,3394819.6889287727,100000.0,250000.0,150000.0,3244819.6889287727,SAIL
24,US East Coast (Hampton Roads / Baltimore),East Coast India (Paradip / Visakhapatnam),Panamax,coal / coking coal,bull,69943.75,44.35,63.415605442559205,1040705.5642442276,3394819.6889287727,100000.0,500000.0,400000.0,2994819.6889287727,SAIL
24,US East Coast (Hampton Roads / Baltimore),East Coast India (Paradip / Visakhapatnam),Panamax,coal / coking coal,bull,69943.75,44.35,63.415605442559205,1040705.5642442276,3394819.6889287727,100000.0,1000000.0,900000.0,2494819.6889287727,SAIL
24,US East Coast (Hampton Roads / Baltimore),East Coast India (Paradip / Visakhapatnam),Panamax,coal / coking coal,bull,69943.75,44.35,63.415605442559205,1040705.5642442276,3394819.6889287727,250000.0,0.0,-250000.0,3644819.6889287727,SAIL
24,US East Coast (Hampton Roads / Baltimore),East Coast India (Paradip / Visakhapatnam),Panamax,coal / coking coal,bull,69943.75,44.35,63.415605442559205,1040705.5642442276,3394819.6889287727,250000.0,250000.0,0.0,3394819.6889287727,SAIL
24,US East Coast (Hampton Roads / Baltimore),East Coast India (Paradip / Visakhapatnam),Panamax,coal / coking coal,bull,69943.75,44.35,63.415605442559205,1040705.5642442276,3394819.6889287727,250000.0,500000.0,250000.0,3144819.6889287727,SAIL
24,US East Coast (Hampton Roads / Baltimore),East Coast India (Paradip / Visakhapatnam),Panamax,coal / coking coal,bull,69943.75,44.35,63.415605442559205,1040705.5642442276,3394819.6889287727,250000.0,1000000.0,750000.0,2644819.6889287727,SAIL
24,US East Coast (Hampton Roads / Baltimore),East Coast India (Paradip / Visakhapatnam),Panamax,coal / coking coal,bull,69943.75,44.35,63.415605442559205,1040705.5642442276,3394819.6889287727,500000.0,0.0,-500000.0,3894819.6889287727,SAIL
24,US East Coast (Hampton Roads / Baltimore),East Coast India (Paradip / Visakhapatnam),Panamax,coal / coking coal,bull,69943.75,44.35,63.415605442559205,1040705.5642442276,3394819.6889287727,500000.0,250000.0,-250000.0,3644819.6889287727,SAIL
24,US East Coast (Hampton Roads / Baltimore),East Coast India (Paradip / Visakhapatnam),Panamax,coal / coking coal,bull,69943.75,44.35,63.415605442559205,1040705.5642442276,3394819.6889287727,500000.0,500000.0,0.0,3394819.6889287727,SAIL
24,US East Coast (Hampton Roads / Baltimore),East Coast India (Paradip / Visakhapatnam),Panamax,coal / coking coal,bull,69943.75,44.35,63.415605442559205,1040705.5642442276,3394819.6889287727,500000.0,1000000.0,500000.0,2894819.6889287727,SAIL
24,US East Coast (Hampton Roads / Baltimore),East Coast India (Paradip / Visakhapatnam),Panamax,coal / coking coal,bull,69943.75,44.35,63.415605442559205,1040705.5642442276,3394819.6889287727,750000.0,0.0,-750000.0,4144819.6889287727,SAIL
24,US East Coast (Hampton Roads / Baltimore),East Coast India (Paradip / Visakhapatnam),Panamax,coal / coking coal,bull,69943.75,44.35,63.415605442559205,1040705.5642442276,3394819.6889287727,750000.0,250000.0,-500000.0,3894819.6889287727,SAIL
24,US East Coast (Hampton Roads / Baltimore),East Coast India (Paradip / Visakhapatnam),Panamax,coal / coking coal,bull,69943.75,44.35,63.415605442559205,1040705.5642442276,3394819.6889287727,750000.0,500000.0,-250000.0,3644819.6889287727,SAIL
24,US East Coast (Hampton Roads / Baltimore),East Coast India (Paradip / Visakhapatnam),Panamax,coal / coking coal,bull,69943.75,44.35,63.415605442559205,1040705.5642442276,3394819.6889287727,750000.0,1000000.0,250000.0,3144819.6889287727,SAIL
24,US East Coast (Hampton Roads / Baltimore),East Coast India (Paradip / Visakhapatnam),Panamax,coal / coking coal,bull,69943.75,44.35,63.415605442559205,1040705.5642442276,3394819.6889287727,1000000.0,0.0,-1000000.0,4394819.688928773,SAIL
24,US East Coast (Hampton Roads / Baltimore),East Coast India (Paradip / Visakhapatnam),Panamax,coal / coking coal,bull,69943.75,44.35,63.415605442559205,1040705.5642442276,3394819.6889287727,1000000.0,250000.0,-750000.0,4144819.6889287727,SAIL
24,US East Coast (Hampton Roads / Baltimore),East Coast India (Paradip / Visakhapatnam),Panamax,coal / coking coal,bull,69943.75,44.35,63.415605442559205,1040705.5642442276,3394819.6889287727,1000000.0,500000.0,-500000.0,3894819.6889287727,SAIL
24,US East Coast (Hampton Roads / Baltimore),East Coast India (Paradip / Visakhapatnam),Panamax,coal / coking coal,bull,69943.75,44.35,63.415605442559205,1040705.5642442276,3394819.6889287727,1000000.0,1000000.0,0.0,3394819.6889287727,SAIL
24,US East Coast (Hampton Roads / Baltimore),East Coast India (Paradip / Visakhapatnam),Panamax,coal / coking coal,bull,69943.75,44.35,63.415605442559205,1040705.5642442276,3394819.6889287727,1500000.0,0.0,-1500000.0,4894819.688928773,SAIL
24,US East Coast (Hampton Roads / Baltimore),East Coast India (Paradip / Visakhapatnam),Panamax,coal / coking coal,bull,69943.75,44.35,63.415605442559205,1040705.5642442276,3394819.6889287727,1500000.0,250000.0,-1250000.0,4644819.688928773,SAIL
24,US East Coast (Hampton Roads / Baltimore),East Coast India (Paradip / Visakhapatnam),Panamax,coal / coking coal,bull,69943.75,44.35,63.415605442559205,1040705.5642442276,3394819.6889287727,1500000.0,500000.0,-1000000.0,4394819.688928773,SAIL
24,US East Coast (Hampton Roads / Baltimore),East Coast India (Paradip / Visakhapatnam),Panamax,coal / coking coal,bull,69943.75,44.35,63.415605442559205,1040705.5642442276,3394819.6889287727,1500000.0,1000000.0,-500000.0,3894819.6889287727,SAIL
24,US East Coast (Hampton Roads / Baltimore),East Coast India (Paradip / Visakhapatnam),Panamax,coal / coking coal,bull,69943.75,44.35,63.415605442559205,1040705.5642442276,3394819.6889287727,2000000.0,0.0,-2000000.0,5394819.688928773,SAIL
24,US East Coast (Hampton Roads / Baltimore),East Coast India (Paradip / Visakhapatnam),Panamax,coal / coking coal,bull,69943.75,44.35,63.415605442559205,1040705.5642442276,3394819.6889287727,2000000.0,250000.0,-1750000.0,5144819.688928773,SAIL
24,US East Coast (Hampton Roads / Baltimore),East Coast India (Paradip / Visakhapatnam),Panamax,coal / coking coal,bull,69943.75,44.35,63.415605442559205,1040705.5642442276,3394819.6889287727,2000000.0,500000.0,-1500000.0,4894819.688928773,SAIL
24,US East Coast (Hampton Roads / Baltimore),East Coast India (Paradip / Visakhapatnam),Panamax,coal / coking coal,bull,69943.75,44.35,63.415605442559205,1040705.5642442276,3394819.6889287727,2000000.0,1000000.0,-1000000.0,4394819.688928773,SAIL
