date,price,return_1d,change_7d
2019-01-02,54.06,,
2019-01-03,53.23,-0.015353311135775205,
2019-01-04,55.64,0.045275220740184086,
2019-01-07,57.1,0.02624011502516166,
2019-01-08,56.91,-0.0033274956217164142,
2019-01-09,59.46,0.04480759093305231,
2019-01-10,60.47,0.016986209216279802,
2019-01-11,59.24,-0.020340664792458996,0.09581945985941553
2019-01-14,58.8,-0.00742741390952073,0.10464024046590259
2019-01-15,58.65,-0.0025510204081632404,0.054097771387491056
2019-01-16,59.81,0.019778346121057222,0.047460595446584986
2019-01-17,59.85,0.0006687844841999357,0.05166051660516624
2019-01-18,62.04,0.03659147869674184,0.043390514631685084
2019-01-21,62.18,0.002256608639587432,0.02827848519927234
2019-01-22,60.9,-0.020585397233837233,0.02802160702228229
2019-01-23,61.05,0.0024630541871921707,0.03826530612244894
2019-01-24,61.09,0.0006552006552007494,0.0416027280477409
2019-01-25,61.49,0.006547716483876309,0.028088948336398634
2019-01-28,59.71,-0.028947796389656832,-0.002339181286549752
2019-01-29,60.98,0.021269469100653193,-0.01708575112830435
2019-01-30,61.89,0.014922925549360588,-0.004663879060791243
2019-01-31,62.46,0.009209888511875874,0.025615763546798176
2019-02-01,61.86,-0.009606147934678178,0.013267813267813233
2019-02-04,62.26,0.0064662140316844585,0.019152070715337866
2019-02-05,61.67,-0.009476389335046465,0.0029273052528866472
2019-02-06,62.22,0.00891843684125182,0.04203650979735385
2019-02-07,61.01,-0.019447123111539732,0.0004919645785503857
2019-02-08,61.37,0.005900672020980213,-0.008402003554693893
2019-02-11,61.3,-0.0011406224539677323,-0.018571886007044514
2019-02-12,62.58,0.02088091353996746,0.011639185257031892
2019-02-13,63.27,0.011025886864813206,0.016222293607452754
2019-02-14,64.0,0.011537853643116769,0.037781741527485035
2019-02-15,65.65,0.02578125000000009,0.05512696882031509
2019-02-18,66.41,0.011576542269611467,0.08851008031470253
2019-02-19,65.86,-0.008281885258244248,0.07316278311878777
2019-02-20,66.82,0.014576374126935798,0.09004893964110927
2019-02-21,66.91,0.001346902125112237,0.06919143496324698
2019-02-22,66.91,0.0,0.05753121542595219
2019-02-25,64.02,-0.04319234793005533,0.00031249999999993783
2019-02-26,64.51,0.007653858169322181,-0.017364813404417423
2019-02-27,65.55,0.01612153154549678,-0.012949856949254657
2019-02-28,65.03,-0.007932875667429395,-0.012602490130580013
2019-03-01,63.71,-0.020298323850530542,-0.04654295121221175
2019-03-04,64.44,0.011458169832051501,-0.036915259303542
2019-03-05,64.24,-0.0031036623215394687,-0.039904349125691296
2019-03-06,64.51,0.004202988792030071,0.007653858169322181
2019-03-07,64.82,0.004805456518369056,0.004805456518369056
2019-03-08,65.66,0.012958963282937441,0.0016781083142638487
2019-03-11,65.06,-0.009137983551629536,0.0004613255420575779
2019-03-12,65.33,0.004150015370427251,0.025427719353319667
2019-03-13,65.89,0.008571865911526144,0.02250155183116087
2019-03-14,66.18,0.004401274852026127,0.03019925280199276
2019-03-15,66.11,-0.0010577213659717088,0.024802356223841082
2019-03-18,66.65,0.008168204507638777,0.028232027152113703
2019-03-19,67.13,0.007201800450112428,0.02238805970149249
2019-03-20,68.35,0.018173692834798194,0.050568705810021486
2019-03-21,68.3,-0.000731528895391298,0.04546150313791508
2019-03-22,66.29,-0.029428989751097978,0.006070723933829125
2019-03-25,67.37,0.016292050082968856,0.017981263221517052
2019-03-26,67.51,0.002078076295086939,0.021176826501285717
2019-03-27,67.35,-0.0023700192564065636,0.010502625656414022
2019-03-28,66.08,-0.0188567186340014,-0.015641293013555768
2019-03-29,67.93,0.02799636803874095,-0.006144842721287347
2019-04-01,69.08,0.01692919181510355,0.011420204978038084
2019-04-02,69.68,0.008685581933989717,0.051138934982652096
2019-04-03,69.21,-0.0067451205510908885,0.027311859878283995
2019-04-04,69.8,0.008524779656119197,0.03392090060731734
2019-04-05,69.93,0.0018624641833813183,0.03830734966592453
2019-04-08,71.12,0.017017017017016967,0.07627118644067798
2019-04-09,71.02,-0.0014060742407200344,0.04548800235536565
2019-04-10,71.63,0.008589129822585084,0.03691372321945563
2019-04-11,71.3,-0.004607008236772292,0.02324913892078051
2019-04-12,71.57,0.0037868162692846763,0.03409911862447612
2019-04-15,70.9,-0.009361464300684519,0.015759312320916985
2019-04-16,70.74,-0.0022566995768690257,0.011583011583011338
2019-04-17,71.14,0.005654509471303415,0.00028121484814391806
2019-04-18,70.71,-0.006044419454596661,-0.004364967614756465
2019-04-22,70.71,0.0,-0.012843780538880356
2019-04-23,74.39,0.05204355819544637,0.043338008415147344
2019-04-24,73.59,-0.01075413362011024,0.02822411624982557
2019-04-25,74.94,0.018344883815735846,0.05698166431593776
2019-04-26,71.03,-0.05217507339204697,0.004099519366695059
2019-04-29,71.22,0.0026749260875686964,0.0011245431543436268
2019-04-30,72.19,0.013619769727604591,0.02093056144816874
2019-05-01,72.01,-0.002493420141293723,0.01838495262339146
2019-05-02,70.56,-0.020136092209415368,-0.051485414706277655
2019-05-03,71.95,0.019699546485260733,-0.022285636635412387
2019-05-06,71.95,0.0,-0.03989858553509462
2019-05-07,70.98,-0.013481584433634453,-0.0007039279177811775
2019-05-08,71.09,0.0015497323189630485,-0.0018253299634933828
2019-05-09,70.61,-0.006752004501336395,-0.021886687906912283
2019-05-10,71.63,0.014445545956663253,-0.005277044854881452
2019-05-13,72.35,0.01005165433477595,0.025368480725623366
2019-05-14,72.53,0.0024879060124396446,0.008061153578874158
2019-05-15,73.09,0.007720943058044938,0.01584433634468385
2019-05-16,74.7,0.022027637159666158,0.052409129332206206
2019-05-17,73.94,-0.01017402945113799,0.04009002672668438
2019-05-20,73.21,-0.009872869894509084,0.03682197988953395
2019-05-21,72.94,-0.00368802076219088,0.018288426636884125
2019-05-22,71.94,-0.013709898546750754,-0.00566689702833445
2019-05-23,68.37,-0.04962468723936608,-0.05735557700261951
2019-05-24,67.98,-0.005704256252742401,-0.06991380489807086
2019-05-28,70.19,0.03250956163577512,-0.06037483266398935
2019-05-29,70.64,0.006411169682291051,-0.04463078171490398
2019-05-30,69.55,-0.015430351075877757,-0.049993170331921855
2019-05-31,66.78,-0.03982746225736877,-0.08445297504798455
2019-06-03,63.16,-0.054207846660676906,-0.12204614956908533
2019-06-04,63.56,0.0063331222292590805,-0.07035249378382336
2019-06-05,62.14,-0.022341095028319713,-0.0859076198882025
2019-06-06,62.77,0.010138397167685831,-0.10571306453910811
2019-06-07,64.1,0.02118846582762446,-0.09258210645526621
2019-06-10,64.31,0.0032761310452418257,-0.07534148094895754
2019-06-11,63.56,-0.01166226092365108,-0.048218029350104774
2019-06-12,61.66,-0.029893014474512314,-0.023749208359721385
2019-06-13,63.28,0.02627311060655213,-0.004405286343612369
2019-06-14,63.13,-0.002370417193426011,0.015931766977792083
2019-06-17,62.56,-0.009028987802946253,-0.0033455472359407157
2019-06-18,63.35,0.012627877237851637,-0.0117004680187206
2019-06-19,62.85,-0.007892659826361448,-0.022702534598040724
2019-06-20,65.44,0.04120922832140006,0.029578351164254224
2019-06-21,65.99,0.008404645476772554,0.07022380797924099
2019-06-24,65.16,-0.012577663282315465,0.02970922882427307
2019-06-25,66.24,0.016574585635359185,0.04926342467923317
2019-06-26,66.85,0.009208937198067702,0.06857416879795375
2019-06-27,66.78,-0.0010471204188480243,0.05414364640883984
2019-06-28,67.52,0.011081162024558111,0.07430389817024663
2019-07-01,65.1,-0.03584123222748814,-0.005195599022004949
2019-07-02,62.72,-0.03655913978494618,-0.049552962570086345
2019-07-03,63.53,0.01291454081632648,-0.025015346838551222
2019-07-04,63.62,0.0014166535495041543,-0.03955314009661837
2019-07-05,64.23,0.009588179817667575,-0.039192221391174176
2019-07-08,64.89,0.010275572162540714,-0.028301886792452824
2019-07-09,64.3,-0.009092310063183895,-0.047689573459715584
2019-07-10,66.41,0.032814930015552024,0.020122887864823413
2019-07-11,67.64,0.018521307032073553,0.07844387755102034
2019-07-12,66.65,-0.014636309875813103,0.049110656382811424
2019-07-15,66.86,0.0031507876969241178,0.050927381326626886
2019-07-16,65.87,-0.014807059527370603,0.025533239919040884
2019-07-17,63.67,-0.03339911947775931,-0.01880104792726145
2019-07-18,60.7,-0.04664677242029214,-0.055987558320373165
2019-07-19,61.04,0.005601317957166341,-0.08086131606685731
2019-07-22,61.96,0.015072083879423381,-0.08397397989355415
2019-07-23,62.28,0.005164622336991664,-0.06556639159789956
2019-07-24,63.83,0.02488760436737314,-0.045318576129225296
2019-07-25,63.47,-0.005639981200062705,-0.0364354030666465
2019-07-26,62.46,-0.01591302977784781,-0.019004240615674628
2019-07-29,62.29,-0.0027217419148255484,0.026194398682042763
2019-07-30,62.55,0.004174024723069492,0.024737876802096936
2019-07-31,64.07,0.024300559552357992,0.03405422853453821
2019-08-01,62.9,-0.018261276728578024,0.009955041746949167
2019-08-02,61.12,-0.02829888712241657,-0.04245652514491616
2019-08-05,59.32,-0.02945026178010468,-0.06538522136442415
2019-08-06,58.63,-0.011631827376938575,-0.06131924431636249
2019-08-07,55.03,-0.06140201262152489,-0.11655161342109488
2019-08-08,56.29,0.02289660185353437,-0.10007993605115906
2019-08-09,57.37,0.01918635636880439,-0.10457312314655842
2019-08-12,57.13,-0.004183371099877875,-0.09173290937996814
2019-08-13,59.9,0.048485909329599064,-0.019960732984293128
2019-08-14,57.86,-0.03405676126878132,-0.024612272420768688
2019-08-15,57.37,-0.008468717594192876,-0.021490704417533757
2019-08-16,59.0,0.028412062053338127,0.07214246774486632
2019-08-19,59.79,0.013389830508474532,0.06217800675075491
2019-08-20,59.03,-0.012711155711657485,0.028934983440822792
2019-08-21,60.6,0.026596645773335537,0.060738666199894986
2019-08-22,59.81,-0.013036303630363011,-0.0015025041736226319
2019-08-23,58.64,-0.01956194616284901,0.013480815762184628
2019-08-26,58.64,0.0,0.022137005403521037
2019-08-27,58.44,-0.0034106412005457942,-0.009491525423728886
2019-08-28,60.42,0.033880903490759895,0.010536879076768813
2019-08-29,60.59,0.002813637868255503,0.026427240386244222
2019-08-30,61.04,0.007426968146558854,0.007260726072607193
2019-09-02,58.55,-0.04079292267365664,-0.021066711252299086
2019-09-03,57.93,-0.010589239965841157,-0.012107776261937264
2019-09-04,60.68,0.047471085793198586,0.0347885402455661
2019-09-05,62.7,0.033289386947923605,0.0728952772073923
2019-09-06,61.28,-0.022647527910685805,0.014233697451175198
2019-09-09,63.99,0.04422323759791125,0.05611487044066665
2019-09-10,64.67,0.010626660415689937,0.059469200524246535
2019-09-11,63.02,-0.025514148755218735,0.07634500426985502
2019-09-12,60.76,-0.035861631228181645,0.04885206283445531
2019-09-13,61.25,0.008064516129032251,0.009393539881344726
2019-09-16,68.42,0.11706122448979595,0.09122807017543866
2019-09-17,65.59,-0.04136217480268922,0.07033289817232369
2019-09-18,64.29,-0.019820094526604604,0.00468823253633377
2019-09-19,64.25,-0.0006221807435060622,-0.00649451059223749
2019-09-20,65.23,0.015252918287937733,0.03506823230720402
2019-09-23,64.66,-0.008738310593285448,0.06418696510862398
2019-09-24,64.13,-0.008196721311475419,0.04702040816326525
2019-09-25,62.41,-0.0268205208170903,-0.08783981292019882
2019-09-26,62.08,-0.0052876141643967145,-0.05351425522183262
2019-09-27,62.48,0.006443298969072142,-0.02815367864364615
2019-09-30,60.99,-0.023847631241997402,-0.05073929961089496
2019-10-01,60.06,-0.015248401377275012,-0.0792580101180439
2019-10-02,57.92,-0.035631035631035646,-0.10423755026291359
2019-10-03,58.01,0.001553867403314868,-0.09543115546546077
2019-10-04,59.13,0.019307016031718804,-0.05255568017945833
2019-10-07,59.46,0.005580923389142622,-0.04220360824742264
2019-10-08,58.14,-0.02219979818365292,-0.0694622279129321
2019-10-09,59.7,0.026831785345717174,-0.021151008362026547
2019-10-10,59.08,-0.01038525963149084,-0.01631701631701643
2019-10-11,60.59,0.02555856465809092,0.046098066298342566
2019-10-14,58.81,-0.029377785113055,0.013790725736942067
2019-10-15,59.19,0.0064614861418126335,0.0010147133434803557
2019-10-16,59.3,0.0018584220307484856,-0.002690884628321677
2019-10-17,59.35,0.000843170320404818,0.020811833505332
2019-10-18,59.96,0.010278011794439657,0.004355108877721836
2019-10-21,58.95,-0.01684456304202797,-0.002200406228842211
2019-10-22,60.5,0.026293469041560602,-0.0014853936293117709
2019-10-23,60.52,0.00033057851239681746,0.02907668763815674
2019-10-24,61.71,0.0196629213483146,0.042574759249873306
2019-10-25,62.06,0.005671690163668863,0.046543001686340624
2019-10-28,60.39,-0.026909442475024248,0.017523167649536653
2019-10-29,61.05,0.010928961748633892,0.0181787858572382
2019-10-30,60.22,-0.013595413595413608,0.021543681085665733
2019-10-31,59.3,-0.015277316506144167,-0.01983471074380172
2019-11-01,60.17,0.014671163575042279,-0.00578321216126898
2019-11-04,62.52,0.03905600797739739,0.01312591152163356
2019-11-05,62.72,0.0031989763275750427,0.010634869481147113
2019-11-06,62.11,-0.009725765306122458,0.028481536678258035
2019-11-07,62.6,0.007889228787634872,0.025389025389025432
2019-11-08,62.0,-0.009584664536741228,0.029558286283626778
2019-11-11,62.58,0.009354838709677349,0.05531197301854984
2019-11-12,62.19,-0.0062320230105464836,0.033571547282698955
2019-11-13,62.27,0.0012863804470173434,-0.003998720409468914
2019-11-14,62.46,0.0030512285209571832,-0.004145408163265252
2019-11-15,63.32,0.01376881203970548,0.019481564965384113
2019-11-18,62.82,-0.007896399241945629,0.003514376996805124
2019-11-19,62.37,-0.007163323782235054,0.005967741935483772
2019-11-20,63.8,0.022927689594356204,0.019495046340683997
2019-11-21,64.99,0.01865203761755474,0.045023315645602136
2019-11-22,64.83,-0.0024619172180334603,0.04111128954552745
2019-11-25,64.67,-0.0024679932130186044,0.03538264489273146
2019-11-26,64.82,0.0023194680686560165,0.023689197725836886
2019-11-27,65.03,0.003239740820734527,0.03517987901942066
2019-11-28,64.68,-0.0053821313240042246,0.0370370370370372
2019-11-29,64.5,-0.00278293135436003,0.010971786833855912
2019-12-02,63.2,-0.020155038759689825,-0.027542698876750094
2019-12-03,62.95,-0.003955696202531667,-0.02899892025296924
2019-12-04,65.25,0.03653693407466241,0.008968609865470878
2019-12-05,65.67,0.006436781609195474,0.013113236655353466
2019-12-06,66.5,0.012638952337444831,0.022604951560817987
2019-12-09,66.44,-0.0009022556390977376,0.027210884353741305
2019-12-10,66.57,0.001956652618904098,0.03209302325581387
2019-12-11,65.37,-0.018026137899954775,0.034335443037974755
2019-12-12,66.67,0.019886798225485558,0.05909451945988886
2019-12-13,67.44,0.011549422528873476,0.03356321839080456
2019-12-16,68.04,0.008896797153024938,0.0360895386021014
2019-12-17,68.99,0.013962375073486077,0.03744360902255628
2019-12-18,69.12,0.001884331062472988,0.040337146297411364
2019-12-19,69.7,0.00839120370370372,0.047018176355716035
2019-12-20,68.66,-0.014921090387374547,0.05032889704757526
2019-12-23,67.49,-0.017040489367899814,0.012299385030748455
2019-12-24,69.26,0.02622610757149224,0.026986951364175615
2019-12-26,69.26,0.0,0.01793062904174003
2019-12-27,68.91,-0.00505342188853608,-0.0011595883461370526
2019-12-30,68.3,-0.008852125961398949,-0.011863425925926041
2019-12-31,67.77,-0.007759882869692536,-0.027690100430416198
2020-01-02,67.05,-0.010624169986719778,-0.023448878531896256
2020-01-03,69.08,0.030275913497390006,0.023559045784560695
2020-01-06,70.25,0.016936884771279637,0.014293964770430101
2020-01-07,68.74,-0.021494661921708236,-0.007507941091539294
2020-01-08,67.31,-0.02080302589467553,-0.02321869104629215
2020-01-09,66.58,-0.010845342445401918,-0.02518301610541729
2020-01-10,66.77,0.0028537098227696678,-0.014755791648221939
2020-01-13,64.14,-0.03938894713194541,-0.04340044742729299
2020-01-14,64.45,0.004833177424384161,-0.06702374059061955
2020-01-15,63.29,-0.01799844840961995,-0.09907473309608539
2020-01-16,64.63,0.021172381102859683,-0.05979051498399768
2020-01-17,64.05,-0.008974160606529447,-0.0484326251671372
2020-01-20,64.63,0.009055425448867949,-0.029288074496845895
2020-01-21,63.66,-0.015008509979885454,-0.04657780440317505
2020-01-22,62.11,-0.024348099277411217,-0.03164951668225757
2020-01-23,61.26,-0.013685396876509492,-0.04949573312645472
2020-01-24,59.34,-0.03134182174338873,-0.06241112340022115
2020-01-27,58.54,-0.013481631277384665,-0.09422868636855941
2020-01-28,59.37,0.014178339596856881,-0.07306791569086646
2020-01-29,59.46,0.001515917129863542,-0.0799938109237196
2020-01-30,57.72,-0.029263370332996974,-0.09330819981149852
2020-01-31,57.77,0.0008662508662509172,-0.06987602640476565
2020-02-03,54.0,-0.06525878483642034,-0.11851126346718899
2020-02-04,53.9,-0.0018518518518518823,-0.0916750926862151
2020-02-05,55.36,0.027087198515769906,-0.054321831226511796
2020-02-06,55.18,-0.0032514450867051625,-0.0705743641569816
2020-02-07,54.53,-0.011779630300833621,-0.08291288261015806
2020-02-10,53.39,-0.020905923344947785,-0.07501732501732494
2020-02-11,54.0,0.011425360554411013,-0.06525878483642034
2020-02-12,55.54,0.02851851851851861,0.02851851851851861
2020-02-13,56.34,0.014404033129276295,0.045269016697588205
2020-02-14,57.37,0.018281860134895078,0.036307803468208055
2020-02-17,57.83,0.008018127941432862,0.04802464661109096
2020-02-18,57.35,-0.008300190212692349,0.051714652484870616
2020-02-19,59.72,0.04132519616390584,0.11856152837610034
2020-02-20,59.57,-0.0025117213663764515,0.10314814814814821
2020-02-21,58.6,-0.01628336410945108,0.05509542671948142
2020-02-24,56.71,-0.032252559726962504,0.006567270145544812
2020-02-25,55.29,-0.02503967554223241,-0.03625588286560921
2020-02-26,54.96,-0.005968529571351078,-0.04962822064672312
2020-02-27,52.19,-0.05040029112081523,-0.08997384481255455
2020-02-28,51.31,-0.016861467714121448,-0.14082384460817143
2020-03-02,52.52,0.023582147729487524,-0.1183481618264226
2020-03-03,52.24,-0.005331302361005319,-0.10853242320819112
2020-03-04,51.86,-0.0072741194486983796,-0.08552283547875161
2020-03-05,51.29,-0.010991129965291169,-0.07234581298607345
2020-03-06,45.6,-0.11093780464028069,-0.17030567685589515
2020-03-09,35.33,-0.22521929824561404,-0.3230503927955547
2020-03-10,35.57,0.0067930936880837844,-0.306762814266225
2020-03-11,34.45,-0.03148720832161922,-0.34405940594059403
2020-03-12,31.02,-0.09956458635703924,-0.4062021439509954
2020-03-13,32.25,0.03965183752417789,-0.3781334361743155
2020-03-16,27.98,-0.1324031007751938,-0.45447455644375123
2020-03-17,27.97,-0.00035739814152968563,-0.3866228070175439
2020-03-18,22.79,-0.18519842688594923,-0.35493914520237757
2020-03-19,23.98,0.05221588415971934,-0.325836378971043
2020-03-20,25.55,0.06547122602168476,-0.258345428156749
2020-03-23,23.75,-0.07045009784735812,-0.2343649258542876
2020-03-24,24.5,0.03157894736842115,-0.24031007751937983
2020-03-25,25.62,0.04571428571428582,-0.0843459614010007
2020-03-26,23.55,-0.08079625292740045,-0.15802645691812656
2020-03-27,22.39,-0.049256900212314214,-0.0175515577007459
2020-03-30,19.19,-0.14292094685127288,-0.19974979149291072
2020-03-31,14.85,-0.2261594580510683,-0.4187866927592955
2020-04-01,14.97,0.008080808080808133,-0.3696842105263157
2020-04-02,20.24,0.35203740814963247,-0.17387755102040825
2020-04-03,24.33,0.20207509881422925,-0.050351288056206145
2020-04-06,22.58,-0.07192766132346895,-0.04118895966029734
2020-04-07,22.1,-0.021257750221434724,-0.012952210808396591
2020-04-08,25.22,0.14117647058823524,0.3142261594580509
2020-04-09,20.23,-0.19785884218873906,0.36228956228956233
2020-04-14,21.74,0.07464162135442409,0.45223780895123555
2020-04-15,19.8,-0.08923643054277819,-0.021739130434782483
2020-04-16,18.69,-0.05606060606060603,-0.2318125770653513
2020-04-17,19.75,0.05671482075976453,-0.12533215234720985
2020-04-20,17.36,-0.12101265822784812,-0.2144796380090499
2020-04-21,9.12,-0.4746543778801844,-0.6383822363203806
2020-04-22,13.77,0.5098684210526316,-0.31932773109243706
2020-04-23,15.06,0.09368191721132901,-0.3072677092916283
2020-04-24,15.87,0.05378486055776888,-0.1984848484848486
2020-04-27,15.17,-0.04410838059231248,-0.18833600856072774
2020-04-28,15.6,0.028345418589321048,-0.21012658227848102
2020-04-29,17.86,0.1448717948717948,0.02880184331797242
2020-04-30,18.11,0.01399776035834277,0.9857456140350878
2020-05-01,18.49,0.02098288238542234,0.34277414669571526
2020-05-04,20.4,0.10329908058409942,0.3545816733067728
2020-05-05,25.46,0.24803921568627474,0.6042848141146819
2020-05-06,24.2,-0.049489395129615144,0.5952537903757416
2020-05-07,24.23,0.0012396694214875659,0.5532051282051282
2020-05-11,25.53,0.05365249690466367,0.42945128779395314
2020-05-12,26.67,0.044653349001175124,0.47266703478741046
2020-05-13,27.89,0.04574428196475444,0.5083829096809087
2020-05-14,29.87,0.07099318752240946,0.46421568627450993
2020-05-15,30.95,0.03615667894208219,0.21563236449332268
2020-05-18,33.3,0.07592891760904674,0.37603305785123964
2020-05-19,33.06,-0.007207207207207023,0.36442426743706147
2020-05-20,34.76,0.051421657592256365,0.36153544849197017
2020-05-21,34.78,0.0005753739930955959,0.3040869891263591
2020-05-22,33.8,-0.02817711328349637,0.21190390821082805
2020-05-26,33.95,0.004437869822485396,0.13659189822564444
2020-05-27,32.73,-0.035935198821796965,0.05751211631663966
2020-05-28,33.98,0.038191261839291224,0.02042042042042036
2020-05-29,34.15,0.0050029429075928444,0.032970356926799615
2020-06-01,36.74,0.0758418740849196,0.05696202531645578
2020-06-02,37.72,0.02667392487751763,0.08453133985048877
2020-06-03,37.98,0.006892895015906619,0.12366863905325443
2020-06-04,38.41,0.01132174828857302,0.13136966126656824
2020-06-05,41.0,0.06743035667794861,0.2526733883287504
2020-06-08,39.66,-0.03268292682926832,0.16715715126545017
2020-06-09,40.45,0.01991931417044901,0.1844802342606151
2020-06-10,41.18,0.018046971569839254,0.12084921066956977
2020-06-11,37.76,-0.08305002428363284,0.0010604453870626251
2020-06-12,38.54,0.02065677966101709,0.014744602422327668
2020-06-15,39.44,0.023352361183186288,0.02681593335068988
2020-06-16,40.75,0.03321501014198791,-0.0060975609756097615
2020-06-17,40.47,-0.006871165644171784,0.0204236006051437
2020-06-18,41.75,0.031628366691376364,0.03213844252163156
2020-06-19,42.33,0.013892215568862332,0.027926177756192327
2020-06-22,43.2,0.020552799433026347,0.14406779661016955
2020-06-23,42.72,-0.011111111111111183,0.10845874416190959
2020-06-24,40.4,-0.054307116104868935,0.024340770791074995
2020-06-25,41.18,0.019306930693069324,0.010552147239263787
2020-06-26,40.97,-0.005099562894609,0.012354830738818823
2020-06-29,41.58,0.014888943129118815,-0.004071856287425235
2020-06-30,41.64,0.0014430014430015792,-0.016300496102055195
2020-07-01,42.18,0.012968299711815456,-0.023611111111111138
2020-07-02,43.19,0.023944997629208098,0.01100187265917607
2020-07-03,42.92,-0.006251447094234641,0.06237623762376243
2020-07-06,42.73,-0.004426840633737328,0.03763963088878097
2020-07-07,43.28,0.012871518839223217,0.05638271906272885
2020-07-08,43.67,0.00901109057301297,0.050264550264550456
2020-07-09,42.35,-0.030226700251889227,0.01705091258405389
2020-07-10,43.27,0.021723730814639852,0.025841631104789098
2020-07-13,42.85,-0.00970649410677149,-0.007872192637184416
2020-07-14,42.97,0.0028004667444574416,0.0011649580615096244
2020-07-15,43.96,0.023039329764952265,0.028785396676807906
2020-07-16,43.71,-0.005686988171064611,0.009935304990757787
2020-07-17,43.53,-0.0041180507892930596,-0.0032058621479276184
2020-07-20,43.3,-0.0052837123822652154,0.022432113341204207
2020-07-21,44.31,0.023325635103926157,0.024035128264386474
2020-07-22,43.98,-0.007447528774543133,0.026371061843640575
2020-07-23,42.96,-0.023192360163710735,-0.00023272050267619804
2020-07-24,43.29,0.007681564245810124,-0.015241128298453144
2020-07-27,43.39,0.002310002310002446,-0.0073209791809654146
2020-07-28,43.11,-0.006453099792578909,-0.009648518263266737
2020-07-29,43.51,0.00927858965437256,0.00484988452655899
2020-07-30,42.98,-0.012181107791312318,-0.03001579778830976
2020-07-31,43.13,0.003489995346672936,-0.019326966803092205
2020-08-03,43.76,0.014607002086714393,0.01862197392923637
2020-08-04,43.99,0.0052559414990860365,0.016170016170016233
2020-08-05,44.92,0.021141168447374348,0.035261581009449205
2020-08-06,45.04,0.002671415850400649,0.044769195082347446
2020-08-07,44.07,-0.02153641207815271,0.012870604458745216
2020-08-10,44.19,0.002722940776038074,0.028152629129827744
2020-08-11,43.68,-0.011541072640868899,0.012752144678877642
2020-08-12,45.09,0.03228021978021989,0.030393053016453564
2020-08-13,44.87,-0.004879130627633788,0.020004546487838004
2020-08-14,44.86,-0.00022286605749943789,-0.0013357079252004356
2020-08-17,44.91,0.0011145786892554632,-0.002886323268206148
2020-08-18,45.34,0.009574704965486625,0.02881778987973682
2020-08-19,45.21,-0.0028672254080283066,0.02308214528173802
2020-08-20,44.56,-0.014377350143773504,0.020146520146520297
2020-08-21,43.94,-0.013913824057450674,-0.02550454646263045
2020-08-24,44.43,0.011151570323167936,-0.009806106529975489
2020-08-25,46.01,0.03556155750618939,0.025635309852875654
2020-08-26,45.79,-0.004781569224081683,0.019594745045646844
2020-08-27,44.84,-0.020746887966804906,-0.011027790030877838
2020-08-28,45.22,0.008474576271186418,0.00022119000221176854
2020-09-01,45.72,0.011057054400707589,0.0260323159784559
2020-09-02,42.7,-0.06605424321959752,-0.0282203004096494
2020-09-03,42.72,0.0004683840749413193,-0.03848750844024307
2020-09-04,41.1,-0.037921348314606695,-0.10671593131927837
2020-09-07,40.67,-0.010462287104622825,-0.11181480672635946
2020-09-08,38.53,-0.05261863781657239,-0.14072256913470116
2020-09-09,39.98,0.037633013236439083,-0.11587793011941627
2020-09-10,39.27,-0.017758879439719655,-0.1410761154855642
2020-09-11,38.8,-0.011968423733129785,-0.09133489461358324
2020-09-14,38.57,-0.00592783505154626,-0.09714419475655423
2020-09-15,39.54,0.02514907959554047,-0.03795620437956215
2020-09-16,41.23,0.042741527567020654,0.013769363166953319
2020-09-17,42.35,0.02716468590831922,0.09914352452634301
2020-09-18,42.16,-0.0044864226682409525,0.054527263631815925
2020-09-21,40.37,-0.04245730550284632,0.028011204481792618
2020-09-22,40.84,0.011642308645033683,0.05257731958762912
2020-09-23,41.09,0.006121449559255643,0.06533575317604368
2020-09-24,41.24,0.003650523241664594,0.04299443601416297
2020-09-25,40.91,-0.008001939864209606,-0.007761338830948317
2020-09-28,41.59,0.01662185284771467,-0.017945690672963366
2020-09-29,40.33,-0.03029574416927161,-0.043406072106261795
2020-09-30,40.3,-0.0007438631291842857,-0.0017339608620262625
2020-10-01,39.75,-0.013647642679900707,-0.026689520078354678
2020-10-02,38.0,-0.04402515723270439,-0.07520077877829168
2020-10-05,39.78,0.04684210526315802,-0.035402521823472366
2020-10-06,41.27,0.03745600804424343,0.00879980444879025
2020-10-07,40.62,-0.015749939423310044,-0.02332291416205834
2020-10-08,42.0,0.033973412112260126,0.0414083808579222
2020-10-09,41.63,-0.008809523809523712,0.0330024813895784
2020-10-12,40.5,-0.02714388662022582,0.018867924528301883
2020-10-13,41.34,0.020740740740740726,0.08789473684210525
2020-10-14,41.81,0.011369134010643434,0.05103066867772754
2020-10-15,41.61,-0.0047835446065535026,0.008238429852192697
2020-10-16,41.34,-0.006488824801730297,0.017725258493353158
2020-10-19,41.29,-0.0012094823415579325,-0.016904761904761978
2020-10-20,41.62,0.00799224993945269,-0.0002402113860198174
2020-10-21,40.09,-0.036761172513214646,-0.010123456790123386
2020-10-22,41.28,0.02968321277126451,-0.0014513788098694524
2020-10-23,40.71,-0.01380813953488369,-0.026309495336043986
2020-10-26,39.06,-0.040530582166543816,-0.0612833453496755
2020-10-27,39.72,0.016897081413210335,-0.03918722786647322
2020-10-28,37.86,-0.04682779456193353,-0.08307096149188664
2020-10-29,36.56,-0.03433703116745901,-0.1215761653051417
2020-10-30,36.33,-0.006291028446389624,-0.09378897480668513
2020-11-02,37.78,0.03991191852463527,-0.0847868217054264
2020-11-03,38.17,0.010322922181048133,-0.062392532547285606
2020-11-04,39.68,0.03955986376735643,0.015873015873015817
2020-11-05,39.47,-0.005292338709677491,-0.006294058408861991
2020-11-06,38.08,-0.035216620217887074,0.005810882197569978
2020-11-09,40.93,0.07484243697478998,0.1195295404814003
2020-11-10,42.25,0.03225018323967754,0.1629507294247179
2020-11-11,42.5,0.00591715976331364,0.12493382742191628
2020-11-12,42.16,-0.008000000000000118,0.10453235525281612
2020-11-13,41.51,-0.015417457305502813,0.04611895161290325
2020-11-16,42.71,0.02890869669959062,0.08208766151507474
2020-11-17,42.54,-0.003980332474830317,0.11712184873949583
2020-11-18,42.91,0.008697696285848489,0.04837527485951609
2020-11-19,43.09,0.004194826380797156,0.01988165680473375
2020-11-20,43.79,0.016245068461359757,0.03035294117647047
2020-11-23,45.0,0.027631879424526273,0.06736242884250476
2020-11-24,46.63,0.03622222222222238,0.12334377258491935
2020-11-25,47.3,0.014368432339695314,0.10746897682041667
2020-11-26,46.32,-0.020718816067653245,0.08885754583921024
2020-11-27,46.88,0.012089810017271274,0.09251922628757869
2020-11-30,46.84,-0.0008532423208190698,0.08702715247157111
2020-12-01,47.03,0.004056362083689091,0.07398949531856602
2020-12-02,47.8,0.016372528173506096,0.06222222222222218
2020-12-03,48.37,0.01192468619246867,0.037315033240403084
2020-12-04,49.1,0.01509199917304116,0.038054968287526414
2020-12-07,48.63,-0.0095723014256619,0.04987046632124348
2020-12-08,48.84,0.0043183220234424,0.04180887372013653
2020-12-09,48.81,-0.0006142506142506887,0.04205807002561901
2020-12-10,50.33,0.03114115959844277,0.07016797788645546
2020-12-11,50.01,-0.00635803695608983,0.046234309623431
2020-12-14,50.27,0.005198960207958514,0.0392805457928469
2020-12-15,50.77,0.009946290033817418,0.03401221995926673
2020-12-16,50.83,0.0011818002757533197,0.04523956405510998
2020-12-17,51.2,0.007279165846940883,0.04832104832104833
2020-12-18,52.17,0.018945312499999867,0.06883835279655814
2020-12-21,50.61,-0.029902242668200185,0.0055632823365785455
2020-12-22,49.88,-0.014424026872159601,-0.002599480103979146
2020-12-23,51.05,0.02345629510825975,0.01551621245275503
2020-12-24,50.88,-0.003330068560234989,0.002166633838881271
2020-12-28,50.88,0.0,0.0009836710603974286
2020-12-29,50.44,-0.008647798742138502,-0.014843750000000044
2020-12-30,50.74,0.0059476605868358234,-0.02741038911251681
2020-12-31,51.22,0.009459992116673144,0.012052953961667612
2021-01-04,50.37,-0.016595080046856725,0.009823576583801064
2021-01-05,53.16,0.05539011316259668,0.04133202742409403
2021-01-06,53.8,0.012039127163280705,0.0573899371069182
2021-01-07,53.7,-0.0018587360594793934,0.05542452830188682
2021-01-08,55.51,0.03370577281191789,0.10051546391752586
2021-01-11,54.84,-0.012069897315798883,0.08080409932991728
2021-01-12,55.98,0.020787746170678245,0.09293244826239744
2021-01-13,55.52,-0.00821722043586981,0.10224339884852096
2021-01-14,55.76,0.004322766570605152,0.04890895410082763
2021-01-15,54.8,-0.017216642754662836,0.018587360594795488
2021-01-18,54.21,-0.010766423357664201,0.009497206703910521
2021-01-19,55.38,0.021582733812949728,-0.0023419203747071515
2021-01-20,55.66,0.0050559768869626875,0.014952589350838652
2021-01-21,55.68,0.00035932446999642487,-0.005359056806002127
2021-01-22,55.22,-0.008261494252873591,-0.005403458213256607
2021-01-25,55.44,0.003984063745019917,-0.0057388809182209455
2021-01-26,55.26,-0.0032467532467532756,0.008394160583941712
2021-01-27,55.07,-0.0034382917119073486,0.015864231691569808
2021-01-28,54.87,-0.003631741420010992,-0.009209100758396649
2021-01-29,55.25,0.006925460178603959,-0.007366151634926266
2021-02-01,56.42,0.021176470588235352,0.013290229885057459
2021-02-02,57.62,0.021269053527118054,0.043462513582035456
2021-02-03,58.61,0.017181534189517622,0.05717893217893222
2021-02-04,58.98,0.006312915884661319,0.0673181324647123
2021-02-05,59.48,0.008477449983045116,0.08007989831124007
2021-02-08,60.17,0.011600537995965166,0.09659194459631859
2021-02-09,60.74,0.009473159381751639,0.09936651583710421
2021-02-10,61.17,0.007079354626275958,0.08419000354484218
2021-02-11,61.09,-0.0013078306359326497,0.06022214508851098
2021-02-12,62.47,0.022589621869373078,0.06585906841835865
2021-02-15,63.58,0.01776852889386915,0.07799253984401489
2021-02-16,63.96,0.005976722239698029,0.07531943510423678
2021-02-17,65.02,0.01657285803627251,0.08060495263420298
2021-02-18,64.09,-0.014303291294986087,0.0551531116233126
2021-02-19,62.84,-0.01950382274925888,0.027300964525094118
2021-02-22,64.73,0.03007638446849148,0.0595842200032739
2021-02-23,65.16,0.006642978526185672,0.04306066912117812
2021-02-24,66.85,0.025936157151626782,0.05143126769424344
2021-02-25,66.69,-0.0023934181002243093,0.04268292682926833
2021-02-26,65.86,-0.012445644024591362,0.01291910181482625
2021-03-01,64.56,-0.019738839963559074,0.007333437353721273
2021-03-02,63.17,-0.021530359355638184,0.0052514322087842125
2021-03-03,64.7,0.024220357764761724,-0.0004634636181060081
2021-03-04,67.32,0.040494590417310405,0.03314917127071815
2021-03-05,69.95,0.03906714200831862,0.04637247569184755
2021-03-08,68.0,-0.027877055039313814,0.019643124906282727
2021-03-09,67.03,-0.014264705882352957,0.01776495596720329
2021-03-10,67.53,0.0074593465612411425,0.046003717472118844
2021-03-11,69.34,0.02680290241374217,0.09767294601867982
2021-03-12,68.87,-0.006778194404384208,0.06445131375579605
2021-03-15,68.78,-0.0013068099317555815,0.021687462863933638
2021-03-16,67.95,-0.012067461471357954,-0.028591851322373074
2021-03-17,67.73,-0.0032376747608535705,-0.003970588235294059
2021-03-18,62.11,-0.08297652443525771,-0.07339997016261379
2021-03-19,64.0,0.030429882466591618,-0.052273063823485844
2021-03-22,63.89,-0.0017187499999999911,-0.07859821171041248
2021-03-23,59.96,-0.0615119737048051,-0.12937418324379268
2021-03-24,63.7,0.06237491661107408,-0.07385867984879324
2021-03-25,61.21,-0.03908948194662487,-0.09919058130978664
2021-03-26,63.77,0.04182323149812128,-0.05846744426398942
2021-03-29,64.06,0.004547592912027554,0.03139591048140411
2021-03-30,63.28,-0.012176084920387131,-0.011249999999999982
2021-03-31,63.52,0.0037926675094817064,-0.005791203631241193
2021-04-01,63.85,0.005195214105793378,0.0648765843895931
2021-04-06,61.47,-0.03727486296006266,-0.0350078492935636
2021-04-07,61.86,0.006344558321132343,0.010619179872569884
2021-04-08,62.09,0.003718073068218697,-0.026344676180021898
2021-04-09,61.89,-0.0032211306168465903,-0.033874492663128364
2021-04-12,62.38,0.00791727258038466,-0.014222503160556288
2021-04-13,62.83,0.0072138505931387265,-0.010862720403022719
2021-04-14,66.11,0.05220436097405701,0.035395458104933386
2021-04-15,66.13,0.00030252609287551024,0.07580933788840083
2021-04-16,65.98,-0.002268259488885427,0.06660200452634979
2021-04-19,66.54,0.00848742043043349,0.07167015622483497
2021-04-20,65.34,-0.0180342651036971,0.0557440620455647
2021-04-21,64.02,-0.020202020202020332,0.026290477717217042
2021-04-22,65.07,0.01640112464854737,0.035651758713989956
2021-04-23,65.75,0.010450284309205582,-0.005445469671759184
2021-04-26,65.5,-0.0038022813688213253,-0.00952668985331917
2021-04-27,66.25,0.011450381679389388,0.004092149136101897
2021-04-28,67.08,0.012528301886792326,0.008115419296663484
2021-04-29,68.26,0.017590936195587492,0.0446893174165901
2021-04-30,67.73,-0.007764430120128951,0.057950640424867306
2021-05-04,68.91,0.017422117230178502,0.05901337021668973
2021-05-05,69.71,0.011609345523146075,0.060228136882129135
2021-05-06,68.62,-0.015636207143881697,0.0476335877862597
2021-05-07,68.73,0.0016030311862431645,0.03743396226415108
2021-05-10,68.61,-0.0017459624618071379,0.02280858676207509
2021-05-11,68.83,0.00320652966039936,0.008350424846176319
2021-05-12,69.62,0.011477553392416295,0.027904916580540284
2021-05-13,67.36,-0.032461936225222754,-0.02249310695109563
2021-05-14,69.24,0.027909738717339705,-0.006742217759288516
2021-05-17,69.62,0.005488157134604377,0.014573010784028062
2021-05-18,69.01,-0.008761850043091046,0.004073912410883285
2021-05-19,66.88,-0.03086509201565002,-0.025214983238595057
2021-05-20,65.18,-0.025418660287081174,-0.05302920238268183
2021-05-21,66.72,0.023626879410862056,-0.04165469692617074
2021-05-24,68.59,0.028027577937649983,0.01826009501187653
2021-05-25,68.8,0.0030616707974921997,-0.006354708261120723
2021-05-26,68.93,0.0018895348837211223,-0.009910945130709559
2021-05-27,69.43,0.007253735673871997,0.006086074481959081
2021-05-28,69.36,-0.0010082097076192786,0.037081339712918826
2021-06-01,70.03,0.009659746251441836,0.07440932801472844
2021-06-02,70.6,0.008139368841924899,0.05815347721822528
2021-06-03,70.71,0.001558073654390979,0.03090829566992248
2021-06-04,71.3,0.00834394003676997,0.036337209302325535
2021-06-07,70.89,-0.0057503506311360475,0.028434643841578344
2021-06-08,71.39,0.007053180984624152,0.028229871813337137
2021-06-09,71.31,-0.0011206051267684813,0.028114186851211143
2021-06-10,71.65,0.004767914738465828,0.023132943024418262
2021-06-11,72.05,0.005582693649685888,0.02053824362606238
2021-06-14,72.27,0.003053435114503733,0.02206194314806953
2021-06-15,73.38,0.015359070153590615,0.02917251051893399
2021-06-16,73.88,0.0068138457345325865,0.0421780222880519
2021-06-17,72.92,-0.012994044396318238,0.02143157304944676
2021-06-18,73.1,0.0024684585847503104,0.025101668770158403
2021-06-21,74.49,0.019015047879616942,0.03963712491277027
2021-06-22,74.92,0.005772586924419398,0.039833448993754406
2021-06-23,75.22,0.004004271222637357,0.04081915040819162
2021-06-24,75.95,0.009704865727200307,0.03502316707549746
2021-06-25,76.45,0.006583278472679366,0.034786139685977435
2021-06-28,74.78,-0.02184434270765212,0.025507405375754244
2021-06-29,75.38,0.008023535704733797,0.03119015047879614
2021-06-30,76.94,0.020695144600689774,0.03289032084843613
2021-07-01,76.69,-0.0032492851572654136,0.02362520021356107
2021-07-02,77.51,0.010692397965836653,0.03044403084286107
2021-07-05,78.34,0.010708295703780069,0.031468071099407524
2021-07-06,75.81,-0.03229512381924948,-0.008371484630477433
2021-07-07,74.31,-0.019786307874950504,-0.006285102968708212
2021-07-08,75.07,0.010227425649306898,-0.004112496683470468
2021-07-09,77.14,0.027574264020247874,0.0025994281258123753
2021-07-12,76.77,-0.0047964739434794845,0.001043160777154828
2021-07-13,77.5,0.00950892275628501,-0.00012901561088896063
2021-07-14,75.74,-0.022709677419354923,-0.03318866479448568
2021-07-15,74.53,-0.015975706363876352,-0.016884316053291104
2021-07-16,74.46,-0.0009392191064001576,0.002018570851836765
2021-07-19,69.33,-0.0688960515713134,-0.07646196882909273
2021-07-20,70.03,0.010096639261502949,-0.09217008037334717
2021-07-21,72.54,0.03584178209338873,-0.055099648300117154
2021-07-22,74.25,0.023573200992555776,-0.041935483870967794
2021-07-23,74.86,0.00821548821548812,-0.01161869553736461
2021-07-26,74.79,-0.0009350788137856281,0.0034885281094860776
2021-07-27,74.87,0.0010696617194811964,0.005506312113886747
2021-07-28,75.09,0.002938426606117206,0.0830809173517959
2021-07-29,76.3,0.01611399653748835,0.08953305726117367
2021-07-30,77.72,0.018610747051114096,0.07140887786049066
2021-08-02,73.91,-0.049022130725681956,-0.004579124579124572
2021-08-03,73.24,-0.009065079150317956,-0.021640395404755597
2021-08-04,70.99,-0.030720917531403602,-0.05080893167535783
2021-08-05,72.14,0.016199464713339884,-0.03646320288500071
2021-08-06,71.02,-0.01552536734128096,-0.0542016247170064
2021-08-09,69.65,-0.019290340749084645,-0.08715596330275222
2021-08-10,71.14,0.021392677674084704,-0.08466289243437986
2021-08-11,71.99,0.011948271014900147,-0.02597754025165744
2021-08-12,71.79,-0.0027781636338378712,-0.019797924631348884
2021-08-13,70.9,-0.012397269814737433,-0.001267784194956878
2021-08-16,70.07,-0.01170662905500719,-0.02869420571111736
2021-08-17,69.4,-0.009561866704723698,-0.022810475922275253
2021-08-18,68.61,-0.011383285302593804,-0.014931801866475358
2021-08-19,66.8,-0.026380994024194804,-0.06100646612313754
2021-08-20,65.51,-0.01931137724550891,-0.09001250173635211
2021-08-23,69.07,0.0543428484200883,-0.03788828527650112
2021-08-24,71.21,0.03098306066309542,0.004372355430183106
2021-08-25,72.12,0.012779104058418866,0.02925645782788666
2021-08-26,70.42,-0.023571824736550284,0.014697406340057562
2021-08-27,72.26,0.02612894064186322,0.05319924209298943
2021-08-31,73.45,0.016468308884583394,0.09955089820359286
2021-09-01,71.99,-0.019877467665078363,0.09891619600061041
2021-09-02,73.56,0.021808584525628616,0.06500651512957889
2021-09-03,73.07,-0.00666122892876575,0.02611992697654819
2021-09-06,72.43,-0.008758724510742888,0.004298391569606208
2021-09-07,71.52,-0.012563854756316606,0.015620562340244115
2021-09-08,72.36,0.011744966442952975,0.001383891502906076
2021-09-09,71.32,-0.014372581536760687,-0.028999319264806145
2021-09-10,72.44,0.015703869882220944,0.006250868176135516
2021-09-13,72.97,0.00731639977912768,-0.008020663404023964
2021-09-14,73.05,0.001096340962039255,-0.00027371014096067015
2021-09-15,74.84,0.024503764544832496,0.03327350545354135
2021-09-16,75.14,0.004008551576696995,0.05061521252796419
2021-09-17,74.64,-0.006654245408570625,0.031509121061359835
2021-09-20,73.59,-0.014067524115755625,0.03182837913628722
2021-09-21,73.65,0.0008153281695881809,0.016703478741027178
2021-09-22,75.5,0.02511880515953835,0.03467178292448958
2021-09-23,76.44,0.012450331125827718,0.04640657084188904
2021-09-24,77.42,0.012820512820512775,0.034473543559593756
2021-09-27,78.85,0.018470679411004776,0.049374500931594234
2021-09-28,78.3,-0.0069752694990488084,0.04903536977491951
2021-09-29,77.86,-0.005619412515964206,0.05802418806903109
2021-09-30,77.81,-0.0006421782686873989,0.056483367277664565
2021-10-01,79.4,0.020434391466392476,0.051655629139072845
2021-10-04,81.44,0.025692695214105665,0.065410779696494
2021-10-05,82.72,0.015717092337917515,0.06845776285197624
2021-10-06,81.39,-0.016078336557059925,0.03221306277742553
2021-10-07,82.34,0.011672195601425184,0.051596424010217135
2021-10-08,82.17,-0.00206461015302406,0.055355766760852854
2021-10-11,83.75,0.01922842886698306,0.07633980208199453
2021-10-12,83.53,-0.0026268656716418315,0.052015113350125874
2021-10-13,83.53,0.0,0.025663064833005844
2021-10-14,83.86,0.003950676403687181,0.013781431334622729
2021-10-15,84.67,0.009658955401860236,0.0402997911291314
2021-10-18,84.13,-0.006377701665288837,0.021739130434782483
2021-10-19,85.02,0.010578866040651391,0.03468419131069722
2021-10-20,85.76,0.008703834391907916,0.02400000000000002
2021-10-21,84.58,-0.013759328358209033,0.012570334011732243
2021-10-22,85.43,0.010049657129345135,0.02274631868789667
2021-10-25,84.85,-0.006789184127355852,0.01180538993560698
2021-10-26,85.11,0.00306423099587505,0.005196645801346378
2021-10-27,84.12,-0.011632005639760301,-0.00011886366337798826
2021-10-28,83.4,-0.008559201141226769,-0.01905434015525742
2021-10-29,83.1,-0.003597122302158362,-0.031016791044776282
2021-11-01,84.51,0.016967509025271,-0.0008276188224165537
2021-11-02,84.42,-0.0010649627263046302,-0.011822544773498866
2021-11-03,81.1,-0.039327173655531955,-0.04419563936358284
2021-11-04,80.15,-0.011713933415536282,-0.05827752320526369
2021-11-05,82.43,0.028446662507797926,-0.02009034712315738
2021-11-08,83.22,0.00958388936066945,-0.0021582733812950394
2021-11-09,84.52,0.015621244893054609,0.01708784596871249
2021-11-10,82.91,-0.01904874585896832,-0.018932670689859266
2021-11-11,83.4,0.005910022916415514,-0.012082444918265711
2021-11-12,82.9,-0.005995203836930418,0.022194821208384896
2021-11-15,81.94,-0.011580217129071313,0.022333125389893738
2021-11-16,82.85,0.011105687088113214,0.005095232318330645
2021-11-17,80.67,-0.026312613156306508,-0.03064167267483775
2021-11-18,82.45,0.022065203917193577,-0.024491244675816315
2021-11-19,80.24,-0.026804123711340333,-0.0322035942588349
2021-11-22,80.97,0.009097706879362066,-0.029136690647482144
2021-11-23,83.43,0.030381622823268062,0.006393244873341475
2021-11-24,82.37,-0.01270526189620047,0.005247742250427123
2021-11-25,82.05,-0.003884909554449534,-0.00965600482800233
2021-11-26,72.37,-0.11797684338817782,-0.10288831040039659
2021-11-29,73.34,0.013403343927041567,-0.11049120679199509
2021-11-30,70.86,-0.03381510771748031,-0.1168993020937188
2021-12-01,69.53,-0.018769404459497596,-0.14128689638137581
2021-12-02,70.56,0.014813749460664383,-0.15426105717367855
2021-12-03,70.71,0.002125850340136015,-0.14155639189025138
2021-12-06,73.38,0.03775986423419608,-0.10566727605118831
2021-12-07,75.54,0.029435813573180925,0.043802680668785454
2021-12-08,75.94,0.005295207836907512,0.03545132260703565
2021-12-09,74.1,-0.024229654990782223,0.045723962743437596
2021-12-10,74.98,0.01187584345479098,0.0783834316122538
2021-12-13,74.12,-0.011469725260069397,0.0504535147392291
2021-12-14,73.37,-0.0101187263896384,0.03761844152170846
2021-12-15,73.71,0.004634046613056997,0.0044971381847915826
2021-12-16,74.64,0.012617012617012646,-0.011914217633042123
2021-12-17,72.97,-0.022374062165058994,-0.03910982354490389
2021-12-20,70.51,-0.03371248458270515,-0.04844804318488516
2021-12-21,72.85,0.033186782016735084,-0.02840757535342775
2021-12-22,74.69,0.025257378174330825,0.007690232056125179
2021-12-23,76.26,0.021020216896505683,0.03938939621098547
2021-12-24,75.24,-0.013375295043273172,0.020757020757020683
2021-12-29,78.63,0.045055821371610794,0.053456591639871265
2021-12-30,78.61,-0.00025435584382549337,0.07729203782376315
2021-12-31,77.24,-0.017427808166899927,0.09544745426180667
2022-01-03,78.25,0.013076126359399254,0.0741249142072753
2022-01-04,79.39,0.014568690095846604,0.06292676395769181
2022-01-05,80.6,0.015241214258722602,0.05691056910569081
2022-01-06,81.99,0.01724565756823826,0.08971291866028719
2022-01-07,82.28,0.003537016709354912,0.04641994149815609
2022-01-10,81.56,-0.008750607681088929,0.037527032184200504
2022-01-11,84.98,0.04193231976459044,0.10020714655618868
2022-01-12,85.83,0.01000235349493983,0.09686900958466449
2022-01-13,85.8,-0.0003495281370150538,0.08074064743670473
2022-01-14,87.17,0.015967365967366032,0.0815136476426801
2022-01-17,87.82,0.007456693816680016,0.07110623246737413
2022-01-18,88.83,0.011500797084946557,0.07960622265435102
2022-01-19,89.64,0.00911854103343468,0.09906817067189788
2022-01-20,89.75,0.0012271307452029756,0.05613085431866316
2022-01-21,89.75,0.0,0.04567167656996385
2022-01-24,87.74,-0.02239554317548753,0.02261072261072261
2022-01-25,89.49,0.01994529291087299,0.02661466100722709
2022-01-26,91.22,0.019331768912727698,0.038715554543384156
2022-01-27,90.7,-0.00570050427537816,0.021051446583361555
2022-01-28,91.47,0.008489525909592066,0.020414993306559603
2022-01-31,92.35,0.00962064064720658,0.028969359331476152
2022-02-01,90.24,-0.022847861396859792,0.005459610027855
2022-02-02,91.43,0.013187056737588687,0.0420560747663552
2022-02-03,92.99,0.017062233402602933,0.03911051514135666
2022-02-04,96.86,0.041617378212711165,0.06182854637140989
2022-02-07,97.28,0.004336155275655562,0.07254685777287762
2022-02-08,96.07,-0.012438322368421129,0.05028971247403513
2022-02-09,94.95,-0.011658165920682695,0.028153762858689868
2022-02-10,96.37,0.014955239599789394,0.06792996453900724
2022-02-11,97.5,0.011725640759572498,0.06638958766269276
2022-02-14,101.66,0.04266666666666663,0.09323583180987205
2022-02-15,98.43,-0.03177257525083599,0.016208961387569776
2022-02-16,97.44,-0.010057909174032376,0.00164473684210531
2022-02-17,95.28,-0.02216748768472898,-0.008223170604767294
2022-02-18,96.18,0.009445843828715494,0.012954186413902002
2022-02-21,98.95,0.028800166354751466,0.02677181695548403
2022-02-22,98.73,-0.002223345123799847,0.012615384615384695
2022-02-23,99.29,0.005672034842499674,-0.023313004131418347
2022-02-24,101.29,0.020143015409406884,0.029056182058315505
2022-02-25,98.56,-0.026952315134761595,0.011494252873563315
2022-02-28,103.08,0.04586038961038952,0.08186397984886651
2022-03-01,110.93,0.07615444315095088,0.15335828654605943
2022-03-02,118.94,0.07220769854863418,0.20202122283981794
2022-03-03,115.36,-0.030099209685555683,0.16843917755494786
2022-03-04,123.86,0.07368238557558948,0.24745694430456222
2022-03-07,129.02,0.04165993864040063,0.2737683877974133
2022-03-08,133.18,0.03224306309099356,0.3512581168831168
2022-03-09,116.58,-0.12464333984081699,0.130966239813737
2022-03-10,114.54,-0.01749871332990216,0.03254304516361661
2022-03-11,118.11,0.031168150864326893,-0.006978308390785282
2022-03-14,110.39,-0.06536279739226147,-0.04308252427184467
2022-03-15,105.14,-0.047558655675332906,-0.15113838204424346
2022-03-16,104.61,-0.005040897850485115,-0.18919547356998923
2022-03-17,113.5,0.08498231526622702,-0.14776993542573968
2022-03-18,114.32,0.007224669603524081,-0.019385829473323124
2022-03-21,122.29,0.06971658502449274,0.06766195215645188
2022-03-22,121.53,-0.006214735464878607,0.02895605791211575
2022-03-23,127.52,0.04928824158643952,0.15517709937494328
2022-03-24,123.98,-0.027760351317440368,0.17918965189271452
2022-03-25,122.67,-0.010566220358122269,0.17264123888729577
2022-03-28,114.5,-0.0666014510475259,0.008810572687224738
2022-03-29,112.79,-0.014934497816593839,-0.01338348495451358
2022-03-30,115.59,0.024824895824097748,-0.05478779949300849
2022-03-31,107.29,-0.07180551950860803,-0.1171727145560767
2022-04-01,106.13,-0.010811818436014642,-0.1677383939774153
2022-04-04,108.15,0.01903326109488379,-0.12768188417486692
2022-04-05,106.6,-0.01433194637078139,-0.13100187494905036
2022-04-06,100.81,-0.054315196998123705,-0.11956331877729254
2022-04-07,99.83,-0.00972125781172506,-0.11490380352868168
2022-04-08,101.26,0.014324351397375645,-0.12397266199498225
2022-04-11,97.92,-0.03298439660280472,-0.0873333954702209
2022-04-12,104.42,0.06638071895424846,-0.016112315085272666
2022-04-13,108.49,0.03897720743152644,0.0031437817845583194
2022-04-14,110.83,0.02156880818508622,0.0396810506566605
2022-04-19,105.49,-0.04818190020752511,0.046423965876401185
2022-04-20,105.05,-0.004171011470281538,0.05228889111489532
2022-04-21,107.2,0.02046644455021429,0.0586608730001974
2022-04-22,105.15,-0.019123134328358216,0.07383578431372562
2022-04-25,99.27,-0.05592011412268194,-0.049320053629572924
2022-04-26,102.89,0.0364662032839731,-0.0516176606138814
2022-04-27,103.3,0.003984838176693595,-0.0679418929892629
2022-04-28,105.78,0.02400774443368836,0.002749075741776519
2022-04-29,108.36,0.024390243902439046,0.03150880533079481
2022-05-03,104.94,-0.031561461794019974,-0.021082089552238892
2022-05-04,110.53,0.05326853440060986,0.051165002377555835
2022-05-05,112.11,0.014294761603184547,0.1293442127530977
2022-05-06,113.86,0.015609669075015598,0.10661871902031295
2022-05-09,106.67,-0.06314772527665558,0.032623426911907005
2022-05-10,102.61,-0.03806131058404427,-0.029967857818113064
2022-05-11,107.7,0.04960530162752175,-0.006090808416389759
2022-05-12,108.06,0.003342618384401197,0.029731275014293956
2022-05-13,112.12,0.037571719415139704,0.014385234777888334
2022-05-16,114.86,0.024438102033535358,0.024529479975024637
2022-05-17,112.89,-0.017151314643914284,-0.008519234147198351
2022-05-18,110.04,-0.02524581450969965,0.03159276272616496
2022-05-19,113.22,0.028898582333696687,0.10340122795049211
2022-05-20,113.63,0.003621268327150595,0.05506035283194044
2022-05-23,115.13,0.01320073924139753,0.06542661484360535
2022-05-24,115.77,0.005558933379657738,0.032554405993578284
2022-05-25,116.41,0.005528202470415522,0.013494689186836162
2022-05-26,119.81,0.029207112790997414,0.06129860926565689
2022-05-27,121.19,0.011518237208913984,0.10132679025808788
2022-05-30,123.01,0.015017740737684582,0.08646882176293946
2022-05-31,125.53,0.020486139338265152,0.10472586464842037
2022-06-01,122.2,-0.026527523301202893,0.06140884217840714
2022-06-03,125.68,0.02847790507364989,0.08560076012783968
2022-06-06,124.99,-0.005490133672819919,0.07370500816081083
2022-06-07,126.89,0.015201216097287862,0.05909356481095074
2022-06-08,129.2,0.0182047442666875,0.0660945622576119
2022-06-09,128.47,-0.00565015479876152,0.04438663523290787
2022-06-10,127.44,-0.008017435977271004,0.015215486337927242
2022-06-13,128.44,0.007846829880728157,0.051063829787233894
2022-06-14,127.02,-0.01105574587355962,0.010661998726925415
2022-06-15,124.96,-0.016217918438041323,-0.00024001920153615686
2022-06-16,125.78,0.006562099871959104,-0.00874773425801878
2022-06-17,119.22,-0.05215455557322313,-0.07724458204334361
2022-06-20,118.25,-0.008136218755242397,-0.07955164629874678
2022-06-21,118.51,0.002198731501057205,-0.07007219083490268
2022-06-22,115.54,-0.025061176272044516,-0.10043600124571783
2022-06-23,114.5,-0.009001211701575307,-0.09856715477877498
2022-06-24,117.36,0.024978165938864594,-0.0608194622279129
2022-06-27,119.69,0.019853442399454746,-0.048417872475751356
2022-06-28,122.21,0.021054390508814302,0.02507968461667498
2022-06-29,120.8,-0.01153751738810238,0.021564482029598375
2022-06-30,119.78,-0.00844370860927146,0.01071639524090795
2022-07-01,119.21,-0.00475872432793456,0.03176389129305868
2022-07-04,121.8,0.02172636523781568,0.06375545851528375
2022-07-05,110.49,-0.09285714285714286,-0.05853783231083853
2022-07-06,108.54,-0.017648655986967077,-0.0931573230846352
2022-07-07,113.4,0.04477611940298498,-0.07208902708452658
2022-07-08,113.95,0.004850088183421475,-0.056705298013244976
2022-07-11,114.85,0.007898200965335667,-0.04115879111704801
2022-07-12,106.98,-0.06852416195036992,-0.10259206442412538
2022-07-13,107.17,0.0017760329033464917,-0.12011494252873556
2022-07-14,107.74,0.005318652608006014,-0.024889130238030632
2022-07-15,112.26,0.04195284945238553,0.03427307904919852
2022-07-18,117.27,0.04462854088722601,0.034126984126984006
2022-07-19,114.96,-0.019698132514709643,0.008863536638876512
2022-07-20,115.86,0.007828810020876986,0.00879407923378328
2022-07-21,112.81,-0.026324874848955626,0.05449616750794539
2022-07-22,106.77,-0.05354135271695781,-0.003732387795091996
2022-07-25,108.23,0.013674253067341047,0.004547985891962147
2022-07-26,107.32,-0.00840801995749807,-0.04400498841973999
2022-07-27,109.64,0.021617592247484163,-0.0650635286091924
2022-07-28,109.68,0.00036483035388545915,-0.045929018789143905
2022-07-29,111.51,0.016684901531728746,-0.03754531330916622
2022-08-01,106.09,-0.04860550623262494,-0.05956918712880066
2022-08-02,106.51,0.003958902818361754,-0.0024351409571976568
2022-08-03,101.82,-0.04403342409163469,-0.05922572299732065
2022-08-04,97.99,-0.03761539972500494,-0.08693626537458066
2022-08-05,100.31,0.023675885294417887,-0.08509668004377957
2022-08-08,103.46,0.031402651779483426,-0.05671043034281553
2022-08-09,103.81,0.003382949932341006,-0.06905210295040809
2022-08-10,105.06,0.012041229168673562,-0.009708737864077666
2022-08-11,107.19,0.020274129069103308,0.006384377053797685
2022-08-12,103.7,-0.03255900737009043,0.018463956000785764
2022-08-15,98.25,-0.05255544840887172,0.0026533319726502747
2022-08-16,95.36,-0.029414758269720065,-0.04934702422490278
2022-08-17,97.22,0.019505033557047025,-0.06031316450802238
2022-08-18,96.35,-0.00894877597202226,-0.07186205567864379
2022-08-19,96.45,0.0010378827192527584,-0.08195316961736154
2022-08-22,95.06,-0.014411612234318305,-0.11316354137512818
2022-08-23,99.49,0.046602146013044354,-0.040597878495660655
2022-08-24,99.87,0.0038194793446577613,0.01648854961832069
2022-08-25,98.81,-0.010613797937318536,0.03617869127516782
2022-08-26,101.13,0.02347940491853051,0.04021806212713419
2022-08-30,99.34,-0.017699990111737285,0.03103269330565661
2022-08-31,96.55,-0.028085363398429708,0.0010368066355623817
2022-09-01,92.24,-0.04464008285862253,-0.029665474437197692
2022-09-02,93.09,0.00921509106678231,-0.06432807317318312
2022-09-05,94.22,0.012138790417875134,-0.056573545609292175
2022-09-06,91.43,-0.02961154744215655,-0.07468879668049788
2022-09-07,86.83,-0.050311713879470754,-0.1414021556412538
2022-09-08,87.99,0.013359437982264133,-0.11425407690759015
2022-09-09,91.68,0.04193658370269371,-0.05044018643190051
2022-09-12,93.45,0.019306282722513002,0.013117953165654894
2022-09-13,92.04,-0.01508828250401284,-0.011279407025459154
2022-09-14,92.83,0.008583224684919566,-0.014752706431755525
2022-09-15,89.28,-0.03824194764623501,-0.023515257574100445
2022-09-16,89.43,0.0016801075268817467,0.02994356789128183
2022-09-20,89.62,0.002124566700212327,0.018524832367314614
2022-09-21,89.86,0.0026779736665922815,-0.019851657940663237
2022-09-22,90.4,0.006009347874471382,-0.032637774210807935
2022-09-23,84.29,-0.06758849557522117,-0.08420252064319855
2022-09-26,82.55,-0.020643018151619508,-0.11074006247980184
2022-09-27,85.97,0.04142943670502719,-0.0370743727598567
2022-09-28,89.55,0.041642433407002466,0.0013418316001341246
2022-09-29,89.41,-0.0015633724176438157,-0.002343226958268385
2022-09-30,88.9,-0.005704059948551499,-0.010683285110171359
2022-10-03,90.68,0.02002249718785154,0.003097345132743401
2022-10-04,93.74,0.033745037494485874,0.11211294340965705
2022-10-05,94.35,0.006507360785150462,0.1429436705027256
2022-10-06,95.65,0.01377848436671969,0.11259741770385023
2022-10-07,98.88,0.033768949294302075,0.10418760469011734
2022-10-10,97.13,-0.01769822006472488,0.08634380941729103
2022-10-11,95.17,-0.020179141356944208,0.07052868391451073
2022-10-12,93.44,-0.018177997268046697,0.030436700485222623
2022-10-13,95.16,0.018407534246575263,0.015148282483465003
2022-10-14,92.22,-0.03089533417402268,-0.02257551669316371
2022-10-17,91.04,-0.01279548904792882,-0.04819654992158917
2022-10-18,89.46,-0.017355008787346304,-0.09526699029126218
2022-10-19,91.34,0.021014978761457748,-0.059610830845258866
2022-10-20,91.52,0.0019706590759798193,-0.038352421981716955
2022-10-21,91.82,0.003277972027972087,-0.01733732876712335
2022-10-24,91.57,-0.002722718362012655,-0.03772593526691892
2022-10-25,91.76,0.002074915365294361,-0.0049880720017349
2022-10-26,92.93,0.012750653879686213,0.020760105448154764
2022-10-27,94.17,0.013343376735176937,0.052649228705566875
2022-10-28,94.64,0.004990973770840013,0.03612874972629743
2022-10-31,93.3,-0.014158918005071852,0.01944930069930062
2022-11-01,95.12,0.01950696677384789,0.03593988237856682
2022-11-02,96.07,0.00998738435660207,0.04914273233591793
2022-11-03,95.29,-0.008119079837618282,0.038469921534437734
2022-11-04,99.53,0.04449574981635007,0.07102119875174862
2022-11-07,99.87,0.003416055460665257,0.06052883083784644
2022-11-08,96.85,-0.030239311104435895,0.02335164835164827
2022-11-09,93.05,-0.03923593185338148,-0.002679528403001119
2022-11-10,94.25,0.012896292315959235,-0.009146341463414642
2022-11-11,96.37,0.022493368700265304,0.003122723014468809
2022-11-14,93.59,-0.028847151603196064,-0.01784027704900837
2022-11-15,94.3,0.007586280585532679,-0.05254697076258419
2022-11-16,92.61,-0.0179215270413573,-0.07269450285370982
2022-11-17,91.0,-0.017384731670445963,-0.0604026845637583
2022-11-18,88.93,-0.022747252747252644,-0.044277270284793
2022-11-21,88.44,-0.0055099516473632315,-0.061644562334217556
2022-11-22,88.65,0.002374491180461513,-0.080107917401681
2022-11-23,85.9,-0.031020868584320405,-0.0821668981728817
2022-11-24,85.59,-0.0036088474970896733,-0.0923647932131495
2022-11-25,83.4,-0.025587101296880466,-0.09944930353093606
2022-11-28,83.5,0.0011990407673860837,-0.08241758241758246
2022-11-29,83.22,-0.003353293413173697,-0.06420780389070069
2022-11-30,85.61,0.028719057918769497,-0.031999095431931246
2022-12-01,86.28,0.007826188529377331,-0.026734348561759824
2022-12-02,86.54,0.0030134445989802305,0.007450523864959369
2022-12-05,83.36,-0.036746013404206246,-0.026054445612805233
2022-12-06,79.92,-0.041266794625719694,-0.04172661870503602
2022-12-07,77.11,-0.035160160160160214,-0.07652694610778443
2022-12-08,76.02,-0.01413565036960196,-0.08651766402307137
2022-12-09,76.37,0.004604051565377576,-0.10793131643499587
2022-12-12,78.0,0.021343459473615267,-0.09596662030598058
2022-12-13,80.14,0.02743589743589747,-0.07395424081349666
2022-12-14,83.33,0.03980534065385566,-0.00035988483685223116
2022-12-15,82.34,-0.011880475219008702,0.030280280280280403
2022-12-16,80.2,-0.025989798396890973,0.04007262352483476
2022-12-19,81.66,0.018204488778054806,0.07419100236779785
2022-12-20,79.45,-0.027063433749693777,0.04032997250229142
2022-12-21,80.25,0.010069225928256653,0.028846153846153744
2022-12-22,79.58,-0.008348909657320935,-0.006987771400049914
2022-12-23,82.45,0.03606433777330986,-0.010560422416896587
2022-12-28,81.7,-0.0090964220739842,-0.007772649987855207
2022-12-29,80.96,-0.009057527539779842,0.009476309226932544
2022-12-30,82.82,0.022974308300395263,0.014205241244183098
2023-01-03,80.36,-0.02970297029702962,0.011453744493391982
2023-01-04,75.31,-0.06284221005475354,-0.06155763239875389
2023-01-05,76.73,0.018855397689549802,-0.035813018346318115
2023-01-06,76.41,-0.004170467874364703,-0.07325651910248643
2023-01-09,77.5,0.014265148540766992,-0.05140758873929008
2023-01-10,78.4,0.011612903225806548,-0.03162055335968361
2023-01-11,81.11,0.0345663265306122,-0.020647186669886408
2023-01-12,82.59,0.0182468252989767,0.027750124440020008
2023-01-13,83.43,0.010170722847802516,0.10782100650644
2023-01-16,82.65,-0.009349154980222929,0.07715365567574617
2023-01-17,84.38,0.020931639443436012,0.1043057191467085
2023-01-18,83.78,-0.00711068973690443,0.0810322580645162
2023-01-19,85.08,0.01551682979231317,0.08520408163265292
2023-01-20,86.96,0.022096850023507253,0.07212427567500912
2023-01-23,87.54,0.006669733210671769,0.05993461678169276
2023-01-24,85.25,-0.026159469956591352,0.021814694953853353
2023-01-25,85.08,-0.0019941348973607775,0.029401088929219554
2023-01-26,86.29,0.014221908791725468,0.02263569566247936
2023-01-27,85.36,-0.010777610383590264,0.01885891620911906
2023-01-30,84.9,-0.005388940955951216,-0.002115655853314413
2023-01-31,83.42,-0.017432273262661946,-0.0407083716651333
2023-02-01,81.61,-0.02169743466794538,-0.06774046150331281
2023-02-02,80.57,-0.012743536331332073,-0.05489736070381235
2023-02-03,78.85,-0.021347896239295006,-0.07322519981194175
2023-02-06,80.48,0.020672162333544852,-0.06733109282651528
2023-02-07,82.92,0.030318091451292162,-0.028584817244611038
2023-02-08,84.17,0.015074770863482856,-0.008598351001177895
2023-02-09,83.46,-0.008435309492693444,0.00047950131862850576
2023-02-10,85.46,0.023963575365444578,0.04717559122656523
2023-02-13,85.98,0.006084717996723832,0.0671465806131315
2023-02-14,84.96,-0.011863224005582818,0.0774889029803425
2023-02-15,84.11,-0.010004708097928416,0.04510437375745524
2023-02-16,83.84,-0.0032100820354297177,0.011095031355523366
2023-02-17,81.97,-0.02230438931297718,-0.026137578709754083
2023-02-20,82.79,0.010003659875564397,-0.008027797747423793
2023-02-21,82.14,-0.007851189757217103,-0.03884858413292758
2023-02-22,79.55,-0.03153153153153154,-0.07478483368225175
2023-02-23,82.08,0.031803896920175934,-0.03389830508474567
2023-02-24,82.31,0.00280214424951275,-0.021400546902865303
2023-02-27,81.24,-0.012999635524237774,-0.031011450381679517
2023-02-28,83.21,0.02424913835548992,0.015127485665487272
2023-03-01,83.68,0.005648359572167028,0.010750090590651018
2023-03-02,84.15,0.005616634799235243,0.0244704163623084
2023-03-03,85.74,0.018894830659536455,0.07781269641734756
2023-03-06,85.86,0.0013995801259623075,0.046052631578947345
2023-03-07,83.03,-0.03296063358956436,0.008747418296683351
2023-03-08,82.1,-0.011200770805732896,0.010585918266863503
2023-03-09,81.0,-0.013398294762484664,-0.026559307775507635
2023-03-10,82.3,0.016049382716049276,-0.01649139579349912
2023-03-13,79.67,-0.03195625759416765,-0.05323826500297091
2023-03-14,76.77,-0.036400150621312966,-0.10461861441567533
2023-03-15,74.3,-0.03217402631236155,-0.13463778243652458
2023-03-16,73.12,-0.015881561238223374,-0.11935445019872326
2023-03-17,71.03,-0.02858315098468278,-0.1348355663824603
2023-03-20,72.42,0.019569196114317844,-0.10592592592592587
2023-03-21,74.78,0.03258768296050807,-0.09137302551640336
2023-03-22,76.08,0.017384327360256746,-0.04506087611397014
2023-03-23,74.31,-0.023264984227129304,-0.03204376709652201
2023-03-24,73.63,-0.009150854528327423,-0.009017496635262523
2023-03-27,76.8,0.04305310335461088,0.05032822757111588
2023-03-28,78.07,0.016536458333333393,0.09911305082359556
2023-03-29,77.51,-0.007173049827078115,0.07028445180889253
2023-03-30,78.45,0.012127467423558302,0.04907729339395561
2023-03-31,79.19,0.009432759719566475,0.04087802313354372
2023-04-03,85.81,0.08359641368859716,0.15475709864082887
2023-04-04,85.7,-0.0012819018762382228,0.16392774684231992
2023-04-05,85.89,0.002217036172695419,0.11835937500000004
2023-04-06,86.56,0.0078006752823378545,0.10874855898552593
2023-04-11,87.32,0.008780036968576654,0.12656431428202786
2023-04-12,88.31,0.011337608795235932,0.12568514977692802
2023-04-13,86.51,-0.020382742611255722,0.09243591362545778
2023-04-14,87.31,0.009247485839787295,0.017480480130520837
2023-04-17,85.63,-0.019241782155537845,-0.0008168028004668093
2023-04-18,85.48,-0.0017517225271516113,-0.004773547560833591
2023-04-19,85.34,-0.0016378100140383989,-0.014094269870610021
2023-04-20,83.29,-0.024021560815561283,-0.046152084287677364
2023-04-21,83.36,0.0008404370272541151,-0.05605254218095346
2023-04-24,84.23,0.010436660268714038,-0.02635533464339379
2023-04-25,82.13,-0.024931734536388528,-0.05932882831290809
2023-04-26,79.19,-0.03579690734201868,-0.0752072871657129
2023-04-27,80.11,0.011617628488445497,-0.06282171268132897
2023-04-28,81.32,0.01510423168143804,-0.04710569486758853
2023-05-02,76.71,-0.05668962124938515,-0.07900108056189237
2023-05-03,72.91,-0.049537218094120705,-0.12535988483685223
2023-05-04,73.0,0.0012343985735838725,-0.13332541849697266
2023-05-05,75.85,0.039041095890410826,-0.0764641422135639
2023-05-09,77.76,0.02518127883981558,-0.018057835585301052
2023-05-10,76.7,-0.013631687242798396,-0.04256647110223444
2023-05-11,75.32,-0.01799217731421132,-0.07378258730939502
2023-05-12,74.54,-0.010355815188528794,-0.02828835875374769
2023-05-15,75.46,0.012342366514622949,0.034974626251542906
2023-05-16,75.15,-0.0041081367611978115,0.029452054794520732
2023-05-17,76.98,0.024351297405189598,0.01489782465392242
2023-05-18,75.75,-0.01597817614964936,-0.025848765432098797
2023-05-19,75.42,-0.00435643564356436,-0.016688396349413326
2023-05-22,75.77,0.004640678865022396,0.005974508762612851
2023-05-23,76.66,0.011746073643922328,0.028441105446739945
2023-05-24,77.99,0.017349334724758636,0.03352769679300294
2023-05-25,75.66,-0.029875625080138413,0.00678642714570854
2023-05-26,76.33,0.008855405762622226,-0.008443751623798512
2023-05-30,73.38,-0.03864797589414393,-0.031287128712871315
2023-05-31,71.98,-0.019078768056691064,-0.04561124370193581
2023-06-01,74.18,0.03056404556821346,-0.020984558532400555
2023-06-02,76.0,0.024534915071447783,-0.008609444299504276
2023-06-05,76.61,0.00802631578947377,-0.017694576227721415
2023-06-06,76.22,-0.005090719227254903,0.007401533174729025
2023-06-07,76.85,0.008265547100498427,0.006812524564391298
2023-06-08,75.88,-0.012621990891346746,0.03406922867266293
2023-06-09,74.74,-0.015023721665788137,0.0383439844401221
2023-06-12,71.8,-0.03933636606903934,-0.03208411970881653
2023-06-13,74.24,0.03398328690807806,-0.023157894736842155
2023-06-14,73.39,-0.0114493534482758,-0.042031066440412435
2023-06-15,75.75,0.03215696961438885,-0.006166360535292514
2023-06-16,76.76,0.01333333333333342,-0.0011711125569289216
2023-06-19,76.09,-0.008728504429390327,0.002767527675276771
2023-06-20,75.79,-0.003942699434879682,0.014048702167514193
2023-06-21,76.92,0.014909618683203618,0.07130919220055709
2023-06-22,73.93,-0.0388715548621944,-0.004175646551723977
2023-06-23,73.56,-0.005004734208034711,0.002316391879002566
2023-06-26,73.86,0.004078303425774754,-0.024950495049504973
2023-06-27,71.88,-0.026807473598700282,-0.06357477853048477
2023-06-28,73.64,0.024485253199777457,-0.03219871205151803
2023-06-29,73.86,0.002987506789788208,-0.0254651009367991
2023-06-30,74.51,0.00880043325209856,-0.031331253250129976
2023-07-03,74.52,0.0001342101731309775,0.007980522115514477
2023-07-04,76.23,0.022946859903381744,0.03629690048939649
2023-07-05,76.74,0.00669027941755207,0.038992688870836734
2023-07-06,76.72,-0.00026062027625739503,0.0673344462993879
2023-07-07,78.77,0.026720542231491118,0.06966322650733292
2023-07-10,77.83,-0.011933477212136556,0.0537503384782021
2023-07-11,79.54,0.02197096235384821,0.06750771708495495
2023-07-12,80.35,0.010183555443801673,0.07823403113258176
2023-07-13,81.31,0.011947728686994452,0.06664043027679378
2023-07-14,79.9,-0.01734104046242768,0.04117800364868396
2023-07-17,77.8,-0.026282853566958808,0.014077163712200136
2023-07-18,79.54,0.0223650385604115,0.009775295163133357
2023-07-19,79.38,-0.002011566507417739,0.0199151997944238
2023-07-20,79.62,0.003023431594860293,0.001005783253708703
2023-07-21,81.06,0.018085908063300682,0.00883634100808961
2023-07-24,82.53,0.0181347150259068,0.015004304513589917
2023-07-25,83.46,0.011268629589240131,0.04455569461827258
2023-07-26,82.98,-0.005751258087706601,0.0665809768637533
2023-07-27,84.28,0.01566642564473364,0.05959265778224787
2023-07-28,84.49,0.002491694352159346,0.06437389770723101
2023-07-31,85.22,0.008640075748609366,0.07033408691283594
2023-08-01,85.34,0.001408120159587023,0.05280039476930676
2023-08-02,84.01,-0.015584719943754322,0.01793287289470502
2023-08-03,86.19,0.02594929175098204,0.032710280373831724
2023-08-04,87.38,0.013806706114398493,0.053024825259098574
2023-08-07,86.47,-0.01041428244449527,0.025984812529662893
2023-08-08,88.0,0.017693997918353244,0.04154337791454621
2023-08-09,89.31,0.014886363636363642,0.04799342877258872
2023-08-10,87.44,-0.020938304781099593,0.02460745254276997
2023-08-11,87.93,0.0056038426349498405,0.04666111177240806
2023-08-14,87.4,-0.0060275218924144,0.01403875159531287
2023-08-15,86.28,-0.01281464530892451,-0.012588693064774503
2023-08-16,84.49,-0.0207464070468244,-0.022898114953162962
2023-08-17,85.24,0.008876790152680725,-0.03136363636363637
2023-08-18,85.92,0.00797747536367921,-0.0379576755122607
2023-08-21,85.44,-0.005586592178770999,-0.02287282708142724
2023-08-22,84.7,-0.008661048689138529,-0.0367337654952804
2023-08-23,83.94,-0.008972845336481794,-0.039588100686498984
2023-08-24,84.07,0.001548725279961749,-0.025614279091330627
2023-08-25,85.42,0.01605804686570722,0.011007219789324285
2023-08-29,86.37,0.011121517209084608,0.013256687001407919
2023-08-30,86.62,0.0028945235614217246,0.008147113594040967
2023-08-31,87.29,0.007734934195335885,0.021652621722846543
2023-09-01,89.98,0.030816817504868865,0.06233766233766236
2023-09-04,90.42,0.004889975550122161,0.07719799857040743
2023-09-05,91.25,0.009179385091793835,0.08540501962650171
2023-09-06,91.79,0.0059178082191782,0.07457269960196689
2023-09-07,91.16,-0.00686349275520215,0.05545907143684148
2023-09-08,91.85,0.007569109258446671,0.06037866543523429
2023-09-11,91.97,0.001306477953184615,0.05361438881887959
2023-09-12,93.58,0.01750570838316845,0.04000889086463655
2023-09-13,93.04,-0.005770463774310675,0.028975890289759
2023-09-14,95.2,0.023215821152192673,0.04328767123287669
2023-09-15,95.55,0.003676470588235281,0.04096306787231718
2023-09-18,95.95,0.004186289900575568,0.052544975866608334
2023-09-19,96.11,0.0016675351745700784,0.046379967338051165
2023-09-20,94.56,-0.016127354073457445,0.028161356964227613
2023-09-21,93.7,-0.009094754653130255,0.0012823252831801746
2023-09-22,93.99,0.003094983991462019,0.010210662080825328
2023-09-25,94.01,0.00021278859453133236,-0.012499999999999956
2023-09-26,94.46,0.0047867248165087695,-0.011407639979068573
2023-09-27,97.1,0.02794833792081297,0.011985409067222452
2023-09-28,96.64,-0.004737384140061751,0.005514514618666144
2023-09-29,95.86,-0.008071192052980125,0.013747884940778388
2023-10-02,91.21,-0.048508241185061585,-0.026574172892209313
2023-10-03,94.46,0.03563205788838952,0.005000531971486311
2023-10-04,89.83,-0.04901545627778947,-0.04446335496223808
2023-10-05,88.28,-0.0172548146498942,-0.06542451831463048
2023-10-06,87.86,-0.004757589487992764,-0.09515962924819765
2023-10-09,91.37,0.03994992032779421,-0.054532284768211925
2023-10-10,90.7,-0.007332822589471433,-0.05382849989568117
2023-10-11,87.58,-0.0343991179713341,-0.03979826773380102
2023-10-12,88.4,0.00936286823475685,-0.06415413931822977
2023-10-13,94.33,0.06708144796380089,0.05009462317711222
2023-10-16,90.99,-0.03540761157638084,0.030697779791572177
2023-10-17,92.52,0.016815034619188873,0.05303892556339629
2023-10-18,91.99,-0.005728491137051428,0.006785597023092782
2023-10-19,93.12,0.012283943906946426,0.026681367144432144
2023-10-20,93.72,0.006443298969072142,0.0701073304407398
2023-10-23,91.88,-0.01963294921041403,0.03936651583710393
2023-10-24,88.0,-0.042228994340444026,-0.06710484469415878
2023-10-25,90.14,0.024318181818181905,-0.009341685899549312
2023-10-26,88.45,-0.018748613268249392,-0.04399048854301768
2023-10-27,90.73,0.025777275296777757,-0.01369714099358621
2023-10-30,90.73,0.0,-0.025665807560137477
2023-10-31,86.82,-0.04309489694698565,-0.07362355953905253
2023-11-01,86.92,0.0011518083390924527,-0.053983456682629494
2023-11-02,89.02,0.024160147261850007,0.011590909090908985
2023-11-03,87.55,-0.016513143113906947,-0.028733081872642563
2023-11-06,87.31,-0.002741290691033682,-0.012888637648388879
2023-11-07,83.43,-0.044439354025884725,-0.08045850325140524
2023-11-08,81.46,-0.02361260937312737,-0.10217127741651066
2023-11-09,81.74,0.003437269825681266,-0.05851186362589267
2023-11-10,83.66,0.02348911181795943,-0.03750575241601484
2023-11-13,84.09,0.00513985178101839,-0.055380813300381804
2023-11-14,84.2,0.0013081222499702339,-0.03826384922901194
2023-11-15,82.4,-0.02137767220902609,-0.05623639903791089
2023-11-16,77.73,-0.05667475728155347,-0.0683207479323984
2023-11-17,81.22,0.04489900939148317,-0.002946231279155387
2023-11-20,83.25,0.02499384388081749,0.018473207731832808
2023-11-21,82.42,-0.009969969969969905,-0.014821898159215863
2023-11-22,81.76,-0.008007765105556897,-0.027708407658461165
2023-11-23,80.85,-0.011130136986301498,-0.039786223277909816
2023-11-24,79.82,-0.01273964131106986,-0.03131067961165068
2023-11-27,79.49,-0.004134302179904736,0.022642480380805186
2023-11-28,81.66,0.027299031324695022,0.005417384880571197
2023-11-29,82.98,0.016164584864070575,-0.00324324324324321
2023-11-30,81.72,-0.015184381778741929,-0.008493084202863432
2023-12-01,78.72,-0.03671071953010274,-0.03718199608610573
2023-12-04,78.16,-0.0071138211382114624,-0.033271490414347515
2023-12-05,77.27,-0.011386898669396128,-0.03194688048108241
2023-12-06,74.33,-0.0380484017082956,-0.06491382563844506
2023-12-07,74.21,-0.0016144221713978446,-0.0912319373010042
2023-12-08,75.94,0.023312222072497057,-0.08483972041455778
2023-12-11,75.75,-0.002501975243613397,-0.07305433186490451
2023-12-12,74.11,-0.021650165016501632,-0.05856199186991873
2023-12-13,74.14,0.00040480367021999974,-0.05143295803480041
2023-12-14,77.05,0.039250067439978276,-0.002847159311505143
2023-12-15,76.84,-0.0027255029201815884,0.033768330418404435
2023-12-18,78.89,0.026678813118167666,0.06306427705161033
2023-12-19,79.82,0.011788566358220232,0.05109296813273634
2023-12-20,81.1,0.016036081182660977,0.07062706270627062
2023-12-21,80.73,-0.004562268803945613,0.08932667656186766
2023-12-22,80.23,-0.00619348445435397,0.08214189371459413
2023-12-27,80.97,0.009223482487847434,0.05087605451005839
2023-12-28,79.04,-0.023835988637767036,0.028630921395106812
2023-12-29,77.69,-0.017079959514170184,-0.015211053365445593
2024-01-02,76.24,-0.018663920710516146,-0.04485091455775492
2024-01-03,77.18,0.01232948583420801,-0.048335388409371016
2024-01-04,75.79,-0.018009847110650457,-0.06119162640901765
2024-01-05,78.31,0.0332497690988256,-0.023931197806306925
2024-01-08,75.47,-0.03626612182352196,-0.06792639249104604
2024-01-09,77.97,0.03312574532926993,-0.01353744939271262
2024-01-10,78.46,0.006284468385276298,0.009911185480756757
2024-01-11,80.21,0.02230435890899818,0.05207240293809012
2024-01-12,79.89,-0.003989527490337763,0.035112723503498255
2024-01-15,79.76,-0.0016272374514957333,0.052381580683467543
2024-01-16,80.15,0.004889669007021036,0.02349636061805649
2024-01-17,78.88,-0.01584529008109803,0.04518351662912412
2024-01-18,81.04,0.02738336713995948,0.039374118250609325
2024-01-19,80.71,-0.004072063178677365,0.02867703288299772
2024-01-22,81.7,0.012266138025027962,0.01857623737688585
2024-01-23,82.04,0.004161566707466369,0.02691200400550775
2024-01-24,82.15,0.0013408093612872207,0.029964894684052057
2024-01-25,82.33,0.0021911138161898602,0.027199001871490935
2024-01-26,83.34,0.01226770314587644,0.05654158215010163
2024-01-29,83.99,0.007799376049915985,0.036401776900296
2024-01-30,84.14,0.0017859268960591645,0.04249783174327848
2024-01-31,82.98,-0.013786546232469665,0.01566707466340267
2024-02-01,82.2,-0.009399855386840184,0.0019502681618721596
2024-02-02,79.54,-0.0323600973236009,-0.03177115033475353
2024-02-05,79.3,-0.003017349761126553,-0.0368031094376291
2024-02-06,80.46,0.014627994955863866,-0.0345572354211664
2024-02-07,81.18,0.008948545861297674,-0.033456363852839455
2024-02-08,83.01,0.022542498152254176,-0.013429997623009227
2024-02-09,83.58,0.006866642573183812,0.007230657989877098
2024-02-12,83.88,0.003589375448671994,0.020437956204379493
2024-02-13,84.72,0.010014306151645336,0.0651244656776464
2024-02-14,84.41,-0.0036591123701605888,0.06443883984867593
2024-02-15,84.33,-0.0009477550053310635,0.04809843400447433
2024-02-16,84.88,0.006521996916874162,0.045577728504557546
2024-02-19,85.52,0.007540056550424223,0.03023732080472219
2024-02-20,84.78,-0.008652946679139295,0.014357501794687755
2024-02-21,84.77,-0.00011795234725175963,0.01061039580352885
2024-02-22,85.84,0.012622389996461036,0.013220018885741425
2024-02-23,84.18,-0.019338303821062386,-0.0027247956403269047
2024-02-26,84.01,-0.0020194820622475573,-0.0037946163879994943
2024-02-27,83.8,-0.0024997024163790904,-0.012723845428840752
2024-02-28,84.08,0.003341288782816143,-0.016838166510757646
2024-02-29,84.57,0.005827783063748759,-0.002476999292286064
2024-03-01,84.82,0.0029561310157266707,0.0005898313082457474
2024-03-04,86.58,0.020749823154916358,0.008620689655172376
2024-03-05,85.82,-0.008778008778008828,0.019482062247564658
2024-03-06,86.59,0.00897226753670477,0.030710629686941937
2024-03-07,84.88,-0.01974823882665444,0.01288782816229106
2024-03-08,84.29,-0.006950989632422133,0.0024976213130352143
2024-03-11,83.44,-0.010084233005101528,-0.013361712191084285
2024-03-12,83.66,0.002636625119846636,-0.013676019806649342
2024-03-13,83.95,0.0034664116662683764,-0.03037653037653032
2024-03-14,86.16,0.02632519356759966,0.003961780470752796
2024-03-15,85.39,-0.008936861652738992,-0.013858413211687348
2024-03-18,86.47,0.012647851036421187,0.01873232799246005
2024-03-19,87.36,0.0102925870244015,0.036421876853719226
2024-03-20,85.77,-0.018200549450549497,0.027924256951102677
2024-03-21,84.92,-0.009910225020403285,0.015060961032751674
2024-03-22,84.87,-0.0005887894488930678,0.010958904109588996
2024-03-25,86.18,0.015435371745021742,0.00023212627669466634
2024-03-26,85.91,-0.0031329774889766737,0.006089706054573041
2024-03-27,84.94,-0.01129088581073212,-0.017693997918353244
2024-03-28,86.17,0.014480809983517862,-0.013621794871794823
2024-04-02,87.63,0.0169432517117325,0.021685904162294545
2024-04-03,90.6,0.03389250256761378,0.06688648139425335
2024-04-04,90.32,-0.003090507726269287,0.06421585954989961
2024-04-05,92.81,0.027568644818423582,0.07693200278486878
2024-04-08,91.73,-0.011636677082210944,0.06774531486439317
2024-04-09,92.13,0.004360623569170219,0.08464798681422181
2024-04-10,91.57,-0.006078367524150696,0.06266682139955893
2024-04-11,91.49,-0.0008736485748607192,0.044048841720871756
2024-04-12,93.12,0.017816154771013393,0.027814569536424028
2024-04-15,90.84,-0.02448453608247425,0.0057573073516388185
2024-04-16,91.29,0.004953764861294507,-0.01637754552311166
2024-04-17,89.54,-0.019169679044802268,-0.023874414041207825
2024-04-18,88.34,-0.013401831583649826,-0.04113752306523377
2024-04-19,87.96,-0.004301562146253213,-0.039423391940591856
2024-04-22,87.3,-0.007503410641200525,-0.04579735490217507
2024-04-23,88.29,0.011340206185567192,-0.051868556701030855
2024-04-24,89.02,0.008268207044965337,-0.020035226772347037
2024-04-25,88.1,-0.010334756234554043,-0.0349435863730968
2024-04-26,89.95,0.020998864926220273,0.00457895912441364
2024-04-29,88.44,-0.016787103946637072,0.0011319900384876291
2024-04-30,88.23,-0.002374491180461291,0.0030695770804911593
2024-05-01,83.55,-0.05304318259095553,-0.04295532646048106
2024-05-02,84.81,0.015080789946140039,-0.03941556235134225
2024-05-03,83.6,-0.014267185473411215,-0.060885194338350934
2024-05-07,82.69,-0.010885167464114831,-0.061407491486946575
2024-05-08,82.44,-0.003023340186237733,-0.08349082823790999
2024-05-09,83.27,0.010067928190198971,-0.05845771144278611
2024-05-10,83.39,0.0014410952323766768,-0.054856624730817205
2024-05-13,83.18,-0.0025182875644560454,-0.004428485936564863
2024-05-14,81.0,-0.02620822313056026,-0.04492394764768304
2024-05-15,79.98,-0.012592592592592489,-0.04330143540669851
2024-05-16,81.65,0.020880220055013776,-0.01257709517474892
2024-05-17,82.24,0.00722596448254742,-0.002426006792819013
2024-05-20,81.91,-0.004012645914396873,-0.016332412633601523
2024-05-21,81.22,-0.008423879868147965,-0.026022304832713727
2024-05-22,79.9,-0.016252154641713812,-0.03943255590286132
2024-05-23,79.25,-0.008135168961201589,-0.021604938271604923
2024-05-24,78.92,-0.004164037854889613,-0.013253313328332128
2024-05-28,81.34,0.030663963507349346,-0.00379669320269449
2024-05-29,81.5,0.0019670518809933313,-0.00899805447470814
2024-05-30,81.42,-0.0009815950920245564,-0.0059821755585397485
2024-05-31,79.41,-0.024686809137804078,-0.022285151440531892
2024-06-03,76.45,-0.037274902405238564,-0.04317897371714652
2024-06-04,75.33,-0.014650098103335618,-0.04946372239747632
2024-06-05,75.41,0.001061993893535007,-0.044475418144957035
2024-06-06,77.62,0.029306458029439098,-0.04573395623309562
2024-06-07,78.12,0.006441638752898715,-0.041472392638036704
2024-06-10,79.59,0.018817204301075252,-0.022476050110537882
2024-06-11,80.15,0.0070360598065084545,0.009318725601309863
2024-06-12,80.52,0.004616344354335444,0.05323741007194238
2024-06-13,81.44,0.01142573273720826,0.08110978361874421
2024-06-14,81.49,0.0006139489194498804,0.08062591168280075
2024-06-17,82.45,0.011780586575039997,0.06222623035300168
2024-06-18,84.79,0.028380836870830928,0.08538146441372252
2024-06-19,85.64,0.010024767071588503,0.07601457469531336
2024-06-20,85.92,0.0032695002335356715,0.0719900187149094
2024-06-21,86.42,0.00581936685288631,0.07327372081470451
2024-06-24,86.75,0.0038185605183984617,0.06520137524557956
2024-06-25,86.81,0.0006916426512968421,0.0652840839366795
2024-06-26,85.76,-0.012095380716507287,0.04014554275318383
2024-06-27,87.0,0.01445895522388052,0.026064394386130285
2024-06-28,87.26,0.002988505747126391,0.018916394208313925
2024-07-01,86.57,-0.007907403162961346,0.007565176908752136
2024-07-02,88.28,0.019752801201340153,0.02152279564915527
2024-07-03,88.25,-0.0003398278205709593,0.01729106628242083
2024-07-04,88.34,0.0010198300283286166,0.017624697615482132
2024-07-05,88.66,0.0036223681231604132,0.03381529850746268
2024-07-08,87.15,-0.017031355741033094,0.0017241379310346527
2024-07-09,86.48,-0.007687894434882381,-0.008938803575521459
2024-07-10,86.55,0.0008094357076779968,-0.0002310269146355015
2024-07-11,86.49,-0.0006932409012131435,-0.020276393294064388
2024-07-12,87.35,0.009943346051566548,-0.010198300283286166
2024-07-15,86.42,-0.010646823125357696,-0.021734208738963146
2024-07-16,86.6,0.0020828511918535852,-0.023234829686442637
2024-07-17,85.76,-0.009699769053117646,-0.015949512335054483
2024-07-18,86.26,0.005830223880596952,-0.0025439407955596405
2024-07-19,85.19,-0.012404358914908542,-0.01571346042749855
2024-07-22,83.44,-0.020542317173377178,-0.035264192392184035
2024-07-23,82.2,-0.014860977948226162,-0.0589582140812821
2024-07-24,83.01,0.009854014598540184,-0.03945845869011799
2024-07-25,82.58,-0.005180098783279186,-0.04642032332563506
2024-07-26,81.35,-0.014894647614434486,-0.051422574626865836
2024-07-29,80.94,-0.005039950829747952,-0.06167400881057272
2024-07-30,79.26,-0.0207561156412156,-0.06960910905035789
2024-07-31,81.39,0.026873580620741855,-0.02456855225311594
2024-08-01,81.37,-0.00024573043371411973,-0.010097323600973263
2024-08-02,78.35,-0.037114415632297004,-0.05613781472111812
2024-08-05,77.51,-0.010721123165283841,-0.06139501089852262
2024-08-06,76.62,-0.011482389369113721,-0.05814382298709264
2024-08-07,78.26,0.021404333072304826,-0.033110946380034534
2024-08-08,80.76,0.03194479938665995,0.018925056775170424
2024-08-09,81.07,0.003838533927686738,-0.003931686939427581
2024-08-12,83.06,0.024546688047366594,0.020769325304166086
2024-08-13,82.51,-0.006621719239104262,0.05309508615188263
2024-08-14,82.15,-0.004363107502120989,0.05986324345245775
2024-08-15,83.09,0.011442483262324998,0.08444270425476375
2024-08-16,81.56,-0.018413768203153213,0.04216713519039095
2024-08-19,81.09,-0.005762628739578224,0.004086181277860312
2024-08-20,78.85,-0.027623628067579342,-0.027383742444800796
2024-08-21,78.77,-0.0010145846544070691,-0.051649410065013335
2024-08-22,78.8,0.0003808556557065579,-0.04496424675796884
2024-08-23,80.34,0.019543147208122003,-0.022032866707242915
2024-08-27,81.51,0.014563106796116498,-0.019015525333975214
2024-08-28,80.04,-0.01803459698196541,-0.018636586562040147
2024-08-29,81.55,0.018865567216391765,0.005672709335306392
2024-08-30,80.2,-0.016554261189454245,0.017121116043119944
2024-09-02,77.82,-0.029675810473815623,-0.01206042909737215
2024-09-03,76.46,-0.01747622719095343,-0.029695431472081313
2024-09-04,74.67,-0.023410933821605973,-0.07057505601194924
2024-09-05,74.47,-0.0026784518548279568,-0.08636977058029693
2024-09-06,72.82,-0.02215657311669139,-0.09020489755122452
2024-09-09,72.37,-0.0061796209832462035,-0.11256897608828931
2024-09-10,70.34,-0.0280502970844273,-0.12294264339152117
2024-09-11,70.31,-0.0004264998578333845,-0.09650475456180918
2024-09-12,73.81,0.04977954771725224,-0.03465864504315974
2024-09-13,73.68,-0.0017612789594905198,-0.013258336681398086
2024-09-16,73.96,0.003800217155265795,-0.006848395326977341
2024-09-17,74.55,0.007977285018929248,0.023757209557813797
2024-09-18,74.52,-0.0004024144869215762,0.02970844272488593
2024-09-19,75.93,0.018921095008051614,0.07947114017628665
2024-09-20,75.96,0.0003951007506912685,0.08035841274356414
2024-09-23,74.95,-0.013296471827277445,0.015445061644763669
2024-09-24,75.29,0.0045363575717145554,0.02185124864277954
2024-09-25,75.4,0.0014610173993889752,0.019469983775013633
2024-09-26,73.06,-0.03103448275862075,-0.01998658618376925
2024-09-27,71.63,-0.019572953736654908,-0.038781535158346814
2024-09-30,72.35,0.01005165433477595,-0.047148689582510395
2024-10-01,75.3,0.04077401520387003,-0.008688783570300118
2024-10-02,74.86,-0.005843293492695856,-0.0012008005336892058
2024-10-03,77.57,0.036200908362276074,0.03028290609642692
2024-10-04,79.32,0.022560268144901308,0.051989389920424234
2024-10-07,81.74,0.030509329299041932,0.1188064604434711
2024-10-08,78.19,-0.04343038903841445,0.09158173949462523
2024-10-09,77.06,-0.014451975956004559,0.06510020732550115
2024-10-10,79.45,0.031014793667272222,0.05511288180610907
2024-10-11,80.27,0.010320956576463036,0.07226823403686877
2024-10-14,78.47,-0.022424317926996395,0.011602423617377955
2024-10-15,73.68,-0.06104243659997444,-0.07110438729198165
2024-10-16,73.65,-0.0004071661237785573,-0.09897235135796412
2024-10-17,74.37,0.009775967413441888,-0.04885535234684735
2024-10-18,72.75,-0.021782977006857718,-0.055930443810018216
2024-10-21,73.29,0.007422680412371152,-0.07753303964757707
2024-10-22,75.59,0.03138218037931506,-0.058303226610190495
2024-10-23,74.68,-0.012038629448339666,-0.04829871288390453
2024-10-24,74.27,-0.005490091055168844,0.008007600434310369
2024-10-25,75.62,0.018176922041201138,0.0267481330617787
2024-10-28,71.87,-0.049590055540862155,-0.03361570525749635
2024-10-29,71.09,-0.010852928899401704,-0.022817869415807546
2024-10-30,73.21,0.02982135321423529,-0.0010915541001502715
2024-10-31,73.25,0.0005463734462505254,-0.030956475724302157
2024-11-01,73.63,0.005187713310580211,-0.014059989287627306
2024-11-04,74.89,0.017112589976911563,0.00834791975225535
2024-11-05,76.98,0.02790759781012153,0.017984660142819298
2024-11-06,76.52,-0.005975578072226706,0.06470015305412535
2024-11-07,75.73,-0.010324098274960725,0.06526937684625134
2024-11-08,74.04,-0.022316123068797045,0.011337249009698347
2024-11-11,72.19,-0.02498649378714224,-0.014470989761092179
2024-11-12,72.56,0.005125363623770696,-0.014532120059758125
2024-11-13,72.86,0.004134509371554573,-0.027106422753371606
2024-11-14,73.39,0.0072742245402142025,-0.04663548973759424
2024-11-15,73.45,0.0008175500749421083,-0.04012023000522735
2024-11-18,74.35,0.012253233492171445,-0.018222633038426084
2024-11-19,74.32,-0.0004034969737727323,0.003781739600215994
2024-11-20,74.33,0.00013455328310008063,0.02964399501315973
2024-11-21,75.09,0.010224673752186275,0.03486769570011017
2024-11-22,76.1,0.01345052603542407,0.044468844359044635
2024-11-25,74.27,-0.024047306176084082,0.011990734432483885
2024-11-26,74.56,0.0039046721421840402,0.015112321307011456
2024-11-27,73.91,-0.008717811158798328,-0.005917955615332815
2024-11-28,73.92,0.00013529968881087484,-0.0053821313240042246
2024-11-29,74.16,0.0032467532467532756,-0.0022870980761469095
2024-12-02,72.81,-0.018203883495145567,-0.030363563723531772
2024-12-03,74.8,0.027331410520532895,-0.01708278580814715
2024-12-04,74.68,-0.0016042780748661833,0.0055203985458462945
2024-12-05,73.78,-0.012051419389394802,-0.010461373390557971
2024-12-06,73.78,0.0,-0.0017588959545392635
2024-12-09,73.73,-0.0006776904310110687,-0.0025703463203462507
2024-12-10,73.64,-0.001220670012206715,-0.007011866235167141
2024-12-11,74.38,0.010048886474741892,0.02156297211921432
2024-12-12,73.52,-0.011562247916106494,-0.01711229946524062
2024-12-13,74.89,0.01863438520130578,0.0028119978575253946
2024-12-16,74.3,-0.007878221391374063,0.007047980482515426
2024-12-17,73.16,-0.01534320323014804,-0.008403361344537896
2024-12-18,74.57,0.019272826681246524,0.011392920113929117
2024-12-19,73.75,-0.010996379240981513,0.001493753394893993
2024-12-20,73.19,-0.007593220338983131,-0.015998924442054308
2024-12-23,72.12,-0.014619483536002065,-0.019042437431991188
2024-12-24,73.5,0.019134775374376023,-0.018560555481372698
2024-12-27,73.77,0.003673469387755146,-0.007133243606998629
2024-12-30,74.24,0.006371153585468248,0.014762165117550463
2024-12-31,74.58,0.004579741379310498,0.0001341021858656255
2025-01-02,76.14,0.02091713596138378,0.032406779661017016
2025-01-03,76.72,0.007617546624638871,0.04823063260008209
2025-01-06,77.27,0.007168925964546435,0.07140876317249023
2025-01-07,77.84,0.007376730943445153,0.059047619047619015
2025-01-08,77.37,-0.0060380267214799055,0.04880032533550227
2025-01-09,78.44,0.013829649735039418,0.05657327586206895
2025-01-10,79.76,0.01682814890362061,0.06945561812818468
2025-01-13,82.69,0.0367352056168504,0.08602574205411084
2025-01-14,82.39,-0.0036280082234853017,0.07390510948905105
2025-01-15,83.48,0.013229760893312292,0.08036754238384902
2025-01-16,82.39,-0.01305701964542405,0.05845323741007191
2025-01-17,83.02,0.007646559048428259,0.07302572056352585
2025-01-20,81.68,-0.0161406889906045,0.0413054563997961
2025-01-21,80.57,-0.013589618021547678,0.0101554663991974
2025-01-22,80.0,-0.007074593521161687,-0.032531140403918246
2025-01-23,78.62,-0.017249999999999988,-0.04575798033741951
2025-01-24,78.71,0.0011447468837444408,-0.057139434595112726
2025-01-27,77.3,-0.017913861008766352,-0.06177934215317393
2025-01-28,78.01,0.009184993531694774,-0.060346904360395026
2025-01-29,77.02,-0.012690680681963995,-0.05705190989226261
2025-01-30,77.42,0.005193456245131234,-0.039096437880104196
2025-01-31,77.11,-0.0040041332988891565,-0.03612499999999996
2025-02-03,76.49,-0.008040461678122224,-0.027092342915288836
2025-02-04,76.58,0.0011766243953459377,-0.027061364502604435
2025-02-05,74.71,-0.024418908331157008,-0.033505821474773656
2025-02-06,74.54,-0.0022754651318429575,-0.04448147673375202
2025-02-07,74.68,0.0018781862087469126,-0.030381719034016985
2025-02-10,76.23,0.02075522228173532,-0.015370705244122984
2025-02-11,77.65,0.018627836809655074,0.007002982751912912
2025-02-12,75.38,-0.029233741146168835,-0.014511700875931455
2025-02-13,75.61,0.0030512072167683257,-0.0126664925568033
2025-02-14,75.19,-0.00555482079090075,0.006424842725204272
2025-02-17,75.81,0.00824577736401122,0.01703783203649034
2025-02-18,76.46,0.008574066745811848,0.023835029459025048
2025-02-19,76.34,-0.0015694480774259834,0.0014430014430013571
2025-02-20,76.95,0.007990568509300466,-0.009014810045074095
2025-02-21,74.88,-0.026900584795321758,-0.006633059166887723
2025-02-24,74.89,0.00013354700854706358,-0.009522549927258317
2025-02-25,73.11,-0.023768193350247047,-0.02766325309216644
2025-02-26,73.49,0.005197647380659198,-0.030602822846590216
2025-02-27,75.01,0.020683086134168027,-0.018964164268898576
2025-02-28,74.76,-0.0033328889481402113,-0.0206968823683521
2025-03-03,72.85,-0.02554842161583748,-0.05328135152696567
2025-03-04,72.31,-0.007412491420727418,-0.03432158119658113
2025-03-05,70.92,-0.019222790761996955,-0.05301108292161838
2025-03-06,71.08,0.002256063169768785,-0.02776637942825877
2025-03-07,72.49,0.019836803601575692,-0.013607293509320995
2025-03-10,71.08,-0.019450958752931347,-0.05239301426476484
2025-03-11,71.51,0.0060495216657288076,-0.043472445157838435
2025-03-12,72.36,0.011886449447629621,-0.0067261496225119455
2025-03-13,70.82,-0.021282476506357173,-0.02060572534919114
2025-03-14,71.94,0.01581474159841867,0.014382402707275643
2025-03-17,71.93,-0.00013900472616057424,0.011958356781091917
2025-03-18,71.93,0.0,-0.007725203476341425
2025-03-19,71.94,0.0001390240511607299,0.012099043331457615
2025-03-20,72.61,0.009313316652766135,0.015382463991050033
2025-03-21,72.64,0.00041316623054687973,0.003869541182974112
2025-03-24,73.96,0.018171806167400772,0.04433775769556614
2025-03-25,73.78,-0.0024337479718765653,0.025576869613566977
2025-03-26,74.6,0.011114123068582282,0.03711942165994708
2025-03-27,74.72,0.0016085790884718953,0.038787710273877174
2025-03-28,74.69,-0.0004014989293361637,0.03822629969418956
2025-03-31,77.23,0.034007229883518564,0.0636275995042006
2025-04-01,77.78,0.00712158487634329,0.07075991189427322
2025-04-02,77.27,-0.006556955515556795,0.04475392103839915
2025-04-03,72.54,-0.0612139251973598,-0.01680672268907557
2025-04-04,68.36,-0.057623380204025465,-0.08364611260053612
2025-04-07,66.13,-0.0326214160327678,-0.11496252676659535
2025-04-08,64.86,-0.019204597005897384,-0.13161065738385325
2025-04-09,67.3,0.03761948812827631,-0.12857697785834532
2025-04-10,65.37,-0.028677563150074192,-0.15955258421187957
2025-04-11,66.83,0.02233440416092991,-0.13511065096415165
2025-04-14,67.18,0.005237168936106595,-0.07389026743865457
2025-04-15,66.58,-0.008931229532599061,-0.026038619075482772
2025-04-16,67.94,0.02042655452087705,0.027370331165885498
2025-04-17,69.33,0.020459228731233514,0.06891766882516182
2025-04-22,68.93,-0.005769508149430114,0.024219910846954074
2025-04-23,68.26,-0.009720005802988596,0.04420988220896427
2025-04-24,67.5,-0.01113389979490187,0.010025437677689597
2025-04-25,66.99,-0.007555555555555649,-0.002828222685323234
2025-04-28,66.13,-0.012837736975668035,-0.006758786422349061
2025-04-29,64.04,-0.031604415545138154,-0.057403591404180054
2025-04-30,63.37,-0.010462211118051346,-0.0859656714265109
2025-05-01,62.37,-0.01578033769922671,-0.09516901204120132
2025-05-02,61.57,-0.01282667949334615,-0.09800761793143864
2025-05-06,62.37,0.012993340912782259,-0.07600000000000007
2025-05-07,60.31,-0.03302869969536626,-0.09971637557844448
2025-05-08,62.22,0.031669706516332274,-0.059125964010282694
2025-05-09,64.26,0.032786885245901676,0.003435352904434641
2025-05-12,65.28,0.015873015873015817,0.030140445005523153
2025-05-13,66.93,0.02527573529411775,0.07311207311207335
2025-05-14,65.91,-0.015239802779023037,0.07048887445184326
2025-05-15,64.36,-0.02351691700804126,0.0319063652396987
2025-05-16,65.2,0.013051584835301444,0.08108108108108114
2025-05-19,66.25,0.01610429447852746,0.0647701703632273
2025-05-20,66.93,0.010264150943396277,0.04154995331465927
2025-05-21,65.86,-0.015986851934857382,0.00888480392156854
2025-05-22,64.87,-0.015031885818402646,-0.030778425220379546
2025-05-23,65.41,0.008324340989671608,-0.007586102260658478
2025-05-27,64.32,-0.016664118636294245,-0.0006215040397763438
2025-05-28,65.72,0.02176616915422902,0.00797546012269934
2025-05-29,64.6,-0.01704199634814374,-0.02490566037735853
2025-05-30,64.32,-0.004334365325077472,-0.038995965934558674
2025-06-02,66.55,0.03467039800995031,0.010476768903735056
2025-06-03,67.48,0.01397445529676955,0.040234314783412994
2025-06-04,66.69,-0.011707172495554308,0.019568873260969344
2025-06-05,67.14,0.006747638326585648,0.043843283582089665
2025-06-06,68.02,0.013106940720881699,0.034996956786366384
2025-06-09,68.73,0.010438106439282668,0.06393188854489185
2025-06-10,68.41,-0.004655899898152294,0.06358830845771157
2025-06-11,71.29,0.042099108317497524,0.07122464312546972
2025-06-12,70.84,-0.006312245756768142,0.049792531120331995
2025-06-13,76.0,0.07284020327498575,0.13960113960113962
2025-06-16,75.05,-0.012500000000000067,0.11781352397974376
2025-06-17,78.7,0.04863424383744186,0.15701264334019416
2025-06-18,78.38,-0.004066073697585826,0.1404044813036518
2025-06-19,80.37,0.02538912988007147,0.17482824148516318
2025-06-20,78.73,-0.02040562398905066,0.10436246317856646
2025-06-23,74.34,-0.05576019306490543,0.049407114624505866
2025-06-24,69.13,-0.07008340059187523,-0.0903947368421053
2025-06-25,68.4,-0.010559814841602622,-0.08860759493670878
2025-06-26,68.57,0.0024853801169588685,-0.1287166454891996
2025-06-27,69.37,0.011666909727286123,-0.11495279408012238
2025-06-30,68.15,-0.017586853106530187,-0.15204678362573099
2025-07-01,67.63,-0.007630227439471948,-0.14098818747618458
2025-07-02,70.8,0.04687268963477753,-0.04761904761904767
2025-07-03,70.42,-0.005367231638418013,0.01866049472009257
2025-07-04,71.03,0.0086623118432263,0.038450292397660846
2025-07-07,71.95,0.012952273687174554,0.04929269359778354
2025-07-08,72.5,0.007644197359277127,0.04512036903560612
2025-07-09,71.98,-0.007172413793103405,0.05619955979457081
2025-07-10,70.38,-0.022228396776882597,0.040662427916605015
2025-07-11,72.06,0.023870417732310356,0.017796610169491522
2025-07-14,70.96,-0.015265056897030393,0.007668276057938073
2025-07-15,70.27,-0.009723788049605386,-0.010699704350274564
2025-07-16,69.67,-0.00853849437882448,-0.03168867268936759
2025-07-17,71.32,0.023683077364719196,-0.016275862068965585
2025-07-18,71.06,-0.003645541222658366,-0.012781328146707405
2025-07-21,71.92,0.012102448634956353,0.021881216254617808
2025-07-22,69.69,-0.031006674082313723,-0.032889258950874356
2025-07-23,69.17,-0.00746161572679005,-0.025225479143179186
2025-07-24,70.42,0.01807141824490377,0.0021346235947061754
2025-07-25,69.23,-0.016898608349900535,-0.006315487297258504
2025-07-28,70.87,0.02368915210168998,-0.0063095905776778816
2025-07-29,73.21,0.03301820234231667,0.030256121587390883
2025-07-30,73.98,0.010517688840322448,0.02864293659621797
2025-07-31,73.43,-0.007434441741011044,0.05366623618883648
2025-08-01,70.55,-0.039221026828272,0.019950845742373824
2025-08-04,69.56,-0.014032600992204047,-0.012212439647827367
2025-08-05,69.14,-0.006037952846463468,-0.0013000144446050355
2025-08-06,67.97,-0.016922186867225908,-0.04091999435586291
2025-08-07,66.99,-0.014418125643666402,-0.0849610708919546
2025-08-08,67.17,0.002686968204209661,-0.09205190592051904
2025-08-11,67.36,0.002828643739764658,-0.0826637614054202
2025-08-12,66.8,-0.008313539192399078,-0.05315379163713674
2025-08-13,66.25,-0.008233532934131649,-0.047584818861414635
2025-08-14,68.12,0.028226415094339652,-0.014752675730402065
2025-08-15,67.3,-0.012037580739870934,-0.009857289980873984
2025-08-18,68.18,0.013075780089153222,0.017763845350052376
2025-08-19,66.62,-0.022880610149604075,-0.008188179246687466
2025-08-20,67.61,0.014860402281597018,0.003711401425178229
2025-08-21,68.41,0.011832569146575933,0.024101796407185683
2025-08-22,68.29,-0.0017541295132289525,0.030792452830188832
2025-08-26,66.89,-0.020500805388783183,-0.01805637110980629
2025-08-27,67.75,0.012856929286888974,0.006686478454680511
2025-08-28,68.61,0.012693726937269334,0.006306834848929244
2025-08-29,67.83,-0.0113686051595977,0.018162713899729788
2025-09-01,67.09,-0.01090962700869813,-0.007691169945274301
2025-09-02,68.09,0.014905351021016644,-0.004677678701944021
2025-09-03,67.76,-0.004846526655896577,-0.007761019182896511
2025-09-04,66.41,-0.019923258559622292,-0.0071759605322171405
2025-09-05,64.92,-0.022436380063243444,-0.04177121771217707
2025-09-08,65.44,0.00800985828712264,-0.046203177379390836
2025-09-09,67.97,0.038661369193154105,0.002063983488132193
2025-09-10,67.62,-0.005149330587023604,0.007899836041138864
2025-09-11,67.25,-0.005471753918958933,-0.012336613305918731
2025-09-12,67.87,0.009219330855018582,0.0016233766233766378
2025-09-15,67.88,0.00014734050390430298,0.02213522059930728
2025-09-16,69.69,0.026664702416028252,0.07347504621072076
2025-09-17,69.19,-0.0071746305065288896,0.05730440097799505
2025-09-18,67.83,-0.019656019656019597,-0.002059732234809486
2025-09-19,67.05,-0.011499336576735963,-0.008429458740017881
2025-09-22,66.87,-0.0026845637583891024,-0.0056505576208177866
2025-09-23,67.96,0.016300284133393017,0.0013260645351405032
2025-09-24,69.64,0.024720423778693545,0.0259281084266354
2025-09-25,70.48,0.012062033314187204,0.01133591620031571
2025-09-26,71.15,0.009506242905788831,0.028327793033675608
2025-09-29,69.0,-0.03021784961349272,0.017249004865103945
2025-09-30,68.52,-0.006956521739130528,0.021923937360178947
2025-10-01,66.67,-0.02699941622883817,-0.0029908778226409583
2025-10-02,65.44,-0.018449077546122794,-0.037080635668039985
2025-10-03,66.13,0.010544009779950958,-0.050402067777139625
2025-10-06,67.09,0.014516860728867487,-0.048098751418842234
2025-10-07,67.1,0.00014905351020999547,-0.056921995783556056
2025-10-08,67.42,0.004769001490313007,-0.022898550724637645
2025-10-09,67.23,-0.0028181548501927667,-0.01882661996497359
2025-10-10,64.41,-0.041945560017849326,-0.03389830508474578
2025-10-13,64.15,-0.004036640273249348,-0.01971271393643015
2025-10-14,63.0,-0.017926734216679785,-0.047331014668077986
2025-10-15,62.33,-0.010634920634920664,-0.07094947086003878
2025-10-16,61.08,-0.020054548371570724,-0.08971684053651263
2025-10-17,61.23,0.0024557956777995216,-0.09181251854049255
2025-10-20,60.71,-0.00849256900212303,-0.09698051465119739
2025-10-21,61.0,0.004776807774666381,-0.05294208973761838
2025-10-22,62.28,0.020983606557376966,-0.029150428682774843
2025-10-23,66.32,0.06486833654463697,0.05269841269841269
2025-10-24,65.8,-0.007840772014475195,0.055671426279480185
2025-10-27,65.52,-0.004255319148936176,0.07269155206286837
2025-10-28,64.03,-0.02274114774114766,0.045729217703740055
2025-10-29,65.01,0.015305325628611754,0.07082852907264048
2025-10-30,65.11,0.0015382248884785454,0.06737704918032783
2025-10-31,65.44,0.0050683458762095235,0.05073859987154772
2025-11-03,65.79,0.0053484107579462314,-0.007991556091676566
2025-11-04,65.04,-0.011399908800729608,-0.011550151975683765
2025-11-05,63.54,-0.02306273062730635,-0.030219780219780223
2025-11-06,63.41,-0.002045955303745739,-0.00968296111197886
2025-11-07,63.72,0.0048888187982969455,-0.019843101061375212
2025-11-10,63.01,-0.011142498430634085,-0.03225311012133314
2025-11-11,63.86,0.01348992223456591,-0.024144254278728572
2025-11-12,61.88,-0.031005324146570534,-0.05943152454780365
2025-11-13,62.14,0.004201680672268893,-0.04458794587945891
2025-11-14,63.45,0.02108142903121979,-0.0014164305949008194
2025-11-17,63.16,-0.0045705279747834116,-0.003942595805078053
2025-11-18,64.86,0.026915769474350926,0.01789077212806034
2025-11-19,63.78,-0.016651248843663202,0.012220282494842083
2025-11-20,63.64,-0.002195045468799006,-0.003445036016285652
2025-11-21,62.78,-0.013513513513513487,0.014544279250161551
2025-11-24,64.83,0.03265371137304873,0.04328934663662687
2025-11-25,63.99,-0.012956964368347923,0.008510638297872353
2025-11-26,64.81,0.012814502265979133,0.026124129195693513
2025-11-27,64.18,-0.00972072211078534,-0.010484119642306444
2025-11-28,64.07,-0.001713929573075923,0.004546879899654854
2025-12-01,64.22,0.0023411893241767068,0.009113764927718426
2025-12-02,63.37,-0.01323575210214889,0.00939789741956032
2025-12-03,63.75,0.005996528325706185,-0.016658954187875996
2025-12-04,64.15,0.006274509803921635,0.0025003906860447955
2025-12-05,64.42,0.004208885424785702,-0.0060175898781051895
2025-12-08,63.3,-0.01738590499844772,-0.01371143658460594
2025-12-09,62.62,-0.010742496050552885,-0.022631496800374573
2025-12-10,63.12,0.007984669434685454,-0.017128620367486747
2025-12-11,61.87,-0.01980354879594426,-0.023670506548840176
2025-12-12,62.11,0.003879101341522473,-0.025725490196078393
2025-12-15,61.55,-0.009016261471582743,-0.04053000779423244
2025-12-16,59.93,-0.026320064987814695,-0.0696988512884198
2025-12-17,60.61,0.011346570999499317,-0.042496050552922604
2025-12-18,60.69,0.0013199142055766444,-0.030820824017885662
2025-12-19,61.35,0.010874938210578389,-0.028041825095056927
2025-12-22,62.22,0.01418092909535451,0.005657022789720356
2025-12-23,63.7,0.023786563805850314,0.02559974239252938
2025-12-24,63.7,0.0,0.0349309504467914
2025-12-29,63.1,-0.009419152276295195,0.05289504421825475
2025-12-30,62.3,-0.01267828843106189,0.027883187592806502
2025-12-31,61.35,-0.015248796147672494,0.010874938210578389
2026-01-02,61.98,0.010268948655256738,0.010268948655256738
2026-01-05,63.0,0.01645692158760892,0.012536162005786
2026-01-06,62.1,-0.014285714285714235,-0.025117739403453743
2026-01-07,61.08,-0.01642512077294689,-0.04113029827315551
2026-01-08,63.34,0.037000654878847516,0.0038034865293186115
2026-01-09,65.11,0.027944426902431152,0.045104333868378754
2026-01-12,65.4,0.004454000921517487,0.0660146699266504
2026-01-13,67.58,0.033333333333333215,0.0903517263633431
2026-01-14,68.87,0.019088487718259994,0.09317460317460324
2026-01-15,66.16,-0.039349499056192894,0.06537842190016097
2026-01-16,66.97,0.012243047158403852,0.09643091028159789
2026-01-19,66.91,-0.0008959235478572802,0.05636248815914113
2026-01-20,67.68,0.011507995815274397,0.0394716633389649
2026-01-21,66.72,-0.014184397163120699,0.020183486238531945
2026-01-22,65.46,-0.01888489208633104,-0.031370227878070533
2026-01-23,68.16,0.04124656278643446,-0.010309278350515538
2026-01-26,67.7,-0.006748826291079757,0.023276904474002436
2026-01-27,70.28,0.03810930576070892,0.0494251157234582
2026-01-28,70.9,0.008821855435401371,0.059632341951875834
2026-01-29,71.0,0.0014104372355430161,0.04905437352245845
2026-01-30,72.25,0.01760563380281699,0.08288369304556364
2026-02-02,67.72,-0.06269896193771629,0.0345249007027193
2026-02-03,70.01,0.03381571175428233,0.027142018779342747
2026-02-04,71.15,0.01628338808741603,0.05096011816839008
2026-02-05,69.87,-0.01799016163035838,-0.0058338076266362116
2026-02-06,70.45,0.008301130671246604,-0.006346967559943573
2026-02-09,71.19,0.010503903477643739,0.0026760563380281432
2026-02-10,71.01,-0.0025284450063209896,-0.017162629757785375
2026-02-11,71.52,0.007182087029995676,0.05611340815121091
2026-02-12,69.8,-0.024049217002237167,-0.002999571489787245
2026-02-13,69.96,0.002292263610315093,-0.01672522839072399
2026-02-16,70.81,0.012149799885649015,0.013453556605123707
2026-02-17,69.77,-0.014687191074707062,-0.009652235628105132
2026-02-18,71.78,0.028808943672065324,0.008287680854052626
2026-02-19,73.17,0.019364725550292672,0.03041825095057038
2026-02-20,72.75,-0.005740057400574039,0.01719798657718119
2026-02-23,71.9,-0.011683848797250818,0.03008595988538687
2026-02-24,71.21,-0.009596662030598169,0.0178673527730131
2026-02-25,70.69,-0.007302345176239289,-0.0016946758932354644
2026-02-26,71.66,0.013721884283491192,0.027089006736419785
2026-02-27,71.32,-0.004744627407200719,-0.0064084703259962295
2026-03-02,77.24,0.08300616937745375,0.05562388957222897
2026-03-03,83.28,0.07819782496116012,0.14474226804123713
2026-03-04,81.56,-0.02065321805955811,0.13435326842837259
2026-03-05,88.59,0.08619421284943596,0.24406684454430572
2026-03-06,95.74,0.08070888362117601,0.3543641250530485
2026-03-09,94.35,-0.014518487570503447,0.3166341054981858
2026-03-10,89.84,-0.0478007419183889,0.25967470555243977
2026-03-11,90.98,0.012689225289403305,0.17788710512687733
2026-03-12,102.38,0.12530226423389745,0.22934678194044178
2026-03-13,103.23,0.008302402813049614,0.2656939676311918
2026-03-16,101.04,-0.02121476315024695,0.1405350491026076
2026-03-17,108.39,0.07274346793349173,0.13212868184666804
2026-03-18,118.09,0.08949165052126573,0.25161632220455754
2026-03-19,111.05,-0.059615547463798824,0.23608637577916292
2026-03-20,118.42,0.06636650157586677,0.3016047482963289
2026-03-23,103.79,-0.1235433203850701,0.013772221136940876
2026-03-24,108.42,0.0446093072550342,0.05027608253414706
2026-03-25,109.14,0.006640841173215284,0.08016627078384797
2026-03-26,113.39,0.0389408099688473,0.04612971676353905
2026-03-27,121.47,0.07125848840285731,0.02862223727665336
2026-03-30,121.88,0.0033753190088088303,0.09752363800090058
2026-03-31,126.69,0.039465047587791346,0.06983617632156736
2026-04-01,119.56,-0.056279106480385144,0.15194142017535395
2026-04-02,127.61,0.06733021077283374,0.1769968640472237
2026-04-07,138.21,0.08306559047096629,0.266355140186916
2026-04-08,122.11,-0.1164894001881196,0.07690272510803431
2026-04-09,119.03,-0.025223159446400745,-0.02008726434510577
2026-04-10,119.07,0.0003360497353608327,-0.023055464391204428
2026-04-13,123.28,0.03535735281767027,-0.026916094403662494
2026-04-14,118.69,-0.03723231667748217,-0.00727668116426905
2026-04-15,114.93,-0.03167916420928463,-0.09936525350677838
2026-04-16,116.63,0.014791612285738998,-0.15613920845090812
2026-04-17,98.63,-0.15433421932607394,-0.19228564409139304
2026-04-20,103.4,0.04836256717023235,-0.13131143409224566
2026-04-21,106.14,0.02649903288201161,-0.10859158478206088
2026-04-22,113.44,0.06877708686640283,-0.07981829980532129
2026-04-23,113.25,-0.0016748942172073455,-0.04583368438790125
2026-04-24,111.86,-0.012273730684326689,-0.02671191159836428
2026-04-27,113.89,0.01814768460575711,-0.023493097830746712
2026-04-28,117.62,0.032750899991219606,0.19253776741356599
2026-04-29,124.16,0.05560278864138746,0.20077369439071546
2026-04-30,124.24,0.0006443298969072142,0.17052948935368373
2026-05-01,118.26,-0.04813264649066318,0.042489421720733445
2026-05-05,114.51,-0.03170979198376456,0.011125827814569611
2026-05-06,103.7,-0.0944022356126103,-0.07294832826747721
2026-05-07,101.82,-0.018129218900675093,-0.10597945385898677
2026-05-08,103.48,0.016303280298566314,-0.12021765005951368
2026-05-11,106.11,0.025415539234634688,-0.14537693298969068
2026-05-12,111.37,0.04957119969842627,-0.10358982614294909
2026-05-13,110.28,-0.009787195833707463,-0.06747843734145109
2026-05-14,110.91,0.0057127312295972565,-0.03143830233167422
2026-05-15,113.96,0.027499774592011583,0.09893924783027952
2026-05-18,116.73,0.024306774306774415,0.14643488509133773
2026-05-19,114.64,-0.01790456609269253,0.10784692694240428
2026-05-20,108.93,-0.049808094905791966,0.02657619451512594
2026-05-21,105.84,-0.02836684109060872,-0.049654305468259
2026-05-22,106.9,0.010015117157974318,-0.030649256438157413
2026-05-26,102.75,-0.03882132834424701,-0.07357316743305375
2026-05-27,97.11,-0.05489051094890507,-0.14785889785889783
2026-05-28,95.47,-0.01688806508083618,-0.1821297010194466
2026-05-29,92.88,-0.02712894102859542,-0.1898115840893232
2026-06-01,98.29,0.05824720068906131,-0.09767740750940967
2026-06-02,98.49,0.0020347949944041765,-0.06944444444444453
2026-06-03,101.69,0.032490608183571856,-0.048737137511693285
2026-06-04,98.98,-0.026649621398367573,-0.036690997566909966
2026-06-05,97.29,-0.017074156395231355,0.001853568118628468
2026-06-08,97.46,0.0017473532737175557,0.02084424426521414
2026-06-09,94.15,-0.033962651344141115,0.013673557278208515
2026-06-10,95.73,0.01678173127987259,-0.026045375928375192
2026-06-11,92.84,-0.03018907343570454,-0.05736623007411912
2026-06-12,88.64,-0.04523912106850503,-0.12833120267479592
2026-06-15,84.36,-0.0482851985559567,-0.1477066073954335
2026-06-16,80.5,-0.04575628259838782,-0.17257683215130026
2026-06-17,80.33,-0.0021118012422360888,-0.17576441617073668
2026-06-18,79.35,-0.012199676335117648,-0.15719596388741386
2026-06-19,80.46,0.013988657844990593,-0.15951112503917275
2026-06-22,76.49,-0.04934128759632117,-0.17610943558810865
2026-06-23,75.69,-0.01045888351418478,-0.146096570397112
2026-06-24,72.09,-0.04756242568370983,-0.14544807965860596
2026-06-25,73.74,0.022888056595921746,-0.08397515527950317
2026-06-26,70.16,-0.04854895579061569,-0.12660276360014944
2026-06-29,71.59,0.020381984036488054,-0.09779458097038429
2026-06-30,70.46,-0.015784327420030886,-0.12428535918468808
2026-07-01,69.24,-0.01731478853250068,-0.09478363184730032
2026-07-02,68.53,-0.01025418833044478,-0.09459637997093406
2026-07-03,68.68,0.002188822413541569,-0.047301983631571565
2026-07-06,69.56,0.012813046010483387,-0.056685652291836086
2026-07-07,71.78,0.03191489361702127,0.02309007981755995
2026-07-08,76.5,0.0657564781276121,0.06858499790473527
2026-07-09,74.46,-0.026666666666666727,0.056769798467215526
2026-07-10,74.34,-0.0016116035455276956,0.07365684575389952
2026-07-13,81.62,0.09792843691148767,0.1910112359550562
2026-07-14,83.69,0.025361431021808212,0.21854979615608605
2026-07-15,83.08,-0.007288803919225706,0.1943645773433007
2026-07-16,81.23,-0.02226769378911886,0.1316522708275285
2026-07-17,85.01,0.0465345315770036,0.11124183006535948
2026-07-20,86.99,0.023291377485001652,0.16827827021219455
2026-07-21,93.85,0.07885963903896998,0.2624428302394404
2026-07-22,94.12,0.0028769312733085695,0.15314873805439833
2026-07-23,105.32,0.11899702507437304,0.2584538176604134
2026-07-24,100.31,-0.04756931257121144,0.20739046701973995
2026-07-27,91.82,-0.08463762336756064,0.13037055275144627
2026-07-28,85.51,-0.06872141145719879,0.005881660981061021
2026-07-29,91.95,0.07531282890889957,0.05701804805150035
2026-07-30,91.91,-0.0004350190320827618,-0.020671283963771936
2026-07-31,96.95,0.05483625285605487,0.030067998300042476
2026-08-03,88.9,-0.0830324909747292,-0.1559058108621343
2026-08-04,86.47,-0.027334083239595075,-0.1379722859136676
2026-08-05,86.65,0.0020816468139239763,-0.05630581572642113
2026-08-06,89.65,0.03462204270051927,0.0484153900128641
2026-08-07,87.62,-0.02264361405465698,-0.047090810222947255
2026-08-10,92.74,0.05843414745491882,0.009030573387009078
2026-08-11,93.26,0.005607073538926199,-0.038060856111397645
2026-08-12,92.52,-0.00793480591893636,0.04071991001124853
2026-08-13,92.03,-0.005296152183311698,0.06429975714120517
2026-08-14,92.02,-0.00010866021949373916,0.0619734564339296
2026-08-17,92.43,0.0044555531406216264,0.031009481316229826
2026-08-18,95.29,0.030942334739803012,0.08753709198813064
2026-08-19,92.37,-0.030643299401825974,-0.003989648479620356
2026-08-20,94.0,0.017646421998484207,0.00793480591893636
2026-08-21,96.92,0.0310638297872341,0.04755728491137057
2026-08-24,92.71,-0.04343788691704509,0.007388894925567602
2026-08-25,88.24,-0.04821486355301474,-0.04107802651597481
