report_date,target_5tc,source,source_sentence
2019-04-08,4881.0,https://www.drycargomag.com/dry-bulk-week-14-the-baltic-briefing,"lk Week 14: The Baltic Briefing About Us About Us Contact Us Privacy Policy Publications Dry Cargo Magazine Dry Cargo Handling Directory Advertising Magazine Advertising Online Banner Advertising Newsletter Banner Advertising Online Lead-Generating Content Media kit DCi Media Pack Editorial Programme Advertising Rates News Latest News Dry Bulk Trade & Commodities Shipping & Transport Ports & Terminals Engineering & Equipment Breakbulk Regional Focus Events Subscribe Dry Bulk Week 14: The Baltic Briefing 08 April 2019 Dry Bulk | Trade & Commodities | Shipping & Transport Bulk report – Week 14 Capesize The Capesize market over the past week looked to have found a floor on Tuesday with the BCI 5TC at $3460 before firming into the rest of the week, ending at $4881. Iron ore cargo trades from West Australia to China dominated early week business, while the Atlantic basin became active mid-week. A slim but constant trickle of business was heard out of Brazil heading to China, but details were hard to confirm. Thursday saw a flurry of North Atlantic fronthaul tenders by Korean and Japanese charterers. The North Atlantic tonnage situation is currently tight, with little activity. These tender fixtures gave an immediate lift to rates, lifting the bid offers in the Atlantic basin. Ending the week, holidays in the East made for a quiet market, while most eyes were fixed on tracking Cyclone Wallace’s arrival in what is hoped to be the last cyclone in the Pilbara region of West Australia for this season. Panamax Overall a relatively flat week, with a healthy volume of fixing. The Pacific has been heavily reliant on Indian coal demand for support. That has favoured the Kamsarmaxes which have been fixing in the mid/high $8,000s from North China via Australia, with the Panamaxes having to discount to compete. Despite small flurries of activity both Indonesia and the North Pacific were s"
2019-04-15,5737.0,https://www.drycargomag.com/dry-bulk-week-15-the-baltic-briefing,"The Baltic Capesize Index (BCI) 5TC opened on Monday at $5,099, although by Friday’s close most gains were lost, and it finished up at $5,737, a modest gain of $638."
2019-05-13,11621.0,https://www.drycargomag.com/dry-bulk-week-19-the-baltic-briefing,"ivacy Policy Publications Dry Cargo Magazine Dry Cargo Handling Directory Advertising Magazine Advertising Online Banner Advertising Newsletter Banner Advertising Online Lead-Generating Content Media kit DCi Media Pack Editorial Programme Advertising Rates News Latest News Dry Bulk Trade & Commodities Shipping & Transport Ports & Terminals Engineering & Equipment Breakbulk Regional Focus Events Subscribe Dry Bulk Week 19: The Baltic Briefing 13 May 2019 Dry Bulk | Trade & Commodities | Shipping & Transport Dry Bulk Report – Week 19 Capesize The market continued its rollercoaster ride last week opening with negative sentiment, but turning around in dramatic fashion by the week’s end. The BCI 5TC reduced from $11,182 at the end of the previous week to a low of $9,898 on Tuesday, but rebounded to $11,621 by Friday. Reasonable cargo volumes were reported out of West Australia to China with rates for C5 lingering around $6.50-$6.75, whilst time charter rates in the Pacific lifted from low to mid-teens level by Friday. In the Atlantic Basin sentiment was given a much needed boost mid-week, with an influx of fronthaul cargoes fixing at stronger levels. Early in the week it was heard that the Vale Brucutu mine had been ordered to close once again on the authority of a Brazilian high court ruling. The saga continues with no clear resolution date in sight. Closing Singapore iron ore week saw improved sentiment, with rates on an upward tangent. Panamax Last week appeared to be one of consolidation. The Atlantic in general was flat with South American front haul remaining around $15,500 plus $550,000 ballast bonus for modern Kamsarmaxes for May dates, whilst the North Continent tonnage supply appeared to tighten, although this hadn’t yet had much influence on rates. Tonnage open in the Mediterranean had fewer options as the Black Sea market remained quiet, but several modern Kamsarm"
2019-05-27,12243.0,https://www.drycargomag.com/dry-bulk-market-capesize-market-in-full-swing,"The Capesize 5TC closed on Friday at $12,243, a gain of $334 from the previous week."
2019-06-10,15007.0,https://www.drycargomag.com/dry-bulk-week-23-the-baltic-briefing,"The Cape 5TC opened the week at $12,987 and closed out Friday at $15,007."
2019-06-17,14203.0,https://www.drycargomag.com/dry-bulk-week-24-the-baltic-briefing,"s Latest News Dry Bulk Trade & Commodities Shipping & Transport Ports & Terminals Engineering & Equipment Breakbulk Regional Focus Events Subscribe Dry Bulk Week 24: The Baltic Briefing 17 June 2019 Dry Bulk | Trade & Commodities | Shipping & Transport Bulk report – Week 24 Capesize The market closed on a quiet Friday last week after a few hectic days of mid-week trading. Trade routes from Brazil to the Far East were especially busy, marking possibly the highest volume of trading out of the region this year. While Vale was heard to be present in the Brazilian trade from early on, many other traders, operators, owners and charterers were active at week’s end, pushing rates up on closing. The 5TC average opened the week at $15,007 and largely softened throughout. This was until Thursday, when the market was thought to have found a floor. Solid activity Thursday in European hours had paper markets rallying, with C3 pushing from $16.85 to $17.14. The 5TC average closed Friday at $14,203. The Pacific market saw declines throughout the week, with C5 opening at $7.732, reaching a low of $7.123, and closing out at $7.314. Constant period activity was seen this week, with rates reaching levels at mid to high teens. Panamax The week began with another holiday in most of Europe, a lack of transatlantic enquiry lead to rumours of some very poor voyage fixtures being concluded. Most owners turned their attention to the fronthaul market. However, by the end of the week, prompt tonnage had begun achieving better numbers within the Atlantic and the fronthaul appeared softer. South American activity continued and rates were generally steady, if a little off. With a full week for the Asian market, trade volume increased. The South was especially busy with Indonesian coal, meaning few wanted to ballast. However, as the week ended, the oversupply of tonnage saw charterers begin to cover bel"
2019-06-24,17947.0,https://www.drycargomag.com/dry-bulk-week-25-the-baltic-briefing,"tic basin has encountered growing demand from Brazil to China which is primarily serviced by the ballaster fleet. Those vessels in the Atlantic already have been steadily picked off for longer north Atlantic fronthauls, exacerbating the fundamentals situation. The addition of a small uptick in transatlantic business has ignited the market. Meanwhile the Pacific reached heights earlier in the week on West Australia to China C5 route of $8.00, closing the week trading last at $7.40 and looks to be steady there. With a charging Atlantic market those vessels looking to make a choice on their next business will increasingly favour the West which will likely trigger a response from the East. The C5TC market opened Monday at $14,203 and closed Friday at $17,947. Panamax Rates everywhere slipped throughout last week. Initially transatlantic rates held firm due to limited available tonnage, however enquiry was also thin and the recently active North coast South American front haul market had slowed, giving north Atlantic tonnage fewer options. The South American market was hit much harder with pressure on first half June positions seeing rates tumble to around $14,500 plus $450,000 ballast bonus for modern Kamsarmaxes. This compares to around $15,500 plus $550,000 ballast bonus the previous week, as the dwindling cargo volume took effect. In the East the Indonesian market was very busy to various destinations. However, there was limited support from Australasia or NoPac, meaning a steady decline in levels fixed with brokers commenting on a wide bid/offer spread all week apart from prompt positions. There were few period discussions, although a Panamax in North China agreed $11,250 for four to six months with a Japanese charterer. Supramax The BSI has been climbing since last Thursday and gradually back to the level last seen in early June. The Mediterranean market showed signs of"
2019-07-01,19360.0,https://www.drycargomag.com/dry-bulk-week-26-the-baltic-briefing,"active West Australian market. Charterers were usually able to achieve lower than last done, albeit with minimal trade volumes heard. Several trades on Asian vessels for Brazil rounds were heard at healthy levels, which highlighted the options owners now have to choose from. Further west, Brazil to China voyage rates initially maintained their level before being seen to soften towards the end of the week. The North Atlantic was an animal of its own, as consecutively higher fronthaul fixtures were heard throughout the week. Many of these stemmed from the Black Sea, which, while at a higher headline rate, were largely viewed lower on the case of being a shorter duration back to the East. The C5TC opened the week at $17,947 to close Friday at $19,360. The West Australian C5 market opened the week at $7.45 to close the week out at $7.205. Panamax It was a strong week in the Atlantic with sources commenting they had rarely seen so few available ships on early positions. The index increased over $2,500 during the week for transatlantic rounds, with a modern Kamsarmax agreeing $12,500 for a round, admittedly from a good delivery in Aughinish, via the US East Coast to Jorf Lasfar. Fronthaul rates also increased by over $1,500 on the week before, with a modern Kamsarmax fixed at $19,000 delivery Gibraltar for a long trip via the US Gulf and the Cape of Good Hope to the East. Several vessels were also fixed basis delivery dropping outward pilot station (DOP) India for trips via South America, again, with a Panamax/Kamsarmax fixed at $12,000/$13,000 respectively. There was less excitement in the East, but rates also rose with the improved market sentiment. A newbuilding Kamsarmax ex-yard was reported fixed for one year at $12,250. The same charterer was later linked to another modern Kamsarmax in direct continuation at $12,200. Supramax/Ultramax Positive sentiment remained across a"
2019-07-15,27389.0,https://www.drycargomag.com/dry-bulk-week-28-the-baltic-briefing,"arket over the past week. Largely traded in European hours, ballaster tonnage was being secured for an ever-tightening window at the end of July. The C3 opened the week at $22.195 to close at $23.864. The lift in voyage rates across the indices on Friday was thought to have been substantially affected by the bunker market, which has been highly volatile this week, particularly in Asia, pushing vessel operating costs up. Trading activity on the West Australian C5 route was relatively mild, with sporadic trading from charterers. The route opened the week at $9.15 to close at $9.509. The Atlantic basin remains tight, although rumours for more competitive offers are being heard in trading. The C5TC continued its rise, closing out on Friday at $27,389 surpassing highs of 2018 while still looking stable and supported. Panamax Last Monday started very slowly with little appearing to trade anywhere. However, the market quickly continued its rapid rise as the Atlantic remained starved of early tonnage. In addition, Vale started taking multiple larger units to cover Brazilian iron ore stems to China. Talk of up to 10 vessels being taken in quick succession fanned the flames on an already bullish market, which then saw Panamaxes being taken for two laden legs with minimum durations at $20,000, redelivery in the Atlantic. The East rose steadily, but unspectacularly, until the end of the week. This was driven by Atlantic gains and the paper market, with tonnage in the South fixing South American rounds, or short period, at higher than last done. The North Pacific was subdued until the end of the week. An injection of fresh enquiry from the North Pacific and Australia then saw rates jump further, as charterers were forced to cover with no sign of the market easing in the short term. Supramax/Ultramax The Baltic Supramax Index (BSI) remained firmly in positive territory; this was cause"
2019-07-22,32765.0,https://www.drycargomag.com/dry-bulk-week-29-the-baltic-briefing,"The Capesize 5TC opened the week at $26,705 to close Friday at $32,765, an increase of more than 22%."
2019-07-29,27145.0,https://www.drycargomag.com/dry-bulk-week-30-the-baltic-briefing,"tic Briefing About Us About Us Contact Us Privacy Policy Publications Dry Cargo Magazine Dry Cargo Handling Directory Advertising Magazine Advertising Online Banner Advertising Newsletter Banner Advertising Online Lead-Generating Content Media kit DCi Media Pack Editorial Programme Advertising Rates News Latest News Dry Bulk Trade & Commodities Shipping & Transport Ports & Terminals Engineering & Equipment Breakbulk Regional Focus Events Subscribe Dry Bulk Week 30: The Baltic Briefing 29 July 2019 Dry Bulk | Trade & Commodities | Shipping & Transport Capesize The market was a white knuckled ride this past week as a large downside movement shed value quickly leaving many in bewilderment. The 5TC opened the week at $32,765 and closed on Friday at $27,145. It became apparent on Monday that the market was sliding. Tuesday brought about a modest decline on all routes before the storm clouds gathered. Wednesday it dropped throughout the day, with most activity centred on C3 and C5 routes. Thursday erosion continued on all routes, but by the end of the trading day a floor had been found to close the week with a small rebound. The West Australia to China rollercoaster opened the week at $10.90, rising quickly to $11.145, then plummeted to $9.336 to close out the week at $9.77. The Brazil to China C3 big dipper opened the week at $27.518, reached a low of $22.614, before closing out at $23.145. Rate levels are still considered high for recent times while the nerves of a few are surely being tested. Panamax There was a change in sentiment last week, with rates coming under pressure and owners struggling to maintain last done levels. It was expected after a prolonged period of gains, although whether it is a genuine change in market direction, or a short term correction, is still a matter for discussion. The fundamentals in the North Atlantic remain unchanged, so only early ships, "
2019-08-05,25749.0,https://www.drycargomag.com/dry-bulk-week-31-the-baltic-briefing,"Dry Bulk Week 31: The Baltic Briefing About Us About Us Contact Us Privacy Policy Publications Dry Cargo Magazine Dry Cargo Handling Directory Advertising Magazine Advertising Online Banner Advertising Newsletter Banner Advertising Online Lead-Generating Content Media kit DCi Media Pack Editorial Programme Advertising Rates News Latest News Dry Bulk Trade & Commodities Shipping & Transport Ports & Terminals Engineering & Equipment Breakbulk Regional Focus Events Subscribe Dry Bulk Week 31: The Baltic Briefing 05 August 2019 Dry Bulk | Trade & Commodities | Shipping & Transport Dry Bulk Report – Week 31 Capesize Having hit a high of $32,963 early last week, the Capesize 5TC now stands at $25,749. This is over 20% of its value lost in 10 days. Currently the market is at a bit of a standoff, with a wide bid/offer spread. For the West Australia to China, route the rate seems to be hovering around $9.50 level and for Brazil loading region $22.00 level. A Point Lisas to Yantai cargo was covered at $27.00 basis loading end August. Less timecharters have been fixed, with the most recent being the ‘Dione’ (180,132dwt, 2009 build) open Dangjin 6 August at $22,500, for an Australian round voyage, with Panocean. The vessel fixed and failed at a higher level earlier in the week. ArcelorMittal fixed a 2009 built 169,000dwt vessel for their PDM to Fos, mid-August cargo, at $10.50. Panamax Throughout last week there was a constant slide in rates and confidence, with much of the recent gains being eroded. The index for transatlantic rounds dropped by almost $4,000 daily, the fronthaul index by $3,335, and the Pacific round by just over $2,500. Towards the end of the week several brokers commented on the North Continent again being very tight for tonnage, with better numbers beginning to be discussed. However this was the only fleeting bright spot all week. The East "
2019-08-12,24022.0,https://www.drycargomag.com/dry-bulk-week-32-the-baltic-briefing,"Dry Bulk Week 32: The Baltic Briefing 12 August 2019 Dry Bulk | Shipping & Transport Weekly Dry Bulk Report; Capesize With typhoon Lekima gathering pace, numerous China ports were closed by the end of the week and will likely be for two to three days. In addition to this, the national holiday in Singapore gave a weaker trend to the rates, which all lost value during most of the week before bouncing back up a bit on Friday. By week’s end, the West Australia to China route was being rated around the $9.25 level, as rumours flowed this level had been fixed for end August dates. Brazil to China was hovering around low to mid $21’s after Vale had taken a number of vessels at this level. The Cape 5TC was published at $24,022. With a further holiday in Singapore on Monday it remains to be seen where the levels go. Panamax The beginning of last week saw rates continuing to slide everywhere. However, sentiment soon turned, driven by the limited available tonnage on the North Continent, as many Charterers scrambled to find suitable cover. The transatlantic index rose by almost $2,000, although many felt the reality was much higher. Rates for shorter mineral trips traded at around $20,000 on Panamax and $22,500 on Kamsarmaxes. South American grain activity also increased, with owners able to increase offers due to renewed optimism. A Kamsarmax reported fixed at the end of the week at $17,700 plus $770,000 ballast bonus for end August dates. With sentiment driving the FFA market higher, the East also benefitted. Despite the North Pacific remaining fairly quiet, mineral trades from Indonesia and Australia were again the driving force, combined with the option of longer round voyages via South America. Supramax/Ultramax As the week progressed, sentiment across both Basins rose positively on the back of stronger demand and tighter tonnage availability. Limited period activity surfaced,"
2019-08-19,29624.0,https://www.drycargomag.com/dry-bulk-week-33-the-baltic-briefing,"The Capesize 5TC opened the week at $24,022 to close at $29,624."
2019-08-27,30437.0,https://www.drycargomag.com/dry-bulk-week-34-the-baltic-briefing,"The Capesize 5TC routes opened the week at $29,624, dropped down to $28,431, before closing the week out at $30,437."
2019-09-02,34583.0,https://www.drycargomag.com/dry-bulk-week-35-the-baltic-briefing,"Dry Bulk Week 35: The Baltic Briefing About Us About Us Contact Us Privacy Policy Publications Dry Cargo Magazine Dry Cargo Handling Directory Advertising Magazine Advertising Online Banner Advertising Newsletter Banner Advertising Online Lead-Generating Content Media kit DCi Media Pack Editorial Programme Advertising Rates News Latest News Dry Bulk Trade & Commodities Shipping & Transport Ports & Terminals Engineering & Equipment Breakbulk Regional Focus Events Subscribe Dry Bulk Week 35: The Baltic Briefing 02 September 2019 Dry Bulk | Trade & Commodities | Shipping & Transport Bulk report – Week 35 Capesize The market continued to firm all week, with the 5TC closing on Friday at $34,583, up $4,146 for the week."
2019-09-09,37921.0,https://www.drycargomag.com/dry-bulk-week-36-the-baltic-briefing,"Dry Bulk Week 36: The Baltic Briefing About Us About Us Contact Us Privacy Policy Publications Dry Cargo Magazine Dry Cargo Handling Directory Advertising Magazine Advertising Online Banner Advertising Newsletter Banner Advertising Online Lead-Generating Content Media kit DCi Media Pack Editorial Programme Advertising Rates News Latest News Dry Bulk Trade & Commodities Shipping & Transport Ports & Terminals Engineering & Equipment Breakbulk Regional Focus Events Subscribe Dry Bulk Week 36: The Baltic Briefing 09 September 2019 Dry Bulk | Shipping & Transport Bulk Report – Week 36 Capesize The market reached new heights this week as the 5TC topped $38,014, a level not seen in the sector since 2013. Fridays 5TC closed down $732 to settle at $37,921. While this week’s surge in rates was driven by a tightening of tonnage that is able to arrive within September, a wider sector story is emerging of vessel delays being caused by docking issues. The upcoming IMO regulations, which will apply from 1 January 2020, have vessels preparing tanks to receive cleaner fuels while others are installing scrubber units to process high sulphur fuel on the go. These unusual dockings are causing delays and disruptions to tonnage flows, which is further aggravating a tight tonnage situation in parts of the market. The Pacific Basin this week experienced a surge early on due to sentiment from the West, but was otherwise relatively steady, while not particularly busy. The C5 opened the week at $10.359 to close Friday at $11.214. The Brazil to China market opened the week at $28.118, reached a high of $29.10, before closing the week out at $27.955. Panamax It was a largely uneventful week, with the indices drifting lower, albeit without much conviction. Sources said owners with prompt tonnage on the Continent had to reduce their ideas to find"
2019-09-23,31470.0,https://www.drycargomag.com/dry-bulk-week-38-the-baltic-briefing,"upward trending range. While the market traded sideways at the beginning of this past week, it was unable to build any upward momentum and broke to the downside midweek. Brazil to China C3 opened the week at $25.89 to close out Friday at $23.705, while West Australia to China C5 opened at $10.923 to close at $9.145. Trade activity was moderate throughout the week in the Atlantic, while quieter in the Pacific. Bunker pricing for traders was a wild ride this week as fuel markets absorbed possible scenarios of war risk footing in the Persian Gulf. Prices lifted drastically leaving many to back off trades and wait for the situation to calm. Rates did reduce but are still at elevated levels. The 5TC opened the week at $33,996 to close at $31,470. While there was some talk of a floor being reached, Fridays drop of -$1301 momentum looks still to the downside. Panamax The week began with small increases in the Atlantic indices, but this was soon reversed, and the losses accelerated as the week wore on. There was healthy fixing volume for both transatlantic and fronthaul trips, but the earlier tonnage was forced to reduce their offers to find cover. Brokers felt October positions looked more balanced. The Pacific drifted lower all week, with vessels in the North forced to ballast South. The South American market was not providing its normal support, with charterers concentrating on taking tonnage delivery Arrival Pilot Station (APS) below last done levels. There was hope of a possible surge in fixing this week, prior to Golden Week, but this was the only positive from the week. Very little period trading was reported, although a modern Panamax did fix for a year at $12,500 basis delivery prompt in Japan. Supramax/Ultramax A mixed week overall for the Baltic Supramax Index (BSI), which started in negative mode but as the week closed the trend slowed. Limited period activity was re"
2019-10-07,23675.0,https://www.drycargomag.com/dry-bulk-week-40-the-baltic-briefing,"The Capesize 5TC opened the week at $24,916, reached a low of $23,425 Thursday, before closing up Friday +$250 to settle at $23,675."
2019-10-21,25117.0,https://www.drycargomag.com/dry-bulk-week-42-the-baltic-briefing,"Directory Advertising Magazine Advertising Online Banner Advertising Newsletter Banner Advertising Online Lead-Generating Content Media kit DCi Media Pack Editorial Programme Advertising Rates News Latest News Dry Bulk Trade & Commodities Shipping & Transport Ports & Terminals Engineering & Equipment Breakbulk Regional Focus Events Subscribe Dry Bulk Week 42: The Baltic Briefing 21 October 2019 Dry Bulk | Shipping & Transport Bulk report – Week 42 Capesize The market traded in a relatively stable supported manner in the Pacific this week while the Atlantic experienced weakening turbulence. Fixture activity was strong in both basins with trade executed generally on a voyage priced basis. The 5TC opened the week at $26,382 before closing on a slightly down note Friday at $25,117. The Brazil to China C3 was the big mover this past week opening at $23.782 to close down at $20.945. The Pacific C5 market continued to trade in a limited range opening at $9.227 to end out the week on a positive at $9.114. Discussions continue to be heard regarding vessels cleaning fuel tanks in preparation for IMO 2020. Vessels going out on timecharter are needing to consider what fuel the vessel is being returned with, whilst ideally having a good indication of where that will be for bunkering considerations. Some have been heard to give favorable prices for bunkers on delivery to entice trade. While traders are well versed in bunker planning, the IMO’s hard deadline is problematic for the inherent variability of shipping schedules. The added complexity will surely turn up more issues over the coming months. Panamax The positive trend from last week did not continue, with both basins showing signs of softening since Tuesday. Despite east coast South America market, limited activity was reported from the rest of Atlantic with some principal accounts using their own tonnage for loading their own "
2019-11-25,18930.0,https://www.drycargomag.com/dry-bulk-week-47-the-baltic-briefing,"Dry Bulk Week 47: The Baltic Briefing About Us About Us Contact Us Privacy Policy Publications Dry Cargo Magazine Dry Cargo Handling Directory Advertising Magazine Advertising Online Banner Advertising Newsletter Banner Advertising Online Lead-Generating Content Media kit DCi Media Pack Editorial Programme Advertising Rates News Latest News Dry Bulk Trade & Commodities Shipping & Transport Ports & Terminals Engineering & Equipment Breakbulk Regional Focus Events Subscribe Dry Bulk Week 47: The Baltic Briefing 25 November 2019 Dry Bulk Bulk report – Week 47 Capesize After a week of value being eroded on the Capesize market, Friday brought improved sentiment across most of the routes. The 5TC average opened the week at $20,970 and closed out Friday up $580 to settle at $18,930, illustrating clearly the deteriorating condition of the market. While the Pacific Basin maintained its usual constant flow, improved sentiment built in the Atlantic Basin. Bids were heard to be firmly up across all routes. The Brazil to China C3 route opened the week at $19.04, reaching a midweek low of $18.225. However, with Fridays jump of 72.5 cents, the route settled at almost parity at $19.03 pushing into the weekend. While this current lift is encouraging for a possible last market push before the end of the year, trade activity overall hasn’t been reassuring. But as eyes drift to the New Year, and improved clarity post IMO changes, traders are sure to have plans in mind which will hopefully bring improved activity. Panamax It was a somewhat mixed bag in the market this week, despite very few pockets of resistance and a hefty softening of rates throughout the week. In the Atlantic, aside from the North Continent/Baltic trades which held steady, the longer fronthaul trips from the US Gulf and East Coat South America (ECSA) came under severe pressure. A 76,000dwt ship was fixed at $9,500 fro"
2019-12-02,23865.0,https://www.drycargomag.com/dry-bulk-week-48-the-baltic-brefing,"ine Banner Advertising Newsletter Banner Advertising Online Lead-Generating Content Media kit DCi Media Pack Editorial Programme Advertising Rates News Latest News Dry Bulk Trade & Commodities Shipping & Transport Ports & Terminals Engineering & Equipment Breakbulk Regional Focus Events Subscribe Dry Bulk Week 48: The Baltic Brefing 02 December 2019 Dry Bulk | Trade & Commodities | Shipping & Transport Bulk report – Week 48 Capesize The market has been well supported over the past week, led primarily by the Atlantic Basin. After bottoming last week, sentiment was seen to improve strongly, with both paper and physical traders buying into the rally. Opening the week at $18,930 on the Capesize 5TC, it has now lifted to $23,865. Traders had been eyeing up the second half of December, loading windows out of Brazil in recent weeks citing likely tonnage tightness. They weren’t disappointed as C3 was seen to open the week at $19.030, to end the week at $22.375. Furthermore, into the North Atlantic a flurry of fronthaul business, now beginning to incorporate ice zone premiums, have kept the basin under tonnage supply pressure heading into the final month of the year. The Pacific Basin struggled to counter the improved sentiment and was seen to lift early in the week past mid $9’s on C5 with a very healthy flow of fixtures being heard. C5 closed out the week at $9.95 with talk of $10.00 being concluded. Panamax There were significant gains this week, the Atlantic leading the charge, with the Skaw to Gibraltar Transatlantic round-trip route P1A_82, gaining more than $2,500 in value on the week. Stronger levels were concluded on the Baltic trades, with an 80,000dwt ship achieving $13,500 for a trip Skaw-Gibraltar. On the longer Transatlantic trips, an 82,000dwt vessel agreed $10,500 delivery. The East Coast South America (ECSA) grain front haul activity saw healthy volumes of fixing"
2019-12-09,23704.0,https://www.drycargomag.com/dry-bulk-week-49-the-baltic-briefing,"The Capesize 5TC closed the week down -$525 to settle at $23,704."
2019-12-16,18002.0,https://www.drycargomag.com/dry-bulk-week-50-the-baltic-briefing,"The Baltic Briefing About Us About Us Contact Us Privacy Policy Publications Dry Cargo Magazine Dry Cargo Handling Directory Advertising Magazine Advertising Online Banner Advertising Newsletter Banner Advertising Online Lead-Generating Content Media kit DCi Media Pack Editorial Programme Advertising Rates News Latest News Dry Bulk Trade & Commodities Shipping & Transport Ports & Terminals Engineering & Equipment Breakbulk Regional Focus Events Subscribe Dry Bulk Week 50: The Baltic Briefing 16 December 2019 Dry Bulk Capesize It was one-way traffic for the Capesize market this past week, with all routes giving up value. While downward momentum may have slowed a touch by Friday, the Capesize 5TC took a trouncing, losing $5,702 to settle at an almost six-month low of $18,002. Fixing activity was solid throughout the week, especially in the Pacific as charterers took advantage of owners scrambling to fix. Some suggest this new level could bring about an increase in enquiry, as trading activity is currently thought to be healthy overall, albeit in a declining market. With the strength of the Pacific in recent weeks, imbalances in tonnage supply to the West are already being mentioned. Vessels are continuing to be heard fixing for cargoes out of Eastern Canada on fronthaul, but the tonnage in the Atlantic looks to be tightening. The Brazil to China C3 opened the week at $21.615 to close Friday at $18.96. The C5 opened at $10.295 to end the week down at $8.364. Panamax The firmer market continued this week, with indices rising. In the Atlantic to East Coast South America (ECSA), grain cargoes continued to push the market. Rates increased slightly on the week, with the high being $15,000 plus $500,000 ballast bonus paid for an 82,000dwt ship. Activity picked up this week around the US Gulf and coupled with an effervescent Baltic market, rates in the North Atlantic saw significa"
2020-01-06,10825.0,https://www.drycargomag.com/dry-bulk-week-1,"minals Engineering & Equipment Breakbulk Regional Focus Events Subscribe Dry Bulk: Week 1 06 January 2020 Dry Bulk | Trade & Commodities | Shipping & Transport Capesize The New Year started with an erosion on pre-Christmas rates as the higher low sulphur fuel costs due to IMO 2020 affected levels. From Brazil the route is now assessed at close to $18.50, whilst from West Australia, several vessels were fixed at various levels which eventually settled at over 50 cents less to just under $7. With vessels having differing bunkering strategies, it will be a few days for TC levels to become more visible, but they too lost value. A Pacific round voyage at week’s end was assessed at $6,200 and the 5TC average at $10,825 which, on 24 December 2019, were at $11,525 and $14,337 respectively. There was talk of a vessel fixing for Bolivar/Rotterdam plus an option for Turkey loading end January, but full details have not been disclosed. Some are suggesting tonnage availability might be tightening there. Panamax As the new calendar year begun and bunker fuel legislation came into effect, rates remained severely under pressure in most areas. The new larger 82,500dwt vessel is now the benchmark BPI vessel. With talk of an ever-growing tonnage list in the Pacific, charterers are now generally bidding tonnage basis delivery Arrival Pilot Station (APS), plus a ballast bonus as opposed to Dropping Outward Pilot (DOP). Consequently, owners are now faced with difficult decisions to make. In the Atlantic a couple of 82,000dwt vessels achieved $14,250 plus $425,000 ballast bonus basis delivery East Coast South America for grain trips to Southeast Asia, with the low being an 81,000dwt ship agreeing $13,000 plus $315,000 ballast bonus for a similar trip. Earlier in the week a 75,000dwt vessel achieved $13,000 for a Baltic round trip back to the continent. In Asia, an 81,000dwt ship agreed $7,000 "
2020-01-13,9438.0,https://www.drycargomag.com/dry-bulk-week-2,"Opening the week at $10,825, the Capesize 5TC fell away to $9,020, before staging a small rally to close Friday at $9,438."
2020-01-20,8352.0,https://www.drycargomag.com/dry-bulk-week-3,"While the Capesize 5TC still softened marginally, opening the week at $9,438 and closing it at $8,352, market fundamentals appear to have stabilised with a dismal floor for owners in the Pacific and a tight tonnage situation in the Atlantic commanding a premium."
2020-01-27,4772.0,https://www.drycargomag.com/dry-bulk-week-4,"Dry Bulk: Week 4 About Us About Us Contact Us Privacy Policy Publications Dry Cargo Magazine Dry Cargo Handling Directory Advertising Magazine Advertising Online Banner Advertising Newsletter Banner Advertising Online Lead-Generating Content Media kit DCi Media Pack Editorial Programme Advertising Rates News Latest News Dry Bulk Trade & Commodities Shipping & Transport Ports & Terminals Engineering & Equipment Breakbulk Regional Focus Events Subscribe Dry Bulk: Week 4 27 January 2020 Dry Bulk | Trade & Commodities | Shipping & Transport Bulk report – Week 4 Capesize The market endured heavy losses throughout the past week, with the Capesize 5TC dropping from $8,352 to $4,772. In the lead up to Chinese New Year it became quickly evident positions had been managed the week before leaving only minimal loose ends to be tied up. Activity levels were never going to be anywhere near enough to counter an over-tonnaged Asia region. The Atlantic fared the worst of the two basins, dropping from $14,440 to $8,475 as what few vessels available were more than enough for the minimal cargoes available. With options dwindling, Brazil to China cargoes were seen to be fixed at bargain basement prices, as ballaster vessels looked to avoid being stranded in no-mans’ land. C3 opened the week at $17.85 to close at $15.917. Most major charterers on the West Australia to China C5 were absent this week, except for Rio Tinto, who manged to lower the last done seemingly at will. The C5 opened the week at $6.832 to close out at $6.155. Panamax Rates continued to slide all week with hopes of the market finding a bottom, but some very low trades were still witnessed. The Pacific began the week relatively active, but as Asian holidays approached, the market slowed significantly towards the weekend. Aside from East Coast South American trade, the Atlant"
2020-02-17,2445.0,https://www.drycargomag.com/dry-bulk-week-7,"The Capesize 5TC opened the week at $2,660 to close out at $2,445."
2020-02-24,2787.0,https://www.drycargomag.com/dry-bulk-week-8,"The Capesize 5TC opened the week at $2,445 to close out the week at $2,787."
2020-03-02,2274.0,https://www.drycargomag.com/dry-bulk-week-9,"g & Equipment Breakbulk Regional Focus Events Subscribe Dry Bulk: Week 9 02 March 2020 Dry Bulk | Trade & Commodities | Shipping & Transport Capesize The Capesize market woes related to Coronavirus have now spread through the wider global markets like wildfire. The wider supply and demand and operational ramifications now seem painfully clear. With Capes already trolling the bottom of the market there was little left to be squeezed out of it this week. With oil prices bearing the brunt of poor forecast demands in the coming months, traders kept a close eye on the declining fuel costs. This added a little volatility as route earnings improved to quickly readjust down once again. The Capesize 5TC, now $2,274, has remained below $3,000 for three weeks straight, whilst market conditions seemingly continue to deteriorate. The West Australia to China C5 opened the week at $5.99 to close out the week at $5.20. The Brazil to China C3, which is still lacking in any solid spot cargo flow, opened the week at $13.015 to close at $12.585. In other news the VLOC ‘Stella Banner’ (300,660 dwt) laden with 294,000mt iron ore has been reported to have intentionally grounded to avoid capsizing shortly after leaving the port of Ponta Da Madeira, Brazil. Panamax Last week witnessed plenty of improvement in the market aided with bunker prices falling, sentiment now seems generally optimistic. The North Atlantic trades continued to struggle, but with fronthaul volume increasing from East Coast South America (ECSA), particularly end March/early April shipments, rates improved. However, several still viewed current levels within the Atlantic as a good buying opportunity and took cover by booking tonnage for two-to-three laden legs within the Atlantic. The highlight rate on Arrival Pilot Station (APS) ECSA, basis being $14,700 plus $470,000 ballast bonus on an 82,000dwt ship. $11,000 was also conc"
2020-03-09,2542.0,https://www.drycargomag.com/dry-bulk-week-10,"The Capesize 5TC market closed out the week at $2,542."
2020-03-16,2797.0,https://www.drycargomag.com/dry-bulk-week-11,"The Capesize 5TC opened the week at $2,542 to close at $2,797."
2020-03-23,4067.0,https://www.drycargomag.com/dry-bulk-week-12,"With the market in a constant state of flux on a seemingly endless news cycle, increasing restrictions and disruptions, the Cape 5TC managed a lift out of its recent range to settle the week at $4,067, a lift of +$1,270 for the week."
2020-03-30,3675.0,https://www.drycargomag.com/dry-bulk-week-13,"The Cape 5TC closed out the week at $3,675, down -392."
2020-04-06,5949.0,https://www.drycargomag.com/dry-bulk-week-14,"The market remains a touch above OPEX levels, with the Cape 5TC closing the week at $5,949."
2020-04-20,9875.0,https://www.drycargomag.com/dry-bulk-week-16,"The Capesize 5TC opened the shortened week at $6,762 to close out at $9,875."
2020-04-27,8381.0,https://www.drycargomag.com/dry-bulk-week-17,"ng Newsletter Banner Advertising Online Lead-Generating Content Media kit DCi Media Pack Editorial Programme Advertising Rates News Latest News Dry Bulk Trade & Commodities Shipping & Transport Ports & Terminals Engineering & Equipment Breakbulk Regional Focus Events Subscribe Dry Bulk: Week 17 27 April 2020 Dry Bulk | Trade & Commodities | Shipping & Transport Capesize The tide turned this week for the Capesize market, as voyage rates registered dramatically falling fuel costs. This was led primarily by weakness in the energy market, as the global supply of oil continues to mount. US suppliers are finding storage levels are brimming, while being reluctant to turn off the taps. The Capesize 5TC peaked early in the week at $10,081, before gains were gradually eroded down to $8,381 by Friday. Fixture activity was relatively strong throughout the week, with a flurry of cargoes fixing out of Brazil to China across a wide range of dates. West Africa and Eastern Canada to China were also notable on fronthaul activity. The Brazil to China C3, while active, shed over $1.60 to settle down at $10.505. The Pacific had a reasonable flow of trade before petering out on Friday. The West Australia to China C5 settled Friday at $4.073, down -$0.84. Along with the oil, Brazilian iron ore forecasts for the 2020 year were revised down by Vale this week. Cashflow troubles were heard out of a Steel maker in India, as Covid-19 continues to wreak havoc on the world markets. Panamax The Panamax market had a real directional shift this week, with the Baltic Panamax Index (BPI) veering negative for the first time in over two weeks. East Coast South America grain activity, so often the market driver, has come under pressure this week, with a vast amount of ballasters from Asia compounding the issue. With varying rates being fixed, the mean rate averaging out was at around $8,750 for 82,000dwt, bas"
2020-06-08,7307.0,https://www.drycargomag.com/dry-bulk-week-23,"t Us About Us Contact Us Privacy Policy Publications Dry Cargo Magazine Dry Cargo Handling Directory Advertising Magazine Advertising Online Banner Advertising Newsletter Banner Advertising Online Lead-Generating Content Media kit DCi Media Pack Editorial Programme Advertising Rates News Latest News Dry Bulk Trade & Commodities Shipping & Transport Ports & Terminals Engineering & Equipment Breakbulk Regional Focus Events Subscribe Dry Bulk: Week 23 08 June 2020 Dry Bulk | Trade & Commodities | Shipping & Transport Capesize The small flicker of hope at the beginning of this week has kindled a small fire under the Capesize market. At a paltry $3369 from the beginning of the week, the Capesize 5TC has lifted to $7307 with momentum continuing to build. Led by strong iron ore demand, the fronthaul long ton mile business has heeded the call. The transatlantic business, in contrast, continues to severely lag other regions, giving a strong indication of the continuing weak industrial output owing to Covid-19. The transatlantic C8 closed the week up +875 to $4075 with some suggesting that level to be quite generous considering the serious lack of business. The Pacific basin – and in particular iron ore from Western Australia to China – had strong activity for the second half of this week catching some by surprise. The C5 West Australia to Qingdao opened the week at $4.123 to close at $5.473. Fuel price increase had its part to play this week, lifting voyage prices. But once momentum had built, rates quickly outpaced. Panamax A better week all round, with the timecharter average climbing $345 on the week to Thursday. This was driven predominantly by both the US Gulf, and EC South American fronthaul markets, with P2A gaining $759 on the week to Thursday, whilst the underlying voyage routes both posted gains of $1.06, and $0.76 respectively. In the latter stages of the week, Kamsarm"
2020-06-15,12410.0,https://www.drycargomag.com/dry-bulk-week-24,"ling Directory Advertising Magazine Advertising Online Banner Advertising Newsletter Banner Advertising Online Lead-Generating Content Media kit DCi Media Pack Editorial Programme Advertising Rates News Latest News Dry Bulk Trade & Commodities Shipping & Transport Ports & Terminals Engineering & Equipment Breakbulk Regional Focus Events Subscribe Dry Bulk: Week 24 15 June 2020 Dry Bulk | Trade & Commodities | Shipping & Transport Capesize The Capesize market made new highs for the year this week after strong iron ore demand to the far east continued to develop in the market. Earnings have lifted from sub operating cost levels under two weeks ago, to now having surged up to have the Capesize 5TC settling at $12,410. Long tonne mile cargoes coming from all regions of the Atlantic have looked to fill the void left in supply by sluggish Brazilian offerings. While Vale may have dialled down on output year to date, they were active in the market this week on Brazil to China activity. Voyage route C3 now sits at $14.91 and the Brazil to China timecharter C14 posts at $13,936. In the Pacific, all major iron ore charterers have been busy. Owners trading options have been increasingly plentiful for one of the first times this year so bid offer spreads have been widened, leading to some periods of inactivity and a wait for one side to blink. The West Australia to China C5 lifted from $5.473 on Monday to close out this week at $6.486. Panamax The Panamax market witnessed a substantial recovery this week, despite a lethargic week of activity in Asia and a complex market to call in the Atlantic – at least until midweek when the EC South America market exploded into action. Levels for Australian and NoPac round trips this week hovered around the mid $7,000’s mark for Kamsarmax tonnage, whilst Post panamax tonnage were commanding a small premium to this with active demand for the larger"
2020-06-29,29641.0,https://www.drycargomag.com/dry-bulk-week-26,"s About Us Contact Us Privacy Policy Publications Dry Cargo Magazine Dry Cargo Handling Directory Advertising Magazine Advertising Online Banner Advertising Newsletter Banner Advertising Online Lead-Generating Content Media kit DCi Media Pack Editorial Programme Advertising Rates News Latest News Dry Bulk Trade & Commodities Shipping & Transport Ports & Terminals Engineering & Equipment Breakbulk Regional Focus Events Subscribe Dry Bulk: Week 26 29 June 2020 Dry Bulk | Trade & Commodities | Shipping & Transport Capesize As the halfway mark of 2020 arrives, the capesize market is making new highs for the year. From persistent lows earlier caused by a barrage of negative factors, the capesize 5TC market has outperformed in spectacular fashion to now reside at $29641. Breaking for a pause early on in the week, the market renewed conviction mid-week to push higher on the back of the tight tonnage supply in the Atlantic. This is often the case after periods of prolonged weak fundamentals. Vessels are now being seen changing hands in healthy trading, while iron ore pricing continues to support cargoes coming to market. The Brazil to China C3 is now trading often north of $20 as Vale has been active throughout the week amongst other traders. News of a lessening of the east Australian quarantine measures is a heartening sign that some regions have been able to tackle their Covid-19 issues. The west Australia to China C5 lifted early in the week, before flattening off to now price at $9.723. Panamax Panamax activity appeared a lot more passive this week, which was largely attributed to charterers taking stock of their books. This, coupled with owners’ reluctance to reduce their offers, resulted in an inevitable standoff during the first half of the week. However, in the north Atlantic, solid demand for both trans-Atlantic and front haul trips saw rates continue to rise with $13,0"
2020-09-21,15761.0,https://www.drycargomag.com/dry-bulk-week-38,"The Capesize 5TC opened the week at $15,248 to close at $15,761."
2020-10-05,30000.0,https://www.drycargomag.com/dry-bulk-week-40,"Dry Bulk: Week 40 About Us About Us Contact Us Privacy Policy Publications Dry Cargo Magazine Dry Cargo Handling Directory Advertising Magazine Advertising Online Banner Advertising Newsletter Banner Advertising Online Lead-Generating Content Media kit DCi Media Pack Editorial Programme Advertising Rates News Latest News Dry Bulk Trade & Commodities Shipping & Transport Ports & Terminals Engineering & Equipment Breakbulk Regional Focus Events Subscribe Dry Bulk: Week 40 05 October 2020 Dry Bulk | Trade & Commodities | Shipping & Transport Capesize Firm trading activity this week has pushed the Capesize 5TC up and over the $30000 level, reaching near new highs for the year. With the momentum and excitement in the market seen closing out the week there looks to be more to come. The Pacific basin, with China and Korea on public holidays, has been difficult to read with rates in flux. The Transpacific C10 has come under pressure from the other regions as it has begun to be increasingly discounted. With its solid lift today of +3909 to $28795 it still lags the China Brazil round voyage C14 at $29200 and the Transatlantic C8 at a whopping $40,050. With rates surging, it's no surprise owners have neglected the poor C16 backhaul. The route soared $5935 today to $14,050 as charterers struggle to tempt tonnage their way. By taking these backhaul trades at this time of the year owners run the risk of mistiming the market for their next leg. Time will tell. Panamax Overall a broadly flat week in the Panamax market, the BPI timecharter average losing $157 to end the week at $12355. Trading volumes in Asia were largely curtailed by mid-Autumn festival holidays in parts of the Far East and rates here eased as the week went on. In the Atlantic, trade from EC South America was sporadic and rates cor"
2020-10-19,19952.0,https://www.drycargomag.com/dry-bulk-week-42,"Opening at $29,479, the Capesize 5TC has closed the week at $19,952, a drop of almost -30%."
2020-11-09,14421.0,https://www.drycargomag.com/dry-bulk-week-45,"rgo Magazine Dry Cargo Handling Directory Advertising Magazine Advertising Online Banner Advertising Newsletter Banner Advertising Online Lead-Generating Content Media kit DCi Media Pack Editorial Programme Advertising Rates News Latest News Dry Bulk Trade & Commodities Shipping & Transport Ports & Terminals Engineering & Equipment Breakbulk Regional Focus Events Subscribe Dry Bulk: Week 45 09 November 2020 Dry Bulk | Trade & Commodities | Shipping & Transport Capesize The Capesize market continued to decline this week, albeit at a more gradual pace, as tonnage demand has become lacklustre to close out the year. The end of the week brought about a small uptick of +244 to settle the Capesize 5TC at $14,421, possibly placing a support level, although others would suggest it will allow for a breather before further declines. The market lifted at the end of the week as several cargo positions appeared to get caught on prompter dates, which commanded a premium in the market. The Brazil to China C3 sits at $14.16 and is currently trading split dates of end November, early December which is causing a wide spread of values. The Pacific market this week reached sub $7 levels with major Charterers easily picking off tonnage at new lows. The West Australia to China C5 posted the end of the week at $6.823, up five cents. Panamax Rates in the Panamax market this week slowly ebbed away, except for a couple of hot spots - the Baltic mineral stems and NoPac demand - which appeared well supported. An 82,000-dwt achieving approximately $15,000 midweek for a Baltic trip to East Med redelivery Passero, whilst same size tonnage delivery Continent agreed $13,500 for a Baltic redelivery Continent run. Limited activity arose from EC South America, but an LME agreed a rate of $12,800 +$280,000 delivery Aps basis redelivery Singapore-Japan with sugar. In Asia, the market was described as mainly N"
2020-11-30,12712.0,https://www.drycargomag.com/dry-bulk-week-48,"Dry Bulk: Week 48 About Us About Us Contact Us Privacy Policy Publications Dry Cargo Magazine Dry Cargo Handling Directory Advertising Magazine Advertising Online Banner Advertising Newsletter Banner Advertising Online Lead-Generating Content Media kit DCi Media Pack Editorial Programme Advertising Rates News Latest News Dry Bulk Trade & Commodities Shipping & Transport Ports & Terminals Engineering & Equipment Breakbulk Regional Focus Events Subscribe Dry Bulk: Week 48 30 November 2020 Dry Bulk | Trade & Commodities | Shipping & Transport Capesize The Capesize market this week continued its recent range bound sideways drift hitting a low of $11,996 Tuesday on the 5TC, before closing the week out at $12,712."
2021-01-11,16633.0,https://www.drycargomag.com/dry-bulk-week-1-2021,"The Capesize 5TC ended 2020 at $16,633 and now closes out its opening week of 2021 at a resounding $21,131."
2021-01-18,23989.0,https://www.drycargomag.com/dry-bulk-week-2-2021,"Opening the second full week of the year at $21,131 the Capesize 5TC peaked mid-week at $26,489, before closing down to end the week at $23,989."
2021-02-01,15675.0,https://www.drycargomag.com/dry-bulk-week-4-2021,"Dropping -8,956 over the course of the week the Capesize 5TC settled at $15,675."
2021-02-15,10304.0,https://www.drycargomag.com/dry-bulk-week-6-2021,"The Capesize 5TC registered a token drop of eight to settle at $10,304 as minimal trading was heard."
2021-02-22,14224.0,https://www.drycargomag.com/dry-bulk-week-7-2021,"From last Friday at $10,304, the Capesize 5TC reached a high on Wednesday of $15,856 before retreating to close the week out at $14,224."
2021-03-01,11934.0,https://www.drycargomag.com/dry-bulk-week-8-2021,"Dry Bulk: Week 8 About Us About Us Contact Us Privacy Policy Publications Dry Cargo Magazine Dry Cargo Handling Directory Advertising Magazine Advertising Online Banner Advertising Newsletter Banner Advertising Online Lead-Generating Content Media kit DCi Media Pack Editorial Programme Advertising Rates News Latest News Dry Bulk Trade & Commodities Shipping & Transport Ports & Terminals Engineering & Equipment Breakbulk Regional Focus Events Subscribe Dry Bulk: Week 8 01 March 2021 Dry Bulk | Trade & Commodities | Shipping & Transport Capesize The market took on a mild downward slide during this week with the 5TC opening at $14,224 to close out at $11,934. The Pacific basin on its own showed a little more stability, remaining largely flat on the transpacific C10 and ending the week at exactly $11,500. The transatlantic C8 had a little less resilience as it dropped $2,550 to $15,025, which is albeit still a solid premium to the Pacific. Pockets of resistance are said to be building from Owners as the outlook remains firm and last week’s volatility remains in recent memory. The Brazil to China C3 route came under sustained pressure this week dropping $1.885 to $15.49 in the face of increasing bunker prices. The ballaster routes being fully restocked with tonnage are taking the pressure off the Pacific, yet any routes along the ballaster path have paid the cost. The earnings for the C3 on a standard Baltic 180,000-dwt vessel are currently in the $7,000-8,000/day range on a time charter equivalent basis. Owner optimism sees the demand for Capesize ramping up. But, as always, the timing of any future move is brought into question. With the hindsight of the last couple of weeks, the only unusual occurrence would likely be a flatline of where we are at today. Panamax For the first couple of days "
2021-03-08,14794.0,https://www.drycargomag.com/dry-bulk-week-9-2021,"Gaining $920 on the last trading day of the week the Capesize 5TC settled at $14,794, which reflected the solid trading activity."
2021-03-15,16741.0,https://www.drycargomag.com/dry-bulk-week-10-2021,"Dry Bulk: Week 10 About Us About Us Contact Us Privacy Policy Publications Dry Cargo Magazine Dry Cargo Handling Directory Advertising Magazine Advertising Online Banner Advertising Newsletter Banner Advertising Online Lead-Generating Content Media kit DCi Media Pack Editorial Programme Advertising Rates News Latest News Dry Bulk Trade & Commodities Shipping & Transport Ports & Terminals Engineering & Equipment Breakbulk Regional Focus Events Subscribe Dry Bulk: Week 10 15 March 2021 Dry Bulk | Trade & Commodities | Shipping & Transport Capesize It was another rollercoaster week with high activity on the west Australia and Brazil to China routes. The Capesize 5TC opened the week at $14,794 to move quickly up to $17,889 at midweek before tailing off towards the weekend at $16,741. While the Transatlantic C8 was a calm seas story, the ballaster C14 and the trans-Pacific C10 routes drove rates hard and attracted tonnage for their region with values stalling out on Wednesday. On the ballaster route the tonnage levels remain substantial, with some suggestion of a lack of cargo for end March dates. In the Pacific, the West Australia to China C5 hit a high of $9.623 this week before coming off to settle at $9.155. With the commodity markets and the smaller vessel sizes still pushing up the Capesize sector is feeling supported. The values are ebbing and flowing with strength which is unusual for this time of the year. Capes are being heard taking unusual cargoes along several new routes as Owners, traders, and Charterers grapple with this exciting 2021 market they find themselves in. Panamax It has been an interesting week, where the Atlantic appeared to have a positional divide with the north Atlantic tonnage under pressure due to lack of demand. This resulted in fixtures on delivery at loadport basis seeming to be the norm for trans-Atlantic rou"
2021-03-22,19437.0,https://www.drycargomag.com/dry-bulk-week-11-2021,"Dry Bulk: Week 11 About Us About Us Contact Us Privacy Policy Publications Dry Cargo Magazine Dry Cargo Handling Directory Advertising Magazine Advertising Online Banner Advertising Newsletter Banner Advertising Online Lead-Generating Content Media kit DCi Media Pack Editorial Programme Advertising Rates News Latest News Dry Bulk Trade & Commodities Shipping & Transport Ports & Terminals Engineering & Equipment Breakbulk Regional Focus Events Subscribe Dry Bulk: Week 11 22 March 2021 Dry Bulk | Trade & Commodities | Shipping & Transport Capesize A steady build for the Capesize market saw the 5TC lift $2,696 to settle the week at $19,437."
2021-03-29,19014.0,https://www.drycargomag.com/dry-bulk-week-12-2021,"Media kit DCi Media Pack Editorial Programme Advertising Rates News Latest News Dry Bulk Trade & Commodities Shipping & Transport Ports & Terminals Engineering & Equipment Breakbulk Regional Focus Events Subscribe Dry Bulk: Week 12 29 March 2021 Dry Bulk | Trade & Commodities | Shipping & Transport Capesize A more tempered week saw rates soften across all routes with low activity in both basins. Resilience and strong optimism still remains from Owners, yet the tailwinds from smaller classes turned to headwinds early in the week as market sentiment across shipping and commodities took a downward turn. The Capesize rates followed suit through until Thursday before posting a small up-tick. The 5TC opened the week at $19,437 to close out the week down $423 at $19,014. The Brazil to China C3 was slightly down $0.71 to $21.04 and the West Australia to China C5 was down $0.104 to $9.223. Both very modest drops with Owners showing no signs of panic. News out of Vales northern Brazil rail line had iron ore cargoes being impacted by a slip incident yet flow continues. Panamax The Panamax 5 time-charter average yielded a loss of $1,326 on the week to publish on closing at $25,447, which is a realistic reflection of the corrective week the Panamax market has experienced following last week’s dramatic rises. Rates in the Atlantic basin eased as demand faltered and pressure slowly built on the nearby position with fewer options for Owners to consider. The Asian market proved to be something of a two-tier market, the north supported with healthy grain demand ex NoPac with rates typically around $29/30,000 for 82,000-dwt agreed occasionally. Further south, pressure built in the southern positions with limited activity here. The resultant large spread between the bid and offer curtailed activity with nearby tonnage reducing rates in order to get fixed. Late in the week there were some mu"
2021-04-12,23911.0,https://www.drycargomag.com/dry-bulk-week-14-2021,"Dry Bulk: Week 14 About Us About Us Contact Us Privacy Policy Publications Dry Cargo Magazine Dry Cargo Handling Directory Advertising Magazine Advertising Online Banner Advertising Newsletter Banner Advertising Online Lead-Generating Content Media kit DCi Media Pack Editorial Programme Advertising Rates News Latest News Dry Bulk Trade & Commodities Shipping & Transport Ports & Terminals Engineering & Equipment Breakbulk Regional Focus Events Subscribe Dry Bulk: Week 14 12 April 2021 Dry Bulk | Trade & Commodities | Shipping & Transport Capesize The Capesize market continued this week with its constant and relatively steady improvement in rate values. The Capesize 5TC lifted 4,058 over the shortened post Easter holiday week to $23,911. While the Transpacific C10 remains the premium paying basin at $27,221, the Atlantic Basin C8 has closed the gap now rated to $19,850, albeit fixtures still remain few and far between in the region. The Fronthaul C9 and Backhaul C16 stood out this week as solid earning fixtures well into the mid $40k regions drove the C9 up to $44,000, while the C16 gathered pace late in the week closing in on $10k to settle at $7,885 with several believing it well undervalued. Out of Brazil, Vale was able to obtain $21 levels for tonnage on C3. But sources say the remaining bids have now all needed to lift - pushing the end of week closing to $22.475. Fixture activity remains strong on the Capesize sector and possibly building without the tailwinds of the smaller sizes. Panamax The Panamax market was described by some as floorless this week, with significant declines across the board and at the time of writing no sign of halting. Despite owners’ resistance, a burgeoning tonnage count building - especially for the nearby position - combined with a lack of demand and a plunging FFA market heaped pressure on rates. No routes escape"
2021-04-26,34762.0,https://www.drycargomag.com/dry-bulk-week-16-2021,"Dry Bulk: Week 16 About Us About Us Contact Us Privacy Policy Publications Dry Cargo Magazine Dry Cargo Handling Directory Advertising Magazine Advertising Online Banner Advertising Newsletter Banner Advertising Online Lead-Generating Content Media kit DCi Media Pack Editorial Programme Advertising Rates News Latest News Dry Bulk Trade & Commodities Shipping & Transport Ports & Terminals Engineering & Equipment Breakbulk Regional Focus Events Subscribe Dry Bulk: Week 16 26 April 2021 Dry Bulk | Trade & Commodities | Shipping & Transport Capesize The Capesize market this week reached rate levels equivalent of last year’s highs. The 5TC rose $6,242 to settle at the end of the week at $34,762. The Transatlantic C8 roared to life throughout the week and is now the premium paying basin up $12,675 to $37,450. The fronthaul C9 has surpassed last year’s peak as Charterers have found little respite from owners in the usual lightly tonnaged region. The more surprising move comes from the Backhaul C16 as owners are demanding premiums for their vessels to perform the longer durations on coal from East Australia to the Continent. The route settled the week at $19,200 with several sources claiming there’s more to come. While higher headline levels are regularly being heard, the usual major charterers on the C5 and C3 routes look to be able to command solid discounts for their cargoes. However, their fixtures are having a diminishing return on affecting the wider market. Countering their influence, Owners appear emboldened with the wind in their sails as all routes appear busy with iron ore prices flying and Australian coal looking for a home further afield than the usual China destination. Panamax Another contrasting week, this time starting out in a bullish fashion, only for rates to ease as Charterers retracted as an FFA s"
2021-05-10,41514.0,https://www.drycargomag.com/dry-bulk-week-18-2021,"Dry Bulk: Week 18 About Us About Us Contact Us Privacy Policy Publications Dry Cargo Magazine Dry Cargo Handling Directory Advertising Magazine Advertising Online Banner Advertising Newsletter Banner Advertising Online Lead-Generating Content Media kit DCi Media Pack Editorial Programme Advertising Rates News Latest News Dry Bulk Trade & Commodities Shipping & Transport Ports & Terminals Engineering & Equipment Breakbulk Regional Focus Events Subscribe Dry Bulk: Week 18 10 May 2021 Dry Bulk | Trade & Commodities | Shipping & Transport Capesize The Capesize market has been trading strongly at lofty levels this past week. The 5TC opened the week at $40,608, peaked at $44,817 mid-week before finally retracing to take a breather at $41,514. The market has been hiking higher since the beginning of April to reach levels not seen in the past decade. While the draw back late in the week was significant, the market remains poised and primed for further healthy trading levels. As usual, the Pacific basin was the busier region for vessels with strong cargo flow coming from the major charterers. With iron ore prices touching $200 pmt yesterday, the cost of shipping a 170,000mt 10% cargo on the West Australia to Qingdao C5 route closed the week at $14.427. Further west in the Atlantic Basin, cargo volumes are heard to be sparse. However, the Transatlantic C8 still commands a solid $41,325 as the vessel to cargo ratio remains precarious and prone to imbalances. The Capesize market has finally taken a break from its stellar run, reminiscent of older times. There are surely more twists and turns in this wild ride to be seen. But as other markets continue to push higher, there may be a good case to say the upward trajectory may soon return. Panamax The Panamax market remained fundamentally firm all week, this is despite "
2021-05-17,34542.0,https://www.drycargomag.com/dry-bulk-week-19,"Dry Bulk: Week 19 About Us About Us Contact Us Privacy Policy Publications Dry Cargo Magazine Dry Cargo Handling Directory Advertising Magazine Advertising Online Banner Advertising Newsletter Banner Advertising Online Lead-Generating Content Media kit DCi Media Pack Editorial Programme Advertising Rates News Latest News Dry Bulk Trade & Commodities Shipping & Transport Ports & Terminals Engineering & Equipment Breakbulk Regional Focus Events Subscribe Dry Bulk: Week 19 17 May 2021 Dry Bulk | Trade & Commodities | Shipping & Transport Capesize As the week progressed it became clear that the Capesize market wasn’t having a small retracement but was in for a more significant downturn as the 5TC dropped $6,972 week-on-week to settle at $34,542."
2021-06-07,20933.0,https://www.drycargomag.com/dry-bulk-week-22-2021,"Dry Bulk: Week 22 About Us About Us Contact Us Privacy Policy Publications Dry Cargo Magazine Dry Cargo Handling Directory Advertising Magazine Advertising Online Banner Advertising Newsletter Banner Advertising Online Lead-Generating Content Media kit DCi Media Pack Editorial Programme Advertising Rates News Latest News Dry Bulk Trade & Commodities Shipping & Transport Ports & Terminals Engineering & Equipment Breakbulk Regional Focus Events Subscribe Dry Bulk: Week 22 07 June 2021 Dry Bulk | Trade & Commodities | Shipping & Transport Capesize The Capesize market found little to support levels this week as a steady slide in rates saw the 5TC drop $4,681 over the week to settle at $20,933."
2021-06-14,27752.0,https://www.drycargomag.com/dry-bulk-week-23-2021,"The Capesize 5TC opened the week with a relatively paltry $20,933, took some moderate losses early in the week to $19,845 before rebounding strongly to close out the week at $27,752."
2021-07-05,29106.0,https://www.drycargomag.com/dry-bulk-week-26-2021,"The Capesize 5TC reached $34,299 on Tuesday before closing the week out at $29,106."
2021-07-19,28572.0,https://www.drycargomag.com/dry-bulk-week-28-2021,"Dry Bulk: Week 28 About Us About Us Contact Us Privacy Policy Publications Dry Cargo Magazine Dry Cargo Handling Directory Advertising Magazine Advertising Online Banner Advertising Newsletter Banner Advertising Online Lead-Generating Content Media kit DCi Media Pack Editorial Programme Advertising Rates News Latest News Dry Bulk Trade & Commodities Shipping & Transport Ports & Terminals Engineering & Equipment Breakbulk Regional Focus Events Subscribe Dry Bulk: Week 28 19 July 2021 Dry Bulk | Trade & Commodities | Shipping & Transport Capesize The Capesize market endured a week of eroding value across all regions as the 5TC lowered $2,430 week on week to settle at $28,572."
2021-07-26,32469.0,https://www.drycargomag.com/dry-bulk-week-29-2021,"Dry Bulk: Week 29 About Us About Us Contact Us Privacy Policy Publications Dry Cargo Magazine Dry Cargo Handling Directory Advertising Magazine Advertising Online Banner Advertising Newsletter Banner Advertising Online Lead-Generating Content Media kit DCi Media Pack Editorial Programme Advertising Rates News Latest News Dry Bulk Trade & Commodities Shipping & Transport Ports & Terminals Engineering & Equipment Breakbulk Regional Focus Events Subscribe Dry Bulk: Week 29 26 July 2021 Dry Bulk | Trade & Commodities | Shipping & Transport Capesize The market drifted sideways lacking a strong directional lead most of the week, with gains towards the end the 5TC average settling at $32,469 to close the week, up almost $4,000."
2021-08-02,35713.0,https://www.drycargomag.com/dry-bulk-week-30-2021,"Dry Bulk: Week 30 About Us About Us Contact Us Privacy Policy Publications Dry Cargo Magazine Dry Cargo Handling Directory Advertising Magazine Advertising Online Banner Advertising Newsletter Banner Advertising Online Lead-Generating Content Media kit DCi Media Pack Editorial Programme Advertising Rates News Latest News Dry Bulk Trade & Commodities Shipping & Transport Ports & Terminals Engineering & Equipment Breakbulk Regional Focus Events Subscribe Dry Bulk: Week 30 02 August 2021 Dry Bulk | Trade & Commodities | Shipping & Transport Capesize The Capesize market strengthened this week as Pacific routes were affected by weather incidents pushing the 5TC up $3,244 week on week to settle at $35,713."
2021-08-09,36150.0,https://www.drycargomag.com/dry-bulk-week-31-2021,"Dry Bulk: Week 31 About Us About Us Contact Us Privacy Policy Publications Dry Cargo Magazine Dry Cargo Handling Directory Advertising Magazine Advertising Online Banner Advertising Newsletter Banner Advertising Online Lead-Generating Content Media kit DCi Media Pack Editorial Programme Advertising Rates News Latest News Dry Bulk Trade & Commodities Shipping & Transport Ports & Terminals Engineering & Equipment Breakbulk Regional Focus Events Subscribe Dry Bulk: Week 31 09 August 2021 Dry Bulk | Trade & Commodities | Shipping & Transport Capesize The Capesize market broke out of its recent range this week as the 5TC peaked on Thursday before easing Friday slightly down at $36,150. The Pacific routes strengthened throughout the week but softened abruptly on Friday for the Transpacific C10 to be down 485 week on week to $44,928. The Brazil to China C14 was the main mover settling at $34,990 on Friday, still a significant discount to the Pacific. The North Atlantic region continues to be the laggard as vessel and cargo counts remain perilously low. Panamax We have seen more activity this week in the build up to holidays in Singapore and Japan with both owners and charterers looking to find cover. The Black Sea grain season is fully underway and charterers have been busy sourcing tonnage from Asia. A 76,000-dwt was rumoured to have been placed on subjects basis delivery passing Singapore 10-11 August via the Black Sea redelivery Singapore-Japan at $31,000. Also a 82,0000-dwt was rumoured to have been fixed basis sailing Singapore with prompt dates for a trip via East Coast South America with redelivery Singapore-Japan range at $33,500. An 83,000-dwt open Rotterdam 12-16 August was rumoured to have been fixed for a trip via the Baltic with redelivery India at $55,000. In Asia an 82,000-dwt was fix"
2021-08-16,39526.0,https://www.drycargomag.com/dry-bulk-week-32-2021,"Dry Bulk: Week 32 About Us About Us Contact Us Privacy Policy Publications Dry Cargo Magazine Dry Cargo Handling Directory Advertising Magazine Advertising Online Banner Advertising Newsletter Banner Advertising Online Lead-Generating Content Media kit DCi Media Pack Editorial Programme Advertising Rates News Latest News Dry Bulk Trade & Commodities Shipping & Transport Ports & Terminals Engineering & Equipment Breakbulk Regional Focus Events Subscribe Dry Bulk: Week 32 16 August 2021 Dry Bulk | Trade & Commodities | Shipping & Transport Capesize The week had a quiet start due to Singapore’s National Day on Monday (9 August). By the end of the week both 5TC and BCI reached a new high since mid-May, at 4,766 and $39,526 respectively. The Atlantic appeared to be more active towards the weekend with C3 Brazil to China run jumping from $30,195 at one point to $32,025 on Friday. An early September stem from Tubarao to Qingdao was fixed at $32,500 and a second half September stem from Sudeste to Qingdao was fixed at $33,000. Brazilian activity also added support to C9 rate to record $58,250 on a standard Baltic type from the Continent back to the Far East. On the Pacific side, C5 west Australia to Qingdao went below $14,000 in mid of the week but climbed back to $14,677, whilst the related time charter route was marked at $45,513 by close of the week. Panamax A positive week in general with gains in both the Atlantic and Asian basins. A 82,000-dwt open in Kosichang being fixed basis Delivery DOP via East Coast south America to Singapore-Japan range for an intended cargo of grains at $34,000. On the Continent a 83,000-dwt was rumored to have been fixed for a Baltic to China cargo at around $50,000. In Asia, we see a firm market due to congestion and lack of tonnage, where a 85,000-dwt open China was fixed for a trip via Australia to China w"
2021-08-31,51099.0,https://www.drycargomag.com/dry-bulk-week-34-2021,"Dry Bulk: Week 34 About Us About Us Contact Us Privacy Policy Publications Dry Cargo Magazine Dry Cargo Handling Directory Advertising Magazine Advertising Online Banner Advertising Newsletter Banner Advertising Online Lead-Generating Content Media kit DCi Media Pack Editorial Programme Advertising Rates News Latest News Dry Bulk Trade & Commodities Shipping & Transport Ports & Terminals Engineering & Equipment Breakbulk Regional Focus Events Subscribe Dry Bulk: Week 34 31 August 2021 Dry Bulk | Trade & Commodities | Shipping & Transport Capesize Both the overall index and 5 time charter (5TC) average climbed back to positive territory at the end of the week after a mid-week decline. BCI closed the week at 6162, which is slightly higher than the Monday opening at 6114. The 5TC recorded an improvement of $986 to $51,099 on Friday. The key indicator, C5 west Australia to China run, slipped under $15 whilst the related transpacific round voyage was now at $47,592 for a 35 to 45 days trip. C3 Tubarao to Qingdao run recorded $35.77 on voyage basis whilst the related China-Brazil round trip reflected the voyage level at $47,060. During the week, there were rumours of a Capesize vessel being primed to transport containers. The implications could be big for the Capesize and Container markets, if it can be concluded, from both short and long-term perspectives. Panamax The Panamax market continued its upward trajectory this week, mostly driven by a Pacific market with a pick-up in demand from all the load origins. Noticeably too was the impact that congestion in China was having for tonnage availability, along with early signs of activity emerging from the US Gulf for October arrival dates and beyond. The Atlantic - and in particularly the North Atlantic - remained under pressur"
2021-09-06,46647.0,https://www.drycargomag.com/dry-bulk-week-35-2021,"Dry Bulk: Week 35 About Us About Us Contact Us Privacy Policy Publications Dry Cargo Magazine Dry Cargo Handling Directory Advertising Magazine Advertising Online Banner Advertising Newsletter Banner Advertising Online Lead-Generating Content Media kit DCi Media Pack Editorial Programme Advertising Rates News Latest News Dry Bulk Trade & Commodities Shipping & Transport Ports & Terminals Engineering & Equipment Breakbulk Regional Focus Events Subscribe Dry Bulk: Week 35 06 September 2021 Dry Bulk | Trade & Commodities | Shipping & Transport Capesize The Capesize market crested over the past week as the 5TC retracted $4452 since last Friday to close out at $46,647."
2021-09-27,61309.0,https://www.drycargomag.com/dry-bulk-week-38-2021,"The Capesize 5TC opened the week at $53,240 and never looked like taking a backward step as it closed out the week a staggering $8,069 up settling Friday at $61,309."
2021-10-11,83865.0,https://www.drycargomag.com/dry-bulk-week-40-2021,"The Capesize 5TC managed a high of $86,953 on Thursday before closing out the week on a softer note at $83,865."
2021-11-01,36065.0,https://www.drycargomag.com/dry-bulk-week-43-2021,"Dry Bulk: Week 43 About Us About Us Contact Us Privacy Policy Publications Dry Cargo Magazine Dry Cargo Handling Directory Advertising Magazine Advertising Online Banner Advertising Newsletter Banner Advertising Online Lead-Generating Content Media kit DCi Media Pack Editorial Programme Advertising Rates News Latest News Dry Bulk Trade & Commodities Shipping & Transport Ports & Terminals Engineering & Equipment Breakbulk Regional Focus Events Subscribe Dry Bulk: Week 43 01 November 2021 Dry Bulk | Trade & Commodities | Shipping & Transport Capesize The Capesize market was in dire straits this week as tonnage levels were heard to be building while many areas had minimal activity as the 5TC dropped -15,398 to $36,065 week on week. The Pacific Basin was under pressure earlier on in the week but did find a floor mid-week, albeit at a significant discount to the Atlantic Basin. The Transpacific C10 ended the week on an upbeat at $32,979, while the Transatlantic C8 struggled the whole week to find a footing coming off -4300 on Friday alone to settle at $41,600. The large disparity between the Pacific and Atlantic oceans made for difficulties throughout the week in pricing the minimal Atlantic business available, which was compounded when combined with the strong backwardation in the paper markets for the remainder of Q4. Trade from Brazil to China lowered severely throughout the week with the ballaster timecharter route C14 dropping to $28,195. While rates have now halved from their highs in early October, levels are still thought to be robust and we are only part way through the Q4 high season. Panamax The week has seen a large drop in rates across all of the routes, which was not helped by a lack of activity in the first half. With new lows, however, there has been an increase in cargo quoted – enough to sustain the present levels at least for now. There has been some "
2021-11-08,27199.0,https://www.drycargomag.com/dry-bulk-week-44-2021,"Dry Bulk: Week 44 About Us About Us Contact Us Privacy Policy Publications Dry Cargo Magazine Dry Cargo Handling Directory Advertising Magazine Advertising Online Banner Advertising Newsletter Banner Advertising Online Lead-Generating Content Media kit DCi Media Pack Editorial Programme Advertising Rates News Latest News Dry Bulk Trade & Commodities Shipping & Transport Ports & Terminals Engineering & Equipment Breakbulk Regional Focus Events Subscribe Dry Bulk: Week 44 08 November 2021 Dry Bulk | Trade & Commodities | Shipping & Transport Capesize The Capesize market has endured another difficult period of sliding rates as the 5TC sustained losses week-on-week of -8866 to close out at $27,199."
2021-11-22,29938.0,https://www.drycargomag.com/dry-bulk-week-46-2021,"Dry Bulk: Week 46 About Us About Us Contact Us Privacy Policy Publications Dry Cargo Magazine Dry Cargo Handling Directory Advertising Magazine Advertising Online Banner Advertising Newsletter Banner Advertising Online Lead-Generating Content Media kit DCi Media Pack Editorial Programme Advertising Rates News Latest News Dry Bulk Trade & Commodities Shipping & Transport Ports & Terminals Engineering & Equipment Breakbulk Regional Focus Events Subscribe Dry Bulk: Week 46 22 November 2021 Dry Bulk | Trade & Commodities | Shipping & Transport Capesize The Capesize market closed out a generally underwhelming week with positive sentiment and an uptick in the final days with the 5TC lifting +2905 to settle at $29,938."
2021-12-13,40035.0,https://www.drycargomag.com/dry-bulk-week-49-2021,"Dry Bulk: Week 49 About Us About Us Contact Us Privacy Policy Publications Dry Cargo Magazine Dry Cargo Handling Directory Advertising Magazine Advertising Online Banner Advertising Newsletter Banner Advertising Online Lead-Generating Content Media kit DCi Media Pack Editorial Programme Advertising Rates News Latest News Dry Bulk Trade & Commodities Shipping & Transport Ports & Terminals Engineering & Equipment Breakbulk Regional Focus Events Subscribe Dry Bulk: Week 49 13 December 2021 Dry Bulk | Trade & Commodities | Shipping & Transport Capesize The Capesize market peaked mid-week from its recent rally as the 5TC marked down -$1344 on the last day of the week to settle at $40,035."
2022-01-10,19176.0,https://www.drycargomag.com/dry-bulk-week-1-2022,"Closing out 2021 at $19,176 the Cape 5TC ended its first week in 2022 at $20,167."
2022-01-17,12407.0,https://www.drycargomag.com/dry-bulk-week-2-2022,"Dry Bulk: Week 2 About Us About Us Contact Us Privacy Policy Publications Dry Cargo Magazine Dry Cargo Handling Directory Advertising Magazine Advertising Online Banner Advertising Newsletter Banner Advertising Online Lead-Generating Content Media kit DCi Media Pack Editorial Programme Advertising Rates News Latest News Dry Bulk Trade & Commodities Shipping & Transport Ports & Terminals Engineering & Equipment Breakbulk Regional Focus Events Subscribe Dry Bulk: Week 2 17 January 2022 Dry Bulk | Trade & Commodities | Shipping & Transport Capesize The Capesize market endured a somewhat traditional post-holiday Q1 drop as the 5TC descended -7760 over the week to settle at $12,407."
2022-01-24,7390.0,https://www.drycargomag.com/dry-bulk-week-3-2022,"k 3 About Us About Us Contact Us Privacy Policy Publications Dry Cargo Magazine Dry Cargo Handling Directory Advertising Magazine Advertising Online Banner Advertising Newsletter Banner Advertising Online Lead-Generating Content Media kit DCi Media Pack Editorial Programme Advertising Rates News Latest News Dry Bulk Trade & Commodities Shipping & Transport Ports & Terminals Engineering & Equipment Breakbulk Regional Focus Events Subscribe Dry Bulk: Week 3 24 January 2022 Dry Bulk | Trade & Commodities | Shipping & Transport Capesize There was little support to be found for the Capesize market over the last week as dwindling rates and rising bunker prices slashed earnings for owners with the 5TC Weighted Average dropping to $7,390. The Pacific had little further left to drop as the transpacific C10 was priced at sub operating expense levels of $4,200. The Atlantic basin has fared slightly better, yet very few fixtures were heard. The Transatlantic C8 lowered - $8,100 over the week to settle at $11,200. Fronthaul business was more difficult to place over the week as shorter duration variants were seen to lower their values quicker, while longer haul trips proved more resistant to the negative sentiment. The negative sentiment ultimately proved too much for the C9 route and by the end of the week closed at $27,950, down -$7,825. The high price of fuel bunkers is coming at an inopportune time as they now take a large portion of voyage rate value having a detrimental effect on voyage rates. Both the West Australia to Qingdao C5 at $6.786 and the Brazil to China C3 at $17.28 came under heavy pressure. Panamax It was a further week in the doldrums for the Panamax market, as thin cargo volumes versus a long tonnage count continued to negatively impact the market. A distinct lack of mineral requirements in the North Atlantic only hindered matters. A 81,000-dwt settling for $18,50"
2022-01-31,8918.0,https://www.drycargomag.com/dry-bulk-week-4-2022,"Dry Bulk: Week 4 About Us About Us Contact Us Privacy Policy Publications Dry Cargo Magazine Dry Cargo Handling Directory Advertising Magazine Advertising Online Banner Advertising Newsletter Banner Advertising Online Lead-Generating Content Media kit DCi Media Pack Editorial Programme Advertising Rates News Latest News Dry Bulk Trade & Commodities Shipping & Transport Ports & Terminals Engineering & Equipment Breakbulk Regional Focus Events Subscribe Dry Bulk: Week 4 31 January 2022 Dry Bulk | Trade & Commodities | Shipping & Transport Capesize The Capesize market looked to have found a bottom by week’s close as rates descended throughout before bouncing back a little at the end. The 5TC weighted average opened the week at $7,390, descended to a low of $5,826 before settling at week’s end to $8,918. Both the Transpacific C10 and Brazil China C14 ballaster route priced below the index during the week both showed upticks to close at $6,963 and $8,023 respectively. The Transatlantic C8 continues to command a premium over the other regions yet was largely left unaffected over the week as the route closed at $11,325, up +125 compared to end of last week. West Australian miners were mildly active with fixtures over the last few days but were largely in the driving seat pushing down prices and providing meagre returns to owners as the C5 closed at $7.523. With the rates finding a floor, there is mixed views on whether there is any drive to lift rates from the doldrums. However, as Chinese New Year is about to begin many in the market will go quiet during this time so odds are stacked against any revival. Panamax It proved to be another week of further considerable losses for the Panamax market, retracting back to values witnessed in Q2 2021. With countless ballasting and spot tonnage unfixed, resistance from owners was scarce as tonnage far outweighed demand. This result"
2022-02-07,10302.0,https://www.drycargomag.com/dry-bulk-week-5-2022,"Dry Bulk: Week 5 About Us About Us Contact Us Privacy Policy Publications Dry Cargo Magazine Dry Cargo Handling Directory Advertising Magazine Advertising Online Banner Advertising Newsletter Banner Advertising Online Lead-Generating Content Media kit DCi Media Pack Editorial Programme Advertising Rates News Latest News Dry Bulk Trade & Commodities Shipping & Transport Ports & Terminals Engineering & Equipment Breakbulk Regional Focus Events Subscribe Dry Bulk: Week 5 07 February 2022 Dry Bulk | Trade & Commodities | Shipping & Transport Capesize The Capesize market traded sideways this week as the 5TC closed at $10,302, an improvement of +1384 over the week."
2022-02-14,15397.0,https://www.drycargomag.com/dry-bulk-report-week-6-2022,"Activity was clearly seen to be elevated as the Capesize 5TC rose +5095 over the week to close on a mild Friday at $15,397."
2022-02-21,13888.0,https://www.drycargomag.com/dry-bulk-week-7-2022,"Closing Friday some reprieve was found as the Capesize 5TC closed on a positive up note +1888 to settle at $13,888."
2022-02-28,14026.0,https://www.drycargomag.com/dry-bulk-report-week-8-2022,"The Capesize 5TC reached a high of $18,181 Wednesday before shedding -4155 by weeks end to close at $14,026."
2022-03-14,22195.0,https://www.drycargomag.com/dry-bulk-week-10-2022,"Dry Bulk: Week 10 / 2022 About Us About Us Contact Us Privacy Policy Publications Dry Cargo Magazine Dry Cargo Handling Directory Advertising Magazine Advertising Online Banner Advertising Newsletter Banner Advertising Online Lead-Generating Content Media kit DCi Media Pack Editorial Programme Advertising Rates News Latest News Dry Bulk Trade & Commodities Shipping & Transport Ports & Terminals Engineering & Equipment Breakbulk Regional Focus Events Subscribe Dry Bulk: Week 10 / 2022 14 March 2022 Dry Bulk | Trade & Commodities | Shipping & Transport Capesize The Capesize market appeared to get caught up in the wider market rallies this week as geopolitical tensions run high, with the 5TC lifting $8635 over the week to settle at $22,195."
2022-03-28,15648.0,https://www.drycargomag.com/dry-bulk-week-122022,"Dry Bulk: Week 12/2022 About Us About Us Contact Us Privacy Policy Publications Dry Cargo Magazine Dry Cargo Handling Directory Advertising Magazine Advertising Online Banner Advertising Newsletter Banner Advertising Online Lead-Generating Content Media kit DCi Media Pack Editorial Programme Advertising Rates News Latest News Dry Bulk Trade & Commodities Shipping & Transport Ports & Terminals Engineering & Equipment Breakbulk Regional Focus Events Subscribe Dry Bulk: Week 12/2022 28 March 2022 Dry Bulk | Trade & Commodities | Shipping & Transport Capesize The Capesize market had to contend with volatile bunker concerns once again as the 5TC lost $5956 week on week to close at $15,648."
2022-04-04,15460.0,https://www.drycargomag.com/dry-bulk-week-13-2022,"Dry Bulk: Week 13 / 2022 About Us About Us Contact Us Privacy Policy Publications Dry Cargo Magazine Dry Cargo Handling Directory Advertising Magazine Advertising Online Banner Advertising Newsletter Banner Advertising Online Lead-Generating Content Media kit DCi Media Pack Editorial Programme Advertising Rates News Latest News Dry Bulk Trade & Commodities Shipping & Transport Ports & Terminals Engineering & Equipment Breakbulk Regional Focus Events Subscribe Dry Bulk: Week 13 / 2022 04 April 2022 Dry Bulk | Trade & Commodities | Shipping & Transport Capesize The Capesize market fared little better this week to begin with. However, by Friday green shoots were beginning to emerge as the 5TC saw a low of $13,596 yet closed at $15,460. The Atlantic basin remains the Achilles heel of the market with poor levels of cargoes to tonnage available as the transatlantic C8 settled weeks end at $12,200. The transpacific C10 put up slightly more resistance, although activity in the region was largely underwhelming as the route closed at $16,275. Fuel prices continue to play a large role in the value of voyage rates with traders needing to keep a close eye on movements. In a rare occurrence, Rotterdam and Singapore bunker prices were seen to switch premium and discount positions. This is possibly very telling of the energy concerns in Europe. Voyage rates for West Australia to China C5 closed at $10.641, while the Brazil to Tubarao C3 closed at $26.20. With smaller sizes still commanding a substantial premium to the Capesize sector, larger vessels are still heard to be considering the smaller cargo stems to keep activity ticking over. Panamax An underwhelming return for the Panamax market this week with all routes under pressure. A distinct lack of demand in the North Atlantic aided a drift in rates. Further south there returned limited support for the longer grain transatlantic "
2022-05-03,17713.0,https://www.drycargomag.com/dry-bulk-week-17-2022,"Dry Bulk: Week 17 / 2022 About Us About Us Contact Us Privacy Policy Publications Dry Cargo Magazine Dry Cargo Handling Directory Advertising Magazine Advertising Online Banner Advertising Newsletter Banner Advertising Online Lead-Generating Content Media kit DCi Media Pack Editorial Programme Advertising Rates News Latest News Dry Bulk Trade & Commodities Shipping & Transport Ports & Terminals Engineering & Equipment Breakbulk Regional Focus Events Subscribe Dry Bulk: Week 17 / 2022 03 May 2022 Dry Bulk | Trade & Commodities | Shipping & Transport Capesize The Capesize market had a positive week overall with the BCI and 5TC route average at 2003 points and $16,609, closing at 2,136 and $17,713. The first half of the week remained positive amid strong support from the Pacific. The C5 West Australia to China trade continued to climb from last week, but lost ground from the high of $12.245 gradually to below $12 by the weekend. It was reported that in first quarter of 2022, China’s iron ore imports from Brazil were down a massive 24% year-on-year, which was still significantly higher than the volumes from Australia. Later in the week the market saw increased enquiry from Brazil, as well as west coast Africa. The C3 Brazil to Qingdao run settled at $25.457 on Friday, which was a decline of close to a dollar compared with Monday. The north Atlantic region was generally balanced, brokers said. The market will return on Tuesday after a long weekend in both the east and west. Panamax Overall, the Panamax market returned a lacklustre week with momentum lacking. The Atlantic market contracted early on, then rebounded, as the week ended and bids in the north returned a little stronger. An 81,000-dwt delivery Continent fixed midweek a fronthaul trip via US Gulf redelivery China at $37,000, typifying the mean ave"
2022-05-09,24002.0,https://www.drycargomag.com/dry-bulk-week-18-2022,"Dry Bulk: Week 18 / 2022 About Us About Us Contact Us Privacy Policy Publications Dry Cargo Magazine Dry Cargo Handling Directory Advertising Magazine Advertising Online Banner Advertising Newsletter Banner Advertising Online Lead-Generating Content Media kit DCi Media Pack Editorial Programme Advertising Rates News Latest News Dry Bulk Trade & Commodities Shipping & Transport Ports & Terminals Engineering & Equipment Breakbulk Regional Focus Events Subscribe Dry Bulk: Week 18 / 2022 09 May 2022 Dry Bulk | Trade & Commodities | Shipping & Transport Capesize The Capesize market has made the most of the short working week as rates have lifted strongly, with the 5TC now residing at $24,002 - up $6262 week on week. The positive market sentiment was largely Pacific led yet that didn’t stop the Atlantic Basin and ballaster trades from getting in on the act, as all regions posted big gains. Cargo levels in the north Atlantic are heard to be poor yet a wide range of rate levels have been mentioned as the market struggles for visibility in the region as usual. The Transatlantic C8 now sits discounted at $17,200 to the Ballaster C14 at $22,018, while the Transpacific commands a premium at $27,754. A big mover and the focus of much market attention is the Backhaul C16 at $18,475, currently pricing above the Transatlantic C8. Coal flows continue to be strong, boosting this feeder route into Europe largely due to the current geopolitical situation. The Capesize market flow remains anything but normal currently as premium and discount routes appear to be swinging and unstable. Panamax A midweek physical and FFA surge gave the Panamax market some much needed impetus following a few fragmented weeks owing to holidays. Improved demand from the Americas proved to be a key catalyst to gains in most markets this week as EC South America grain impacted the gai"
2022-05-16,32733.0,https://www.drycargomag.com/dry-bulk-week-19-2022,"Dry Bulk: Week 19 / 2022 About Us About Us Contact Us Privacy Policy Publications Dry Cargo Magazine Dry Cargo Handling Directory Advertising Magazine Advertising Online Banner Advertising Newsletter Banner Advertising Online Lead-Generating Content Media kit DCi Media Pack Editorial Programme Advertising Rates News Latest News Dry Bulk Trade & Commodities Shipping & Transport Ports & Terminals Engineering & Equipment Breakbulk Regional Focus Events Subscribe Dry Bulk: Week 19 / 2022 16 May 2022 Dry Bulk | Trade & Commodities | Shipping & Transport Capesize The Capesize market had the wind in its sails as rates jumped in all regions. The 5TC ended the week at $32,733, a rise of 8731 week on week. While the Shanghai Covid situation continues to hamper vessel movements across all sectors, the Capesize market appears able to push as good tonnage demand comes from Brazil and Australia. The C5 West Australia to China route now sits at $15.077 - and the C3 Brazil to China route at $34.64 - both just off their high attained on Thursday for the year. These voyage levels equate to C14 Brazil China ballast of $31,050 and C10 Transpacific of $37,792. The Backhaul C16 continues to amaze and disrupt, settling the week at $28,500, over $5,000 above the Transatlantic C8, with some suggesting this is the new fronthaul route. This high valuation continues to be largely driven by coal demand to Europe as energy prices remain at high levels. Panamax It was a mixed week on the BPI. After a positive start, activity and sentiment softened at close. In the North Atlantic an 80,000-dwt open Spain fixed a trip North Coast South America to Saudi Arabia with redelivery Skaw-Passero at $28,000. A 85,000-dwt open Jorf Lasfar fixed via North Coast South America to India at $45,000. In East Coast South America activity slowed, but a 81,000-dwt fixe"
2022-05-23,37538.0,https://www.drycargomag.com/dry-bulk-week-20-2022,"The Capesize 5TC rose +$4,805 over the week to close at $37,538."
2022-06-13,19665.0,https://www.drycargomag.com/dry-bulk-week-23-2022,"Dry Bulk: Week 23 / 2022 About Us About Us Contact Us Privacy Policy Publications Dry Cargo Magazine Dry Cargo Handling Directory Advertising Magazine Advertising Online Banner Advertising Newsletter Banner Advertising Online Lead-Generating Content Media kit DCi Media Pack Editorial Programme Advertising Rates News Latest News Dry Bulk Trade & Commodities Shipping & Transport Ports & Terminals Engineering & Equipment Breakbulk Regional Focus Events Subscribe Dry Bulk: Week 23 / 2022 13 June 2022 Dry Bulk | Shipping & Transport Capesize The Capesize market softened this week as global market concern’s kept the headwinds coming. The softening of values was felt across all Capesize 5TC routes as the index lowered throughout the week by -4609 to $19,665. Friday saw a slight uptick in value but little could be read into it at this stage. The impact of sharply rising fuel prices countered much of the slide in rate levels on voyage routes as the main Capesize volume routes Brazil to China C3 and West Australia to China C5 settled at $31.37 and $12.495 respectively. While some routes like Indonesian to India for coal remain relatively busy the overall fixture volume in the Pacific remains insufficient to push the market. There are said to be some pockets of resistance emerging from owners in the Pacific. The ballaster lineup is heard to be well-stocked currently. This is keeping the Atlantic routes well tonnaged which lessens the possibility for any dramatic sparks in value. With the large Posidonia event currently being held in Greece, this week’s attention is surely distracted, while next week it should be back to all hands on deck. Panamax Another week interrupted by holidays in Asia and Europe, combined with many market players in Greece for Posidonia, that has led to a rather lacklustre seven days with falling sentiment, rising tonnage lists and subsequently fal"
2022-06-20,24776.0,https://www.drycargomag.com/dry-bulk-week-24-2022,"Amongst this turmoil the sector managed to find a floor under its recent softening as sentiment improved in the latter part of the week with the Capesize 5TC lifting $5,111 over the week to finish at $24,776."
2022-06-27,19875.0,https://www.drycargomag.com/dry-bulk-week-25-2022,"Dry Bulk: Week 25 / 2022 About Us About Us Contact Us Privacy Policy Publications Dry Cargo Magazine Dry Cargo Handling Directory Advertising Magazine Advertising Online Banner Advertising Newsletter Banner Advertising Online Lead-Generating Content Media kit DCi Media Pack Editorial Programme Advertising Rates News Latest News Dry Bulk Trade & Commodities Shipping & Transport Ports & Terminals Engineering & Equipment Breakbulk Regional Focus Events Subscribe Dry Bulk: Week 25 / 2022 27 June 2022 Dry Bulk | Trade & Commodities | Shipping & Transport Capesize The Capesize market was unable to carry the rally from last week as rates were seen to dip sharply this week with the 5TC down 4901 to $19,875. Trade activity throughout the week came in fits and starts with the market struggling to settle. While activity in the Pacific was moderate and the Atlantic was heard to be tightening on tonnage, the financial market was seemingly unconvinced by what it saw, which led forward months derivatives to be sold down. This placed substantial downward pressure on the physical bid offers. The Transpacific C10 - and the currently premium paying region Transatlantic C8 - settled the week at $15,977 and $24,444 respectively. The ballaster routes had a higher number of vessels to choose from this week putting pressure on the C3 and C17 which settled at $29.911 and $21.933. The market tried and failed to break out of its current range. A floor at approximately $20,000 and a ceiling at $25,000 has the Cape market indecisive and muddled looking for solid direction. Panamax A steady opening this week for the Panamax market, but it tapered off as weaker rates and negative sentiment encompassed the market. The Atlantic initially saw tight-tonnage count in the North pitted against reasonable levels of grain demand ex EC South America for both Transatlantic and front haul trips. "
2022-07-18,24209.0,https://www.drycargomag.com/dry-bulk-week-28-2022,"Dry Bulk: Week 28 / 2022 About Us About Us Contact Us Privacy Policy Publications Dry Cargo Magazine Dry Cargo Handling Directory Advertising Magazine Advertising Online Banner Advertising Newsletter Banner Advertising Online Lead-Generating Content Media kit DCi Media Pack Editorial Programme Advertising Rates News Latest News Dry Bulk Trade & Commodities Shipping & Transport Ports & Terminals Engineering & Equipment Breakbulk Regional Focus Events Subscribe Dry Bulk: Week 28 / 2022 18 July 2022 Dry Bulk | Trade & Commodities | Shipping & Transport Capesize Firmer sentiment across both basins pushed the Capesize 5TC route average above the $20,000 threshold this week, closing at $24,209."
2022-10-17,17965.0,https://www.drycargomag.com/flat-week-for-dry-bulk-shipping,"The Capesize 5TC lowered 1909 over the week to settle at $17,965."
2023-02-20,2246.0,https://www.drycargomag.com/dry-bulk-shipping-report-0723,"Dry Bulk Shipping Report About Us About Us Contact Us Privacy Policy Publications Dry Cargo Magazine Dry Cargo Handling Directory Advertising Magazine Advertising Online Banner Advertising Newsletter Banner Advertising Online Lead-Generating Content Media kit DCi Media Pack Editorial Programme Advertising Rates News Latest News Dry Bulk Trade & Commodities Shipping & Transport Ports & Terminals Engineering & Equipment Breakbulk Regional Focus Events Subscribe Dry Bulk Shipping Report 20 February 2023 Dry Bulk | Trade & Commodities | Shipping & Transport Capesize There was an overriding negative sentiment in the sector this week as the Cape 5TC average fell from $4,432 to $2,246 on Friday. This was largely led by the Atlantic and a number of fixtures are down significantly. However, it was also due to a lack of cargoes available. Owners are reportedly considering idling tonnage to wait out a recovery. The Pacific was busy with all of the miners in the market throughout the week, but the C5 route was fixing at $6.30 at the start to $6.05 by the end. There was very little activity from Brazil, with fixtures for end March dates reported in the region of $16.25. There were backhaul cargoes reported at fixed negative $10-12,000, but cargoes from Canada and Colombia to the Far East dragged the market down. With the onset idling tonnage, a recovery is not expected by Owners to be on the immediate horizon. Without fresh cargoes away from the usual West Australia - and shorter runs - the current low returns may continue. However, some were reporting a floor may have been reached. Panamax A healthy amount of activity, but overall rates remained under downward pressure in most areas. The Atlantic saw a reasonable amount of volume from South America and rates were seen basis delivery EC South America in the mid $14,000s plus mid $40"
2023-02-27,5271.0,https://www.drycargomag.com/dry-bulk-shipping-report-0823,"e Advertising Rates News Latest News Dry Bulk Trade & Commodities Shipping & Transport Ports & Terminals Engineering & Equipment Breakbulk Regional Focus Events Subscribe Dry Bulk Shipping Report 27 February 2023 Dry Bulk | Trade & Commodities | Shipping & Transport Capesize Results from Rio Tinto and BHP disappointed this week, but there was hope that with China reopening it would lead to more cargo. In the end, that certainly seemed to be the case. There was a complete change in seven days as activity was reported from West Australia and in the Atlantic. Not a great deal was reported from Brazil. However, there was enough activity for the indices to all jump significantly. Last Friday the 5TC was at $2,246 and as we close the week it stands at $5,271. Rates from West Australia to China jumped a dollar to near $7, C3 from Brazil with limited activity was trading up slightly in the low to mid $17s. As reported last week the market needs cargo and there is optimism from Owners that the market is turning. But in its fragile state at present it could turn again quickly. Panamax The Panamax market surged into life this week for the first time in 2023. This was fueled largely by firmer demand ex EC South America for mid-March arrivals and ably supported by a buoyant FFA market. All basins subsequently witnessed sizeable gains. Rates of $13,000 + $300,000 agreed early part were now achieving $16,000 + $600,000 on Friday, albeit decent spec tonnage for trips via EC South America redelivery Singapore-Japan. The North saw Transatlantic rates achieve double digits too for the first time in a while. Asia, not to be outshone, also saw solid support over the week - particularly from Indonesia and the Australia to India coal runs with excess $12,000 agreed a couple of times. Grain round trips ex Australia also gained momentum with premium rates rumoured fixed for grain clean tonnage. "
2023-03-13,14466.0,https://www.drycargomag.com/dry-bulk-shipping-report-1023,"gineering & Equipment Breakbulk Regional Focus Events Subscribe Dry Bulk Shipping Report 13 March 2023 Dry Bulk | Trade & Commodities | Shipping & Transport Capesize A stronger week overall for the sector as the North Atlantic appeared active with more enquiry since the middle of the week. With fresh tonnage getting tighter the time charter trips for both fronthaul and Transatlantic runs had the biggest improvement amongst all routes, finishing the week at $16,639 and $29,344 respectively. The Pacific kept its steady pace as the West Australia to Qingdao run stepped up to $8.375, a peak so far this year and last seen before Christmas last year. Subsequently, the time charter average for the 5TC rose over $4,000 compared with last Friday and finished proceedings at $14,466. Panamax A captivating week for the Panamax market with various peaks and troughs seen across all markets. The Transatlantic in the North appeared a little nervous in places with a lack of demand and some voyage fixtures equating to exceptionally low returns. However, there was talk of improved bids for the fronthaul trips come Friday. EC South America saw a mini splurge midweek with end March arrivals capturing better numbers, $17,000 +$700,000 was being achieved here. Asia witnessed a firmer week with all origins coming alive and finding support. Indonesia saw a healthy pick up in activity, ably supported by good grain and mineral demand ex Australia and NoPac. $18,000 was the highlight and concluded end week on an 82,000-dwt delivery China for a grain NoPac round, whilst LME tonnage were comfortably achieving $15/16,000 levels for trips via Indonesia to China. Period activity came alive too, with $17,250 concluded on an 82,000-dwt delivery China basis nine to 12 months. Ultramax/Supramax A story of two halves, with the start of the week seeing little excitement in Asia at the beginning. However, as t"
2023-04-03,13806.0,https://www.drycargomag.com/dry-bulk-shipping-report-1323,"Dry Bulk Shipping Report About Us About Us Contact Us Privacy Policy Publications Dry Cargo Magazine Dry Cargo Handling Directory Advertising Magazine Advertising Online Banner Advertising Newsletter Banner Advertising Online Lead-Generating Content Media kit DCi Media Pack Editorial Programme Advertising Rates News Latest News Dry Bulk Trade & Commodities Shipping & Transport Ports & Terminals Engineering & Equipment Breakbulk Regional Focus Events Subscribe Dry Bulk Shipping Report 03 April 2023 Dry Bulk | Trade & Commodities | Shipping & Transport Capesize The first quarter of 2023 ended with a decline of $95 on the Capesize time charter average (5TC), pricing at $13,806 on the last day in March. This is about double in value compared with the start of the month. Brazil to Qingdao remained above $20 throughout the week and finally climbed to $21 on Friday, showing $15,150 on the China/Brazil round voyage. However, the market was still waiting for further cargo to support. On the other hand, in the Pacific, the West Australia to Qingdao run dropped from $8.41 to $7.90 with majors appearing active as usual. On the period front this week, the Cape Cynthia (180,330 2012) was reportedly fixed basis delivery Korea 20-30 April for one year to Costamare at 108% of the 5TC. Overall, the 5TC maintained the same level as at the start of the year. Panamax A volatile week for the Panamax market, with the market trend and direction altering its course. The Atlantic saw improved demand ex NC and EC South America with end April arrival dates experiencing enhanced rates midweek. A $18,250 +$825,000 delivery aps load port was perhaps the highlight. The north Atlantic returned a confusing week with some voyage fixtures returning lower than index equivalents, whilst other tonnage tightness ex Continent and Mediterranean added support to rates. It"
2023-04-17,15344.0,https://www.drycargomag.com/dry-bulk-shipping-report-1523,"Hedland closing on Thursday, there was a steady flow of fixing which resulted in a rather volatile week. Several vessels were fixed by the middle of the week from East Coast Australia to China with coal, which offered support to the market at the time. By the end of the week, with these cargoes gone, confidence began to slip as did the rates. The North Atlantic witnessed more activity during the week resulting in less available tonnage and improvement in sentiment. However, the list of ballasters from the Pacific has continued to grow which could potentially cap any upside from South Brazil. There has also been a slight increase in activity from West Africa. All in all, a mixed bag with the 5TC’s starting the week after the Easter weekend at $15,849 and ending the week at $15,344. Panamax In a week disrupted at both ends by Easter holidays, the market has lost ground and tonnage lists grew in both basins. Overall it was subdued in the Atlantic with Owners having to reduce offers to find cover. A scrubber fitted 82,000-dwt was fixed for a ECSA grain cargo redelivery Skaw-Gib at $16,250, and a 75,000-dwt fixed for a grain cargo from ECSA for Singapore-Japan at $17,250. In the Pacific it was a similar story with prompt Indonesian trips covered quickly and a lack of longer duration enquiry. There has been some short period fixing. A 76,000-dwt fixed for four to six months at $14,000 pd, and a 76,000-dwt fixed for similar period at $15,800. Ultramax/Supramax With widespread holidays both at the beginning and end of the week it was a rather muted affair for the sector. The Atlantic remained rather positional with sentiment remaining relatively strong from the US Gulf and a tightness of larger vessels from the South Atlantic, but other areas lacked fresh impetus. The Asian arena saw sentiment remain soft with limited fresh enquiry from the south and a build-up of prompt tonnage"
2023-06-26,17252.0,https://www.drycargomag.com/dry-bulk-shipping-report-2523,"zed, with conditions gradually improving and rates showing a slight increase. Towards the end of the week, the Pacific market witnessed a notable resurgence, despite the holidays in Hong Kong and China. Two of the major players re-entered the market and engaged actively, leading to upward pressure on rates. After a subdued start, the Atlantic market began to gain momentum with an increase in activity, especially from Brazil and West Africa to the Far East. Fresh enquiry began to emerge, particularly in the North Atlantic. This, together with constrained tonnage supply, resulted in more favourable rates being achieved. As the week draws to a close, it has been a positive one overall. The BCI 5TC, which opened on Monday at $12,375, has experienced a significant rise and currently stands at $17,252. Panamax A subdued week for the Panamax sector. Trans-Atlantic grain trades were few and far between, although slight premium rates were achievable on same with reports of an 82,000-dwt delivery, France achieved $9,000 for a NC South America trans-Atlantic round trip with grains. EC South America returned a contrasting week with a mixed feel here, limited demand so far but P6 index dates appeared well balanced whilst first half July arrival dates remained softer with committed and ballaster tonnage undermining any potential upside in rates. The Asian market continued to ease as the week wore on, blighted by holidays towards the end part support was hard to come by as the tonnage count continued to grow, and with limited enquiry ex NoPac mineral demand ex Australia and Indonesia returned insufficient to prevent the softening of rates in the arena. On the period front, reports of an 82,000-dwt delivery China agreeing $13,000 basis 9/11 months trading. Ultramax/Supramax East Coast South America saw a flurry of activity as more July requirements entered the market. A 63,000-dwt fixin"
2023-10-09,27455.0,https://www.drycargomag.com/dry-bulk-shipping-report-4023,"he Pacific market saw strong activity at the beginning of the week, with increasing rates and well-balanced conditions. The Atlantic market, particularly in the North Atlantic, continued to demonstrate tight conditions and witnessed improved rates. Midweek, the Pacific market experienced a temporary slowdown, resulting in slightly softer fixtures. However, the Atlantic market maintained its strength, especially with support from South Brazil. By the end of the week, the Pacific market rebounded, remaining robust and supported, while the Atlantic market, particularly in the North Atlantic, saw significantly firmer fixtures, concluding the week on an optimistic note, as illustrated by the BCI 5TC index, which rose this week by $5,801 to reach $27,455 as the week draws to a close. Panamax A lethargic week for the Panamax market, with minimal action in the Atlantic both from the South whilst the North of the arena fared marginally better but insufficient to prevent the slow drifting of rates. Unsurprisingly Asia was blighted by Golden Week and other Asian holidays, and despite some injection mid-week of cape split Australia cargo, this failed to make any profound impact and the market drifted. Transatlantic highlights included reports of a 77,000-dwt delivery Gibraltar fixing for two laden legs within the Atlantic at $15,000 whilst on the fronthaul runs, an 82,000-dwt delivery Singapore agreed a rate of $14,000 for a trip via EC South America option US Gulf back to Far East. In Asia, reports of $12,000 being achieved a few times for NoPac trips on index type tonnage delivery Japan/Korea. Limited period activity, although unconfirmed reports of $15,250 being agreed for one year on 82,000-dwt type delivery India. Ultramax/Supramax With the Chinese National Day holiday week, it was generally a lacklustre affair for the market. Sentiment remained rather negative in the Atlantic "
2024-01-15,18015.0,https://www.drycargomag.com/shipping-market-remains-subdued," of coal enquiry. The Atlantic market faced a slow start, with notable bid reductions from charterers, leading to a widening bid-offer spread and fewer fixtures being concluded. However, towards the end of the week, there were indications of increased activity from South Brazil and West Africa to the Far East, suggesting a potential attempt to find a market equilibrium. By midweek, the North Atlantic market exhibited signs of stabilisation after experiencing substantial downturns earlier in the week. This resulted in market conditions remaining somewhat subdued as the week drew to a close, reflecting the impact of growing tonnage against a backdrop of diminishing cargo availability. The BCI 5TC commenced the week at $29,851 but experienced notable losses, concluding the week at $18,015 by Friday's close. Panamax The decline in the Panamax market showed no signs of abating this week, with further substantial corrections in both basins. In the Atlantic, a distinct lack of mineral demand in the North, as well as a build-up of tonnage count, weighed heavily on the very few deals to be reported this week. Limited talk midweek of a floor being found from EC South America appeared premature, with charterers still able to pick off the ample ballasters, dependent on the arrival window, the customary rate variance played out but generally the P6 route averaged out to around $13,500 and $13,750 levels. Asia also remained downcast, with Indonesian coal exports continuing to be an issue and, despite some minor support ex NoPac and Australia, this did little to impact an ever-growing tonnage count with limited options. Mixed rates on period throughout the week, the highlight being an 82,000-dwt delivery China achieving $14,350 for one year. Ultramax/Supramax The rather inauspicious start to the new year continued over the week with little for owners to get excited about. In the Atlant"
2024-10-14,23509.0,https://www.drycargomag.com/soft-week-for-dry-bulk-sector-market,"Soft week for dry bulk sector About Us About Us Contact Us Privacy Policy Publications Dry Cargo Magazine Dry Cargo Handling Directory Advertising Magazine Advertising Online Banner Advertising Newsletter Banner Advertising Online Lead-Generating Content Media kit DCi Media Pack Editorial Programme Advertising Rates News Latest News Dry Bulk Trade & Commodities Shipping & Transport Ports & Terminals Engineering & Equipment Breakbulk Regional Focus Events Subscribe Soft week for dry bulk sector 14 October 2024 Dry Bulk | Trade & Commodities | Shipping & Transport Capesize The Capesize market faced a generally soft week with declining rates across the board. The BCI 5TC fell every day besides Friday, which closed at $23,509, a significant drop from Monday’s $26,213. The Pacific market saw reduced miner activity, with C5 rates declining from the low $10’s early in the week. Despite continued rate drops, particularly in the Atlantic, the pace of decline began to decrease. Increased coal cargoes offered some support in the Pacific, helping the C5 index nudge back up, ending the week after a couple of stronger fixtures at $10.025. The South Brazil and West Africa to China markets experienced more activity, but rates softened with C3 fixtures dipping into the low $25’s by week’s end. The North Atlantic also contributed to the weaker sentiment with fronthaul and trans-Atlantic rates decreasing steadily. Fronthaul fixtures dropped from around $52,000 on Monday with the C9 index ending the week at $48,250, while trans-Atlantic routes saw similar declines, there was a shift in sentiment resulting in C8 closing the week at $22,384. Panamax After a promising opening to the week, activities in the Panamax market slowly but surely became something of a grind as confidence eroded in both basins. The North Atlantic struggled for any momentum all week. South Ame"
2025-03-17,23697.0,https://www.drycargomag.com/a-positive-week-for-the-dry-bulk-sector,"Magazine Dry Cargo Handling Directory Advertising Magazine Advertising Online Banner Advertising Newsletter Banner Advertising Online Lead-Generating Content Media kit DCi Media Pack Editorial Programme Advertising Rates News Latest News Dry Bulk Trade & Commodities Shipping & Transport Ports & Terminals Engineering & Equipment Breakbulk Regional Focus Events Subscribe A positive week for the dry bulk sector 17 March 2025 Dry Bulk | Trade & Commodities | Shipping & Transport Capesize The Capesize market experienced a week of gradual strengthening, with positive momentum building from midweek onwards as activity increased and tonnage tightened in both the Pacific and Atlantic basins. The BCI 5TC experienced a steady rise throughout the week, before a slight correction saw it close at $23,697, up from $20,544 at the week's start. In the Pacific, consistent activity from all three miners, improved coal cargo volumes, and a solid flow of operator-controlled cargoes supported the market. Rates on C5 climbed steadily, peaking at $11.58 before correcting to $10.665 by the week's end. The South Atlantic saw a persistently short tonnage list of ballasters driving C3 levels from $22.50 to around the $25 range for mid-April dates, with fresh cargo providing additional support. The North Atlantic remained relatively quiet, with limited fresh cargo and minimal fixing activity. However, a couple of significant fixtures indicated stronger rates, including a transatlantic and a Fronthaul fixture reported at around $43,000 for 75 days. Yet, some questioned whether these levels could be repeated. Panamax The Panamax market erupted into life midweek with rates surging as a strong push in the Atlantic market, both South and North America led the drive. Aided by a supporting FFA market, the period market kicked into gear with a raft of deals concluded at stronger levels, notably a Japanese b"
2025-06-23,23879.0,https://www.drycargomag.com/a-subdued-week-for-dry-bulk-shipping-market," C5 rates came under pressure as iron ore volumes from West Australia declined. While coal cargoes from East Australia offered some support, they weren’t enough to offset the broader weakening. C5 rates steadily fell from $11.00 early in the week to the low-mid $9.00s by week's end. In the Atlantic, the week began on firmer footing, with limited tonnage and a steady cargo flow sustaining rates. However, as the week progressed, both trans Atlantic and fronthaul routes saw offers ease. On the South Brazil to China (C3) route, a clear pattern of backwardation emerged, with rates slipping from the high $26.00s to the low $20.00s. Overall, the week marked a reversal of recent gains, with the BCI 5TC shedding over $7,000 to settle at $23,879 by Friday. Panamax A subdued week for the Panamax sector. Trans-Atlantic trades were few and far between, and a general decline became evident in both grain and mineral demand in the basin. EC South America returned a contrasting week with some mixed rates reported, limited activity overall but P6 index dates appeared well balanced whilst first-half July arrival dates began the week on a firm footing only to weaken as limited demand pitted against an increased tonnage count undermined any potential upside in rates. Typically, midweek fixtures for index arrival dates hovered between $11,500 and $13,000 basis 82,000-dwt types delivery India-SE Asia range. The Asian market continued to ease throughout the week, with support hard to come by as the tonnage count continued to grow, and with limited enquiry ex NoPac mineral demand ex Australia and Indonesia returned insufficient to prevent the slow erosion of rates in the arena. On the period front, there were reports of an 82,000-dwt delivery Taiwan agreeing $11,000 basis 6/8 months trading. Ultramax/Supramax A rather positional week overall for the sector. The Atlantic saw better demand, a 58,0"
2026-02-09,26468.0,https://www.drycargomag.com/baltic-exchange-dry-bulk-weekly-report-0626,"Baltic Exchange: Dry Bulk Weekly Report About Us About Us Contact Us Privacy Policy Publications Dry Cargo Magazine Dry Cargo Handling Directory Advertising Magazine Advertising Online Banner Advertising Newsletter Banner Advertising Online Lead-Generating Content Media kit DCi Media Pack Editorial Programme Advertising Rates News Latest News Dry Bulk Trade & Commodities Shipping & Transport Ports & Terminals Engineering & Equipment Breakbulk Regional Focus Events Subscribe Baltic Exchange: Dry Bulk Weekly Report 09 February 2026 Dry Bulk | Trade & Commodities | Shipping & Transport Capesize The market endured a broadly softer week, with sentiment cooling across both the Pacific and Atlantic as the BCI 182 5TC slid from the low $31,000s to finish closer to $26,468."
2026-02-16,28849.0,https://www.drycargomag.com/baltic-exchange-dry-bulk-weekly-report-072026,"The Capesize 5 Timecharter average (C5TC 182) opened at $25,692 and closed at $28,849, marking a $3,157 rise over the five trading days."
2026-06-08,44374.0,https://www.drycargomag.com/baltic-exchange-dry-bulk-weekly-report-2326,"Baltic Exchange: Dry Bulk Weekly Report About Us About Us Contact Us Privacy Policy Publications Dry Cargo Magazine Dry Cargo Handling Directory Advertising Magazine Advertising Online Banner Advertising Newsletter Banner Advertising Online Lead-Generating Content Media kit DCi Media Pack Editorial Programme Advertising Rates News Latest News Dry Bulk Trade & Commodities Shipping & Transport Ports & Terminals Engineering & Equipment Breakbulk Regional Focus Events Subscribe Baltic Exchange: Dry Bulk Weekly Report 08 June 2026 Dry Bulk Capesize The market closed the week on a softer footing, with the BCI 182 5TC easing from just under $50,000 at the start of the week to $44,374, reflecting a clear loss of momentum as the week progressed. Trading conditions were characterised by persistently thin liquidity, disrupted participation due to Posidonia, and generally subdued miner engagement, which together left the market vulnerable to downside pressure. In the Pacific, sentiment weakened steadily as the week unfolded, with a gradual erosion in C5 levels driven by limited cargo emergence and a lack of consistent support from major miners. Fixtures progressively printed lower, from mid-to-high $15 early in the week to a tick below $14 by the close. The South Brazil and West Africa to China market followed a similar, albeit more gradual, weakening trend, with index dates on C3 drifting lower and spreads widening before settling into the low-to-mid $36s range on later stems. The North Atlantic initially showed relative resilience, briefly supported by short-duration TA activity, but this strength faded as the week progressed and sentiment softened in line with the broader market. Fronthaul activity remained notably quiet throughout. Panamax-Kamsarmax The week opened on a subdued note, influenced "
2026-06-15,37251.0,https://www.drycargomag.com/baltic-exchange-dry-bulk-weekly-report-2426,"out Us About Us Contact Us Privacy Policy Publications Dry Cargo Magazine Dry Cargo Handling Directory Advertising Magazine Advertising Online Banner Advertising Newsletter Banner Advertising Online Lead-Generating Content Media kit DCi Media Pack Editorial Programme Advertising Rates News Latest News Dry Bulk Trade & Commodities Shipping & Transport Ports & Terminals Engineering & Equipment Breakbulk Regional Focus Events Subscribe Baltic Exchange: Dry Bulk Weekly Report 15 June 2026 Dry Bulk | Shipping & Transport Capesize The market endured a challenging week, with sentiment deteriorating steadily as limited enquiry and a lack of sustained cargo volume weighed on both basins. The BCI 182 5TC fell from $42,798 at the start of the week to $37,251 by the close, representing a significant erosion of earnings and underscoring the loss of momentum from the stronger levels seen in late May. The Pacific remained the primary source of weakness throughout the week. Early pressure stemmed from notably light miner participation, with only sporadic activity from the majors. Although all three miners returned to the market later in the week, the increase in activity was insufficient to prevent further declines as cargo volumes remained inadequate relative to available tonnage. As a result, C5 slipped below the $11 mark by week’s end. In the Atlantic, conditions were relatively more balanced but lacked the strength needed to offset Pacific weakness. The South Brazil and West Africa to China market softened during the first half of the week before stabilising, with C3 fixtures recovering into the high-$35s to $36 range before easing back to $35.50 by the close. The North Atlantic provided occasional support through fresh fronthaul demand and a handful of stronger fixtures, though overall activity remained subdued. Panamax-Kamsarmax The week began on a subdued note across both basins,"
2026-06-22,37631.0,https://www.drycargomag.com/baltic-exchange-dry-bulk-weekly-report-2526,"ng Directory Advertising Magazine Advertising Online Banner Advertising Newsletter Banner Advertising Online Lead-Generating Content Media kit DCi Media Pack Editorial Programme Advertising Rates News Latest News Dry Bulk Trade & Commodities Shipping & Transport Ports & Terminals Engineering & Equipment Breakbulk Regional Focus Events Subscribe Baltic Exchange: Dry Bulk Weekly Report 22 June 2026 Dry Bulk Capesize The market staged an impressive late-week recovery to finish on a significantly firmer footing, with improving sentiment driven primarily by renewed strength in the Pacific. Having come under pressure through the early part of the week, the market reversed course, with the BCI 182 5TC climbing sharply to close at $37,631, up from $36,756 at the start of the week. The turnaround was led by a resurgent C5 market, where rates rallied from around $10.80 on Wednesday to fixtures being concluded at $12.50 by Friday, supported by healthy cargo volumes, sustained miner activity, and a more confident owner stance. The Atlantic remained the weaker basin for much of the week, with limited fresh enquiry and a wide gap between charterers’ bids and owners’ expectations restricting trading activity. However, conditions improved into the close, with sentiment becoming noticeably more constructive. While fixtures remained limited, C3 bids strengthened to around $31.00, with owners holding firm in the $32.50-$33.00 range, suggesting the market may finally be finding a floor after several sessions of heavy pressure. Although an increasing number of ballasters heading west continues to temper the medium-term outlook, the stronger finish on both sides of the market leaves sentiment entering the new week on a considerably more positive note. Panamax-Kamsarmax The week saw a clear divergence between Atlantic and Pacific markets. In the Atlantic, sentiment remained positive despite fl"
2026-06-29,33014.0,https://www.drycargomag.com/baltic-exchange-dry-bulk-weekly-report-2626,"ough two C5 miners remained active on most trading days, their increasingly cautious approach and lower fixing levels highlighted a lack of urgency, with rates slipping from $11.65 to $10.20 by week’s end. The Atlantic initially provided some support, with South Brazil and West Africa enquiry underpinning C3 levels. However, this soon reversed as the cargo list thinned and an expanding ballaster count placed renewed pressure on the market, with C3 rates falling from $32.50 to $28.00. Although the North Atlantic remained comparatively more resilient, supported by pockets of transatlantic and fronthaul enquiry, activity was too limited to alter the broader negative trend. Overall, the BCI 182 5TC declined from $36,946 to $33,014, leaving the market firmly on the defensive by week’s end. Panamax-Kamsarmax The market saw a tentative start to the week, with the P5TC drifting lower amid mixed Atlantic sentiment and a weaker Pacific market. Activity in the Atlantic improved as the week progressed, highlighted by an 82,000-dwt vessel fixing a transatlantic cargo from EC South America at $32,000 on Tuesday, compared to a similar vessel achieving $34,000 later in the week. Fronthaul business followed a similar trajectory, with an 83,000-dwt open in India fixing at $20,000 early on, rising to $21,000 for an 82,000-dwt by week’s end. Strengthening sentiment was driven by tighter tonnage in the North Continent and a firmer cargo book across both transatlantic and fronthaul trades, helping to drive the P5TC higher as the week progressed. In the Pacific, early weakness stabilised, with indications a market floor was near as owners resisted lower rates. A 75,000-dwt open in South Korea fixed an Australian round at $12,900, while an 80,000-dwt open in China secured $14,250 for an Australia to Singapore-Japan. Period activity slowed, with a 78,000-dwt open in the Far East fixing for one y"
2026-07-06,37181.0,https://www.drycargomag.com/baltic-exchange-dry-bulk-weekly-report-2726,"low $10s, with successive fixtures concluded at progressively higher levels as the week advanced, reaching around $12.30 by week’s end. The Atlantic also gathered momentum, with the South Brazil and West Africa markets strengthening progressively as C3 fixtures moved from the high $27s to test, and in some cases exceed, the $30 mark. Owners became increasingly confident, pushing offers higher as charterers competed for available tonnage, while firmer pricing for forward laycans reinforced expectations of continued strength. Although North Atlantic activity remained relatively selective, improving demand on both transatlantic and front-haul routes contributed to firmer sentiment. The BCI 182 5TC gained just over $5,000 across the week to close at $37,181. Panamax-Kamsarmax The Atlantic and Pacific markets strengthened throughout the week, with the P5TC rising steadily. In the Atlantic, tight prompt tonnage in the North Continent and West Mediterranean underpinned rates, with an 82,000-dwt fixing a grains transatlantic round at $22,750 and a 78,000-dwt achieving $28,750 earlier in the week for a US East Coast to India trip. East Coast South America trips to the Far East experienced a two-tier market, with July-loading cargoes commanding a premium over August. A 76,000-dwt open West Coast India 22 June achieved around $21,500, compared with a 75,000-dwt open Malaysia 30 June fixing at $20,000. In the Pacific, improving demand from Australia and the North Pacific, combined with a tightening pool of available vessels, supported sentiment. An 81,000-dwt fixed a North Pacific round at $16,000, while a 76,000-dwt secured $15,500 for an East Coast Australia to China trip. Period activity remained limited, with an 81,000-dwt fixing for 6 to 9 months and an 82,000-dwt fixing for 2 to 3 laden legs, both at $19,750. Ultramax/Supramax The Atlantic market was largely steady to position"
2026-07-13,21153.0,https://www.drycargomag.com/baltic-exchange-dry-bulk-weekly-report-2826,"t for a grains round voyage, but there was very little appetite from charterers to fix basis later dates at present levels. The Asian market remained flat despite a flurry of fixing mid-week, with NoPac and Australia the main drivers, seeing an 82,000-dwt fixed deliver Japan trip via NoPac with grains at $20,000. Southeast Asia remained lacklustre with mainly the smaller Panamax’s picking off the limited demand, however a 82,000-dwt did fix delivery Hong Kong via Indonesia to South Korea at $13,600 earlier in the week. Ultramax/Supramax Overall, the market generally maintained last week’s levels, with pockets of improvement in certain areas, but overall movement on rates was minimal and the 5TC average was only slightly higher than last Friday’s close of $21,153. The North American market continued to be a driving force with a 63,000-dwt fixed US Gulf to India with petcoke at $38,500 and the East Mediterranean market firmed amid tight tonnage supply with a 63,000-dwt placed on subjects at $18,000 for a trip to West Africa. The South Atlantic was mixed and positional with some faring better than others due to the constrained tonnage list, with a 58,000-dwt fixed from West Africa for Owendo loading to India at $27,000. The Asian market was lacklustre and continued to trend sideways with the main support coming from backhauls and the NoPac market with a nicely described 64,000-dwt fixed at $19,250 delivery China for a grains round voyage. Southeast Asia saw sluggish demand with uncertainty on vessel prospects caused by the Typhoon making charterers wary. In the Indian Ocean there was an uptick on Indian coastal trades with a 64,000-dwt fixed from East Coast India to the West coast at $25,000. Handysize The market moved steadily lower over the week, with sentiment softening across both basins. In the Continent and Mediterranean, conditions opened quietly with levels largely "
2026-07-20,37156.0,https://www.drycargomag.com/baltic-exchange-dry-bulk-weekly-report-2926,"cargo volumes proved insufficient to absorb available tonnage. The C5 route steadily retreated from the mid-$13s to the upper $11s by week’s end. The Atlantic initially provided some offset, with stronger C3 fixtures reported in the upper $34s lifting sentiment early in the week, but this too faded as bid-offer spreads widened significantly and liquidity deteriorated. Limited bidding, growing uncertainty over forward cargoes and softer fixture levels weighed heavily on confidence, illustrated by C3 offers slipping below $33 by the end of the week. Meanwhile, the North Atlantic also edged lower amid subdued fronthaul and transatlantic activity. Having started the week at $42,641, the BCI 182 5TC peaked at $43,086 before sliding around $5,000 to finish at $37,156, illustrating a market that ended the week firmly on the defensive. Panamax-Kamsarmax A rather subdued week across the board with brokers using the words flat, steady and dull in their daily reports. In the North Atlantic supply and demand were well balanced so rates were mainly unchanged with more transatlantic demand through the week than fronthaul, which tailed off as the week went on, an 82,000-dwt fixed from East Coast South America to Spain with grains at $35,000 and a few other similar vessels fixed at $25,000 from the Continent/Gibraltar for both mineral and grains round voyages. The South Atlantic remained active with consistent fixing, but again levels largely unchanged with standard 82,000-dwt vessels fixed between $20,000-$21,000 delivery Singapore for the round trip basis mid-August arrival, whilst deferred cargoes were mainly concluded on voyage basis at around $53.00/mt, an increase due to rising bunker costs. The Asian market saw slight gains as the week progressed, mainly driven by Australian minerals achieving $17,500-$18,000 for round voyages for standard types with NoPac grains adding support a"
2026-07-27,38860.0,https://www.drycargomag.com/baltic-exchange-dry-bulk-weekly-report-3026,"Dry Bulk Trade & Commodities Shipping & Transport Ports & Terminals Engineering & Equipment Breakbulk Regional Focus Events Subscribe Baltic Exchange: Dry Bulk Weekly Report 27 July 2026 Dry Bulk | Trade & Commodities | Shipping & Transport Capesize The market regained momentum over the course of the week, recovering from a subdued opening to finish on a significantly firmer footing as confidence returned across both the Pacific and Atlantic basins. Early weakness was driven by limited activity and a lack of fresh enquiry, leaving owners under pressure and voyage rates drifting lower. However, sentiment improved steadily as fresh cargoes emerged and buying interest returned, lifting the BCI 5TC from its early-week low of $31,768 to finish the week at $38,860. The Pacific market found renewed support despite relatively restrained miner participation for much of the week, with activity increasing towards the close as two major miners re-entered the market alongside increased operator activity and a pick-up in coal cargoes, steadily pushing C5 levels into the upper $12.00s. In the Atlantic, the recovery proved more pronounced, with sustained fixing activity from both South Brazil and West Africa driving C3 sharply higher as charterers progressively raised bids to secure August positions. By the end of the week, owners' confidence had strengthened noticeably, with offers advancing into the $35s-$36s region. Panamax-Kamsarmax The market weakened steadily throughout the week, with negative sentiment persisting across both basins as limited enquiry and cautious participation continued to pressure rates, reflected in daily declines of the P5TC. In the Atlantic, transatlantic demand remained subdued, although some fresh cargoes emerged midweek. Increased competition among owners pushed rates lower, while fronthaul business provided only limited support. An 82,000-dwt was reported"
2026-08-10,46512.0,https://www.drycargomag.com/baltic-exchange-dry-bulk-weekly-report-3226,"ations Dry Cargo Magazine Dry Cargo Handling Directory Advertising Magazine Advertising Online Banner Advertising Newsletter Banner Advertising Online Lead-Generating Content Media kit DCi Media Pack Editorial Programme Advertising Rates News Latest News Dry Bulk Trade & Commodities Shipping & Transport Ports & Terminals Engineering & Equipment Breakbulk Regional Focus Events Subscribe Baltic Exchange: Dry Bulk Weekly Report 10 August 2026 Dry Bulk | Trade & Commodities | Shipping & Transport Capesize The market enjoyed a notably stronger week overall, with sentiment remaining firmly positive throughout. Strength in both the Pacific and Atlantic basins underpinned the rally, driving the BCI 5TC from $41,395 at the start of the week to $46,512 by Friday's close. Tightening vessel availability and healthy cargo demand steadily shifted negotiating power in favour of owners, underpinning gains across both regions. The Pacific remained the principal driver throughout the week. Although major miner activity was relatively restrained, consistent operator enquiry and additional coal stems supported a sustained rise in C5 rates. Widening bid-offer spreads reflected owners' growing confidence, with many resisting lower bids as expectations moved progressively higher. After opening the week in the mid-$14s, C5 rates climbed steadily to the low to mid $16s by week's end. Market participants also closely monitored the approach of Typhoon Dolphin, with precautionary restrictions and the prospect of weather-related disruption lending further support to sentiment by raising concerns over vessel availability. The Atlantic also strengthened, albeit at a more measured pace. South Brazil and West Africa to China markets recorded gradual gains as forward September demand remained robust and the ballaster list continued to contract, providing increasing support to C3 levels. North Atlantic fu"
2026-08-17,41155.0,https://www.drycargomag.com/baltic-exchange-dry-bulk-weekly-report-3326,"Baltic Exchange: Dry Bulk Weekly Report About Us About Us Contact Us Privacy Policy Publications Dry Cargo Magazine Dry Cargo Handling Directory Advertising Magazine Advertising Online Banner Advertising Newsletter Banner Advertising Online Lead-Generating Content Media kit DCi Media Pack Editorial Programme Advertising Rates News Latest News Dry Bulk Trade & Commodities Shipping & Transport Ports & Terminals Engineering & Equipment Breakbulk Regional Focus Events Subscribe Baltic Exchange: Dry Bulk Weekly Report 17 August 2026 Dry Bulk Capesize The market came under sustained pressure this week, with the BCI 5TC falling from $46,300 to $41,155 as softer Pacific conditions outweighed pockets of resilience in the Atlantic. Trading initially lacked momentum due to the Singapore public holiday and the absence of major miners, while the subsequent return of chartering activity failed to provide meaningful support. The Pacific was the principal driver of the decline. Although miner participation improved, an expanding tonnage list, partly reflecting vessels returning following the previous week’s weather disruptions, shifted the balance firmly in charterers’ favour. Owners increasingly competed for limited cargoes, prompting a sharp correction on West Australia to China, with the C5 index retreating from above $16 to $14.110 by the close. In contrast, the South Brazil and West Africa to China markets remained steadier, supported by relatively strong first half September demand and a tight ballaster list, with C3 fixing around $35 to $36 despite limited overall engagement. The North Atlantic softened more gradually, with softer transatlantic fixtures weighing on sentiment despite intermittent fronthaul enquiry being concluded around the mid-$70,000s. Panamax-Kamsarmax After a relatively quiet st"
