report_date,capesize_5tc_usd_per_day,source,status,source_context
2019-04-08,3460.0,https://www.drycargomag.com/dry-bulk-week-14-the-baltic-briefing,CANDIDATE,"lk Week 14: The Baltic Briefing About Us About Us Contact Us Privacy Policy Publications Dry Cargo Magazine Dry Cargo Handling Directory Advertising Magazine Advertising Online Banner Advertising Newsletter Banner Advertising Online Lead-Generating Content Media kit DCi Media Pack Editorial Programme Advertising Rates News Latest News Dry Bulk Trade & Commodities Shipping & Transport Ports & Terminals Engineering & Equipment Breakbulk Regional Focus Events Subscribe Dry Bulk Week 14: The Baltic Briefing 08 April 2019 Dry Bulk | Trade & Commodities | Shipping & Transport Bulk report – Week 14 Capesize The Capesize market over the past week looked to have found a floor on Tuesday with the BCI 5TC at $3460 before firming into the rest of the week, ending at $4881. Iron ore cargo trades from West Australia to China dominated early week business, while the Atlantic basin became active mid-week. A slim but constant trickle of business was heard out of Brazil heading to China, but details were hard to confirm. Thursday saw a flurry of North Atlantic fronthaul tenders by Korean and Japanese charterers. The North Atlantic tonnage situation is currently tight, with little activity. These tender fixtures gave an immediate lift to rates, lifting the bid offers in the Atlantic basin. Ending the week, holidays in the East made for a quiet market, while most eyes were fixed on tracking Cyclone Wallace’s arrival in what is hoped to be the last cyclone in the Pilbara region of West Australia for this season. Panamax Overall a relatively flat week, with a healthy volume of fixing. The Pacific has been heavily reliant on Indian coal demand for support. That has favoured the Kamsarmaxes which have been fixing in the mid/high $8,000s from North China via Australia, with the Panamaxes having to discount to compete. Despite small flurries of activity both Indonesia and the North Pacific were s"
2019-04-15,5099.0,https://www.drycargomag.com/dry-bulk-week-15-the-baltic-briefing,CANDIDATE,"lk Week 15: The Baltic Briefing About Us About Us Contact Us Privacy Policy Publications Dry Cargo Magazine Dry Cargo Handling Directory Advertising Magazine Advertising Online Banner Advertising Newsletter Banner Advertising Online Lead-Generating Content Media kit DCi Media Pack Editorial Programme Advertising Rates News Latest News Dry Bulk Trade & Commodities Shipping & Transport Ports & Terminals Engineering & Equipment Breakbulk Regional Focus Events Subscribe Dry Bulk Week 15: The Baltic Briefing 15 April 2019 Dry Bulk | Trade & Commodities | Shipping & Transport Bulk report – Week 15 Capesize The market saw a steep ascent from the depths of last week. The Baltic Capesize Index (BCI) 5TC opened on Monday at $5,099, although by Friday’s close most gains were lost, and it finished up at $5,737, a modest gain of $638. Improved sentiment stemmed from Atlantic-tightness combined with an open Colombia coal arbitrage. This in turn provided an influx of fronthaul cargo with minimal candidates, a much-needed injection in recent market times. The improved sentiment lent itself to escalations in the Pacific market. This led to West Australia to China iron ore cargoes lifting from $4.60 per metric ton (pmt) to above $5.00. The week ended on a wimper as the Pacific remained firm to holding, while the Atlantic rates and sentiment softened as the arbitrage closed. The ice premium season is also coming to an end at the beginning of May. Panamax An uneventful week started very slowly in the Pacific, partly due to Coaltrans in Shanghai. Despite increased activity in the second half of the week, spot rates have drifted lower. Coal into India remained the main driving force, with more grains from the North Pacific also evident, but the tonnage profile remained in Charterers favour. There has been increased period activity, with several modern Kamsarmaxes fixed for five to eight month"
2019-05-13,11182.0,https://www.drycargomag.com/dry-bulk-week-19-the-baltic-briefing,CANDIDATE,"ivacy Policy Publications Dry Cargo Magazine Dry Cargo Handling Directory Advertising Magazine Advertising Online Banner Advertising Newsletter Banner Advertising Online Lead-Generating Content Media kit DCi Media Pack Editorial Programme Advertising Rates News Latest News Dry Bulk Trade & Commodities Shipping & Transport Ports & Terminals Engineering & Equipment Breakbulk Regional Focus Events Subscribe Dry Bulk Week 19: The Baltic Briefing 13 May 2019 Dry Bulk | Trade & Commodities | Shipping & Transport Dry Bulk Report – Week 19 Capesize The market continued its rollercoaster ride last week opening with negative sentiment, but turning around in dramatic fashion by the week’s end. The BCI 5TC reduced from $11,182 at the end of the previous week to a low of $9,898 on Tuesday, but rebounded to $11,621 by Friday. Reasonable cargo volumes were reported out of West Australia to China with rates for C5 lingering around $6.50-$6.75, whilst time charter rates in the Pacific lifted from low to mid-teens level by Friday. In the Atlantic Basin sentiment was given a much needed boost mid-week, with an influx of fronthaul cargoes fixing at stronger levels. Early in the week it was heard that the Vale Brucutu mine had been ordered to close once again on the authority of a Brazilian high court ruling. The saga continues with no clear resolution date in sight. Closing Singapore iron ore week saw improved sentiment, with rates on an upward tangent. Panamax Last week appeared to be one of consolidation. The Atlantic in general was flat with South American front haul remaining around $15,500 plus $550,000 ballast bonus for modern Kamsarmaxes for May dates, whilst the North Continent tonnage supply appeared to tighten, although this hadn’t yet had much influence on rates. Tonnage open in the Mediterranean had fewer options as the Black Sea market remained quiet, but several modern Kamsarm"
2019-05-20,11621.0,https://www.drycargomag.com/dry-bulk-week-20-the-baltic-briefing,CANDIDATE,"Dry Bulk Week 20: The Baltic Briefing About Us About Us Contact Us Privacy Policy Publications Dry Cargo Magazine Dry Cargo Handling Directory Advertising Magazine Advertising Online Banner Advertising Newsletter Banner Advertising Online Lead-Generating Content Media kit DCi Media Pack Editorial Programme Advertising Rates News Latest News Dry Bulk Trade & Commodities Shipping & Transport Ports & Terminals Engineering & Equipment Breakbulk Regional Focus Events Subscribe Dry Bulk Week 20: The Baltic Briefing 20 May 2019 Dry Bulk | Shipping & Transport Capesize The market continues to ebb and flow with a generally positive up trend. The Capesize 5TC opened with upward momentum from last week’s $11,621 and nudged to over $12,000. It then dropped to $11,705, however, by close it rallied to $11,909. West Australia to China ore run followed a similar pattern from high $6.00s, before losing 50 cents, ending the week marked around $6.50. News was heard overnight Thursday that Brazilian miner, Vale, advised prosecutors that another dam in the State of Minas Gerais is at risk of rupturing within the following week. This prediction was based on current movements at the dam. The mine hasn’t been active since 2016, as such, iron ore market flows would not be expected to be affected. Vale has raised its level of alert for the surrounding area. While getting ahead of possible incidents with warnings and evacuations is good to hear, the market is now questioning when these dam sagas will end and business as usual can be resumed. Panamax A busy start to last week saw the Baltic Panamax Index (BPI) 4TC average rise steadily to over $10,000 from around $9,500 at the end of the preceding week. South America was again the main focus, with modern Kamsarmaxes now traded in excess of $16,000, plus $600,000 ballast bonus. That said, most of the rep"
2019-05-27,12243.0,https://www.drycargomag.com/dry-bulk-market-capesize-market-in-full-swing,CANDIDATE,"day was a non-starter, as the market took a breather. With Vale still absent on Brazil to China C3, this route continued to take a minor role in the spot market. That said, several trades were still heard to be transacted by Brazilian charterers, usually to operators and owners. The West Australia to China route C5 started the week at $6.50 and was seen to strengthen throughout the week, closing at $7.036 on solid fixing. The Atlantic saw some activity on Colombia to Europe, but volumes were still thin. There is some disagreement amongst analysts as to the direction of this market, with a ceiling being proposed against rates that continue to gradually lift on reasonable volume. The Capesize 5TC closed on Friday at $12,243, a gain of $334 from the previous week. Panamax Last week was a continuation of the previous week, with a slow but steady rise in index values. The North Atlantic again witnessed a tightening of tonnage supply, with fronthaul trades prevalent. Although transatlantic volume was thinner, the positive sentiment endured. South America remained the market’s driving force, with the 10-30 June window soaking up numerous vessels throughout the week. However, rates were generally unchanged, that said, the constant demand had a positive impact on the Pacific market. The week in Asia started slowly due to the holiday in Singapore. However, the optimism was eventually realised, with rates picking up towards the end of the week. Owner’s preference for trips out of the area, or longer South American rounds, meant charterers had to pay above last done for inter-Pacific trades. Despite constant period discussion and support from the FFA market, very few period trades were concluded last week. Supramax Overall, it was a lacklustre week. Whilst there was still period activity, few details surfaced. The main area of activity was from East Coast South America, with frontha"
2019-06-10,12987.0,https://www.drycargomag.com/dry-bulk-week-23-the-baltic-briefing,CANDIDATE,"ting Content Media kit DCi Media Pack Editorial Programme Advertising Rates News Latest News Dry Bulk Trade & Commodities Shipping & Transport Ports & Terminals Engineering & Equipment Breakbulk Regional Focus Events Subscribe Dry Bulk Week 23: The Baltic Briefing 10 June 2019 Dry Bulk | Trade & Commodities | Shipping & Transport Bulk report – Week 23 Capesize The market continued in an unusually steady ascent last week. With no major news in the market, each day improved on the last, breaking with the recent boom bust volatility. Owners appear to be less inclined to overplay their hand, while taking the smaller improvements as they come, in what appears to be a sustainable market. The Cape 5TC opened the week at $12,987 and closed out Friday at $15,007. The West Australia C5 route opened the week at $7.223 to close at $7.732, with timecharter rates in the Pacific pushing up respectively, if not more so. The Atlantic, while still minimal on activity, lifted up on the C3 Brazil to China route, with a return of Vale having market requirements. Fronthaul levels lifted approximately $4,500 to close Friday at $29,227 as tonnage tightness takes its toll coming into the later stages of Q2. Panamax Despite being a disrupted week, with several holidays in the East, rates in the Pacific appeared to resist the negative sentiment emanating from other areas. There was a surprising volume of fixing spread across the various load areas. The North Pacific saw a steady trickle of enquiry, but minerals from Australia and Indonesia were more dominant. However, the index softened slightly throughout the week. The Atlantic began the week supported by an active North Coast South America fronthaul market, which took a good number of Atlantic delivery ships at between $19,000 and $19,500, basis Gibraltar, to the East. However, the lack of fresh transatlantic stems eventually told, with rates un"
2019-06-17,15007.0,https://www.drycargomag.com/dry-bulk-week-24-the-baltic-briefing,CANDIDATE,"s Latest News Dry Bulk Trade & Commodities Shipping & Transport Ports & Terminals Engineering & Equipment Breakbulk Regional Focus Events Subscribe Dry Bulk Week 24: The Baltic Briefing 17 June 2019 Dry Bulk | Trade & Commodities | Shipping & Transport Bulk report – Week 24 Capesize The market closed on a quiet Friday last week after a few hectic days of mid-week trading. Trade routes from Brazil to the Far East were especially busy, marking possibly the highest volume of trading out of the region this year. While Vale was heard to be present in the Brazilian trade from early on, many other traders, operators, owners and charterers were active at week’s end, pushing rates up on closing. The 5TC average opened the week at $15,007 and largely softened throughout. This was until Thursday, when the market was thought to have found a floor. Solid activity Thursday in European hours had paper markets rallying, with C3 pushing from $16.85 to $17.14. The 5TC average closed Friday at $14,203. The Pacific market saw declines throughout the week, with C5 opening at $7.732, reaching a low of $7.123, and closing out at $7.314. Constant period activity was seen this week, with rates reaching levels at mid to high teens. Panamax The week began with another holiday in most of Europe, a lack of transatlantic enquiry lead to rumours of some very poor voyage fixtures being concluded. Most owners turned their attention to the fronthaul market. However, by the end of the week, prompt tonnage had begun achieving better numbers within the Atlantic and the fronthaul appeared softer. South American activity continued and rates were generally steady, if a little off. With a full week for the Asian market, trade volume increased. The South was especially busy with Indonesian coal, meaning few wanted to ballast. However, as the week ended, the oversupply of tonnage saw charterers begin to cover bel"
2019-06-24,14203.0,https://www.drycargomag.com/dry-bulk-week-25-the-baltic-briefing,CANDIDATE,"tic basin has encountered growing demand from Brazil to China which is primarily serviced by the ballaster fleet. Those vessels in the Atlantic already have been steadily picked off for longer north Atlantic fronthauls, exacerbating the fundamentals situation. The addition of a small uptick in transatlantic business has ignited the market. Meanwhile the Pacific reached heights earlier in the week on West Australia to China C5 route of $8.00, closing the week trading last at $7.40 and looks to be steady there. With a charging Atlantic market those vessels looking to make a choice on their next business will increasingly favour the West which will likely trigger a response from the East. The C5TC market opened Monday at $14,203 and closed Friday at $17,947. Panamax Rates everywhere slipped throughout last week. Initially transatlantic rates held firm due to limited available tonnage, however enquiry was also thin and the recently active North coast South American front haul market had slowed, giving north Atlantic tonnage fewer options. The South American market was hit much harder with pressure on first half June positions seeing rates tumble to around $14,500 plus $450,000 ballast bonus for modern Kamsarmaxes. This compares to around $15,500 plus $550,000 ballast bonus the previous week, as the dwindling cargo volume took effect. In the East the Indonesian market was very busy to various destinations. However, there was limited support from Australasia or NoPac, meaning a steady decline in levels fixed with brokers commenting on a wide bid/offer spread all week apart from prompt positions. There were few period discussions, although a Panamax in North China agreed $11,250 for four to six months with a Japanese charterer. Supramax The BSI has been climbing since last Thursday and gradually back to the level last seen in early June. The Mediterranean market showed signs of"
2019-07-01,17947.0,https://www.drycargomag.com/dry-bulk-week-26-the-baltic-briefing,CANDIDATE,"active West Australian market. Charterers were usually able to achieve lower than last done, albeit with minimal trade volumes heard. Several trades on Asian vessels for Brazil rounds were heard at healthy levels, which highlighted the options owners now have to choose from. Further west, Brazil to China voyage rates initially maintained their level before being seen to soften towards the end of the week. The North Atlantic was an animal of its own, as consecutively higher fronthaul fixtures were heard throughout the week. Many of these stemmed from the Black Sea, which, while at a higher headline rate, were largely viewed lower on the case of being a shorter duration back to the East. The C5TC opened the week at $17,947 to close Friday at $19,360. The West Australian C5 market opened the week at $7.45 to close the week out at $7.205. Panamax It was a strong week in the Atlantic with sources commenting they had rarely seen so few available ships on early positions. The index increased over $2,500 during the week for transatlantic rounds, with a modern Kamsarmax agreeing $12,500 for a round, admittedly from a good delivery in Aughinish, via the US East Coast to Jorf Lasfar. Fronthaul rates also increased by over $1,500 on the week before, with a modern Kamsarmax fixed at $19,000 delivery Gibraltar for a long trip via the US Gulf and the Cape of Good Hope to the East. Several vessels were also fixed basis delivery dropping outward pilot station (DOP) India for trips via South America, again, with a Panamax/Kamsarmax fixed at $12,000/$13,000 respectively. There was less excitement in the East, but rates also rose with the improved market sentiment. A newbuilding Kamsarmax ex-yard was reported fixed for one year at $12,250. The same charterer was later linked to another modern Kamsarmax in direct continuation at $12,200. Supramax/Ultramax Positive sentiment remained across a"
2019-07-15,27389.0,https://www.drycargomag.com/dry-bulk-week-28-the-baltic-briefing,CANDIDATE,"arket over the past week. Largely traded in European hours, ballaster tonnage was being secured for an ever-tightening window at the end of July. The C3 opened the week at $22.195 to close at $23.864. The lift in voyage rates across the indices on Friday was thought to have been substantially affected by the bunker market, which has been highly volatile this week, particularly in Asia, pushing vessel operating costs up. Trading activity on the West Australian C5 route was relatively mild, with sporadic trading from charterers. The route opened the week at $9.15 to close at $9.509. The Atlantic basin remains tight, although rumours for more competitive offers are being heard in trading. The C5TC continued its rise, closing out on Friday at $27,389 surpassing highs of 2018 while still looking stable and supported. Panamax Last Monday started very slowly with little appearing to trade anywhere. However, the market quickly continued its rapid rise as the Atlantic remained starved of early tonnage. In addition, Vale started taking multiple larger units to cover Brazilian iron ore stems to China. Talk of up to 10 vessels being taken in quick succession fanned the flames on an already bullish market, which then saw Panamaxes being taken for two laden legs with minimum durations at $20,000, redelivery in the Atlantic. The East rose steadily, but unspectacularly, until the end of the week. This was driven by Atlantic gains and the paper market, with tonnage in the South fixing South American rounds, or short period, at higher than last done. The North Pacific was subdued until the end of the week. An injection of fresh enquiry from the North Pacific and Australia then saw rates jump further, as charterers were forced to cover with no sign of the market easing in the short term. Supramax/Ultramax The Baltic Supramax Index (BSI) remained firmly in positive territory; this was cause"
2019-07-22,26705.0,https://www.drycargomag.com/dry-bulk-week-29-the-baltic-briefing,CANDIDATE,"out Us Contact Us Privacy Policy Publications Dry Cargo Magazine Dry Cargo Handling Directory Advertising Magazine Advertising Online Banner Advertising Newsletter Banner Advertising Online Lead-Generating Content Media kit DCi Media Pack Editorial Programme Advertising Rates News Latest News Dry Bulk Trade & Commodities Shipping & Transport Ports & Terminals Engineering & Equipment Breakbulk Regional Focus Events Subscribe Dry Bulk Week 29: The Baltic Briefing 22 July 2019 Dry Bulk | Trade & Commodities | Shipping & Transport Dry Bulk Week 29 Capesize Another week of gains as the Atlantic basin continues to be pressurised on tonnage and Brazilian cargoes keep up a steady flow. The Capesize 5TC opened the week at $26,705 to close Friday at $32,765, an increase of more than 22%. The Brazilian iron ore market was strong early in the week, with most charterers, owners, operators and traders all present at some stage. Vessels traded hands regularly and at levels that lifted at a startling rate. Brazil to China C3 rate levels varied wildly on date-specific terms with usually only the trade participants knowing the true value at that time. The Pacific took a back-step to this activity but was equally affected by it. Vessels booked in on period and trip charters in the Pacific were equally seen traded for Pacific or Atlantic cargoes, as the transatlantic C8 and Pacific round voyage C10 both lifted to attract vessels. The West Australia C5 route opened at $9.277 to close Friday at $10.90. Panamax It was another week of continued improvement on all routes. The North Atlantic saw fewer trades last week, but with the limited tonnage, round voyage rates rose over $1,700 daily. Fronthaul trade jumped by more than $3,000 daily, with a Panamax reported at $32,000 for a trip via Murmansk to China of about 70 days duration. South America seemed to pause midweek, however, activity quickly"
2019-07-29,32765.0,https://www.drycargomag.com/dry-bulk-week-30-the-baltic-briefing,CANDIDATE,"tic Briefing About Us About Us Contact Us Privacy Policy Publications Dry Cargo Magazine Dry Cargo Handling Directory Advertising Magazine Advertising Online Banner Advertising Newsletter Banner Advertising Online Lead-Generating Content Media kit DCi Media Pack Editorial Programme Advertising Rates News Latest News Dry Bulk Trade & Commodities Shipping & Transport Ports & Terminals Engineering & Equipment Breakbulk Regional Focus Events Subscribe Dry Bulk Week 30: The Baltic Briefing 29 July 2019 Dry Bulk | Trade & Commodities | Shipping & Transport Capesize The market was a white knuckled ride this past week as a large downside movement shed value quickly leaving many in bewilderment. The 5TC opened the week at $32,765 and closed on Friday at $27,145. It became apparent on Monday that the market was sliding. Tuesday brought about a modest decline on all routes before the storm clouds gathered. Wednesday it dropped throughout the day, with most activity centred on C3 and C5 routes. Thursday erosion continued on all routes, but by the end of the trading day a floor had been found to close the week with a small rebound. The West Australia to China rollercoaster opened the week at $10.90, rising quickly to $11.145, then plummeted to $9.336 to close out the week at $9.77. The Brazil to China C3 big dipper opened the week at $27.518, reached a low of $22.614, before closing out at $23.145. Rate levels are still considered high for recent times while the nerves of a few are surely being tested. Panamax There was a change in sentiment last week, with rates coming under pressure and owners struggling to maintain last done levels. It was expected after a prolonged period of gains, although whether it is a genuine change in market direction, or a short term correction, is still a matter for discussion. The fundamentals in the North Atlantic remain unchanged, so only early ships, "
2019-08-05,25749.0,https://www.drycargomag.com/dry-bulk-week-31-the-baltic-briefing,CANDIDATE,"Dry Bulk Week 31: The Baltic Briefing About Us About Us Contact Us Privacy Policy Publications Dry Cargo Magazine Dry Cargo Handling Directory Advertising Magazine Advertising Online Banner Advertising Newsletter Banner Advertising Online Lead-Generating Content Media kit DCi Media Pack Editorial Programme Advertising Rates News Latest News Dry Bulk Trade & Commodities Shipping & Transport Ports & Terminals Engineering & Equipment Breakbulk Regional Focus Events Subscribe Dry Bulk Week 31: The Baltic Briefing 05 August 2019 Dry Bulk | Trade & Commodities | Shipping & Transport Dry Bulk Report – Week 31 Capesize Having hit a high of $32,963 early last week, the Capesize 5TC now stands at $25,749. This is over 20% of its value lost in 10 days. Currently the market is at a bit of a standoff, with a wide bid/offer spread. For the West Australia to China, route the rate seems to be hovering around $9.50 level and for Brazil loading region $22.00 level. A Point Lisas to Yantai cargo was covered at $27.00 basis loading end August. Less timecharters have been fixed, with the most recent being the ‘Dione’ (180,132dwt, 2009 build) open Dangjin 6 August at $22,500, for an Australian round voyage, with Panocean. The vessel fixed and failed at a higher level earlier in the week. ArcelorMittal fixed a 2009 built 169,000dwt vessel for their PDM to Fos, mid-August cargo, at $10.50. Panamax Throughout last week there was a constant slide in rates and confidence, with much of the recent gains being eroded. The index for transatlantic rounds dropped by almost $4,000 daily, the fronthaul index by $3,335, and the Pacific round by just over $2,500. Towards the end of the week several brokers commented on the North Continent again being very tight for tonnage, with better numbers beginning to be discussed. However this was the only fleeting bright spot all week. The East "
2019-08-12,24022.0,https://www.drycargomag.com/dry-bulk-week-32-the-baltic-briefing,CANDIDATE,"Dry Bulk Week 32: The Baltic Briefing 12 August 2019 Dry Bulk | Shipping & Transport Weekly Dry Bulk Report; Capesize With typhoon Lekima gathering pace, numerous China ports were closed by the end of the week and will likely be for two to three days. In addition to this, the national holiday in Singapore gave a weaker trend to the rates, which all lost value during most of the week before bouncing back up a bit on Friday. By week’s end, the West Australia to China route was being rated around the $9.25 level, as rumours flowed this level had been fixed for end August dates. Brazil to China was hovering around low to mid $21’s after Vale had taken a number of vessels at this level. The Cape 5TC was published at $24,022. With a further holiday in Singapore on Monday it remains to be seen where the levels go. Panamax The beginning of last week saw rates continuing to slide everywhere. However, sentiment soon turned, driven by the limited available tonnage on the North Continent, as many Charterers scrambled to find suitable cover. The transatlantic index rose by almost $2,000, although many felt the reality was much higher. Rates for shorter mineral trips traded at around $20,000 on Panamax and $22,500 on Kamsarmaxes. South American grain activity also increased, with owners able to increase offers due to renewed optimism. A Kamsarmax reported fixed at the end of the week at $17,700 plus $770,000 ballast bonus for end August dates. With sentiment driving the FFA market higher, the East also benefitted. Despite the North Pacific remaining fairly quiet, mineral trades from Indonesia and Australia were again the driving force, combined with the option of longer round voyages via South America. Supramax/Ultramax As the week progressed, sentiment across both Basins rose positively on the back of stronger demand and tighter tonnage availability. Limited period activity surfaced,"
2019-08-19,24022.0,https://www.drycargomag.com/dry-bulk-week-33-the-baltic-briefing,CANDIDATE,"ing Newsletter Banner Advertising Online Lead-Generating Content Media kit DCi Media Pack Editorial Programme Advertising Rates News Latest News Dry Bulk Trade & Commodities Shipping & Transport Ports & Terminals Engineering & Equipment Breakbulk Regional Focus Events Subscribe Dry Bulk Week 33: The Baltic Briefing 19 August 2019 Dry Bulk | Shipping & Transport Bulk report – Week 33 Capesize The Capesize market was buoyant in both basins this week, posting gains across the board. After bottoming out the previous week, rates were seen to quickly rise. This was helped along the way by typhoon Lekima off the eastern coast of China and a tightening vessel situation in the Atlantic. The Capesize 5TC opened the week at $24,022 to close at $29,624. In the Pacific, most major charterers were present at some stage of the week, but struggled to get repeat trades at last done levels. In the Atlantic, Vale was particularly busy for the Brazil to China trade, taking both prompt August dates and C3 September laycan dates. Black Sea trade to the Far East was rumoured once again this past week, which also contributed to the tightening vessel situation. With Singapore off on Monday it was a late start to the Pacific market, however it was quick to gather momentum. Combined with the weather situation, the West Australia to China C5 trade opened at $9.164 and was pushed to $10.498 by index time Friday. Panamax It was a strong week overall, with all areas feeling the pinch of a tightening of tonnage supply. Pressure remained for September shipments of grain from East Coast South America. The BPI P6 route index rose in excess of $1,400, with 82,000dwt vessels seeing around $18,000 per day, delivery Singapore. Period activity was prevalent, an 81,000dwt ship open China being covered in the mid $15,000s for seven to nine months trading. For Atlantic business a 75,000-tonner was fixed delivery "
2019-08-27,29624.0,https://www.drycargomag.com/dry-bulk-week-34-the-baltic-briefing,CANDIDATE,"azine Dry Cargo Handling Directory Advertising Magazine Advertising Online Banner Advertising Newsletter Banner Advertising Online Lead-Generating Content Media kit DCi Media Pack Editorial Programme Advertising Rates News Latest News Dry Bulk Trade & Commodities Shipping & Transport Ports & Terminals Engineering & Equipment Breakbulk Regional Focus Events Subscribe Dry Bulk Week 34: The Baltic Briefing 27 August 2019 Dry Bulk | Shipping & Transport Dry Bulk Report – Week 34 Capesize A tale of two halves this week as the market tide turned mid-week bringing a raft of higher fixtures to both basins. Pockets of pressure in the market released to the upside from Wednesday onwards. The Capesize 5TC routes opened the week at $29,624, dropped down to $28,431, before closing the week out at $30,437. The big play of the week came from Brazil, once again rising over $2 per metric tonne from Wednesday to Friday, to settle at $24.055. Several transatlantic trades were heard following the mid-week dip as trading activity was slow but steady. In the Pacific, the usual presence of Rio Tinto was the constant as they traded rates to the low and were again in at the high on Friday. Other miners were infrequent and generally quiet. C5 opened the week at $10.498, traded down quickly to $9.573, before closing out the week up at $10.577. Turbulent weather is once again heading towards South East China which should affect upcoming vessel schedules. Traders will also be casting a wary eye towards the global economies, for which the Capesize market has been seemingly ignoring of late as it gets on with its own business. Panamax The South American grains drove the market this week, with numerous vessels open in Asia fixed for September loading. Rates varied from $16,000 to $19,000, depending on the delivery point. The Yasa Neslihan (82,849dwt, 2005 built) vessel, in ballast from India, was fixed"
2019-09-02,34583.0,https://www.drycargomag.com/dry-bulk-week-35-the-baltic-briefing,CANDIDATE,"Dry Bulk Week 35: The Baltic Briefing About Us About Us Contact Us Privacy Policy Publications Dry Cargo Magazine Dry Cargo Handling Directory Advertising Magazine Advertising Online Banner Advertising Newsletter Banner Advertising Online Lead-Generating Content Media kit DCi Media Pack Editorial Programme Advertising Rates News Latest News Dry Bulk Trade & Commodities Shipping & Transport Ports & Terminals Engineering & Equipment Breakbulk Regional Focus Events Subscribe Dry Bulk Week 35: The Baltic Briefing 02 September 2019 Dry Bulk | Trade & Commodities | Shipping & Transport Bulk report – Week 35 Capesize The market continued to firm all week, with the 5TC closing on Friday at $34,583, up $4,146 for the week. This marks a new high for the year and a remarkable lift from the lows of 3 April 2019, when it was a mere $3,540. Over the week, signals had been apparent that the Atlantic was coming to the boil as healthy demand struggled to find tonnage. Coming to a head at the end of the week, Brazil to China leapt almost $2 to settle on the index at $28.118. Transatlantic rates bounded up to $37,500 giving the basin a significant premium over its Pacific rival at $30,188. The Pacific, with a much greater supply of vessels, was a source of stability this week, resistant to pressures from the vessel drain to the Atlantic basin. West Australia to China C5 closed the week out at $10.359, a slight drop from the previous week. Sentiment is up though, and the Atlantic is not finished so more lifts may be in store. Panamax Last week appeared to be a week of consolidation. Rates remained firm in most areas with only pockets of weakness evident in the North Atlantic and North Pacific due to a slight build up in available tonnage. The general sentiment remains strong, aided by an improving Cape market. The indices were all positive, albeit mostly sm"
2019-09-09,38014.0,https://www.drycargomag.com/dry-bulk-week-36-the-baltic-briefing,CANDIDATE,"Dry Bulk Week 36: The Baltic Briefing About Us About Us Contact Us Privacy Policy Publications Dry Cargo Magazine Dry Cargo Handling Directory Advertising Magazine Advertising Online Banner Advertising Newsletter Banner Advertising Online Lead-Generating Content Media kit DCi Media Pack Editorial Programme Advertising Rates News Latest News Dry Bulk Trade & Commodities Shipping & Transport Ports & Terminals Engineering & Equipment Breakbulk Regional Focus Events Subscribe Dry Bulk Week 36: The Baltic Briefing 09 September 2019 Dry Bulk | Shipping & Transport Bulk Report – Week 36 Capesize The market reached new heights this week as the 5TC topped $38,014, a level not seen in the sector since 2013. Fridays 5TC closed down $732 to settle at $37,921. While this week’s surge in rates was driven by a tightening of tonnage that is able to arrive within September, a wider sector story is emerging of vessel delays being caused by docking issues. The upcoming IMO regulations, which will apply from 1 January 2020, have vessels preparing tanks to receive cleaner fuels while others are installing scrubber units to process high sulphur fuel on the go. These unusual dockings are causing delays and disruptions to tonnage flows, which is further aggravating a tight tonnage situation in parts of the market. The Pacific Basin this week experienced a surge early on due to sentiment from the West, but was otherwise relatively steady, while not particularly busy. The C5 opened the week at $10.359 to close Friday at $11.214. The Brazil to China market opened the week at $28.118, reached a high of $29.10, before closing the week out at $27.955. Panamax It was a largely uneventful week, with the indices drifting lower, albeit without much conviction. Sources said owners with prompt tonnage on the Continent had to reduce their ideas to find"
2019-09-23,33996.0,https://www.drycargomag.com/dry-bulk-week-38-the-baltic-briefing,CANDIDATE,"upward trending range. While the market traded sideways at the beginning of this past week, it was unable to build any upward momentum and broke to the downside midweek. Brazil to China C3 opened the week at $25.89 to close out Friday at $23.705, while West Australia to China C5 opened at $10.923 to close at $9.145. Trade activity was moderate throughout the week in the Atlantic, while quieter in the Pacific. Bunker pricing for traders was a wild ride this week as fuel markets absorbed possible scenarios of war risk footing in the Persian Gulf. Prices lifted drastically leaving many to back off trades and wait for the situation to calm. Rates did reduce but are still at elevated levels. The 5TC opened the week at $33,996 to close at $31,470. While there was some talk of a floor being reached, Fridays drop of -$1301 momentum looks still to the downside. Panamax The week began with small increases in the Atlantic indices, but this was soon reversed, and the losses accelerated as the week wore on. There was healthy fixing volume for both transatlantic and fronthaul trips, but the earlier tonnage was forced to reduce their offers to find cover. Brokers felt October positions looked more balanced. The Pacific drifted lower all week, with vessels in the North forced to ballast South. The South American market was not providing its normal support, with charterers concentrating on taking tonnage delivery Arrival Pilot Station (APS) below last done levels. There was hope of a possible surge in fixing this week, prior to Golden Week, but this was the only positive from the week. Very little period trading was reported, although a modern Panamax did fix for a year at $12,500 basis delivery prompt in Japan. Supramax/Ultramax A mixed week overall for the Baltic Supramax Index (BSI), which started in negative mode but as the week closed the trend slowed. Limited period activity was re"
2019-10-07,24916.0,https://www.drycargomag.com/dry-bulk-week-40-the-baltic-briefing,CANDIDATE," find a floor after the previous weeks plunge. Demand remained weak across most routes. The Atlantic incurred some heavy losses on a few days throughout the week before the tide appeared to turn on Friday. Stronger fronthaul numbers were being heard fixed late on Friday, while bids were heard to be lifting on C14 Brazil to China due to a lack of offers in the market. The West Australia to Qingdao C5 market lifted today to settle at $9.168. The Pacific had reasonable activity throughout the week but remains now within a range of $8.50 to $9.50. Being in the seasonal high Q4 period forward rates are elevated from today’s level, yet this is tempered on the spot by the weak demand. The Capesize 5TC opened the week at $24,916, reached a low of $23,425 Thursday, before closing up Friday +$250 to settle at $23,675. Panamax It was a week with continuous fall in the Atlantic basin whilst brokers were seeing signs of improvement in the Pacific as North Pacific grain lending support. The Baltic Panamax Index (BPI) stopped falling on Friday and returned to the positive territory in the last day of the week, with a strong push from the East. A Kamsarmax open Ghent went for a trip via the Baltic back to Skaw-Gibraltar in the mid $15,000s. More fixtures reported from East Coast South America, with the rates largely based on APS instead of DOP or retro Singapore delivery. 82,000dwt vessels were reportedly fixed for trips from East Coast South America to Singapore-Japan in the range of $16,000s to $17,000s plus a ballast bonus of $600,000s to $700,000s, depending on the vessel specifications and performance. In the Pacific, a 93,000dwt ship open North China was fixed for Indonesia loading at a rate in the $12,000s, with redelivery in Taiwan. A similar-sized ship open in the same area was booked at $15,250 for an Australia round voyage. Supramax/Ultramax Overall, the Baltic Supramax Index"
2019-10-21,26382.0,https://www.drycargomag.com/dry-bulk-week-42-the-baltic-briefing,CANDIDATE,"Directory Advertising Magazine Advertising Online Banner Advertising Newsletter Banner Advertising Online Lead-Generating Content Media kit DCi Media Pack Editorial Programme Advertising Rates News Latest News Dry Bulk Trade & Commodities Shipping & Transport Ports & Terminals Engineering & Equipment Breakbulk Regional Focus Events Subscribe Dry Bulk Week 42: The Baltic Briefing 21 October 2019 Dry Bulk | Shipping & Transport Bulk report – Week 42 Capesize The market traded in a relatively stable supported manner in the Pacific this week while the Atlantic experienced weakening turbulence. Fixture activity was strong in both basins with trade executed generally on a voyage priced basis. The 5TC opened the week at $26,382 before closing on a slightly down note Friday at $25,117. The Brazil to China C3 was the big mover this past week opening at $23.782 to close down at $20.945. The Pacific C5 market continued to trade in a limited range opening at $9.227 to end out the week on a positive at $9.114. Discussions continue to be heard regarding vessels cleaning fuel tanks in preparation for IMO 2020. Vessels going out on timecharter are needing to consider what fuel the vessel is being returned with, whilst ideally having a good indication of where that will be for bunkering considerations. Some have been heard to give favorable prices for bunkers on delivery to entice trade. While traders are well versed in bunker planning, the IMO’s hard deadline is problematic for the inherent variability of shipping schedules. The added complexity will surely turn up more issues over the coming months. Panamax The positive trend from last week did not continue, with both basins showing signs of softening since Tuesday. Despite east coast South America market, limited activity was reported from the rest of Atlantic with some principal accounts using their own tonnage for loading their own "
2019-11-11,24637.0,https://www.drycargomag.com/dry-bulk-week-45-the-baltic-briefing,CANDIDATE," Us About Us Contact Us Privacy Policy Publications Dry Cargo Magazine Dry Cargo Handling Directory Advertising Magazine Advertising Online Banner Advertising Newsletter Banner Advertising Online Lead-Generating Content Media kit DCi Media Pack Editorial Programme Advertising Rates News Latest News Dry Bulk Trade & Commodities Shipping & Transport Ports & Terminals Engineering & Equipment Breakbulk Regional Focus Events Subscribe Dry Bulk Week 45: The Baltic Briefing 11 November 2019 Dry Bulk | Shipping & Transport Bulk report – Week 45 Capesize Over the past week the Capesize market has broken out of its recent range bound zone to the downside. It has now dropped below the $20,000 level on 5TC, which hasn’t been seen since early July. With ample tonnage in the ballaster line-up, and minimal market cargoes seen out Brazil, the C3 market was seen to shed more than $2, settling at $18.002 by Friday. In the Pacific Basin, the C5 market initially lifted strongly early on in the week, but it too was seen to collapse by mid-week to close out at $8.341. Trading activity has been active across most routes throughout the week, with most major charterers taking several vessels. The 5TC opened the week at $24,637 and was seen to drop almost 20% down to $19,716. Hopes of a market bounce are slim with headwinds from current market fundamentals, but the turbulence from IMO 2020 will continue to ensure the market is anything but predictable in the coming weeks and months. Panamax The weaker and softer trend continued during the week with a large sell-off in both basins resulting in the Baltic Panamax Index (BPI) losing well over 100 points on the week. There has been limited Transatlantic business, with reports of several shorter Baltic round voyages at varying rates from $11,000 to $12,750. These quick trips still commanded a premium over the longer Atlantic routes. There was limited "
2019-11-25,20970.0,https://www.drycargomag.com/dry-bulk-week-47-the-baltic-briefing,CANDIDATE,"Dry Bulk Week 47: The Baltic Briefing About Us About Us Contact Us Privacy Policy Publications Dry Cargo Magazine Dry Cargo Handling Directory Advertising Magazine Advertising Online Banner Advertising Newsletter Banner Advertising Online Lead-Generating Content Media kit DCi Media Pack Editorial Programme Advertising Rates News Latest News Dry Bulk Trade & Commodities Shipping & Transport Ports & Terminals Engineering & Equipment Breakbulk Regional Focus Events Subscribe Dry Bulk Week 47: The Baltic Briefing 25 November 2019 Dry Bulk Bulk report – Week 47 Capesize After a week of value being eroded on the Capesize market, Friday brought improved sentiment across most of the routes. The 5TC average opened the week at $20,970 and closed out Friday up $580 to settle at $18,930, illustrating clearly the deteriorating condition of the market. While the Pacific Basin maintained its usual constant flow, improved sentiment built in the Atlantic Basin. Bids were heard to be firmly up across all routes. The Brazil to China C3 route opened the week at $19.04, reaching a midweek low of $18.225. However, with Fridays jump of 72.5 cents, the route settled at almost parity at $19.03 pushing into the weekend. While this current lift is encouraging for a possible last market push before the end of the year, trade activity overall hasn’t been reassuring. But as eyes drift to the New Year, and improved clarity post IMO changes, traders are sure to have plans in mind which will hopefully bring improved activity. Panamax It was a somewhat mixed bag in the market this week, despite very few pockets of resistance and a hefty softening of rates throughout the week. In the Atlantic, aside from the North Continent/Baltic trades which held steady, the longer fronthaul trips from the US Gulf and East Coat South America (ECSA) came under severe pressure. A 76,000dwt ship was fixed at $9,500 fro"
2019-12-02,23865.0,https://www.drycargomag.com/dry-bulk-week-48-the-baltic-brefing,CANDIDATE,"ine Banner Advertising Newsletter Banner Advertising Online Lead-Generating Content Media kit DCi Media Pack Editorial Programme Advertising Rates News Latest News Dry Bulk Trade & Commodities Shipping & Transport Ports & Terminals Engineering & Equipment Breakbulk Regional Focus Events Subscribe Dry Bulk Week 48: The Baltic Brefing 02 December 2019 Dry Bulk | Trade & Commodities | Shipping & Transport Bulk report – Week 48 Capesize The market has been well supported over the past week, led primarily by the Atlantic Basin. After bottoming last week, sentiment was seen to improve strongly, with both paper and physical traders buying into the rally. Opening the week at $18,930 on the Capesize 5TC, it has now lifted to $23,865. Traders had been eyeing up the second half of December, loading windows out of Brazil in recent weeks citing likely tonnage tightness. They weren’t disappointed as C3 was seen to open the week at $19.030, to end the week at $22.375. Furthermore, into the North Atlantic a flurry of fronthaul business, now beginning to incorporate ice zone premiums, have kept the basin under tonnage supply pressure heading into the final month of the year. The Pacific Basin struggled to counter the improved sentiment and was seen to lift early in the week past mid $9’s on C5 with a very healthy flow of fixtures being heard. C5 closed out the week at $9.95 with talk of $10.00 being concluded. Panamax There were significant gains this week, the Atlantic leading the charge, with the Skaw to Gibraltar Transatlantic round-trip route P1A_82, gaining more than $2,500 in value on the week. Stronger levels were concluded on the Baltic trades, with an 80,000dwt ship achieving $13,500 for a trip Skaw-Gibraltar. On the longer Transatlantic trips, an 82,000dwt vessel agreed $10,500 delivery. The East Coast South America (ECSA) grain front haul activity saw healthy volumes of fixing"
2019-12-09,25202.0,https://www.drycargomag.com/dry-bulk-week-49-the-baltic-briefing,CANDIDATE,"he Baltic Briefing About Us About Us Contact Us Privacy Policy Publications Dry Cargo Magazine Dry Cargo Handling Directory Advertising Magazine Advertising Online Banner Advertising Newsletter Banner Advertising Online Lead-Generating Content Media kit DCi Media Pack Editorial Programme Advertising Rates News Latest News Dry Bulk Trade & Commodities Shipping & Transport Ports & Terminals Engineering & Equipment Breakbulk Regional Focus Events Subscribe Dry Bulk Week 49 - The Baltic Briefing 09 December 2019 Dry Bulk | Trade & Commodities | Shipping & Transport Bulk report – Week 49 Capesize This week the Capesize market maintained healthy earnings, as an end of year surge took the Capesize 5TC back up to $25,202 by mid-week. This lift was predominately led in the Pacific, with strong trading activity from major iron ore charterers. With the steady flow of cargo in the Asia region, the Pacific C10 now trades at a solid 35% premium over the Atlantic C8. The C5 West Australia to China market had a significant jump mid-week, but fell away after a wild trading Friday, to leave the route largely unchanged week on week. Bad weather causing vessel delays in China is expected to cause disruption to upcoming schedules. The North Atlantic sentiment weakened throughout the week, as fixtures out of Brazil, to China, initially jumped in strength. But as a series of fixtures eased the pressure, levels were seen to decline. The Capesize 5TC closed the week down -$525 to settle at $23,704. Panamax Another week of upward momentum in the Panamax market, with East Coast South America (ECSA) grain trips to the Far East witnessing the largest gains. In the Pacific healthy coal enquiry from Australia and Indonesia kept rates relatively stable on the week. There has been slower trade volume on North Atlantic trades. However, an 83,000dwt vessel agreed $14,000 delivery from North France, for a "
2019-12-16,5702.0,https://www.drycargomag.com/dry-bulk-week-50-the-baltic-briefing,CANDIDATE,"The Baltic Briefing About Us About Us Contact Us Privacy Policy Publications Dry Cargo Magazine Dry Cargo Handling Directory Advertising Magazine Advertising Online Banner Advertising Newsletter Banner Advertising Online Lead-Generating Content Media kit DCi Media Pack Editorial Programme Advertising Rates News Latest News Dry Bulk Trade & Commodities Shipping & Transport Ports & Terminals Engineering & Equipment Breakbulk Regional Focus Events Subscribe Dry Bulk Week 50: The Baltic Briefing 16 December 2019 Dry Bulk Capesize It was one-way traffic for the Capesize market this past week, with all routes giving up value. While downward momentum may have slowed a touch by Friday, the Capesize 5TC took a trouncing, losing $5,702 to settle at an almost six-month low of $18,002. Fixing activity was solid throughout the week, especially in the Pacific as charterers took advantage of owners scrambling to fix. Some suggest this new level could bring about an increase in enquiry, as trading activity is currently thought to be healthy overall, albeit in a declining market. With the strength of the Pacific in recent weeks, imbalances in tonnage supply to the West are already being mentioned. Vessels are continuing to be heard fixing for cargoes out of Eastern Canada on fronthaul, but the tonnage in the Atlantic looks to be tightening. The Brazil to China C3 opened the week at $21.615 to close Friday at $18.96. The C5 opened at $10.295 to end the week down at $8.364. Panamax The firmer market continued this week, with indices rising. In the Atlantic to East Coast South America (ECSA), grain cargoes continued to push the market. Rates increased slightly on the week, with the high being $15,000 plus $500,000 ballast bonus paid for an 82,000dwt ship. Activity picked up this week around the US Gulf and coupled with an effervescent Baltic market, rates in the North Atlantic saw significa"
2019-12-23,14451.0,https://www.drycargomag.com/dry-bulk-week-51-the-baltic-briefing,CANDIDATE,"self in consideration of weakening freight levels and increasing IMO bunker costs. A week out from Christmas there was a definite holiday feel, with some traders already absent. Opening Monday, trade was sparse in both Basins, but by mid-week there was signs the Atlantic had bottomed out and improved sentiment was found. The Pacific continued its rout, with the C10 opening the week at $17,000 to close at around $11,200. The two Basins are once again diverging with each other, with the Atlantic C8 at $17,300. Throughout the week the West Australia C5 was volatile, but as the week closed more activity was rumoured and settled at $7.20. The Brazil to China C3 closed in the upper $18.00’s. The C5TC settled at $14,451 on Friday, with two days left to price for the year. Panamax Negative values spread across most areas of the market this week, with the Pacific witnessing the biggest losses. In the Atlantic, cargo demand from the South Atlantic weakened a little, but steady enquiry was seen further north. For transatlantic trips from the US Gulf at start of the week we saw a 75,000dwt ship achieving $13,400 plus $340,000 ballast bonus. By the end of the week, an 81,000dwt ship was fixing $12,500 plus $250,000 ballast bonus, both delivery Arrival Pilot Station (APS) US Gulf, with redelivery Skaw-Gibraltar range. From East Coast South America, highest fixed was $15,000 plus $500,000 ballast bonus on an 81,000dwt ship for a trip to the Far East, with the low a 75,000dwt ship achieving $13,600 plus $360,000 ballast bonus. In Asia a big sell off in rates as the week progressed. The highlight at the start of the week was an 81,000dwt vessel agreeing $11,000 for an Australian round trip. However, by Friday a 79,000dwt vessel had conceded $6,250 for a trip via Australia to India. Supramax/Ultramax With the long holidays ahead, the market ends on a quiet note, with the Baltic Supramax I"
2020-01-06,10825.0,https://www.drycargomag.com/dry-bulk-week-1,CANDIDATE,"minals Engineering & Equipment Breakbulk Regional Focus Events Subscribe Dry Bulk: Week 1 06 January 2020 Dry Bulk | Trade & Commodities | Shipping & Transport Capesize The New Year started with an erosion on pre-Christmas rates as the higher low sulphur fuel costs due to IMO 2020 affected levels. From Brazil the route is now assessed at close to $18.50, whilst from West Australia, several vessels were fixed at various levels which eventually settled at over 50 cents less to just under $7. With vessels having differing bunkering strategies, it will be a few days for TC levels to become more visible, but they too lost value. A Pacific round voyage at week’s end was assessed at $6,200 and the 5TC average at $10,825 which, on 24 December 2019, were at $11,525 and $14,337 respectively. There was talk of a vessel fixing for Bolivar/Rotterdam plus an option for Turkey loading end January, but full details have not been disclosed. Some are suggesting tonnage availability might be tightening there. Panamax As the new calendar year begun and bunker fuel legislation came into effect, rates remained severely under pressure in most areas. The new larger 82,500dwt vessel is now the benchmark BPI vessel. With talk of an ever-growing tonnage list in the Pacific, charterers are now generally bidding tonnage basis delivery Arrival Pilot Station (APS), plus a ballast bonus as opposed to Dropping Outward Pilot (DOP). Consequently, owners are now faced with difficult decisions to make. In the Atlantic a couple of 82,000dwt vessels achieved $14,250 plus $425,000 ballast bonus basis delivery East Coast South America for grain trips to Southeast Asia, with the low being an 81,000dwt ship agreeing $13,000 plus $315,000 ballast bonus for a similar trip. Earlier in the week a 75,000dwt vessel achieved $13,000 for a Baltic round trip back to the continent. In Asia, an 81,000dwt ship agreed $7,000 "
2020-01-13,9020.0,https://www.drycargomag.com/dry-bulk-week-2,CANDIDATE," Us Privacy Policy Publications Dry Cargo Magazine Dry Cargo Handling Directory Advertising Magazine Advertising Online Banner Advertising Newsletter Banner Advertising Online Lead-Generating Content Media kit DCi Media Pack Editorial Programme Advertising Rates News Latest News Dry Bulk Trade & Commodities Shipping & Transport Ports & Terminals Engineering & Equipment Breakbulk Regional Focus Events Subscribe Dry Bulk: Week 2 13 January 2020 Dry Bulk | Trade & Commodities | Shipping & Transport Bulk report – Week 2 Capesize Closing out the first full trading week of 2020, the Capesize market is struggling to gain any solid positive upward traction. Opening the week at $10,825, the Capesize 5TC fell away to $9,020, before staging a small rally to close Friday at $9,438. The Pacific Basin fared much worse than the Atlantic, voyage rates were under strong pressure earlier on, with owners coming close to zero on earnings. Geopolitical troubles in the Middle East kept fuel prices strong adding to the cost woes for owners in this post-IMO 2020 era. High very low sulphur fuel spreads now range north of $300 in Singapore. Rates for transatlantic routes were seen to hold up better with tonnage to cargo ratios at healthier levels, the C8 ending the week at $14,500. Backhaul C16 was seen to take continual losses throughout the week closing Friday at -$4,000 as owners look to invest in re-positioning their vessel into the Atlantic. Panamax An active week with healthy volumes of fixing, particularly in the Atlantic, with East Coast South America grain demand for end January/beginning February shipment dates supporting the market here. There was limited transatlantic activity, but at the start of the week an 82,000dwt ship was able to achieve $12,000 for a trip via the Baltic to the Continent. On longer duration trips, an 82,000dwt vessel agreed $14,000 delivery North Coast South Ame"
2020-01-20,9438.0,https://www.drycargomag.com/dry-bulk-week-3,CANDIDATE,"ulk: Week 3 About Us About Us Contact Us Privacy Policy Publications Dry Cargo Magazine Dry Cargo Handling Directory Advertising Magazine Advertising Online Banner Advertising Newsletter Banner Advertising Online Lead-Generating Content Media kit DCi Media Pack Editorial Programme Advertising Rates News Latest News Dry Bulk Trade & Commodities Shipping & Transport Ports & Terminals Engineering & Equipment Breakbulk Regional Focus Events Subscribe Dry Bulk: Week 3 20 January 2020 Dry Bulk | Trade & Commodities | Shipping & Transport Bulk report – Week 3 Capesize The market was relatively stable over this past week putting an end to the past months of more extreme declines. While the Capesize 5TC still softened marginally, opening the week at $9,438 and closing it at $8,352, market fundamentals appear to have stabilised with a dismal floor for owners in the Pacific and a tight tonnage situation in the Atlantic commanding a premium. In the Pacific the C5 closed out the week at $6.832 with the Pacific round C10 trading at $3,871. While bunkers gave a bit of reprieve earlier in the week helping owners, voyage rates declined in the Pacific putting earnings at firmly sub OPEX levels for standard vessels. Fixing activity has been mild throughout the week with Friday being very quiet. The Atlantic basin’s C8 closed out the week at $14,440 dropping -$1,035. With Chinese New Year officially starting next week on 24 Jan, most traders will be preparing for an impending quiet market. Whether this results in a ramp up of trading activity in the coming shortened week remains to be seen. Panamax A fluctuating week in the Panamax market. After a slow start it showed small green shoots of recovery by mid-week only for activity to appear to slow again come the end of the week. However, these gains are still some way shy of levels the market witnessed only one month ago. East coast South Ame"
2020-01-27,8352.0,https://www.drycargomag.com/dry-bulk-week-4,CANDIDATE,"Dry Bulk: Week 4 About Us About Us Contact Us Privacy Policy Publications Dry Cargo Magazine Dry Cargo Handling Directory Advertising Magazine Advertising Online Banner Advertising Newsletter Banner Advertising Online Lead-Generating Content Media kit DCi Media Pack Editorial Programme Advertising Rates News Latest News Dry Bulk Trade & Commodities Shipping & Transport Ports & Terminals Engineering & Equipment Breakbulk Regional Focus Events Subscribe Dry Bulk: Week 4 27 January 2020 Dry Bulk | Trade & Commodities | Shipping & Transport Bulk report – Week 4 Capesize The market endured heavy losses throughout the past week, with the Capesize 5TC dropping from $8,352 to $4,772. In the lead up to Chinese New Year it became quickly evident positions had been managed the week before leaving only minimal loose ends to be tied up. Activity levels were never going to be anywhere near enough to counter an over-tonnaged Asia region. The Atlantic fared the worst of the two basins, dropping from $14,440 to $8,475 as what few vessels available were more than enough for the minimal cargoes available. With options dwindling, Brazil to China cargoes were seen to be fixed at bargain basement prices, as ballaster vessels looked to avoid being stranded in no-mans’ land. C3 opened the week at $17.85 to close at $15.917. Most major charterers on the West Australia to China C5 were absent this week, except for Rio Tinto, who manged to lower the last done seemingly at will. The C5 opened the week at $6.832 to close out at $6.155. Panamax Rates continued to slide all week with hopes of the market finding a bottom, but some very low trades were still witnessed. The Pacific began the week relatively active, but as Asian holidays approached, the market slowed significantly towards the weekend. Aside from East Coast South American trade, the Atlant"
2020-02-17,2660.0,https://www.drycargomag.com/dry-bulk-week-7,CANDIDATE,"Advertising Online Lead-Generating Content Media kit DCi Media Pack Editorial Programme Advertising Rates News Latest News Dry Bulk Trade & Commodities Shipping & Transport Ports & Terminals Engineering & Equipment Breakbulk Regional Focus Events Subscribe Dry Bulk: Week 7 17 February 2020 Dry Bulk | Trade & Commodities | Shipping & Transport Capesize Riding the downward momentum of the previous week, the market was always going to be hard pressed to make any sort of revival. With multiple drivers including Coronavirus, rail flooding in East Australia, rains in Brazil and a tropical cyclone in West Australia causing havoc, the market was seen to bottom out and meander sideways. The Capesize 5TC opened the week at $2,660 to close out at $2,445. While bunker volatility was causing fluctuation in the vessels’ earnings, voyage rates were mostly seen to soften throughout the week. C3 Tubarao to Brazil opened at $13.575 closed down at $12.95. West Australia was quiet and spot market fixture activity opened the week at $5.75 closing at $5.595. Remarkably the C10 Transpacific bucked the trend this week as demand for time-charter vessels lifted. The Transatlantic C8 didn’t fare so well as dwindling cargo options had most over offered. It now trades at $2,920 which is below the Pacific, the first time since mid-December. Panamax It was a relatively strong week overall, with most areas increasing their values over the week. East coast south America again appeared the focus and driver with rates for beginning of March shipments dates improving from last done. The week witnessed some heightened period activity with a bunch of period fixtures mostly fixed with discounted rates for the first 40 days then a premium rate thereafter for balance of the agreed period. From east coast South America to the Far East, the median rate appeared at around $12,250+$225,000 ballast bonus at the star"
2020-02-24,2445.0,https://www.drycargomag.com/dry-bulk-week-8,CANDIDATE,"heer about this week as it again endured remarkable lows. The Atlantic continued to improve, with the Transatlantic C8 now pricing at $2,655. Cargo remains limited for owners, while a healthy ballaster list is running low on options. The Pacific Transatlantic C10 continues to make modest gains to close the week out at $4,900. The C5 voyage route, West Australia to China, remains under pressure, but managed to lift slightly this week, finishing at $5.986, a rise of +.391. Re-fuelling timing for owners remains critical as bunkers continue to fluctuate wildly. Fuel demand across all industries has weakened in recent weeks, with the slowdown in China, giving some respite to owners. The Capesize 5TC opened the week at $2,445 to close out the week at $2,787. Panamax A markedly better week, with all routes posting gains. This was led by the P1A Transatlantic round voyage, which gained $1,380 on the week to close at $4,805. The 5TC average duly climbed $1,170 to close at $7,087, an almost 20 per cent gain for the week. Whilst sentiment is much more positive, these things are rarely linear, even when coming from such a low base. Consequently, opinion remains divided as to whether the momentum can be maintained. The East Coast South America (ECSA) market was also active this week, with delivery Arrival Pilot Station (APS) Brazil, becoming delivery dropping outward pilot station (DOP) India in the latter stages of the week. Some short period fixtures were also concluded to cover the Brazil fronthaul as a first leg. Notable fixtures included the ‘Konkar Venture’ (82,099dwt, 2015 built), which fixed basis delivery APS Santos at $13,450 plus $345,000 ballast bonus basis 6/10 March. In addition to the ‘Sea Gemini’ (81,715dwt, 2014 built), which fixed basis delivery Singapore 3/6 March at $10,200 for a similar Brazil round voyage. Some short period fixing was reported, including the ‘Av"
2020-03-02,2274.0,https://www.drycargomag.com/dry-bulk-week-9,CANDIDATE,"g & Equipment Breakbulk Regional Focus Events Subscribe Dry Bulk: Week 9 02 March 2020 Dry Bulk | Trade & Commodities | Shipping & Transport Capesize The Capesize market woes related to Coronavirus have now spread through the wider global markets like wildfire. The wider supply and demand and operational ramifications now seem painfully clear. With Capes already trolling the bottom of the market there was little left to be squeezed out of it this week. With oil prices bearing the brunt of poor forecast demands in the coming months, traders kept a close eye on the declining fuel costs. This added a little volatility as route earnings improved to quickly readjust down once again. The Capesize 5TC, now $2,274, has remained below $3,000 for three weeks straight, whilst market conditions seemingly continue to deteriorate. The West Australia to China C5 opened the week at $5.99 to close out the week at $5.20. The Brazil to China C3, which is still lacking in any solid spot cargo flow, opened the week at $13.015 to close at $12.585. In other news the VLOC ‘Stella Banner’ (300,660 dwt) laden with 294,000mt iron ore has been reported to have intentionally grounded to avoid capsizing shortly after leaving the port of Ponta Da Madeira, Brazil. Panamax Last week witnessed plenty of improvement in the market aided with bunker prices falling, sentiment now seems generally optimistic. The North Atlantic trades continued to struggle, but with fronthaul volume increasing from East Coast South America (ECSA), particularly end March/early April shipments, rates improved. However, several still viewed current levels within the Atlantic as a good buying opportunity and took cover by booking tonnage for two-to-three laden legs within the Atlantic. The highlight rate on Arrival Pilot Station (APS) ECSA, basis being $14,700 plus $470,000 ballast bonus on an 82,000dwt ship. $11,000 was also conc"
2020-03-09,2542.0,https://www.drycargomag.com/dry-bulk-week-10,CANDIDATE,"s has only led to new lows on voyage rates. The North Atlantic Basin has shown signs of tightening, as the Puerto Bolivar to Rotterdam C7 ticked up from $6.03 to close the week at $6.35. Although this is thought to be largely sentiment, as fixing volumes remained low. The Brazil to China C3 was one-way traffic this week, with the route taking a particularly heavy blow on Friday, closing out down -0.48 to settle at $11.845. Ballaster vessels are finding themselves being caught directionless in an ocean wilderness and left as easy pickings. The West Australia to China C5 was stable this week, with most majors taking tonnage. It closed out the week down -.264, to settle at $4.936. The Capesize 5TC market closed out the week at $2,542. Capes continue into the new week with little hope of change, alongside the current headwinds on the bow from the global markets. Panamax The week began slowly as usual, before activity peaked. Midweek, healthy fixture volume was seen in the Atlantic. With both fronthaul and Transatlantic mineral activity on the rise, firmer bids were observed. Bids are now available for basis delivery this side, with a 2012-built 82,000dwt vessel agreeing $20,000 for a trip via the Baltic to India, with coal. Support was seen from Transatlantic grains too, but something of a two-tiered market existed. South American business was ably served by ballasters who were willing to operate on cheaper numbers. South America activity dipped briefly, but steady cargo flow for March and April saw rates steady. The highlight was a 2019-built, 82,000dwt ship, fixing $15,000 plus $500,000 ballast bonus. In Asia, despite less visibility of fixture rates, sentiment improved on the week against a backdrop of healthy enquiry. In the East Coast South America market, an 82,000dwt ship achieved $9,000 for an Australian round. Similar sized tonnage agreed $6,250 for an Indonesian ro"
2020-03-16,2542.0,https://www.drycargomag.com/dry-bulk-week-11,CANDIDATE,"t Ports & Terminals Engineering & Equipment Breakbulk Regional Focus Events Subscribe Dry Bulk: Week 11 16 March 2020 Dry Bulk | Trade & Commodities | Shipping & Transport Capesize The Capesize market came to work on Monday, with little expectation, or confidence, that the days ahead were going to bring anything other than fallout from Coronavirus. While this was a relatively simple assessment to make, it was without comfort. The magnitude of the fallout to come hammered business markets and civil society around the world, causing widespread fear. As previously mentioned, if the Capesize market wasn’t at precipitously low levels already, it would be on the speed boat there now. The Capesize 5TC opened the week at $2,542 to close at $2,797. Voyage rates were hugely affected after the oil crash on Monday, as bunker fuel was discounted heavily. West Australia to Qingdao dropped -.472 to settle the week out at $4.464. Meanwhile, the Brazil to China C3 market plunged down to settle at $10.535 from $11.84 earlier in the week. Iron ore continues to flow to China, with one source mentioning no significant disruptions to flow so far. While this may not account for all parties, it gives anticipation that the industry infrastructure sectors in China may return to their normal operational capacity sooner rather than later. Panamax The week began on a cautious note, with the news of oil prices and stock markets crashing. Rates stabilised eventually, as market sentiment picked up with fuel recovering. However, by Thursday, negative sentiment underpinned the market, with many fixtures failing on subjects. Many ships in the Pacific that were focussed on the East Coast South America market were having to rethink their strategy. The number of vessels in ballast, built up, prompting a mark-down on rates, as well as global markets taking further hits. Period activity was sparse, but a nicel"
2020-03-23,4067.0,https://www.drycargomag.com/dry-bulk-week-12,CANDIDATE,"gazine Dry Cargo Handling Directory Advertising Magazine Advertising Online Banner Advertising Newsletter Banner Advertising Online Lead-Generating Content Media kit DCi Media Pack Editorial Programme Advertising Rates News Latest News Dry Bulk Trade & Commodities Shipping & Transport Ports & Terminals Engineering & Equipment Breakbulk Regional Focus Events Subscribe Dry Bulk: Week 12 23 March 2020 Dry Bulk | Trade & Commodities | Shipping & Transport Capesize The Capesize market made some headway this past week despite being buffeted by the global pandemic storm. With the market in a constant state of flux on a seemingly endless news cycle, increasing restrictions and disruptions, the Cape 5TC managed a lift out of its recent range to settle the week at $4,067, a lift of +$1,270 for the week. The Atlantic Basin was the bigger mover this week, albeit with fewer fixtures, as large declines in the bunker prices lifted timecharter rates in relation to the marked voyage rates. Declines were felt later in the week with the Brazil to Qingdao C3 dropping from $10.535, to end the week at $9.970. West Australia to China C5 saw a constant flow throughout the week with rates fluctuating to close out at $4.305. Overall, sentiment seems improved, yet it’s expected there will be plenty more turmoil to endure as talk of quarantines increasing, credit lines tightening and port closures being mentioned, while governments react with stimulus injections and boarder closures. This is all churning up a strange dynamic the likes of which have never been experienced. Panamax A thin week of trading in the Panamax market, with distractions elsewhere focussing most people’s attention. With mid-week news breaking of port suspensions in a region of Argentina, nervousness beset the East Coast South America market, where lower fixtures than last done drove the index down. Weaker bunker prices further"
2020-03-30,3675.0,https://www.drycargomag.com/dry-bulk-week-13,CANDIDATE,"nder no illusions as to the severity of this crisis and are acting to mitigate amongst the daily changing circumstances. Force Majeure declarations are increasingly common, with the latest heard being at European steel mills. At the beginning of this week South Africa announced intended lockdowns on its mines. This led to a rush of fixtures on Tuesday, as West Australia to China C5 potentially became the only show in town with cargo flow. C5 traded down to a low of $4.003 this week before lifting at the end of the week to $4.223. Brazil to China business has maintained a faint heartbeat, with owners being picked off slowly at ever sharpening levels. C3 closed the week out at $9.29. The Cape 5TC closed out the week at $3,675, down -392. Next week promises to be defined as another one of uncertainty. While some industries are feeling the impact more than others, it’s imperative in these trying times we all keep calm and carry on – remotely. Panamax A turbulent week with Covid-19 dominating headlines. Subsequently, Force Majeure was declared in several countries and integral shipping ports, as nervousness enveloped the market. Nevertheless, bright news of soya bean meal crushing margins turning positive in China and a good volume of fresh sales were concluded ex-Brazil and USA into China as a result thereof. This translated into a positive move for the Baltic Panamax Index (BPI) route P6, with rates moving on the week. Rates for fronthaul trips, basis delivery Southeast Asia and India positions, were fixed in the $8,000’s, with one very well-described 82,000dwt vessel achieving $9,500 from Singapore. Asia was something of a two-tier market, with the North seeing improved numbers due to solid levels of North Pacific demand. A very good design 81,000dwt new building, delivery South Korea, achieved $7,750 for a North Pacific round trip, whilst Indonesia lacked volume, partly d"
2020-04-06,5949.0,https://www.drycargomag.com/dry-bulk-week-14,CANDIDATE,"ertising Rates News Latest News Dry Bulk Trade & Commodities Shipping & Transport Ports & Terminals Engineering & Equipment Breakbulk Regional Focus Events Subscribe Dry Bulk: Week 14 06 April 2020 Dry Bulk | Shipping & Transport Capesize The Capesize market this past week looks to have come off life support and found some improved sentiment. The week began rather ordinary before surging on Tuesday prior to the index publishing. Improved South African loading options and activity out of Brazil were cited as the cause. Countering that, Vale announced that same evening it forecast cuts to iron ore output due to Coronavirus lockdowns. The market remains a touch above OPEX levels, with the Cape 5TC closing the week at $5,949. Cargo supply remains weak, while Covid-19 fallout looks set to increase over the coming weeks. The West Australia to China C5 route was at the centre of Tuesday’s lift. It opened the week at $4.223, lifted to $5.395, to close out Friday at $4.923. A wide spread of earnings has now opened between the Pacific Basin C10 at $7,954 and the Atlantic Basin C8 at $4,620. The Baltic Capesize Index (BCI) lifted this week out of negatives, from -91 to 319, illustrating the improved situation. Panamax The Panamax market roused in the early part of the week, supported in tandem with FFA gains witnessed. The Pacific has been largely driven by strong demand out of the North Pacific. That has favoured Kamsarmax vessels, which have been fixing at rates ranging from $7,000’s to $8,000s, depending on delivery. South America continued to be the driving force in the Atlantic. However, there were a few signs this was starting to be eroded somewhat by the plausible Ultramax arbitrage opportunities. Nonetheless, decent types were still able to achieve midweek rates in the mid- $9,000’s, some up to $10,000 with Southeast Asia deliveries. Tonnage supply appeared to be building i"
2020-04-20,6762.0,https://www.drycargomag.com/dry-bulk-week-16,CANDIDATE," China C5’s usual flow proving resistant. Ending the week on a high, the C5 route added +0.232 to settle at $4.918. The Pacific round voyage route C10 opened the week at a premium to the Transatlantic C8. However, this was quickly surpassed, as the Atlantic Basin saw a lifting of cargo levels to available tonnage as several fixtures posted stronger returns. The Atlantic C8 stands at $10,075 to the Pacific C10 at $8,500. The Atlantic Basin was ignited predominantly on fronthaul C9 and ballaster routes back to the Far East. While fundamentals don’t appear drastically changed the push-pull between the Basins is now in motion, adding volatility and opportunity at above OPEX levels. The Capesize 5TC opened the shortened week at $6,762 to close out at $9,875. Panamax Easter holidays impacted the market last week, with only minor movements in the Baltic Panamax Index (BPI). Baltic mineral trades proved active, so too were South American fronthaul grains, particularly from North Coast South America (NCSA). Rates crept up a little from NCSA, with $13,350 plus $335,000 ballast bonus being paid for an 82,000dwt ship. Rates for Baltic round trips generally hovered around the $5,000 mark, but activity elsewhere was limited. In the Pacific, grain demand from the North Pacific started brightly. An 82,000dwt ship achieving $8,250 for a trip via the North Pacific, back to Singapore-Japan. However, generally demand in the region eased as the week went on, in turn weakening rates in the process. Some brief activity this week in the period market included a well described 82,000dwt ship agreeing to $10,850 for one year’s period. Supramax/Ultramax With the ongoing Covid-19 situation the market remained bleak, with a lack of fresh enquiry and tonnage readily available in most areas. Period activity was sparse, but a 60,000dwt ship, open Campha, was linked to about six to nine months trading a"
2020-04-27,10081.0,https://www.drycargomag.com/dry-bulk-week-17,CANDIDATE,"ng Newsletter Banner Advertising Online Lead-Generating Content Media kit DCi Media Pack Editorial Programme Advertising Rates News Latest News Dry Bulk Trade & Commodities Shipping & Transport Ports & Terminals Engineering & Equipment Breakbulk Regional Focus Events Subscribe Dry Bulk: Week 17 27 April 2020 Dry Bulk | Trade & Commodities | Shipping & Transport Capesize The tide turned this week for the Capesize market, as voyage rates registered dramatically falling fuel costs. This was led primarily by weakness in the energy market, as the global supply of oil continues to mount. US suppliers are finding storage levels are brimming, while being reluctant to turn off the taps. The Capesize 5TC peaked early in the week at $10,081, before gains were gradually eroded down to $8,381 by Friday. Fixture activity was relatively strong throughout the week, with a flurry of cargoes fixing out of Brazil to China across a wide range of dates. West Africa and Eastern Canada to China were also notable on fronthaul activity. The Brazil to China C3, while active, shed over $1.60 to settle down at $10.505. The Pacific had a reasonable flow of trade before petering out on Friday. The West Australia to China C5 settled Friday at $4.073, down -$0.84. Along with the oil, Brazilian iron ore forecasts for the 2020 year were revised down by Vale this week. Cashflow troubles were heard out of a Steel maker in India, as Covid-19 continues to wreak havoc on the world markets. Panamax The Panamax market had a real directional shift this week, with the Baltic Panamax Index (BPI) veering negative for the first time in over two weeks. East Coast South America grain activity, so often the market driver, has come under pressure this week, with a vast amount of ballasters from Asia compounding the issue. With varying rates being fixed, the mean rate averaging out was at around $8,750 for 82,000dwt, bas"
2020-06-08,7307.0,https://www.drycargomag.com/dry-bulk-week-23,CANDIDATE,"t Us About Us Contact Us Privacy Policy Publications Dry Cargo Magazine Dry Cargo Handling Directory Advertising Magazine Advertising Online Banner Advertising Newsletter Banner Advertising Online Lead-Generating Content Media kit DCi Media Pack Editorial Programme Advertising Rates News Latest News Dry Bulk Trade & Commodities Shipping & Transport Ports & Terminals Engineering & Equipment Breakbulk Regional Focus Events Subscribe Dry Bulk: Week 23 08 June 2020 Dry Bulk | Trade & Commodities | Shipping & Transport Capesize The small flicker of hope at the beginning of this week has kindled a small fire under the Capesize market. At a paltry $3369 from the beginning of the week, the Capesize 5TC has lifted to $7307 with momentum continuing to build. Led by strong iron ore demand, the fronthaul long ton mile business has heeded the call. The transatlantic business, in contrast, continues to severely lag other regions, giving a strong indication of the continuing weak industrial output owing to Covid-19. The transatlantic C8 closed the week up +875 to $4075 with some suggesting that level to be quite generous considering the serious lack of business. The Pacific basin – and in particular iron ore from Western Australia to China – had strong activity for the second half of this week catching some by surprise. The C5 West Australia to Qingdao opened the week at $4.123 to close at $5.473. Fuel price increase had its part to play this week, lifting voyage prices. But once momentum had built, rates quickly outpaced. Panamax A better week all round, with the timecharter average climbing $345 on the week to Thursday. This was driven predominantly by both the US Gulf, and EC South American fronthaul markets, with P2A gaining $759 on the week to Thursday, whilst the underlying voyage routes both posted gains of $1.06, and $0.76 respectively. In the latter stages of the week, Kamsarm"
2020-06-15,12410.0,https://www.drycargomag.com/dry-bulk-week-24,CANDIDATE,"ling Directory Advertising Magazine Advertising Online Banner Advertising Newsletter Banner Advertising Online Lead-Generating Content Media kit DCi Media Pack Editorial Programme Advertising Rates News Latest News Dry Bulk Trade & Commodities Shipping & Transport Ports & Terminals Engineering & Equipment Breakbulk Regional Focus Events Subscribe Dry Bulk: Week 24 15 June 2020 Dry Bulk | Trade & Commodities | Shipping & Transport Capesize The Capesize market made new highs for the year this week after strong iron ore demand to the far east continued to develop in the market. Earnings have lifted from sub operating cost levels under two weeks ago, to now having surged up to have the Capesize 5TC settling at $12,410. Long tonne mile cargoes coming from all regions of the Atlantic have looked to fill the void left in supply by sluggish Brazilian offerings. While Vale may have dialled down on output year to date, they were active in the market this week on Brazil to China activity. Voyage route C3 now sits at $14.91 and the Brazil to China timecharter C14 posts at $13,936. In the Pacific, all major iron ore charterers have been busy. Owners trading options have been increasingly plentiful for one of the first times this year so bid offer spreads have been widened, leading to some periods of inactivity and a wait for one side to blink. The West Australia to China C5 lifted from $5.473 on Monday to close out this week at $6.486. Panamax The Panamax market witnessed a substantial recovery this week, despite a lethargic week of activity in Asia and a complex market to call in the Atlantic – at least until midweek when the EC South America market exploded into action. Levels for Australian and NoPac round trips this week hovered around the mid $7,000’s mark for Kamsarmax tonnage, whilst Post panamax tonnage were commanding a small premium to this with active demand for the larger"
2020-06-29,29641.0,https://www.drycargomag.com/dry-bulk-week-26,CANDIDATE,"s About Us Contact Us Privacy Policy Publications Dry Cargo Magazine Dry Cargo Handling Directory Advertising Magazine Advertising Online Banner Advertising Newsletter Banner Advertising Online Lead-Generating Content Media kit DCi Media Pack Editorial Programme Advertising Rates News Latest News Dry Bulk Trade & Commodities Shipping & Transport Ports & Terminals Engineering & Equipment Breakbulk Regional Focus Events Subscribe Dry Bulk: Week 26 29 June 2020 Dry Bulk | Trade & Commodities | Shipping & Transport Capesize As the halfway mark of 2020 arrives, the capesize market is making new highs for the year. From persistent lows earlier caused by a barrage of negative factors, the capesize 5TC market has outperformed in spectacular fashion to now reside at $29641. Breaking for a pause early on in the week, the market renewed conviction mid-week to push higher on the back of the tight tonnage supply in the Atlantic. This is often the case after periods of prolonged weak fundamentals. Vessels are now being seen changing hands in healthy trading, while iron ore pricing continues to support cargoes coming to market. The Brazil to China C3 is now trading often north of $20 as Vale has been active throughout the week amongst other traders. News of a lessening of the east Australian quarantine measures is a heartening sign that some regions have been able to tackle their Covid-19 issues. The west Australia to China C5 lifted early in the week, before flattening off to now price at $9.723. Panamax Panamax activity appeared a lot more passive this week, which was largely attributed to charterers taking stock of their books. This, coupled with owners’ reluctance to reduce their offers, resulted in an inevitable standoff during the first half of the week. However, in the north Atlantic, solid demand for both trans-Atlantic and front haul trips saw rates continue to rise with $13,0"
2020-07-20,25085.0,https://www.drycargomag.com/dry-bulk-week-29,CANDIDATE,"nner Advertising Online Lead-Generating Content Media kit DCi Media Pack Editorial Programme Advertising Rates News Latest News Dry Bulk Trade & Commodities Shipping & Transport Ports & Terminals Engineering & Equipment Breakbulk Regional Focus Events Subscribe Dry Bulk: Week 29 20 July 2020 Dry Bulk | Trade & Commodities | Shipping & Transport Capesize The capesize market showed some resistance this week to recent losses as all routes saw a small uptick in value to end the week. With no particular improvement in fundamentals – and a relatively quiet fixing week – owners may have shown enough collective resilience to have turned the tide. A backwardated forward curve illustrating a capesize 5TC spot level from today of $25,085, down to Q4 at $17-18k, gives an indication of market confidence. This lack of confidence may be offset as the recent rally has been driven in part by positional tightness, which is sure to continue in this unique 2020 year. Minimal tonnage remains in the Atlantic making it prone to spiking. But a lack of West Africa cargo due to the rainy season is helping to relieve any pressure that may build. The Atlantic basin has widened its premium over the Pacific to a difference of +$9532. The West Australia to Qingdao C5 shed more than 80 cents to settle end of week at $8.132. The Brazil to China C3 encountered similar pressure dropping 79 cents to post at $18.295. Panamax A muted week in the panamax market with rates easing in all areas as the week progressed. A vast difference of opinion built up on where the true values sat and consequently the bid/offer spread widened with fixing volumes down on the week. In the Atlantic, with reduced activity out of EC South America and longer duration trans-Atlantic business lacking, the short Baltic and Kamsar round trips appeared popular with some to take cover. Rates for Baltic rounds at the beginning of the week"
2020-07-27,25085.0,https://www.drycargomag.com/dry-bulk-week-30,CANDIDATE,"Dry Bulk: Week 30 About Us About Us Contact Us Privacy Policy Publications Dry Cargo Magazine Dry Cargo Handling Directory Advertising Magazine Advertising Online Banner Advertising Newsletter Banner Advertising Online Lead-Generating Content Media kit DCi Media Pack Editorial Programme Advertising Rates News Latest News Dry Bulk Trade & Commodities Shipping & Transport Ports & Terminals Engineering & Equipment Breakbulk Regional Focus Events Subscribe Dry Bulk: Week 30 27 July 2020 Dry Bulk | Trade & Commodities | Shipping & Transport Capesize The capesize market had the stuffing knocked out of it this week as the 5TC dropped from $25,085 down to $17,285. Fixing activity was below average as charterers were able to achieve new lows with ease. Neither basin was spared from the carnage, as the dynamic of the Atlantic holding a significant premium over the Pacific remained. There is some discussion of new cargoes coming to the Atlantic market on both the fronthaul and transatlantic front. However, whether these cargoes can stem the bleed or will serve to provide visibility to further declines is yet to be seen. The Brazil to Far East C3 route shed a solid -$2.50 to settle the week at $15.795 while the west Australia to China C5 declined -$2.123 to draw a line under the week at $6.009. While not alarming, bunkers have been slowly creeping up this week and further eating into the owners' earnings. As the Pacific Basin C10 timecharter route heads quickly towards the sub $10,000 level, next week will be telling as to whether the worst is behind or in front with August almost upon us. Panamax The rates in the Atlantic came under severe pressure this week with weighty corrections across all areas of the basin. Demand ex US Gulf was reasonably healthy. But with easing markets elsewhere, the sheer number "
2020-09-21,15248.0,https://www.drycargomag.com/dry-bulk-week-38,CANDIDATE,"Dry Bulk: Week 38 About Us About Us Contact Us Privacy Policy Publications Dry Cargo Magazine Dry Cargo Handling Directory Advertising Magazine Advertising Online Banner Advertising Newsletter Banner Advertising Online Lead-Generating Content Media kit DCi Media Pack Editorial Programme Advertising Rates News Latest News Dry Bulk Trade & Commodities Shipping & Transport Ports & Terminals Engineering & Equipment Breakbulk Regional Focus Events Subscribe Dry Bulk: Week 38 21 September 2020 Dry Bulk | Trade & Commodities | Shipping & Transport Capesize It was all heavy swell for the Capesize market this week as rate levels swung with no clear direction. The Capesize 5TC opened the week at $15,248 to close at $15,761. The Pacific basin was seen to gain traction throughout the beginning of the week, supplying positive sentiment into other parts of the market before it fell away mid-week as charterers took the upper hand. It was a short-lived drop as the Pacific steadied itself by weeks end. West Australia to China C5 settled Friday at $7.082. The Brazil to China C3 fed off the early positive sentiment to be very active this week fixing tonnage for laycans throughout October. The route closed with a week on week increase of 69 cents to settle at $16.295. The North Atlantic was largely inactive before a stronger fixture was heard, which helped to lift spirits in the region. It still remains thinly traded and unconvincing. The market, now largely trading laycans for Q4, remains largely rudderless and susceptible to bursts of trading activity. Cargo levels out of Brazil are said to be healthy with solid projections for the remainder of the year and iron prices still well above the $100 level. Yet there still seems no clear path for the market to have a traditional Q4 rally - yet. Panamax It proved to be a flat week in the Panamax market with the Panama"
2020-10-05,30000.0,https://www.drycargomag.com/dry-bulk-week-40,CANDIDATE,"Dry Bulk: Week 40 About Us About Us Contact Us Privacy Policy Publications Dry Cargo Magazine Dry Cargo Handling Directory Advertising Magazine Advertising Online Banner Advertising Newsletter Banner Advertising Online Lead-Generating Content Media kit DCi Media Pack Editorial Programme Advertising Rates News Latest News Dry Bulk Trade & Commodities Shipping & Transport Ports & Terminals Engineering & Equipment Breakbulk Regional Focus Events Subscribe Dry Bulk: Week 40 05 October 2020 Dry Bulk | Trade & Commodities | Shipping & Transport Capesize Firm trading activity this week has pushed the Capesize 5TC up and over the $30000 level, reaching near new highs for the year. With the momentum and excitement in the market seen closing out the week there looks to be more to come. The Pacific basin, with China and Korea on public holidays, has been difficult to read with rates in flux. The Transpacific C10 has come under pressure from the other regions as it has begun to be increasingly discounted. With its solid lift today of +3909 to $28795 it still lags the China Brazil round voyage C14 at $29200 and the Transatlantic C8 at a whopping $40,050. With rates surging, it's no surprise owners have neglected the poor C16 backhaul. The route soared $5935 today to $14,050 as charterers struggle to tempt tonnage their way. By taking these backhaul trades at this time of the year owners run the risk of mistiming the market for their next leg. Time will tell. Panamax Overall a broadly flat week in the Panamax market, the BPI timecharter average losing $157 to end the week at $12355. Trading volumes in Asia were largely curtailed by mid-Autumn festival holidays in parts of the Far East and rates here eased as the week went on. In the Atlantic, trade from EC South America was sporadic and rates cor"
2020-10-12,29479.0,https://www.drycargomag.com/dry-bulk-week-41,CANDIDATE,"Dry Bulk: Week 41 About Us About Us Contact Us Privacy Policy Publications Dry Cargo Magazine Dry Cargo Handling Directory Advertising Magazine Advertising Online Banner Advertising Newsletter Banner Advertising Online Lead-Generating Content Media kit DCi Media Pack Editorial Programme Advertising Rates News Latest News Dry Bulk Trade & Commodities Shipping & Transport Ports & Terminals Engineering & Equipment Breakbulk Regional Focus Events Subscribe Dry Bulk: Week 41 12 October 2020 Dry Bulk | Trade & Commodities | Shipping & Transport Capesize The Capesize market reached new highs for the year this week, topping out at $34,896 on the 5TC. The quick ascension to these lofty heights has been met with an equivalent descent since Wednesday as the market shed value down to $29,479 by weeks end. Fixture activity has been sparse on the descent as charterers backed away and owners looked not to encourage further drops. The usual constant Pacific flow has ticked over, providing some firm insight into the market with the West Australia to China C5 route down Friday -0.496 to settle at $9.709. The recent large spread of the premium Transatlantic C8 over the Transpacific C10 opened the week at a whopping +$11,255 but has now contracted to +$5830. The Capesize market was short of typical participants this week as China took holidays. While China was back today, Korea took leave. With all the market back next week the fixture activity will surely increase providing more clarity on this Q4 market. Panamax The week evolved with the Panamax market gaining $56 on the week to return at $1439 The Atlantic market proved to be the biggest benefactor with the largest route movements as the north Continent tonnage count proved to be tight for most of the week and with solid demand of minerals and grains from the Baltic as well as US east"
2020-10-19,19952.0,https://www.drycargomag.com/dry-bulk-week-42,CANDIDATE,"Dry Bulk: Week 42 About Us About Us Contact Us Privacy Policy Publications Dry Cargo Magazine Dry Cargo Handling Directory Advertising Magazine Advertising Online Banner Advertising Newsletter Banner Advertising Online Lead-Generating Content Media kit DCi Media Pack Editorial Programme Advertising Rates News Latest News Dry Bulk Trade & Commodities Shipping & Transport Ports & Terminals Engineering & Equipment Breakbulk Regional Focus Events Subscribe Dry Bulk: Week 42 19 October 2020 Dry Bulk | Trade & Commodities | Shipping & Transport Capesize The Capesize market kept up a constant precipitous fall in values this week. Opening at $29,479, the Capesize 5TC has closed the week at $19,952, a drop of almost -30%. The Atlantic has been the most affected of the basins, yet this is likely because it had further to fall. As expected, activity was low throughout the declining week with owners able to bide their time to take large bites out of rates every time they fixed. The Brazil to China C3 declined at an increasing rate, as it lost -$3.592 to close the market down at $16.53 by weeks end. The Atlantic market was very low throughout the week and the negative sentiment of the wider market pushed the Transatlantic C8 down to $22,475. The Pacific Basin had little to stop the C5 drop. It settled the week at $7.668 breaking hopes of a quick rebound. While rates have lowered, earnings still remain in the respectable high teens level. The coming week will be telling on whether Q4 holds any further prospects or whether the market should start prepping itself for the coming Q1. Panamax Little sign of cheer this week as Panamax rates came under severe pressure. In particular throughout the Atlantic basin as the supply/demand plot turned in favour of the charterers, who for the most part were able to pick off tonnage at will as the count increased. "
2020-11-02,3199.0,https://www.drycargomag.com/dry-bulk-week-44,CANDIDATE,"t Us About Us Contact Us Privacy Policy Publications Dry Cargo Magazine Dry Cargo Handling Directory Advertising Magazine Advertising Online Banner Advertising Newsletter Banner Advertising Online Lead-Generating Content Media kit DCi Media Pack Editorial Programme Advertising Rates News Latest News Dry Bulk Trade & Commodities Shipping & Transport Ports & Terminals Engineering & Equipment Breakbulk Regional Focus Events Subscribe Dry Bulk: Week 44 02 November 2020 Dry Bulk | Trade & Commodities | Shipping & Transport Capesize The Capesize market was grasping for a bullish story this week as a possible mid-week rally fell flat. Following that, rates collapsed down to $15,550 on the Capesize 5TC, a drop of $3,199 for the week. Positive news of Vale’s increased production in the last quarter comes as little comfort to owners who this week saw the Brazil to China C3 index plummet $2.33 to close the week at $15.095. The fronthaul market continues to be lukewarm on activity with earnings now gravitating close to the $30,000 mark. In the Pacific the major miners have been active throughout the week as they now are focusing on mid-November laycans. The C5 West Australia to China route did take a battering late in the week and is now trading close to the low of its recent trading range from the past few months at $7.10. The close of the week was timid with little activity. Several small sparks of resistance by owners were heard which may place some support under this current level as thoughts of an imminent rally do not seem on the cards. Panamax The market in the Atlantic seems to have been driven by the need for tonnage to load in the Baltic for various destinations. With the shorter voyages commanding a premium, it gave a lift for the longer trans-Atlantic and front haul trips. There was good activity for US Gulf loading, but South America still lacked much fresh cargo, overa"
2020-11-09,14421.0,https://www.drycargomag.com/dry-bulk-week-45,CANDIDATE,"rgo Magazine Dry Cargo Handling Directory Advertising Magazine Advertising Online Banner Advertising Newsletter Banner Advertising Online Lead-Generating Content Media kit DCi Media Pack Editorial Programme Advertising Rates News Latest News Dry Bulk Trade & Commodities Shipping & Transport Ports & Terminals Engineering & Equipment Breakbulk Regional Focus Events Subscribe Dry Bulk: Week 45 09 November 2020 Dry Bulk | Trade & Commodities | Shipping & Transport Capesize The Capesize market continued to decline this week, albeit at a more gradual pace, as tonnage demand has become lacklustre to close out the year. The end of the week brought about a small uptick of +244 to settle the Capesize 5TC at $14,421, possibly placing a support level, although others would suggest it will allow for a breather before further declines. The market lifted at the end of the week as several cargo positions appeared to get caught on prompter dates, which commanded a premium in the market. The Brazil to China C3 sits at $14.16 and is currently trading split dates of end November, early December which is causing a wide spread of values. The Pacific market this week reached sub $7 levels with major Charterers easily picking off tonnage at new lows. The West Australia to China C5 posted the end of the week at $6.823, up five cents. Panamax Rates in the Panamax market this week slowly ebbed away, except for a couple of hot spots - the Baltic mineral stems and NoPac demand - which appeared well supported. An 82,000-dwt achieving approximately $15,000 midweek for a Baltic trip to East Med redelivery Passero, whilst same size tonnage delivery Continent agreed $13,500 for a Baltic redelivery Continent run. Limited activity arose from EC South America, but an LME agreed a rate of $12,800 +$280,000 delivery Aps basis redelivery Singapore-Japan with sugar. In Asia, the market was described as mainly N"
2020-11-30,12712.0,https://www.drycargomag.com/dry-bulk-week-48,CANDIDATE,"Dry Bulk: Week 48 About Us About Us Contact Us Privacy Policy Publications Dry Cargo Magazine Dry Cargo Handling Directory Advertising Magazine Advertising Online Banner Advertising Newsletter Banner Advertising Online Lead-Generating Content Media kit DCi Media Pack Editorial Programme Advertising Rates News Latest News Dry Bulk Trade & Commodities Shipping & Transport Ports & Terminals Engineering & Equipment Breakbulk Regional Focus Events Subscribe Dry Bulk: Week 48 30 November 2020 Dry Bulk | Trade & Commodities | Shipping & Transport Capesize The Capesize market this week continued its recent range bound sideways drift hitting a low of $11,996 Tuesday on the 5TC, before closing the week out at $12,712. While the Pacific had more of a muted week, the Atlantic basin stepped up its activity with numerous fixtures being heard out of Brazil and, to a lesser extent, the North Atlantic. Meanwhile, Brazil to China voyage rates were seen strengthened, gaining 39 cents to settle the week at $13.815. It is noted that bunker levels have lifted, thus providing underlying support. With the official Baltic loading window now starting to account for the beginning of January, the pressure is on to fix before the season comes to an end. However, some still see plenty of business yet to be done out of Brazil before any end is met. The Pacific Transatlantic C10 at $15,269 still maintains a solid premium over the Transatlantic C8 at $12,115. The North Atlantic was more active in patches this week but still remains unconvincing and absent of any solid cargo flows. The Pacific C5 voyage route closed the week at $7.118, which is quite reflective of the range bound levels seen on the 5TC. Panamax Whilst the North Atlantic - particularly the Baltic region - continued to squeeze rates up in the Atlantic, it was the Pacific leading the way with significant gains mad"
2020-12-07,12712.0,https://www.drycargomag.com/dry-bulk-week-49,CANDIDATE,"Dry Bulk: Week 49 About Us About Us Contact Us Privacy Policy Publications Dry Cargo Magazine Dry Cargo Handling Directory Advertising Magazine Advertising Online Banner Advertising Newsletter Banner Advertising Online Lead-Generating Content Media kit DCi Media Pack Editorial Programme Advertising Rates News Latest News Dry Bulk Trade & Commodities Shipping & Transport Ports & Terminals Engineering & Equipment Breakbulk Regional Focus Events Subscribe Dry Bulk: Week 49 07 December 2020 Dry Bulk | Trade & Commodities | Shipping & Transport Capesize The Capesize market continued its meandering behaviour this week as the 5TC opened at $12,712. It weakened throughout the week before reviving to close up Friday at $12,606. It was a varied market across the globe with some pockets of tightness having an overbearing effect on several routes. The West Australia to China C5 lifted 68 cents this week to $7.795, while the Brazil to China C3 saw rates under sustained pressure drop $1.45 down to $12.36. Re-scheduling of several vessels out of Ponta Da Madeira - due to an incident - was partly to blame for this decline. In the North Atlantic, prompt vessel tightness is causing firming of some rates. But overall, the basin remains in dire need of cargo. The Transatlantic C8, trading now at $12,725, lifted at weeks end but is firmly placed as the discounted basin with the Pacific C10 trading now at $16,638 with its more ample supply of cargo. With Q1 '21 only around the corner with its forward levels well below $10k level, the option of which basin to trade will largely favour the Pacific unless 2020 has another surprise up its sleeve. Panamax As we approached the holiday season, the North Atlantic Panamax market was described by a few as appearing like a two-tier market with premium rates paid for the quick Balti"
2021-01-11,2020.0,https://www.drycargomag.com/dry-bulk-week-1-2021,CANDIDATE," Bulk: Week 1 About Us About Us Contact Us Privacy Policy Publications Dry Cargo Magazine Dry Cargo Handling Directory Advertising Magazine Advertising Online Banner Advertising Newsletter Banner Advertising Online Lead-Generating Content Media kit DCi Media Pack Editorial Programme Advertising Rates News Latest News Dry Bulk Trade & Commodities Shipping & Transport Ports & Terminals Engineering & Equipment Breakbulk Regional Focus Events Subscribe Dry Bulk: Week 1 11 January 2021 Dry Bulk | Trade & Commodities | Shipping & Transport Capesize The market has surely surprised many this week after sparking into life and quickly surpassing levels seen in November and December 2020. The Capesize 5TC ended 2020 at $16,633 and now closes out its opening week of 2021 at a resounding $21,131. Activity heated up from the middle of the week before exploding higher on Friday off the back of a heated Brazilian market. While major charterer Vale was said to be absent, rates have climbed quickly on prompter requirements scrambling to cover. Brazil to China C3 settled at up $1.645 to $17.33 to end the week. The ballaster line-up is lean, but not overly so. Additional pressure is thought to have been exerted on the market by expectations for this year, manifesting in an elevated derivatives forward curve. In the Pacific, fixing activity was heard to be mild ending out the week, yet rates still surged with poor weather in China cited to be affecting vessel schedules. The West Australia to China C5 settled at the end of the week up $0.491 at $9.336. Panamax Historically, the first working week back after holidays tended to be a passive affair - but this week has completely bucked that trend. EC South America led the drive in the Atlantic with robust demand for first half February arrivals with talk of well in excess of 30 vessels fixed from the market in recent days and likely more. Health"
2021-01-18,26489.0,https://www.drycargomag.com/dry-bulk-week-2-2021,CANDIDATE,"t Us Contact Us Privacy Policy Publications Dry Cargo Magazine Dry Cargo Handling Directory Advertising Magazine Advertising Online Banner Advertising Newsletter Banner Advertising Online Lead-Generating Content Media kit DCi Media Pack Editorial Programme Advertising Rates News Latest News Dry Bulk Trade & Commodities Shipping & Transport Ports & Terminals Engineering & Equipment Breakbulk Regional Focus Events Subscribe Dry Bulk: Week 2 18 January 2021 Dry Bulk | Trade & Commodities | Shipping & Transport Capesize The Capesize market surged this past week to a three month high, as a stronger outlook for the market took hold. Opening the second full week of the year at $21,131 the Capesize 5TC peaked mid-week at $26,489, before closing down to end the week at $23,989. Charterers managed to take back a little influence dipping the index. But fixture activity was certainly weaker at weeks end. The Transpacific C10 settled the week at $21,667, with the West Australia to China C5 dropping -.522 on Friday to $8.814. For most of the week the C10 was more in line with the Transatlantic C8, which currently stands at $29,475. But it has now realigned closer to the Brazil to China C14 at $18,664. Not often is such a divide seen between the C10 and C14, which can in part be traced back to the velocity of the recent surge. Rates now appear to be calibrating themselves before the next move, whether up or down remains to be seen. It was heard in the market that Brazilian charterer Vale has had a fire at their Pier 4 South terminal at Ponta da Madeira causing scheduled vessels to be redirected. The severity of the fire and any damage is unknown at this stage. Panamax Following the frenetic start to the New Year so far, the Panamax market this week appeared somewhat in a state of flux. As FFA values tumbled, the physical sentiment in turn became cautious. And, despite overall fundament"
2021-02-01,15675.0,https://www.drycargomag.com/dry-bulk-week-4-2021,CANDIDATE,"Us Privacy Policy Publications Dry Cargo Magazine Dry Cargo Handling Directory Advertising Magazine Advertising Online Banner Advertising Newsletter Banner Advertising Online Lead-Generating Content Media kit DCi Media Pack Editorial Programme Advertising Rates News Latest News Dry Bulk Trade & Commodities Shipping & Transport Ports & Terminals Engineering & Equipment Breakbulk Regional Focus Events Subscribe Dry Bulk: Week 4 01 February 2021 Dry Bulk | Trade & Commodities | Shipping & Transport Capesize The Capesize routes endured a week of slippage on rates, bringing the market back down to levels seen at the beginning of the month. Dropping -8,956 over the course of the week the Capesize 5TC settled at $15,675. The Atlantic Basin routes were the big movers with the Transatlantic C8, in particular, coming under fire. It posted down to $23,250 as a lack of cargo took its toll. The Pacific Basin, with an abundance of cargo to go along with available vessels, allowed charterers to continually apply downward pressure with the West Australia to Qingdao C5 dropping -1.728 by weeks end to $6.145. While the market did post down on the last day of the week, there was scattered chatter that the market had bottomed in some regions as the ballaster routes lit up green amongst an otherwise sea of red. This time of the year is usually a seasonal low period for Capesize. However, the market continues to surprise as rates remain elevated. Some would say this bodes well for the remainder of the year. Panamax An interesting week in the Panamax market with widely differing opinions of the market in the Atlantic. Activity in Asia started slowly and diminished as the week went on with spot rates coming under pressure. A $13,250 figure was achieved early in the week for a NoPac round trip. However, these levels slowly eroded as both appetite and activity curtailed. News of ships waiting off"
2021-02-15,10304.0,https://www.drycargomag.com/dry-bulk-week-6-2021,CANDIDATE,"Dry Bulk: Week 6 About Us About Us Contact Us Privacy Policy Publications Dry Cargo Magazine Dry Cargo Handling Directory Advertising Magazine Advertising Online Banner Advertising Newsletter Banner Advertising Online Lead-Generating Content Media kit DCi Media Pack Editorial Programme Advertising Rates News Latest News Dry Bulk Trade & Commodities Shipping & Transport Ports & Terminals Engineering & Equipment Breakbulk Regional Focus Events Subscribe Dry Bulk: Week 6 15 February 2021 Dry Bulk | Trade & Commodities | Shipping & Transport Capesize The market was predictably quiet by the end of the week with many traders absent for the beginning of Chinese New Year. The Capesize 5TC registered a token drop of eight to settle at $10,304 as minimal trading was heard. It’s said to be a different story on the derivatives market where rumblings of an upturn in sentiment was heard from several sources. The smaller bulk vessel classes are running counter to the Capesize decline. So much so it was heard Panamax cargoes this week were being combined to be loaded on a Capesize. The market had a fairly constant downward slide in values over the past week and yet the trans-Atlantic C8, which ended at $15,010 still trades at a significant premium to the trans-Pacific at $6,227. This highlights the more precarious trading situation in the Atlantic as tonnage remains tight, yet fixtures continue to tick over. This is not the usual for the Capesize market at this time of the year, which might have some traders questioning their position for the coming months. The West Australia to China ore route C5 settled the week at $5.827 while the Brazil to China C3 closed the week at $14.906. Panamax It was an energetic week with EC South America claiming the headlines for the first half of the week due to increased demand from the grain houses for March arrivals. Index type tonnage fi"
2021-02-22,15856.0,https://www.drycargomag.com/dry-bulk-week-7-2021,CANDIDATE," Publications Dry Cargo Magazine Dry Cargo Handling Directory Advertising Magazine Advertising Online Banner Advertising Newsletter Banner Advertising Online Lead-Generating Content Media kit DCi Media Pack Editorial Programme Advertising Rates News Latest News Dry Bulk Trade & Commodities Shipping & Transport Ports & Terminals Engineering & Equipment Breakbulk Regional Focus Events Subscribe Dry Bulk: Week 7 22 February 2021 Dry Bulk | Trade & Commodities | Shipping & Transport Capesize As one of the more wild weeks in the first quarter for the Capesize comes to an end, the market feels more like it’s in reprieve mood contemplating what comes next. From last Friday at $10,304, the Capesize 5TC reached a high on Wednesday of $15,856 before retreating to close the week out at $14,224. The Australia and Brazil to China routes battled it out for tonnage throughout the week as Owners were swayed in both directions. The west Australia to China C5 opened the week at $5.82, peaked at $8.40 before closing Friday at $7.05. Throughout the week the paper market was heard to be very active and while the Cape market charged, it was definitely not alone as smaller bulk carrier sizes were treading a similar route. The Panamax sector was arguably the star of the show giving Capes somewhat of a leg up with the smaller cargoes combining for Capesize business - a rarity indeed. While the Capesize market has closed down a little for the end of the week, calm seas are unlikely with so much whipsawing in recent days combined with returning Chinese New Year traders. Panamax It was the most vigorous week since 82,000-dwt became the new Panamax benchmark vessel in January 2020, with activity on physical and derivatives. North Atlantic remained fairly firm with both P1A and P2A making significant rises in the first half of the week on the back of demand for Baltic cargoes and breaching INL. A Kam"
2021-03-01,14224.0,https://www.drycargomag.com/dry-bulk-week-8-2021,CANDIDATE,"Dry Bulk: Week 8 About Us About Us Contact Us Privacy Policy Publications Dry Cargo Magazine Dry Cargo Handling Directory Advertising Magazine Advertising Online Banner Advertising Newsletter Banner Advertising Online Lead-Generating Content Media kit DCi Media Pack Editorial Programme Advertising Rates News Latest News Dry Bulk Trade & Commodities Shipping & Transport Ports & Terminals Engineering & Equipment Breakbulk Regional Focus Events Subscribe Dry Bulk: Week 8 01 March 2021 Dry Bulk | Trade & Commodities | Shipping & Transport Capesize The market took on a mild downward slide during this week with the 5TC opening at $14,224 to close out at $11,934. The Pacific basin on its own showed a little more stability, remaining largely flat on the transpacific C10 and ending the week at exactly $11,500. The transatlantic C8 had a little less resilience as it dropped $2,550 to $15,025, which is albeit still a solid premium to the Pacific. Pockets of resistance are said to be building from Owners as the outlook remains firm and last week’s volatility remains in recent memory. The Brazil to China C3 route came under sustained pressure this week dropping $1.885 to $15.49 in the face of increasing bunker prices. The ballaster routes being fully restocked with tonnage are taking the pressure off the Pacific, yet any routes along the ballaster path have paid the cost. The earnings for the C3 on a standard Baltic 180,000-dwt vessel are currently in the $7,000-8,000/day range on a time charter equivalent basis. Owner optimism sees the demand for Capesize ramping up. But, as always, the timing of any future move is brought into question. With the hindsight of the last couple of weeks, the only unusual occurrence would likely be a flatline of where we are at today. Panamax For the first couple of days "
2021-03-08,14794.0,https://www.drycargomag.com/dry-bulk-week-9-2021,CANDIDATE,"bout Us Contact Us Privacy Policy Publications Dry Cargo Magazine Dry Cargo Handling Directory Advertising Magazine Advertising Online Banner Advertising Newsletter Banner Advertising Online Lead-Generating Content Media kit DCi Media Pack Editorial Programme Advertising Rates News Latest News Dry Bulk Trade & Commodities Shipping & Transport Ports & Terminals Engineering & Equipment Breakbulk Regional Focus Events Subscribe Dry Bulk: Week 9 08 March 2021 Dry Bulk | Trade & Commodities | Shipping & Transport Capesize The market has surged during the last couple of days of the week to trade in the upper region of its recent range. Gaining $920 on the last trading day of the week the Capesize 5TC settled at $14,794, which reflected the solid trading activity. The West Australia to China C5 gained a strong $0.609 to publish at $8.959, while the timecharter trans-Pacific C10 route lifted $2,200 to $18,992 giving the basin a $3,777 premium over the trans-Atlantic C8 route which published at $15,215. The north Atlantic remains relatively quiet yet steady with rates in the $15,000 level seemingly poised and awaiting market direction. The Brazil market was highly active all week and surprisingly lifted strongly in the face of a solid ballaster fleet. There was talk of possible trucking union strike in Brazil, but as yet no specific detail has emerged. The Capesize market recently seems unwilling to lie down and take its Q1 nap. No sooner does the Capesize market close in on the bottom $10,000 range on the 5TC, then the market sentiment turns sharply and violently. The Capesize rule book for Q1 currently seems better left in the bin. Panamax It was an eventful week with the market trend moving one way and then the other. The week began on a negative tone, sparked into life mid-week with an FFA drive only to flatten out somewhat as the week ended. In the Atlantic, it was a less th"
2021-03-15,14794.0,https://www.drycargomag.com/dry-bulk-week-10-2021,CANDIDATE,"Dry Bulk: Week 10 About Us About Us Contact Us Privacy Policy Publications Dry Cargo Magazine Dry Cargo Handling Directory Advertising Magazine Advertising Online Banner Advertising Newsletter Banner Advertising Online Lead-Generating Content Media kit DCi Media Pack Editorial Programme Advertising Rates News Latest News Dry Bulk Trade & Commodities Shipping & Transport Ports & Terminals Engineering & Equipment Breakbulk Regional Focus Events Subscribe Dry Bulk: Week 10 15 March 2021 Dry Bulk | Trade & Commodities | Shipping & Transport Capesize It was another rollercoaster week with high activity on the west Australia and Brazil to China routes. The Capesize 5TC opened the week at $14,794 to move quickly up to $17,889 at midweek before tailing off towards the weekend at $16,741. While the Transatlantic C8 was a calm seas story, the ballaster C14 and the trans-Pacific C10 routes drove rates hard and attracted tonnage for their region with values stalling out on Wednesday. On the ballaster route the tonnage levels remain substantial, with some suggestion of a lack of cargo for end March dates. In the Pacific, the West Australia to China C5 hit a high of $9.623 this week before coming off to settle at $9.155. With the commodity markets and the smaller vessel sizes still pushing up the Capesize sector is feeling supported. The values are ebbing and flowing with strength which is unusual for this time of the year. Capes are being heard taking unusual cargoes along several new routes as Owners, traders, and Charterers grapple with this exciting 2021 market they find themselves in. Panamax It has been an interesting week, where the Atlantic appeared to have a positional divide with the north Atlantic tonnage under pressure due to lack of demand. This resulted in fixtures on delivery at loadport basis seeming to be the norm for trans-Atlantic rou"
2021-03-22,2696.0,https://www.drycargomag.com/dry-bulk-week-11-2021,CANDIDATE,"Dry Bulk: Week 11 About Us About Us Contact Us Privacy Policy Publications Dry Cargo Magazine Dry Cargo Handling Directory Advertising Magazine Advertising Online Banner Advertising Newsletter Banner Advertising Online Lead-Generating Content Media kit DCi Media Pack Editorial Programme Advertising Rates News Latest News Dry Bulk Trade & Commodities Shipping & Transport Ports & Terminals Engineering & Equipment Breakbulk Regional Focus Events Subscribe Dry Bulk: Week 11 22 March 2021 Dry Bulk | Trade & Commodities | Shipping & Transport Capesize A steady build for the Capesize market saw the 5TC lift $2,696 to settle the week at $19,437. The trajectory of gains appeared more sustainable this week as pressure continued to build on charterers. Significant tail winds are thought to be coming from the smaller sizes as they have continued their charge upwards this week. Unusual fixtures continue to be heard in the market as charterers have looked to Capesize vessels for respite from their own usual vessel classes. The fixing activity was largely centred around the middle of the week with Friday rumours of it being a softer day. The Pacific West Australia to China C5 remained largely resilient to the wider market throughout the week, only lifting slightly from $9.155 to $9.327. The Brazil to China C3, however, saw fixtures across its loading window which was in strong contango. C3 rates rose $3.2 to close the week at $21.75. Dry bulk FFA’s continue to be heavily traded as this past week saw some record volumes being registered. Panamax A momentous week for the Panamax market, with sharp rises witnessed on all spot trading at rates not seen for many years. With the FFA market ably supporting a strong outlook, healthy levels were agreed for period on forward delivery positions as"
2021-03-29,19437.0,https://www.drycargomag.com/dry-bulk-week-12-2021,CANDIDATE,"Media kit DCi Media Pack Editorial Programme Advertising Rates News Latest News Dry Bulk Trade & Commodities Shipping & Transport Ports & Terminals Engineering & Equipment Breakbulk Regional Focus Events Subscribe Dry Bulk: Week 12 29 March 2021 Dry Bulk | Trade & Commodities | Shipping & Transport Capesize A more tempered week saw rates soften across all routes with low activity in both basins. Resilience and strong optimism still remains from Owners, yet the tailwinds from smaller classes turned to headwinds early in the week as market sentiment across shipping and commodities took a downward turn. The Capesize rates followed suit through until Thursday before posting a small up-tick. The 5TC opened the week at $19,437 to close out the week down $423 at $19,014. The Brazil to China C3 was slightly down $0.71 to $21.04 and the West Australia to China C5 was down $0.104 to $9.223. Both very modest drops with Owners showing no signs of panic. News out of Vales northern Brazil rail line had iron ore cargoes being impacted by a slip incident yet flow continues. Panamax The Panamax 5 time-charter average yielded a loss of $1,326 on the week to publish on closing at $25,447, which is a realistic reflection of the corrective week the Panamax market has experienced following last week’s dramatic rises. Rates in the Atlantic basin eased as demand faltered and pressure slowly built on the nearby position with fewer options for Owners to consider. The Asian market proved to be something of a two-tier market, the north supported with healthy grain demand ex NoPac with rates typically around $29/30,000 for 82,000-dwt agreed occasionally. Further south, pressure built in the southern positions with limited activity here. The resultant large spread between the bid and offer curtailed activity with nearby tonnage reducing rates in order to get fixed. Late in the week there were some mu"
2021-04-12,4058.0,https://www.drycargomag.com/dry-bulk-week-14-2021,CANDIDATE,"Dry Bulk: Week 14 About Us About Us Contact Us Privacy Policy Publications Dry Cargo Magazine Dry Cargo Handling Directory Advertising Magazine Advertising Online Banner Advertising Newsletter Banner Advertising Online Lead-Generating Content Media kit DCi Media Pack Editorial Programme Advertising Rates News Latest News Dry Bulk Trade & Commodities Shipping & Transport Ports & Terminals Engineering & Equipment Breakbulk Regional Focus Events Subscribe Dry Bulk: Week 14 12 April 2021 Dry Bulk | Trade & Commodities | Shipping & Transport Capesize The Capesize market continued this week with its constant and relatively steady improvement in rate values. The Capesize 5TC lifted 4,058 over the shortened post Easter holiday week to $23,911. While the Transpacific C10 remains the premium paying basin at $27,221, the Atlantic Basin C8 has closed the gap now rated to $19,850, albeit fixtures still remain few and far between in the region. The Fronthaul C9 and Backhaul C16 stood out this week as solid earning fixtures well into the mid $40k regions drove the C9 up to $44,000, while the C16 gathered pace late in the week closing in on $10k to settle at $7,885 with several believing it well undervalued. Out of Brazil, Vale was able to obtain $21 levels for tonnage on C3. But sources say the remaining bids have now all needed to lift - pushing the end of week closing to $22.475. Fixture activity remains strong on the Capesize sector and possibly building without the tailwinds of the smaller sizes. Panamax The Panamax market was described by some as floorless this week, with significant declines across the board and at the time of writing no sign of halting. Despite owners’ resistance, a burgeoning tonnage count building - especially for the nearby position - combined with a lack of demand and a plunging FFA market heaped pressure on rates. No routes escape"
2021-04-19,23911.0,https://www.drycargomag.com/dry-bulk-week-15,CANDIDATE,"Dry Bulk: Week 15 About Us About Us Contact Us Privacy Policy Publications Dry Cargo Magazine Dry Cargo Handling Directory Advertising Magazine Advertising Online Banner Advertising Newsletter Banner Advertising Online Lead-Generating Content Media kit DCi Media Pack Editorial Programme Advertising Rates News Latest News Dry Bulk Trade & Commodities Shipping & Transport Ports & Terminals Engineering & Equipment Breakbulk Regional Focus Events Subscribe Dry Bulk: Week 15 19 April 2021 Dry Bulk | Trade & Commodities | Shipping & Transport Capesize The market turned for all Capesize routes this past week as the BCI reached new highs for the year. The Capesize 5TC started the week at $23,911, surged early in the week before a lull mid-week. It closed out with a strong gain of 4,339 for the week to $28,250. Both basins had a solid contribution of fixtures this week. The liquid West Australia to China C5, which closed at $11.368, and the Brazil to China C3, which closed at $25.205, were both highly active in volatile trading sessions. Meanwhile the less frequently traded Backhaul C16 at $14,325 and Fronthaul C9 at $49,200 made significant moves at differing times throughout the week. Rate levels are now closing in on the highs from last year, albeit the build-up in values this time around appear not to be taking off like a spaceship but rather taking considered pauses for evaluation. The flow of fixtures appears strong and supported for the time being as we head into Singapore Maritime Week where the vessel class will surely be at the centre of many discussions. Panamax A topsy-turvy week for the Panamax market, with the first half starting out in a very bearish trend only for it to rebound mid-week as the market bulls returned with some suggesting the market had possibly over corrected with fundamentals not really changing. Assisted by a rej"
2021-04-26,6242.0,https://www.drycargomag.com/dry-bulk-week-16-2021,CANDIDATE,"Dry Bulk: Week 16 About Us About Us Contact Us Privacy Policy Publications Dry Cargo Magazine Dry Cargo Handling Directory Advertising Magazine Advertising Online Banner Advertising Newsletter Banner Advertising Online Lead-Generating Content Media kit DCi Media Pack Editorial Programme Advertising Rates News Latest News Dry Bulk Trade & Commodities Shipping & Transport Ports & Terminals Engineering & Equipment Breakbulk Regional Focus Events Subscribe Dry Bulk: Week 16 26 April 2021 Dry Bulk | Trade & Commodities | Shipping & Transport Capesize The Capesize market this week reached rate levels equivalent of last year’s highs. The 5TC rose $6,242 to settle at the end of the week at $34,762. The Transatlantic C8 roared to life throughout the week and is now the premium paying basin up $12,675 to $37,450. The fronthaul C9 has surpassed last year’s peak as Charterers have found little respite from owners in the usual lightly tonnaged region. The more surprising move comes from the Backhaul C16 as owners are demanding premiums for their vessels to perform the longer durations on coal from East Australia to the Continent. The route settled the week at $19,200 with several sources claiming there’s more to come. While higher headline levels are regularly being heard, the usual major charterers on the C5 and C3 routes look to be able to command solid discounts for their cargoes. However, their fixtures are having a diminishing return on affecting the wider market. Countering their influence, Owners appear emboldened with the wind in their sails as all routes appear busy with iron ore prices flying and Australian coal looking for a home further afield than the usual China destination. Panamax Another contrasting week, this time starting out in a bullish fashion, only for rates to ease as Charterers retracted as an FFA s"
2021-05-04,40608.0,https://www.drycargomag.com/dry-bulk-week-17-2021,CANDIDATE,"Dry Bulk: Week 17 About Us About Us Contact Us Privacy Policy Publications Dry Cargo Magazine Dry Cargo Handling Directory Advertising Magazine Advertising Online Banner Advertising Newsletter Banner Advertising Online Lead-Generating Content Media kit DCi Media Pack Editorial Programme Advertising Rates News Latest News Dry Bulk Trade & Commodities Shipping & Transport Ports & Terminals Engineering & Equipment Breakbulk Regional Focus Events Subscribe Dry Bulk: Week 17 04 May 2021 Dry Bulk | Trade & Commodities | Shipping & Transport Capesize The market is showing no signs of easing as rates continued to ascend this week reaching record highs for the 5TC average at $40,608. To be reminded of when these levels were last reached, the Capesize market traded under the 4TC routes and it was late Q3 2013. This week a stronger lift was realised from the trans Pacific C10 moving up $7,988 to $40,692, while the trans Atlantic C8 remains the premium-paying basin gaining $5,150 to $42,600. With relatively static bunker prices this week, it appears these gains are purely coming from the demand for shipping. Underpinning the demand was iron ore prices continuing to climb, now at a lofty $192 pmt as steel demand remains strong. Out of West Australia on the C5 route to Qingdao freight is now priced at $13.241, which is up $1.691. A shorter week due to UK May bank holiday on Monday, as well as Golden Week holidays in several Asia countries may dampen some market activity. However, it may be unlikely to have any lasting effect on this supported Capesize rally. Panamax A lethargic start to the week in the Atlantic as the Panamax market saw little in way of trans-Atlantic enquiry, the north appeared mainly fronthaul centric with strong grain and mineral demand from NC South America and US Gulf. Some APS load port trans-Atlantic fixtures reported Mon"
2021-05-10,40608.0,https://www.drycargomag.com/dry-bulk-week-18-2021,CANDIDATE,"Dry Bulk: Week 18 About Us About Us Contact Us Privacy Policy Publications Dry Cargo Magazine Dry Cargo Handling Directory Advertising Magazine Advertising Online Banner Advertising Newsletter Banner Advertising Online Lead-Generating Content Media kit DCi Media Pack Editorial Programme Advertising Rates News Latest News Dry Bulk Trade & Commodities Shipping & Transport Ports & Terminals Engineering & Equipment Breakbulk Regional Focus Events Subscribe Dry Bulk: Week 18 10 May 2021 Dry Bulk | Trade & Commodities | Shipping & Transport Capesize The Capesize market has been trading strongly at lofty levels this past week. The 5TC opened the week at $40,608, peaked at $44,817 mid-week before finally retracing to take a breather at $41,514. The market has been hiking higher since the beginning of April to reach levels not seen in the past decade. While the draw back late in the week was significant, the market remains poised and primed for further healthy trading levels. As usual, the Pacific basin was the busier region for vessels with strong cargo flow coming from the major charterers. With iron ore prices touching $200 pmt yesterday, the cost of shipping a 170,000mt 10% cargo on the West Australia to Qingdao C5 route closed the week at $14.427. Further west in the Atlantic Basin, cargo volumes are heard to be sparse. However, the Transatlantic C8 still commands a solid $41,325 as the vessel to cargo ratio remains precarious and prone to imbalances. The Capesize market has finally taken a break from its stellar run, reminiscent of older times. There are surely more twists and turns in this wild ride to be seen. But as other markets continue to push higher, there may be a good case to say the upward trajectory may soon return. Panamax The Panamax market remained fundamentally firm all week, this is despite "
2021-05-17,6972.0,https://www.drycargomag.com/dry-bulk-week-19,CANDIDATE,"Dry Bulk: Week 19 About Us About Us Contact Us Privacy Policy Publications Dry Cargo Magazine Dry Cargo Handling Directory Advertising Magazine Advertising Online Banner Advertising Newsletter Banner Advertising Online Lead-Generating Content Media kit DCi Media Pack Editorial Programme Advertising Rates News Latest News Dry Bulk Trade & Commodities Shipping & Transport Ports & Terminals Engineering & Equipment Breakbulk Regional Focus Events Subscribe Dry Bulk: Week 19 17 May 2021 Dry Bulk | Trade & Commodities | Shipping & Transport Capesize As the week progressed it became clear that the Capesize market wasn’t having a small retracement but was in for a more significant downturn as the 5TC dropped $6,972 week-on-week to settle at $34,542. While Friday’s sharp selloff in the Pacific on the back of West Australia to China C5 fixtures gave clear market visibility, the remainder of the market was operating on low physical activity as dark clouds from the paper market ensured sentiment was poor across the board. The C5 had a small lift on Monday but lowered -2.254 week-on-week to post at $12.173 by Friday. Out from Brazil to China, the C3 followed a similar early uptick to begin the week but quickly started to decline as charterers’ bids melted away with the declining forward curve to settle the week at $26.89. The North Atlantic could only watch the decline as activity in the region seemed virtually non-existent this week. How the market reacts next week will surely dictate whether this is a flash crash, possible buying dip, or something more severe. The Cape size major cargo, iron ore, has been on a tear this week reaching the $220-230 pmt levels which may help to underpin owners’ optimism for strong demand for their vessels in the weeks ahead. Panamax It proved to be a negative week overall for the Panamaxes with rates easing across the board, any potential momentum e"
2021-06-07,4681.0,https://www.drycargomag.com/dry-bulk-week-22-2021,CANDIDATE,"Dry Bulk: Week 22 About Us About Us Contact Us Privacy Policy Publications Dry Cargo Magazine Dry Cargo Handling Directory Advertising Magazine Advertising Online Banner Advertising Newsletter Banner Advertising Online Lead-Generating Content Media kit DCi Media Pack Editorial Programme Advertising Rates News Latest News Dry Bulk Trade & Commodities Shipping & Transport Ports & Terminals Engineering & Equipment Breakbulk Regional Focus Events Subscribe Dry Bulk: Week 22 07 June 2021 Dry Bulk | Trade & Commodities | Shipping & Transport Capesize The Capesize market found little to support levels this week as a steady slide in rates saw the 5TC drop $4,681 over the week to settle at $20,933. The market was at a similar level only back in late March / early April where the 5TC found some support at the 17-20k range. Similar to previous weeks, activity appeared lacklustre while it was heard that tonnage levels had built up on several prompter positions, which combined with a general lack of cargoes to cause the weakness. In the West at the end of the week the Transatlantic C8 dropped a further $1,090 to $16,875. However, it was heard that more cargo was thought to be coming to the market. The fronthaul C9 at $37,365 was rumoured to have had some higher paying fixtures over the past couple of days giving some hope on the horizon for owners. In the Pacific the Transpacific C10 at $23,333 is still easily the best paying region. But in the race down, the spread to other regions is beginning to narrow. Laycans for West Australia to China are dated at the end of June so the market is now pushing into the second half of the year. With stellar returns for owners in recent months the expectations may be high for the second half of the year as Covid-19 remains prevalent and other dry shipping sectors buoyant. Panamax Despite the dow"
2021-06-14,20933.0,https://www.drycargomag.com/dry-bulk-week-23-2021,CANDIDATE,"Dry Bulk: Week 23 About Us About Us Contact Us Privacy Policy Publications Dry Cargo Magazine Dry Cargo Handling Directory Advertising Magazine Advertising Online Banner Advertising Newsletter Banner Advertising Online Lead-Generating Content Media kit DCi Media Pack Editorial Programme Advertising Rates News Latest News Dry Bulk Trade & Commodities Shipping & Transport Ports & Terminals Engineering & Equipment Breakbulk Regional Focus Events Subscribe Dry Bulk: Week 23 14 June 2021 Dry Bulk | Trade & Commodities | Shipping & Transport Capesize The Capesize market leapt up in the latter part of the week, erasing most of the losses since the closing week of May. The Capesize 5TC opened the week with a relatively paltry $20,933, took some moderate losses early in the week to $19,845 before rebounding strongly to close out the week at $27,752. The paper market was abuzz mid-week as FFA volumes spiked with the market sensing a turn around. The North Atlantic, which has struggled for activity in the past month, saw a rise in fronthaul cargo that fixed at significant premiums to the index. The C9 Fronthaul route rose $11,385 to close at $48,750. Out of Brazil to the Far East on the C3 route the beginning of the week saw split month loading dates and distressed vessels being taken advantage of earlier on. By midweek the focus was on first-half July loading where bid offers were seen to surge up wildly. While the Pacific tried to maintain some stability early on, the rises in western routes had owners in the east stiffening their backs and lifting offers. Period interest is heard to be very strong in the market as traders clamour for vessels. The second half of 2021 looks set to challenge the first half. Panamax The Panamax market erupted into life midweek with rates improving as a strong push from both South and North America led the drive. A fervent FFA market"
2021-07-05,34299.0,https://www.drycargomag.com/dry-bulk-week-26-2021,CANDIDATE,"l Programme Advertising Rates News Latest News Dry Bulk Trade & Commodities Shipping & Transport Ports & Terminals Engineering & Equipment Breakbulk Regional Focus Events Subscribe Dry Bulk: Week 26 05 July 2021 Dry Bulk | Trade & Commodities | Shipping & Transport Capesize There was a turning of the tide this week as rates initially rallied robustly before negative sentiment settled in to see rates plummet from midweek. The Pacific basin, and in particular the WC Australia/China (C5) market, was the early driver with rates pushing up on minimal fixing activity. The remainder of the market was also quiet at this time but was content to rally on the positive sentiment generated. The Capesize 5TC reached $34,299 on Tuesday before closing the week out at $29,106. As the sentiment changed, activity rose slightly with owners scrambling for cargoes. The C5 market lost $0.895 over the week to end at $11.055. The Atlantic Basin fared little better this week as the north Atlantic remains quiet with talk of several Capesize vessels being fixed for Panamax cargoes. Out of Brazil, Charterer bids were in constant reduction as the Brazil to China (C3) fell $1.885 over the week to close out at $25.81. Friday was a largely an inactive day after the eventful week as parties come to terms with the new levels. Panamax The BPI average returned its highest value since May 2010 as the imbalance of supply versus demand in the Atlantic impacted rates across most origins. Along with a vigorous looking north Atlantic market, Black sea grain exports kicked into gear and with it came sourcing of tonnage from far-flung deliveries, as far out as China, with the tonnage count for Skaw-Mediterranean positions dwindling. This only added traction on rates on most positions despite it being a lacklustre Asian market. Reports of an 82,000-dwt delivery Singapore agreeing $38,000 for a trip via Black sea red"
2021-07-19,2430.0,https://www.drycargomag.com/dry-bulk-week-28-2021,CANDIDATE,"Dry Bulk: Week 28 About Us About Us Contact Us Privacy Policy Publications Dry Cargo Magazine Dry Cargo Handling Directory Advertising Magazine Advertising Online Banner Advertising Newsletter Banner Advertising Online Lead-Generating Content Media kit DCi Media Pack Editorial Programme Advertising Rates News Latest News Dry Bulk Trade & Commodities Shipping & Transport Ports & Terminals Engineering & Equipment Breakbulk Regional Focus Events Subscribe Dry Bulk: Week 28 19 July 2021 Dry Bulk | Trade & Commodities | Shipping & Transport Capesize The Capesize market endured a week of eroding value across all regions as the 5TC lowered $2,430 week on week to settle at $28,572. While the Pacific’s West Australia to Qingdao C5 route closed out Friday up 25 cents to $10.841, appetite from major charterers in the spot market on this route have appeared tepid of late. Activity to the east of Australia for coal cargoes to Northern Asia remains strong while those coal cargoes destined for Europe, admittedly not so frequent, have been required to pay up for the longer duration backhaul route. Brazil this week was heard to have come under sustained pressure as major charterer Vale was heard early on in the week taking numerous vessels as value had ebbed away. Brazil to China C3 lowered $1.89 over the week to settle at $24.985. Further north in the Atlantic activity has been sparse. The Transatlantic C8 remains the premium earning region at $32,188 but those levels seem unattainable for the tonnage located there while a solid influx of cargo in the coming week will be required to keep it from slipping away. Panamax A week of declines for the Panamax market in all basins as the gains seen in recent weeks began to erode. In the Atlantic Basin there were one or two bright spots namely the grains run ex North France t"
2021-07-26,32469.0,https://www.drycargomag.com/dry-bulk-week-29-2021,CANDIDATE,"Dry Bulk: Week 29 About Us About Us Contact Us Privacy Policy Publications Dry Cargo Magazine Dry Cargo Handling Directory Advertising Magazine Advertising Online Banner Advertising Newsletter Banner Advertising Online Lead-Generating Content Media kit DCi Media Pack Editorial Programme Advertising Rates News Latest News Dry Bulk Trade & Commodities Shipping & Transport Ports & Terminals Engineering & Equipment Breakbulk Regional Focus Events Subscribe Dry Bulk: Week 29 26 July 2021 Dry Bulk | Trade & Commodities | Shipping & Transport Capesize The market drifted sideways lacking a strong directional lead most of the week, with gains towards the end the 5TC average settling at $32,469 to close the week, up almost $4,000. Looking closer at the regional feel the Transpacific C10 fortunes were on the rise this week lifting over $11,300 to $38,763, while the Transatlantic C8 struggled to maintain what it had, dropping over $1,300 to close at $30,850. The ballaster Brazil to China C14 strengthened well this week by almost $5,000 yet still commands a lower value to the other two routes, although it is almost parity with the T/A C8. The market throughout the week had periods of inactivity as owners appeared to have drawn a line in the sand and were unwilling to lower further. This led to charterers seemingly having to chase the offers which in usual Capesize fashion immediately started to back away faster. The west Australia to Qingdao C5 rose over $2.50 week on week to end at $13.377. The Capesize pricing remained range bound this week, yet sentiment was improving towards weeks end. Fresh cargoes into the North Atlantic is likely needed for any substantial push which does not appear to be arriving, especially with the European holiday season in affect. Panamax A contrasting week for the Panamaxes with the Asian basin proving to be broadly "
2021-08-02,3244.0,https://www.drycargomag.com/dry-bulk-week-30-2021,CANDIDATE,"Dry Bulk: Week 30 About Us About Us Contact Us Privacy Policy Publications Dry Cargo Magazine Dry Cargo Handling Directory Advertising Magazine Advertising Online Banner Advertising Newsletter Banner Advertising Online Lead-Generating Content Media kit DCi Media Pack Editorial Programme Advertising Rates News Latest News Dry Bulk Trade & Commodities Shipping & Transport Ports & Terminals Engineering & Equipment Breakbulk Regional Focus Events Subscribe Dry Bulk: Week 30 02 August 2021 Dry Bulk | Trade & Commodities | Shipping & Transport Capesize The Capesize market strengthened this week as Pacific routes were affected by weather incidents pushing the 5TC up $3,244 week on week to settle at $35,713. China endured typhoon In-Fa throughout the week as it closed ports and disrupted tonnage flows along the eastern seaboard. The Transpacific C10 added a whopping $4,238 on Friday alone to close out the week at $45,413 as the effects translated through to the charter rates. The Backhaul C16 also turned up the heat on Friday, rising $4,460 to $11,895 as stronger fixtures had been heard in the latter part of the week. Owners reluctant to lock in for the discounted route now demand more for their vessel’s valuable time. The other Capesize routes couldn’t help but be influenced by the changing sentiment yet were less volatile in their movements. The Atlantic basin continues to suffer from a lack of cargo, yet the market seems eager for the region to spark into life. At $31,690 the Transatlantic C8 is a far cry from the Pacific levels. Moving into the new week, effects from the typhoon are expected to lessen as order begins to be restored. Whether that lowers market volatility remains to be seen. Panamax A tepid week for the Panamaxes with limited activity, resulting in softer rates overall as weaker sentiment kicked in. The Atlantic witnessed"
2021-08-09,36150.0,https://www.drycargomag.com/dry-bulk-week-31-2021,CANDIDATE,"Dry Bulk: Week 31 About Us About Us Contact Us Privacy Policy Publications Dry Cargo Magazine Dry Cargo Handling Directory Advertising Magazine Advertising Online Banner Advertising Newsletter Banner Advertising Online Lead-Generating Content Media kit DCi Media Pack Editorial Programme Advertising Rates News Latest News Dry Bulk Trade & Commodities Shipping & Transport Ports & Terminals Engineering & Equipment Breakbulk Regional Focus Events Subscribe Dry Bulk: Week 31 09 August 2021 Dry Bulk | Trade & Commodities | Shipping & Transport Capesize The Capesize market broke out of its recent range this week as the 5TC peaked on Thursday before easing Friday slightly down at $36,150. The Pacific routes strengthened throughout the week but softened abruptly on Friday for the Transpacific C10 to be down 485 week on week to $44,928. The Brazil to China C14 was the main mover settling at $34,990 on Friday, still a significant discount to the Pacific. The North Atlantic region continues to be the laggard as vessel and cargo counts remain perilously low. Panamax We have seen more activity this week in the build up to holidays in Singapore and Japan with both owners and charterers looking to find cover. The Black Sea grain season is fully underway and charterers have been busy sourcing tonnage from Asia. A 76,000-dwt was rumoured to have been placed on subjects basis delivery passing Singapore 10-11 August via the Black Sea redelivery Singapore-Japan at $31,000. Also a 82,0000-dwt was rumoured to have been fixed basis sailing Singapore with prompt dates for a trip via East Coast South America with redelivery Singapore-Japan range at $33,500. An 83,000-dwt open Rotterdam 12-16 August was rumoured to have been fixed for a trip via the Baltic with redelivery India at $55,000. In Asia an 82,000-dwt was fix"
2021-08-16,4766.0,https://www.drycargomag.com/dry-bulk-week-32-2021,CANDIDATE,"Dry Bulk: Week 32 About Us About Us Contact Us Privacy Policy Publications Dry Cargo Magazine Dry Cargo Handling Directory Advertising Magazine Advertising Online Banner Advertising Newsletter Banner Advertising Online Lead-Generating Content Media kit DCi Media Pack Editorial Programme Advertising Rates News Latest News Dry Bulk Trade & Commodities Shipping & Transport Ports & Terminals Engineering & Equipment Breakbulk Regional Focus Events Subscribe Dry Bulk: Week 32 16 August 2021 Dry Bulk | Trade & Commodities | Shipping & Transport Capesize The week had a quiet start due to Singapore’s National Day on Monday (9 August). By the end of the week both 5TC and BCI reached a new high since mid-May, at 4,766 and $39,526 respectively. The Atlantic appeared to be more active towards the weekend with C3 Brazil to China run jumping from $30,195 at one point to $32,025 on Friday. An early September stem from Tubarao to Qingdao was fixed at $32,500 and a second half September stem from Sudeste to Qingdao was fixed at $33,000. Brazilian activity also added support to C9 rate to record $58,250 on a standard Baltic type from the Continent back to the Far East. On the Pacific side, C5 west Australia to Qingdao went below $14,000 in mid of the week but climbed back to $14,677, whilst the related time charter route was marked at $45,513 by close of the week. Panamax A positive week in general with gains in both the Atlantic and Asian basins. A 82,000-dwt open in Kosichang being fixed basis Delivery DOP via East Coast south America to Singapore-Japan range for an intended cargo of grains at $34,000. On the Continent a 83,000-dwt was rumored to have been fixed for a Baltic to China cargo at around $50,000. In Asia, we see a firm market due to congestion and lack of tonnage, where a 85,000-dwt open China was fixed for a trip via Australia to China w"
2021-08-31,6162.0,https://www.drycargomag.com/dry-bulk-week-34-2021,CANDIDATE,"Dry Bulk: Week 34 About Us About Us Contact Us Privacy Policy Publications Dry Cargo Magazine Dry Cargo Handling Directory Advertising Magazine Advertising Online Banner Advertising Newsletter Banner Advertising Online Lead-Generating Content Media kit DCi Media Pack Editorial Programme Advertising Rates News Latest News Dry Bulk Trade & Commodities Shipping & Transport Ports & Terminals Engineering & Equipment Breakbulk Regional Focus Events Subscribe Dry Bulk: Week 34 31 August 2021 Dry Bulk | Trade & Commodities | Shipping & Transport Capesize Both the overall index and 5 time charter (5TC) average climbed back to positive territory at the end of the week after a mid-week decline. BCI closed the week at 6162, which is slightly higher than the Monday opening at 6114. The 5TC recorded an improvement of $986 to $51,099 on Friday. The key indicator, C5 west Australia to China run, slipped under $15 whilst the related transpacific round voyage was now at $47,592 for a 35 to 45 days trip. C3 Tubarao to Qingdao run recorded $35.77 on voyage basis whilst the related China-Brazil round trip reflected the voyage level at $47,060. During the week, there were rumours of a Capesize vessel being primed to transport containers. The implications could be big for the Capesize and Container markets, if it can be concluded, from both short and long-term perspectives. Panamax The Panamax market continued its upward trajectory this week, mostly driven by a Pacific market with a pick-up in demand from all the load origins. Noticeably too was the impact that congestion in China was having for tonnage availability, along with early signs of activity emerging from the US Gulf for October arrival dates and beyond. The Atlantic - and in particularly the North Atlantic - remained under pressur"
2021-09-06,4452.0,https://www.drycargomag.com/dry-bulk-week-35-2021,CANDIDATE,"Dry Bulk: Week 35 About Us About Us Contact Us Privacy Policy Publications Dry Cargo Magazine Dry Cargo Handling Directory Advertising Magazine Advertising Online Banner Advertising Newsletter Banner Advertising Online Lead-Generating Content Media kit DCi Media Pack Editorial Programme Advertising Rates News Latest News Dry Bulk Trade & Commodities Shipping & Transport Ports & Terminals Engineering & Equipment Breakbulk Regional Focus Events Subscribe Dry Bulk: Week 35 06 September 2021 Dry Bulk | Trade & Commodities | Shipping & Transport Capesize The Capesize market crested over the past week as the 5TC retracted $4452 since last Friday to close out at $46,647. The north Atlantic basin, largely inactive over the past several months, has surged since mid-August settling today at $52,099 on the Transatlantic C8 and $79,600 on the Fronthaul C9. The fronthaul route has been particularly volatile with large swings between days for tonnage taking cargo back to the far east. Further south the Brazilian market to China eased throughout the week, now largely on par with value for tonnage in the Pacific basin. The voyage route Brazil to China C3 reduced 2.605 to close at $33.165. In the Pacific the market was active with numerous coal and iron ore perspectives, yet the West Australia to China C5 lowered 1.282 to $13.668 as ample tonnage options were heard in the region. While the Capesize market retraced its steps slightly this week earnings overall remain robust and healthy for owners as we sail into the traditional high earning season for the sector. Panamax The Panamax market saw substantial corrections this week, particularly in the Atlantic as pressure was applied all week with a basic lack of demand especially for the Transatlantic trades. Conversely, Asia witnessed strong cargo volu"
2021-09-27,53240.0,https://www.drycargomag.com/dry-bulk-week-38-2021,CANDIDATE,"Dry Bulk: Week 38 About Us About Us Contact Us Privacy Policy Publications Dry Cargo Magazine Dry Cargo Handling Directory Advertising Magazine Advertising Online Banner Advertising Newsletter Banner Advertising Online Lead-Generating Content Media kit DCi Media Pack Editorial Programme Advertising Rates News Latest News Dry Bulk Trade & Commodities Shipping & Transport Ports & Terminals Engineering & Equipment Breakbulk Regional Focus Events Subscribe Dry Bulk: Week 38 27 September 2021 Dry Bulk | Trade & Commodities | Shipping & Transport Capesize The Capesize market continued its assertive rally this past week reaching new highs in dramatic fashion. The Capesize 5TC opened the week at $53,240 and never looked like taking a backward step as it closed out the week a staggering $8,069 up settling Friday at $61,309. The main driving force for the market came from the Pacific, as West Australian charterers were caught early on in the week dealing with a slim selection of choices and troubled vessel schedules resulting from the previous week’s weather in eastern China. The West Australia to China C5 leapt up $3,759 at the beginning of the week to $20,145 before regressing on Friday to $19,082. Meanwhile, the Transpacific C10 closed the week out at a hefty $67,000, off the previous day’s high of $70,742. Heading west into the Atlantic it’s heard that owners are on the hunt for fronthaul cargoes to the detriment of Transatlantic business as we are firmly into Q4 Atlantic strategy. Transatlantic C8 are now prices at $69,215, while the Fronthaul C9 commands a $81,775 price tag allowing owners to cash in on their premium position for the price of repositioning to the Pacific. Panamax Not quite as sensational as the Cape market and despite varying holidays throughout the week the Panamax market returned to positive territory. Stable fundamentals pitched "
2021-10-11,86953.0,https://www.drycargomag.com/dry-bulk-week-40-2021,CANDIDATE,"Dry Bulk - Week 40 About Us About Us Contact Us Privacy Policy Publications Dry Cargo Magazine Dry Cargo Handling Directory Advertising Magazine Advertising Online Banner Advertising Newsletter Banner Advertising Online Lead-Generating Content Media kit DCi Media Pack Editorial Programme Advertising Rates News Latest News Dry Bulk Trade & Commodities Shipping & Transport Ports & Terminals Engineering & Equipment Breakbulk Regional Focus Events Subscribe Dry Bulk - Week 40 11 October 2021 Dry Bulk | Trade & Commodities | Shipping & Transport Capesize The Capesize market continued its bull rally this week as we move into the tail-end quarter of the year. The Capesize 5TC managed a high of $86,953 on Thursday before closing out the week on a softer note at $83,865. Throughout the earlier part of the week the Pacific basin rose in tandem with the Atlantic on strong sentiment. But was seen to soften as the week ended leaving the Atlantic paying a significant premium. The Transatlantic C8 closed at $95,550 to the Transpacific C10 at $77,692. The Backhaul C16 lifted a shocking +16,175 over the week to close at $62,650. In this prime earning period owners are reluctant to lock in precious time performing positioning cargoes. The opportunity cost of forgoing higher paying fixtures is forcing charterers to make substantial lifts to their bids. The Fronthaul C9, on the higher end of the value spectrum, is reaching well into the six digit levels now as the route closes the week at $118,950. The Capesize market remains well supported and very active. While the market softened slightly towards the end of the week, there appears little sign that the fireworks are coming to an end. Panamax Further pressure in the Atlantic this week with the nearby position feeling the squeeze the most. There were some heavily discounted rates agreed - especially for quick trips"
2021-11-01,15398.0,https://www.drycargomag.com/dry-bulk-week-43-2021,CANDIDATE,"Dry Bulk: Week 43 About Us About Us Contact Us Privacy Policy Publications Dry Cargo Magazine Dry Cargo Handling Directory Advertising Magazine Advertising Online Banner Advertising Newsletter Banner Advertising Online Lead-Generating Content Media kit DCi Media Pack Editorial Programme Advertising Rates News Latest News Dry Bulk Trade & Commodities Shipping & Transport Ports & Terminals Engineering & Equipment Breakbulk Regional Focus Events Subscribe Dry Bulk: Week 43 01 November 2021 Dry Bulk | Trade & Commodities | Shipping & Transport Capesize The Capesize market was in dire straits this week as tonnage levels were heard to be building while many areas had minimal activity as the 5TC dropped -15,398 to $36,065 week on week. The Pacific Basin was under pressure earlier on in the week but did find a floor mid-week, albeit at a significant discount to the Atlantic Basin. The Transpacific C10 ended the week on an upbeat at $32,979, while the Transatlantic C8 struggled the whole week to find a footing coming off -4300 on Friday alone to settle at $41,600. The large disparity between the Pacific and Atlantic oceans made for difficulties throughout the week in pricing the minimal Atlantic business available, which was compounded when combined with the strong backwardation in the paper markets for the remainder of Q4. Trade from Brazil to China lowered severely throughout the week with the ballaster timecharter route C14 dropping to $28,195. While rates have now halved from their highs in early October, levels are still thought to be robust and we are only part way through the Q4 high season. Panamax The week has seen a large drop in rates across all of the routes, which was not helped by a lack of activity in the first half. With new lows, however, there has been an increase in cargo quoted – enough to sustain the present levels at least for now. There has been some "
2021-11-08,8866.0,https://www.drycargomag.com/dry-bulk-week-44-2021,CANDIDATE,"Dry Bulk: Week 44 About Us About Us Contact Us Privacy Policy Publications Dry Cargo Magazine Dry Cargo Handling Directory Advertising Magazine Advertising Online Banner Advertising Newsletter Banner Advertising Online Lead-Generating Content Media kit DCi Media Pack Editorial Programme Advertising Rates News Latest News Dry Bulk Trade & Commodities Shipping & Transport Ports & Terminals Engineering & Equipment Breakbulk Regional Focus Events Subscribe Dry Bulk: Week 44 08 November 2021 Dry Bulk | Trade & Commodities | Shipping & Transport Capesize The Capesize market has endured another difficult period of sliding rates as the 5TC sustained losses week-on-week of -8866 to close out at $27,199. On the brighter side, after a month of descent, the Capesize market sentiment closed on a positive note for the week as a firmer footing appeared to form around several routes. Sustainable or not, it will be welcomed by some as a breather. While physical markets weren’t overly busy this week, especially with a public holiday muting Thursday, the same cannot be said of the paper markets as solid fixture volumes were recorded as traders managed positions. The earning spread between basins closed slightly this week as the Transpacific C10 now at $23,987 compares to the Transatlantic at 32,610. However, the Atlantic sentiment has had a not insignificant bump up to close the week. The West Australia to China C5 dipped overall throughout the week yet closed up +0.309 for the weekend at $10.85. The Brazil to China C3 continued its slide throughout the week closing at $24.66. With a little more of Q4 remaining, there is time for more fireworks - although time is running out. Panamax Some described the Panamax market as a bloodbath this week with all values seeing massive corrections. The Aussie/Nopac round trips were now trad"
2021-11-22,2905.0,https://www.drycargomag.com/dry-bulk-week-46-2021,CANDIDATE,"Dry Bulk: Week 46 About Us About Us Contact Us Privacy Policy Publications Dry Cargo Magazine Dry Cargo Handling Directory Advertising Magazine Advertising Online Banner Advertising Newsletter Banner Advertising Online Lead-Generating Content Media kit DCi Media Pack Editorial Programme Advertising Rates News Latest News Dry Bulk Trade & Commodities Shipping & Transport Ports & Terminals Engineering & Equipment Breakbulk Regional Focus Events Subscribe Dry Bulk: Week 46 22 November 2021 Dry Bulk | Trade & Commodities | Shipping & Transport Capesize The Capesize market closed out a generally underwhelming week with positive sentiment and an uptick in the final days with the 5TC lifting +2905 to settle at $29,938. Rates are down week on week and the routes appear to now be oscillating in a trading range. Fundamentals are said to have improved at the later end of the week, but whether they have enough impetus to break above the current upper range is uncertain. In the Atlantic region the Transatlantic C8 now resides at $33,500 to the Transpacific C10 at 31,562. The China-Brazil Ballaster C14 route, meanwhile, continues to lag at $24,582. Iron ore trades out of Brazil to Asia are now fixing quite often for second-half December loading dates as we begin to close out the Q4 season. With iron ore prices plummeting to sub $100 per mt levels, questions are being posed as to the implications for shipping. While a lot of cargo is moved outside of spot markets on longer-term contracts, waning hunger from buyers may begin to take a toll in the coming months - yet Capesize are always anything but clear to forecast. Panamax A week which saw substantial losses in the Panamax market, retracting back to values not seen since April of this year. Resistance from Owners was scarce as tonnage far outweighed demand, resulting in Charterers driving down the bids - especially i"
2021-12-13,1344.0,https://www.drycargomag.com/dry-bulk-week-49-2021,CANDIDATE,"Dry Bulk: Week 49 About Us About Us Contact Us Privacy Policy Publications Dry Cargo Magazine Dry Cargo Handling Directory Advertising Magazine Advertising Online Banner Advertising Newsletter Banner Advertising Online Lead-Generating Content Media kit DCi Media Pack Editorial Programme Advertising Rates News Latest News Dry Bulk Trade & Commodities Shipping & Transport Ports & Terminals Engineering & Equipment Breakbulk Regional Focus Events Subscribe Dry Bulk: Week 49 13 December 2021 Dry Bulk | Trade & Commodities | Shipping & Transport Capesize The Capesize market peaked mid-week from its recent rally as the 5TC marked down -$1344 on the last day of the week to settle at $40,035. A tonnage tightness in several positions, particularly in the north Atlantic, led to gains early on in the week. However, sustained downward pressure from the Pacific and Ballaster routes took its toll as the week progressed. The West Australia to China C5 closed out at $13.732. And while the route suffered substantial losses to end the week, there is said to be tightness on loading position in the nearby dates. The Transpacific C10 now rates $39,308, while the China Brazil China ballaster route C14 now rates at $27,268 to the Transatlantic C8 at a stronger $52,750. The Brazil to China C3 heading into next week will largely be focusing on loading dates in the new year. This will likely coincide with a slowdown coming into the Christmas holiday period, as various traders look to risk travel protocols to navigate perilous Covid rules in heading home for some long overdue family time. Panamax The week began on a bright note for the Panamax segment with a positive and firmer looking market carried over from previous. However, this proved to be very short lived with both basins easing. The support had ebbed away with "
2022-01-10,2022.0,https://www.drycargomag.com/dry-bulk-week-1-2022,CANDIDATE,"tact Us Privacy Policy Publications Dry Cargo Magazine Dry Cargo Handling Directory Advertising Magazine Advertising Online Banner Advertising Newsletter Banner Advertising Online Lead-Generating Content Media kit DCi Media Pack Editorial Programme Advertising Rates News Latest News Dry Bulk Trade & Commodities Shipping & Transport Ports & Terminals Engineering & Equipment Breakbulk Regional Focus Events Subscribe Dry Bulk: Week 1 10 January 2022 Dry Bulk | Trade & Commodities | Shipping & Transport Capesize The Capesize Baltic index returned from year-end holidays this week and immediately saw activity coming from the usual West Australia iron ore flow. Closing out 2021 at $19,176 the Cape 5TC ended its first week in 2022 at $20,167. Initial movement in the market at the beginning of the week appeared positive as physical rates lifted slightly, yet paper markets took the opposite view, leading the 5TC to sink midweek before lifting again for the end of week. The majority of the weeks trade activity came from the West Australia region to China as the C5 route settled up +.459 Friday to close at $9.632. Fixtures out of Brazil and the North Atlantic was more muted, as to be expected this time of the year. While activity was low the tightness of vessels in the region was heard to be high as several vessels were having schedule delays leaving the area primed for rate spikes. The Brazil to China C3 settled for the week at $21.965 while the Transatlantic C8 priced at $24,000 - a small premium over the Transpacific C10 at $18,104. The Capesize paper is showing a small backwardation into February before lifting in March through to the end of the year as optimism for the year holds. Panamax Following an uncharacteristic buoyant festive period, the Panamax market commenced the year in true bullish mode - principally due to a fervent EC South America market. This was ably assisted "
2022-01-17,7760.0,https://www.drycargomag.com/dry-bulk-week-2-2022,CANDIDATE,"Dry Bulk: Week 2 About Us About Us Contact Us Privacy Policy Publications Dry Cargo Magazine Dry Cargo Handling Directory Advertising Magazine Advertising Online Banner Advertising Newsletter Banner Advertising Online Lead-Generating Content Media kit DCi Media Pack Editorial Programme Advertising Rates News Latest News Dry Bulk Trade & Commodities Shipping & Transport Ports & Terminals Engineering & Equipment Breakbulk Regional Focus Events Subscribe Dry Bulk: Week 2 17 January 2022 Dry Bulk | Trade & Commodities | Shipping & Transport Capesize The Capesize market endured a somewhat traditional post-holiday Q1 drop as the 5TC descended -7760 over the week to settle at $12,407. Trading activity was relatively quiet over the week as news from Brazil reported high rainfall affecting mining operations of iron ore flow. The Brazil to China C3 was expectedly softer as the route settle down to $19.175. The Backhaul C16 route from North China to Europe was one of the harder hit routes over the week seeing the route turn negative by Thursday to settle Friday at -$5275, a negative rating implying the voyage rate received by owners for cargo isn’t enough to cover vessel expenses of the trip. The Pacific managed to maintain a more stable flow of cargo out of West Australia. But even from this region markets cargoes were underwhelming. The West Australia to Qingdao C5 closed the week at $7.014. Looking at the earnings comparison between the busier Transpacific C10 which closed down at $6242 to the Transatlantic C8 at $19,300, possibly reflecting the tighter tonnage situation in the Atlantic that may spark the region with any solid cargo inflow. Panamax The decline in the Panamax market showed no signs of abating this week with further substantial corrections in both basins. In the Atlantic, a distinct lack of miner"
2022-01-24,7390.0,https://www.drycargomag.com/dry-bulk-week-3-2022,CANDIDATE,"k 3 About Us About Us Contact Us Privacy Policy Publications Dry Cargo Magazine Dry Cargo Handling Directory Advertising Magazine Advertising Online Banner Advertising Newsletter Banner Advertising Online Lead-Generating Content Media kit DCi Media Pack Editorial Programme Advertising Rates News Latest News Dry Bulk Trade & Commodities Shipping & Transport Ports & Terminals Engineering & Equipment Breakbulk Regional Focus Events Subscribe Dry Bulk: Week 3 24 January 2022 Dry Bulk | Trade & Commodities | Shipping & Transport Capesize There was little support to be found for the Capesize market over the last week as dwindling rates and rising bunker prices slashed earnings for owners with the 5TC Weighted Average dropping to $7,390. The Pacific had little further left to drop as the transpacific C10 was priced at sub operating expense levels of $4,200. The Atlantic basin has fared slightly better, yet very few fixtures were heard. The Transatlantic C8 lowered - $8,100 over the week to settle at $11,200. Fronthaul business was more difficult to place over the week as shorter duration variants were seen to lower their values quicker, while longer haul trips proved more resistant to the negative sentiment. The negative sentiment ultimately proved too much for the C9 route and by the end of the week closed at $27,950, down -$7,825. The high price of fuel bunkers is coming at an inopportune time as they now take a large portion of voyage rate value having a detrimental effect on voyage rates. Both the West Australia to Qingdao C5 at $6.786 and the Brazil to China C3 at $17.28 came under heavy pressure. Panamax It was a further week in the doldrums for the Panamax market, as thin cargo volumes versus a long tonnage count continued to negatively impact the market. A distinct lack of mineral requirements in the North Atlantic only hindered matters. A 81,000-dwt settling for $18,50"
2022-01-31,7390.0,https://www.drycargomag.com/dry-bulk-week-4-2022,CANDIDATE,"Dry Bulk: Week 4 About Us About Us Contact Us Privacy Policy Publications Dry Cargo Magazine Dry Cargo Handling Directory Advertising Magazine Advertising Online Banner Advertising Newsletter Banner Advertising Online Lead-Generating Content Media kit DCi Media Pack Editorial Programme Advertising Rates News Latest News Dry Bulk Trade & Commodities Shipping & Transport Ports & Terminals Engineering & Equipment Breakbulk Regional Focus Events Subscribe Dry Bulk: Week 4 31 January 2022 Dry Bulk | Trade & Commodities | Shipping & Transport Capesize The Capesize market looked to have found a bottom by week’s close as rates descended throughout before bouncing back a little at the end. The 5TC weighted average opened the week at $7,390, descended to a low of $5,826 before settling at week’s end to $8,918. Both the Transpacific C10 and Brazil China C14 ballaster route priced below the index during the week both showed upticks to close at $6,963 and $8,023 respectively. The Transatlantic C8 continues to command a premium over the other regions yet was largely left unaffected over the week as the route closed at $11,325, up +125 compared to end of last week. West Australian miners were mildly active with fixtures over the last few days but were largely in the driving seat pushing down prices and providing meagre returns to owners as the C5 closed at $7.523. With the rates finding a floor, there is mixed views on whether there is any drive to lift rates from the doldrums. However, as Chinese New Year is about to begin many in the market will go quiet during this time so odds are stacked against any revival. Panamax It proved to be another week of further considerable losses for the Panamax market, retracting back to values witnessed in Q2 2021. With countless ballasting and spot tonnage unfixed, resistance from owners was scarce as tonnage far outweighed demand. This result"
2022-02-07,10302.0,https://www.drycargomag.com/dry-bulk-week-5-2022,CANDIDATE,"Dry Bulk: Week 5 About Us About Us Contact Us Privacy Policy Publications Dry Cargo Magazine Dry Cargo Handling Directory Advertising Magazine Advertising Online Banner Advertising Newsletter Banner Advertising Online Lead-Generating Content Media kit DCi Media Pack Editorial Programme Advertising Rates News Latest News Dry Bulk Trade & Commodities Shipping & Transport Ports & Terminals Engineering & Equipment Breakbulk Regional Focus Events Subscribe Dry Bulk: Week 5 07 February 2022 Dry Bulk | Trade & Commodities | Shipping & Transport Capesize The Capesize market traded sideways this week as the 5TC closed at $10,302, an improvement of +1384 over the week. Lunar New Year holidays ensured the market was more subdued with holidays across Asia. Fixture activity looked to increase towards the end of the week. However, this was mainly based around the usual trade routes of West Australia to China C5, which closed at $7.164, and Brazil to China C3 which settled at $20.26. For the low earnings inherent in the voyage rates, they are relatively highly priced. This is due to the increased influence that bunker fuels are having on the market. Energy demand globally is seeing owners pay substantially more to fuel their vessels as Low Sulphur Bunker Fuel prices now well over $700 per mt. With all traders due back from holidays next week many will be looking for winds to drive the Capesize market out of its current doldrums. Panamax January came and went in a blink it seems. A month for many to perhaps forget, with the BPI 5 timecharter average yielding a $9,411 correction month-on-month. This week, blighted by Lunar holidays, continued the theme. The Atlantic witnessed minimal demand seeing a further decline in rates, although sentiment and general feel improved Thursday/Friday. However, "
2022-02-14,5095.0,https://www.drycargomag.com/dry-bulk-report-week-6-2022,CANDIDATE,"Dry Cargo Magazine Dry Cargo Handling Directory Advertising Magazine Advertising Online Banner Advertising Newsletter Banner Advertising Online Lead-Generating Content Media kit DCi Media Pack Editorial Programme Advertising Rates News Latest News Dry Bulk Trade & Commodities Shipping & Transport Ports & Terminals Engineering & Equipment Breakbulk Regional Focus Events Subscribe Dry Bulk Report - Week 6 / 2022 14 February 2022 Dry Bulk | Trade & Commodities | Shipping & Transport Capesize There was positive sentiment throughout the dry freight sector this past week, including Capesize, as traders returned from Lunar New Year holidays. Activity was clearly seen to be elevated as the Capesize 5TC rose +5095 over the week to close on a mild Friday at $15,397. All regions in the market were affected. However, the Transpacific C10 was coming from a lower level and saw the most gains to now be priced at $11,092. The Transatlantic C8 and the ballaster C14 closed at $18,875 and $14,982 respectively. On the voyage basis the West Australia to China C5 closed at $8.559, while the Brazil to China C3 at $23.485 - significant lifts for both routes. The softer day to close the week is thought to be a case of too much too soon, with the market overly excitable to see a repeat of last year’s bull run. In classic Capesize style the sector looks to have stalled out. Yet to the relief of many owners, rates are back well into the five digit levels. With smaller sizes supporting with their higher earnings levels, the Capesize market remains in good stead to consolidate its recent gains. Panamax The Panamax market came to life this week with the return from Asian holidays. The Atlantic quintessentially was driven by the Americas with a healthy demand not seen in some time, adding a much-needed impetus to most markets and improving sentiments. An 82,000-dwt basis delivery Continent achieving $3"
2022-02-21,1888.0,https://www.drycargomag.com/dry-bulk-week-7-2022,CANDIDATE,"out Us About Us Contact Us Privacy Policy Publications Dry Cargo Magazine Dry Cargo Handling Directory Advertising Magazine Advertising Online Banner Advertising Newsletter Banner Advertising Online Lead-Generating Content Media kit DCi Media Pack Editorial Programme Advertising Rates News Latest News Dry Bulk Trade & Commodities Shipping & Transport Ports & Terminals Engineering & Equipment Breakbulk Regional Focus Events Subscribe Dry Bulk Report: Week 7 / 2022 21 February 2022 Dry Bulk | Trade & Commodities | Shipping & Transport Capesize The Capesize market struggled to hold its value last week as rates ebbed away across all routes. Closing Friday some reprieve was found as the Capesize 5TC closed on a positive up note +1888 to settle at $13,888. The Pacific region which experienced stronger swings compared to the other regions saw the Transpacific C10 change +1546 week on week concluding at $9,125. In the Atlantic rates were seen to dip midweek, yet pushed up strongly on Friday as several stronger fronthaul fixtures were reported although some of these for breaching ice prone regions. The Fronthaul C9 was seen closing up +5600 to $37,350. The Brazil to China C3 market was relatively quiet as it also softened throughout the week. Yet it was also swept up in the positive end of week sentiment as it closed +0.685 to settle at $21.605. On a time charter basis the Brazil to China C14 now prices at $10,973. Moving into next week on a positive note means the market can likely regain some lost ground in the first few days, but whether it has the legs to move on further remains to be seen. Panamax Brokers spoke of a two tier market this week in both basins depending on vessels open dates with later tonnage commanding a small premium at present. In East Coast South America there has been more visible activity today with a 83,000-dwt fixed basis delivery retro sailing Singapor"
2022-02-28,18181.0,https://www.drycargomag.com/dry-bulk-report-week-8-2022,CANDIDATE,"ions Dry Cargo Magazine Dry Cargo Handling Directory Advertising Magazine Advertising Online Banner Advertising Newsletter Banner Advertising Online Lead-Generating Content Media kit DCi Media Pack Editorial Programme Advertising Rates News Latest News Dry Bulk Trade & Commodities Shipping & Transport Ports & Terminals Engineering & Equipment Breakbulk Regional Focus Events Subscribe Dry Bulk Report: Week 8 / 2022 28 February 2022 Dry Bulk | Trade & Commodities | Shipping & Transport Capesize The Capesize market did get off to a positive start this week as rates were building strongly off improved sentiment. But as events in Europe took hold, the market abruptly changed course. The Capesize 5TC reached a high of $18,181 Wednesday before shedding -4155 by weeks end to close at $14,026. Increased fuel prices are eating into voyage rate earnings while routes like the West Australia to China C5 closed the last day of the week down -1.505 to $8.80. On the ballaster Brazil to China C3 route, rates were also seen to soften to $21.695 by close of week. The Transpacific C10, where the bulk of Capesize tonnage resides currently, came under heavy pressure settling down -6088 to $11,154. This is contrast to the Transatlantic C8 which saw only a slight easing down -1125 to $16,325. The Capesize market - along with other shipping sectors - now find themselves in the unenviable situation of being cut off from several trade routes due to war risk as vessels are now being halted, turned around and send sailing in the opposite direction. Panamax The Panamax market began the week on a firm footing in both basins. The Atlantic saw a thinning tonnage list pitted against both a strong mineral demand in the North, alongside healthy grain demand ex NC South America and EC South America. This culminated in stronger numbers fixed. An 84,000-dwt delivery Italy achieving $21,000 for a transatlantic"
2022-03-14,8635.0,https://www.drycargomag.com/dry-bulk-week-10-2022,CANDIDATE,"Dry Bulk: Week 10 / 2022 About Us About Us Contact Us Privacy Policy Publications Dry Cargo Magazine Dry Cargo Handling Directory Advertising Magazine Advertising Online Banner Advertising Newsletter Banner Advertising Online Lead-Generating Content Media kit DCi Media Pack Editorial Programme Advertising Rates News Latest News Dry Bulk Trade & Commodities Shipping & Transport Ports & Terminals Engineering & Equipment Breakbulk Regional Focus Events Subscribe Dry Bulk: Week 10 / 2022 14 March 2022 Dry Bulk | Trade & Commodities | Shipping & Transport Capesize The Capesize market appeared to get caught up in the wider market rallies this week as geopolitical tensions run high, with the 5TC lifting $8635 over the week to settle at $22,195. Tailwinds surely helped push the market higher but plenty of physical activity supported the rising rates. Fresh demand in Europe for alternative energy sources other than gas was answered by coal suppliers. Sources from as far afield as Eastern Australia sprang into life. The backhaul index C16 rose from $425 per day to $14,550 an increase of $14125 in five days! The Atlantic basin was not left out of the action with a mix of coal and iron ore cargos that had owners raising their rates. The transatlantic C8 rose $8625 week on week to $23,050. The transpacific round voyage, C10, closed the week $19,633 up $6,625. Bunkers continue to play havoc with voyage rates and are now responsible for a larger share of operating costs. The market remains very active and prone to surges of volatility while being very much linked to political activity amongst a rapidly changing market landscape. Panamax A thriving Panamax market overall and a fervent FFA market lent support to period and numerous deals were concluded. An 81,000-dwt delivery India agreeing $31,750 for one year’s trading. The market in Asia got a head of steam midweek but this ease"
2022-03-28,5956.0,https://www.drycargomag.com/dry-bulk-week-122022,CANDIDATE,"Dry Bulk: Week 12/2022 About Us About Us Contact Us Privacy Policy Publications Dry Cargo Magazine Dry Cargo Handling Directory Advertising Magazine Advertising Online Banner Advertising Newsletter Banner Advertising Online Lead-Generating Content Media kit DCi Media Pack Editorial Programme Advertising Rates News Latest News Dry Bulk Trade & Commodities Shipping & Transport Ports & Terminals Engineering & Equipment Breakbulk Regional Focus Events Subscribe Dry Bulk: Week 12/2022 28 March 2022 Dry Bulk | Trade & Commodities | Shipping & Transport Capesize The Capesize market had to contend with volatile bunker concerns once again as the 5TC lost $5956 week on week to close at $15,648. It was also a tough few days for Atlantic owners. The basin plunged a little over 40% in value, with the transatlantic C8 settling at $11,897 on Friday as ample tonnage outweighed the dearth of cargo in the region. The Pacific basin, following relatively healthy activity, saw timecharter rates put up more resistance. However, the transpacific C10 still lost approximately 20% of value under sustained pressure to settle at $19,400. Voyage rates all slid slightly throughout the week, but as the bunker values made another strong rebound a dampening effect was felt on absolute freight rates. The West Australia to China C5 lowered 0.595 over the week to $11.641. Meanwhile, the Brazil to China C3 dipped 1.79 to $26.35. The situation in the Atlantic has seen smaller Panamax stems lifted by Capesize vessels as the spread between the two sectors has widened considerably with smaller vessels well in demand. Panamax An emphatic transatlantic market for Panamax vessels this week saw rates climb dramatically. Asia was more moderate in comparison, with slower growth limited to pockets of resistance on certain trades. The Atlantic saw healthy demand fr"
2022-04-04,13596.0,https://www.drycargomag.com/dry-bulk-week-13-2022,CANDIDATE,"Dry Bulk: Week 13 / 2022 About Us About Us Contact Us Privacy Policy Publications Dry Cargo Magazine Dry Cargo Handling Directory Advertising Magazine Advertising Online Banner Advertising Newsletter Banner Advertising Online Lead-Generating Content Media kit DCi Media Pack Editorial Programme Advertising Rates News Latest News Dry Bulk Trade & Commodities Shipping & Transport Ports & Terminals Engineering & Equipment Breakbulk Regional Focus Events Subscribe Dry Bulk: Week 13 / 2022 04 April 2022 Dry Bulk | Trade & Commodities | Shipping & Transport Capesize The Capesize market fared little better this week to begin with. However, by Friday green shoots were beginning to emerge as the 5TC saw a low of $13,596 yet closed at $15,460. The Atlantic basin remains the Achilles heel of the market with poor levels of cargoes to tonnage available as the transatlantic C8 settled weeks end at $12,200. The transpacific C10 put up slightly more resistance, although activity in the region was largely underwhelming as the route closed at $16,275. Fuel prices continue to play a large role in the value of voyage rates with traders needing to keep a close eye on movements. In a rare occurrence, Rotterdam and Singapore bunker prices were seen to switch premium and discount positions. This is possibly very telling of the energy concerns in Europe. Voyage rates for West Australia to China C5 closed at $10.641, while the Brazil to Tubarao C3 closed at $26.20. With smaller sizes still commanding a substantial premium to the Capesize sector, larger vessels are still heard to be considering the smaller cargo stems to keep activity ticking over. Panamax An underwhelming return for the Panamax market this week with all routes under pressure. A distinct lack of demand in the North Atlantic aided a drift in rates. Further south there returned limited support for the longer grain transatlantic "
2022-04-25,15299.0,https://www.drycargomag.com/dry-bulk-week-16-2022,CANDIDATE,"Dry Bulk: Week 16 / 2022 About Us About Us Contact Us Privacy Policy Publications Dry Cargo Magazine Dry Cargo Handling Directory Advertising Magazine Advertising Online Banner Advertising Newsletter Banner Advertising Online Lead-Generating Content Media kit DCi Media Pack Editorial Programme Advertising Rates News Latest News Dry Bulk Trade & Commodities Shipping & Transport Ports & Terminals Engineering & Equipment Breakbulk Regional Focus Events Subscribe Dry Bulk: Week 16 / 2022 25 April 2022 Dry Bulk | Trade & Commodities | Shipping & Transport Capesize After several weeks of relatively flat price movement, the Capesize 5TC market has started to show a little positive sentiment with levels pushed to $15,299. Fixture activity on the whole has not been very eventful, yet the Pacific C5 West Australia to Qingdao route was up +0.773 today to $10.741 and has steadily improved over the week. Meanwhile, the cargo to vessel ratio in the Atlantic is said to have tightened - especially for prompt positions. The transatlantic C8 has risen +2250 week on week, to settle now at $11,625. Further south in the Atlantic from Brazil, the voyage route C3 Brazil to China currently prices at $26.04 as activity is ticking over although is largely underwhelming. The Capesize market is definitely improving in sentiment, which is a welcome sight for many. However, with the dark shadow of the lockdown situation in Shanghai hanging over all the shipping markets, the Capesize main destination market is unable to fire on all cylinders placing somewhat of a cap on trade at this time. Panamax It was a limited week of trading due to Easter holidays in many regions. A gradual decline across all rates in the Atlantic this week was caused by minimal fresh demand with wide disparity between the bid/offer spread throughout the week. Thos"
2022-05-03,2003.0,https://www.drycargomag.com/dry-bulk-week-17-2022,CANDIDATE,"Dry Bulk: Week 17 / 2022 About Us About Us Contact Us Privacy Policy Publications Dry Cargo Magazine Dry Cargo Handling Directory Advertising Magazine Advertising Online Banner Advertising Newsletter Banner Advertising Online Lead-Generating Content Media kit DCi Media Pack Editorial Programme Advertising Rates News Latest News Dry Bulk Trade & Commodities Shipping & Transport Ports & Terminals Engineering & Equipment Breakbulk Regional Focus Events Subscribe Dry Bulk: Week 17 / 2022 03 May 2022 Dry Bulk | Trade & Commodities | Shipping & Transport Capesize The Capesize market had a positive week overall with the BCI and 5TC route average at 2003 points and $16,609, closing at 2,136 and $17,713. The first half of the week remained positive amid strong support from the Pacific. The C5 West Australia to China trade continued to climb from last week, but lost ground from the high of $12.245 gradually to below $12 by the weekend. It was reported that in first quarter of 2022, China’s iron ore imports from Brazil were down a massive 24% year-on-year, which was still significantly higher than the volumes from Australia. Later in the week the market saw increased enquiry from Brazil, as well as west coast Africa. The C3 Brazil to Qingdao run settled at $25.457 on Friday, which was a decline of close to a dollar compared with Monday. The north Atlantic region was generally balanced, brokers said. The market will return on Tuesday after a long weekend in both the east and west. Panamax Overall, the Panamax market returned a lacklustre week with momentum lacking. The Atlantic market contracted early on, then rebounded, as the week ended and bids in the north returned a little stronger. An 81,000-dwt delivery Continent fixed midweek a fronthaul trip via US Gulf redelivery China at $37,000, typifying the mean ave"
2022-05-09,24002.0,https://www.drycargomag.com/dry-bulk-week-18-2022,CANDIDATE,"Dry Bulk: Week 18 / 2022 About Us About Us Contact Us Privacy Policy Publications Dry Cargo Magazine Dry Cargo Handling Directory Advertising Magazine Advertising Online Banner Advertising Newsletter Banner Advertising Online Lead-Generating Content Media kit DCi Media Pack Editorial Programme Advertising Rates News Latest News Dry Bulk Trade & Commodities Shipping & Transport Ports & Terminals Engineering & Equipment Breakbulk Regional Focus Events Subscribe Dry Bulk: Week 18 / 2022 09 May 2022 Dry Bulk | Trade & Commodities | Shipping & Transport Capesize The Capesize market has made the most of the short working week as rates have lifted strongly, with the 5TC now residing at $24,002 - up $6262 week on week. The positive market sentiment was largely Pacific led yet that didn’t stop the Atlantic Basin and ballaster trades from getting in on the act, as all regions posted big gains. Cargo levels in the north Atlantic are heard to be poor yet a wide range of rate levels have been mentioned as the market struggles for visibility in the region as usual. The Transatlantic C8 now sits discounted at $17,200 to the Ballaster C14 at $22,018, while the Transpacific commands a premium at $27,754. A big mover and the focus of much market attention is the Backhaul C16 at $18,475, currently pricing above the Transatlantic C8. Coal flows continue to be strong, boosting this feeder route into Europe largely due to the current geopolitical situation. The Capesize market flow remains anything but normal currently as premium and discount routes appear to be swinging and unstable. Panamax A midweek physical and FFA surge gave the Panamax market some much needed impetus following a few fragmented weeks owing to holidays. Improved demand from the Americas proved to be a key catalyst to gains in most markets this week as EC South America grain impacted the gai"
2022-05-16,32733.0,https://www.drycargomag.com/dry-bulk-week-19-2022,CANDIDATE,"Dry Bulk: Week 19 / 2022 About Us About Us Contact Us Privacy Policy Publications Dry Cargo Magazine Dry Cargo Handling Directory Advertising Magazine Advertising Online Banner Advertising Newsletter Banner Advertising Online Lead-Generating Content Media kit DCi Media Pack Editorial Programme Advertising Rates News Latest News Dry Bulk Trade & Commodities Shipping & Transport Ports & Terminals Engineering & Equipment Breakbulk Regional Focus Events Subscribe Dry Bulk: Week 19 / 2022 16 May 2022 Dry Bulk | Trade & Commodities | Shipping & Transport Capesize The Capesize market had the wind in its sails as rates jumped in all regions. The 5TC ended the week at $32,733, a rise of 8731 week on week. While the Shanghai Covid situation continues to hamper vessel movements across all sectors, the Capesize market appears able to push as good tonnage demand comes from Brazil and Australia. The C5 West Australia to China route now sits at $15.077 - and the C3 Brazil to China route at $34.64 - both just off their high attained on Thursday for the year. These voyage levels equate to C14 Brazil China ballast of $31,050 and C10 Transpacific of $37,792. The Backhaul C16 continues to amaze and disrupt, settling the week at $28,500, over $5,000 above the Transatlantic C8, with some suggesting this is the new fronthaul route. This high valuation continues to be largely driven by coal demand to Europe as energy prices remain at high levels. Panamax It was a mixed week on the BPI. After a positive start, activity and sentiment softened at close. In the North Atlantic an 80,000-dwt open Spain fixed a trip North Coast South America to Saudi Arabia with redelivery Skaw-Passero at $28,000. A 85,000-dwt open Jorf Lasfar fixed via North Coast South America to India at $45,000. In East Coast South America activity slowed, but a 81,000-dwt fixe"
2022-05-23,4805.0,https://www.drycargomag.com/dry-bulk-week-20-2022,CANDIDATE,"olicy Publications Dry Cargo Magazine Dry Cargo Handling Directory Advertising Magazine Advertising Online Banner Advertising Newsletter Banner Advertising Online Lead-Generating Content Media kit DCi Media Pack Editorial Programme Advertising Rates News Latest News Dry Bulk Trade & Commodities Shipping & Transport Ports & Terminals Engineering & Equipment Breakbulk Regional Focus Events Subscribe Dry Bulk: Week 20 / 2022 23 May 2022 Dry Bulk | Shipping & Transport Capesize The Capesize market began the week at the summit of the recent rally. This necessitated a breather before sentiment strengthened, helping it to push up throughout the week and marking new highs for the year. The Capesize 5TC rose +$4,805 over the week to close at $37,538. The Pacific region, while easily the premium region to trade currently, was in somewhat of a holding pattern whilst it awaited other regions to catch up. The Transpacific C10 dipped slightly at weeks end to $37,538. In the Atlantic Basin fixing activity increased, admittedly from a very low level, and now looks to have sparked the region to life with some solid gains with the transatlantic lifting a whole +$8,900 over the week to $32,150. The region was a mixture of fixtures from less usual routes including Brazil to the Arabian Gulf, South Africa to the Continent and Brazil to the Mediterranean on a base of Brazil to Far East, which all combined into a cocktail of positive drive and sentiment. Whether it’s all sustainable is yet to be seen, but finally the Atlantic is strongly back in the mix contributing and not getting splinters sitting on the bench. Panamax A flat ending to the week for the Panamax market, with a major shipping function in the west and Asian holidays ultimately impacting markets despite market fundamentals appearing largely positive. The Atlantic saw steady support from the grain trades over the week. And, with m"
2022-06-13,4609.0,https://www.drycargomag.com/dry-bulk-week-23-2022,CANDIDATE,"Dry Bulk: Week 23 / 2022 About Us About Us Contact Us Privacy Policy Publications Dry Cargo Magazine Dry Cargo Handling Directory Advertising Magazine Advertising Online Banner Advertising Newsletter Banner Advertising Online Lead-Generating Content Media kit DCi Media Pack Editorial Programme Advertising Rates News Latest News Dry Bulk Trade & Commodities Shipping & Transport Ports & Terminals Engineering & Equipment Breakbulk Regional Focus Events Subscribe Dry Bulk: Week 23 / 2022 13 June 2022 Dry Bulk | Shipping & Transport Capesize The Capesize market softened this week as global market concern’s kept the headwinds coming. The softening of values was felt across all Capesize 5TC routes as the index lowered throughout the week by -4609 to $19,665. Friday saw a slight uptick in value but little could be read into it at this stage. The impact of sharply rising fuel prices countered much of the slide in rate levels on voyage routes as the main Capesize volume routes Brazil to China C3 and West Australia to China C5 settled at $31.37 and $12.495 respectively. While some routes like Indonesian to India for coal remain relatively busy the overall fixture volume in the Pacific remains insufficient to push the market. There are said to be some pockets of resistance emerging from owners in the Pacific. The ballaster lineup is heard to be well-stocked currently. This is keeping the Atlantic routes well tonnaged which lessens the possibility for any dramatic sparks in value. With the large Posidonia event currently being held in Greece, this week’s attention is surely distracted, while next week it should be back to all hands on deck. Panamax Another week interrupted by holidays in Asia and Europe, combined with many market players in Greece for Posidonia, that has led to a rather lacklustre seven days with falling sentiment, rising tonnage lists and subsequently fal"
2022-06-20,5111.0,https://www.drycargomag.com/dry-bulk-week-24-2022,CANDIDATE,"e Dry Cargo Handling Directory Advertising Magazine Advertising Online Banner Advertising Newsletter Banner Advertising Online Lead-Generating Content Media kit DCi Media Pack Editorial Programme Advertising Rates News Latest News Dry Bulk Trade & Commodities Shipping & Transport Ports & Terminals Engineering & Equipment Breakbulk Regional Focus Events Subscribe Dry Bulk: Week 24 / 2022 20 June 2022 Dry Bulk | Trade & Commodities | Shipping & Transport Capesize It was turbulent seas this week as global markets buffeted the Capesize sector. Amongst this turmoil the sector managed to find a floor under its recent softening as sentiment improved in the latter part of the week with the Capesize 5TC lifting $5,111 over the week to finish at $24,776. Miners were heard to be bidding up strongly amidst a tightening tonnage supply at the end of the week on West Australia to China C5 as it settled at $13.49. The North Atlantic was seen to jump in value, despite seemingly few fixtures. They were said to be of high value providing solid signal of the improving market. The Transatlantic C8 now sits at $29,994, once again the premium paying region to the Transatlantic C10 at $22,418. The market looks set to break through on the upside of a recent trading range. Whether there is enough push to keep the market pumping higher, especially while global markets appear far from settled, is difficult to read. Yet coming into the second part of the year history tells us cargo flows will be increasing while downside from $20,000 on the 5TC never seems to last too long under owner resistance. Panamax The Panamax market encountered a steady rise this week following recent weeks of falls. A floor was seemingly found on Tuesday, primarily in the Atlantic. However, Asia soon followed suit with improved demand found in both basins. The Atlantic was for the most part grain centric with decent levels o"
2022-06-27,4901.0,https://www.drycargomag.com/dry-bulk-week-25-2022,CANDIDATE,"Dry Bulk: Week 25 / 2022 About Us About Us Contact Us Privacy Policy Publications Dry Cargo Magazine Dry Cargo Handling Directory Advertising Magazine Advertising Online Banner Advertising Newsletter Banner Advertising Online Lead-Generating Content Media kit DCi Media Pack Editorial Programme Advertising Rates News Latest News Dry Bulk Trade & Commodities Shipping & Transport Ports & Terminals Engineering & Equipment Breakbulk Regional Focus Events Subscribe Dry Bulk: Week 25 / 2022 27 June 2022 Dry Bulk | Trade & Commodities | Shipping & Transport Capesize The Capesize market was unable to carry the rally from last week as rates were seen to dip sharply this week with the 5TC down 4901 to $19,875. Trade activity throughout the week came in fits and starts with the market struggling to settle. While activity in the Pacific was moderate and the Atlantic was heard to be tightening on tonnage, the financial market was seemingly unconvinced by what it saw, which led forward months derivatives to be sold down. This placed substantial downward pressure on the physical bid offers. The Transpacific C10 - and the currently premium paying region Transatlantic C8 - settled the week at $15,977 and $24,444 respectively. The ballaster routes had a higher number of vessels to choose from this week putting pressure on the C3 and C17 which settled at $29.911 and $21.933. The market tried and failed to break out of its current range. A floor at approximately $20,000 and a ceiling at $25,000 has the Cape market indecisive and muddled looking for solid direction. Panamax A steady opening this week for the Panamax market, but it tapered off as weaker rates and negative sentiment encompassed the market. The Atlantic initially saw tight-tonnage count in the North pitted against reasonable levels of grain demand ex EC South America for both Transatlantic and front haul trips. "
2022-07-18,20000.0,https://www.drycargomag.com/dry-bulk-week-28-2022,CANDIDATE,"Dry Bulk: Week 28 / 2022 About Us About Us Contact Us Privacy Policy Publications Dry Cargo Magazine Dry Cargo Handling Directory Advertising Magazine Advertising Online Banner Advertising Newsletter Banner Advertising Online Lead-Generating Content Media kit DCi Media Pack Editorial Programme Advertising Rates News Latest News Dry Bulk Trade & Commodities Shipping & Transport Ports & Terminals Engineering & Equipment Breakbulk Regional Focus Events Subscribe Dry Bulk: Week 28 / 2022 18 July 2022 Dry Bulk | Trade & Commodities | Shipping & Transport Capesize Firmer sentiment across both basins pushed the Capesize 5TC route average above the $20,000 threshold this week, closing at $24,209. Activity in the Pacific gradually picked up midweek after a public holiday in Singapore on Monday. The West Australia to Qingdao iron ore trade climbed closer to $11, with fixtures reported at better rates towards the end of the week. Meanwhile, the market saw a lowering of vessels in ballast able to make end July dates - or even early August - loading in Brazil. Quite a few cargoes from Brazil and West Africa were fixed to Qingdao, with a China-Brazil round trip paying nearly $20,000 per day. In the North Atlantic, rates roared on both transatlantic and fronthaul trips. The latter remained as the most rewarding route pricing at $53,611 to perform a run from Continent/Mediterranean to the Far East. Panamax The Panamax market provided further losses this week and is showing little signs of abating. Despite a steady level of activity, this failed to stem the tide with both basins yielding significant losses. The Atlantic saw rates erode for a further successive week, as pressure from the nearby and committed ships continued to underpin the market. From East Coast South America, the focus this week was on end Ju"
2022-10-17,1909.0,https://www.drycargomag.com/flat-week-for-dry-bulk-shipping,CANDIDATE,"dry bulk shipping About Us About Us Contact Us Privacy Policy Publications Dry Cargo Magazine Dry Cargo Handling Directory Advertising Magazine Advertising Online Banner Advertising Newsletter Banner Advertising Online Lead-Generating Content Media kit DCi Media Pack Editorial Programme Advertising Rates News Latest News Dry Bulk Trade & Commodities Shipping & Transport Ports & Terminals Engineering & Equipment Breakbulk Regional Focus Events Subscribe Flat week for dry bulk shipping 17 October 2022 Dry Bulk | Shipping & Transport Capesize The Capesize market softened this week as a lack of fresh cargo and activity, particularly in the Atlantic hampered, efforts to push higher. The Capesize 5TC lowered 1909 over the week to settle at $17,965. A small uptick in sentiment to end the week may be a sign of resistance by owners to not allow rates to fall lower. The Pacific market had a flurry of West Australia to China fixtures at the close, which pushed the Transatlantic C10 up to $13,318, while the Transatlantic C8 still provides a healthy premium now pricing at $25,139. Brazilian trade activity to the Far East was an area that looks likely to continue softening. The C3 dropped 1.434 over the week to $23.233 with earnings on the route pricing slightly lower than the Pacific and North Atlantic. Some owners considering a last long-haul ballasting trip before the year ends will be met with limited options in what has been a largely disappointing final quarter to date. Panamax The week began on a muted note for Panamax vessels. Draft issues in the US Gulf, as well as talk of a slowing Ukrainian Black Sea program, impacted the north Atlantic. Meanwhile, in Asia, it proved to be a largely flat week. NoPac was perhaps the exception with a steady flow. As the week progressed, the Atlantic saw tonnage slowly build up in most areas. Without any distinct enquiry rates it had to give -"
2023-02-20,4432.0,https://www.drycargomag.com/dry-bulk-shipping-report-0723,CANDIDATE,"Dry Bulk Shipping Report About Us About Us Contact Us Privacy Policy Publications Dry Cargo Magazine Dry Cargo Handling Directory Advertising Magazine Advertising Online Banner Advertising Newsletter Banner Advertising Online Lead-Generating Content Media kit DCi Media Pack Editorial Programme Advertising Rates News Latest News Dry Bulk Trade & Commodities Shipping & Transport Ports & Terminals Engineering & Equipment Breakbulk Regional Focus Events Subscribe Dry Bulk Shipping Report 20 February 2023 Dry Bulk | Trade & Commodities | Shipping & Transport Capesize There was an overriding negative sentiment in the sector this week as the Cape 5TC average fell from $4,432 to $2,246 on Friday. This was largely led by the Atlantic and a number of fixtures are down significantly. However, it was also due to a lack of cargoes available. Owners are reportedly considering idling tonnage to wait out a recovery. The Pacific was busy with all of the miners in the market throughout the week, but the C5 route was fixing at $6.30 at the start to $6.05 by the end. There was very little activity from Brazil, with fixtures for end March dates reported in the region of $16.25. There were backhaul cargoes reported at fixed negative $10-12,000, but cargoes from Canada and Colombia to the Far East dragged the market down. With the onset idling tonnage, a recovery is not expected by Owners to be on the immediate horizon. Without fresh cargoes away from the usual West Australia - and shorter runs - the current low returns may continue. However, some were reporting a floor may have been reached. Panamax A healthy amount of activity, but overall rates remained under downward pressure in most areas. The Atlantic saw a reasonable amount of volume from South America and rates were seen basis delivery EC South America in the mid $14,000s plus mid $40"
2023-02-27,2246.0,https://www.drycargomag.com/dry-bulk-shipping-report-0823,CANDIDATE,"e Advertising Rates News Latest News Dry Bulk Trade & Commodities Shipping & Transport Ports & Terminals Engineering & Equipment Breakbulk Regional Focus Events Subscribe Dry Bulk Shipping Report 27 February 2023 Dry Bulk | Trade & Commodities | Shipping & Transport Capesize Results from Rio Tinto and BHP disappointed this week, but there was hope that with China reopening it would lead to more cargo. In the end, that certainly seemed to be the case. There was a complete change in seven days as activity was reported from West Australia and in the Atlantic. Not a great deal was reported from Brazil. However, there was enough activity for the indices to all jump significantly. Last Friday the 5TC was at $2,246 and as we close the week it stands at $5,271. Rates from West Australia to China jumped a dollar to near $7, C3 from Brazil with limited activity was trading up slightly in the low to mid $17s. As reported last week the market needs cargo and there is optimism from Owners that the market is turning. But in its fragile state at present it could turn again quickly. Panamax The Panamax market surged into life this week for the first time in 2023. This was fueled largely by firmer demand ex EC South America for mid-March arrivals and ably supported by a buoyant FFA market. All basins subsequently witnessed sizeable gains. Rates of $13,000 + $300,000 agreed early part were now achieving $16,000 + $600,000 on Friday, albeit decent spec tonnage for trips via EC South America redelivery Singapore-Japan. The North saw Transatlantic rates achieve double digits too for the first time in a while. Asia, not to be outshone, also saw solid support over the week - particularly from Indonesia and the Australia to India coal runs with excess $12,000 agreed a couple of times. Grain round trips ex Australia also gained momentum with premium rates rumoured fixed for grain clean tonnage. "
2023-03-13,4000.0,https://www.drycargomag.com/dry-bulk-shipping-report-1023,CANDIDATE,"gineering & Equipment Breakbulk Regional Focus Events Subscribe Dry Bulk Shipping Report 13 March 2023 Dry Bulk | Trade & Commodities | Shipping & Transport Capesize A stronger week overall for the sector as the North Atlantic appeared active with more enquiry since the middle of the week. With fresh tonnage getting tighter the time charter trips for both fronthaul and Transatlantic runs had the biggest improvement amongst all routes, finishing the week at $16,639 and $29,344 respectively. The Pacific kept its steady pace as the West Australia to Qingdao run stepped up to $8.375, a peak so far this year and last seen before Christmas last year. Subsequently, the time charter average for the 5TC rose over $4,000 compared with last Friday and finished proceedings at $14,466. Panamax A captivating week for the Panamax market with various peaks and troughs seen across all markets. The Transatlantic in the North appeared a little nervous in places with a lack of demand and some voyage fixtures equating to exceptionally low returns. However, there was talk of improved bids for the fronthaul trips come Friday. EC South America saw a mini splurge midweek with end March arrivals capturing better numbers, $17,000 +$700,000 was being achieved here. Asia witnessed a firmer week with all origins coming alive and finding support. Indonesia saw a healthy pick up in activity, ably supported by good grain and mineral demand ex Australia and NoPac. $18,000 was the highlight and concluded end week on an 82,000-dwt delivery China for a grain NoPac round, whilst LME tonnage were comfortably achieving $15/16,000 levels for trips via Indonesia to China. Period activity came alive too, with $17,250 concluded on an 82,000-dwt delivery China basis nine to 12 months. Ultramax/Supramax A story of two halves, with the start of the week seeing little excitement in Asia at the beginning. However, as t"
2023-04-03,13806.0,https://www.drycargomag.com/dry-bulk-shipping-report-1323,CANDIDATE,"Dry Bulk Shipping Report About Us About Us Contact Us Privacy Policy Publications Dry Cargo Magazine Dry Cargo Handling Directory Advertising Magazine Advertising Online Banner Advertising Newsletter Banner Advertising Online Lead-Generating Content Media kit DCi Media Pack Editorial Programme Advertising Rates News Latest News Dry Bulk Trade & Commodities Shipping & Transport Ports & Terminals Engineering & Equipment Breakbulk Regional Focus Events Subscribe Dry Bulk Shipping Report 03 April 2023 Dry Bulk | Trade & Commodities | Shipping & Transport Capesize The first quarter of 2023 ended with a decline of $95 on the Capesize time charter average (5TC), pricing at $13,806 on the last day in March. This is about double in value compared with the start of the month. Brazil to Qingdao remained above $20 throughout the week and finally climbed to $21 on Friday, showing $15,150 on the China/Brazil round voyage. However, the market was still waiting for further cargo to support. On the other hand, in the Pacific, the West Australia to Qingdao run dropped from $8.41 to $7.90 with majors appearing active as usual. On the period front this week, the Cape Cynthia (180,330 2012) was reportedly fixed basis delivery Korea 20-30 April for one year to Costamare at 108% of the 5TC. Overall, the 5TC maintained the same level as at the start of the year. Panamax A volatile week for the Panamax market, with the market trend and direction altering its course. The Atlantic saw improved demand ex NC and EC South America with end April arrival dates experiencing enhanced rates midweek. A $18,250 +$825,000 delivery aps load port was perhaps the highlight. The north Atlantic returned a confusing week with some voyage fixtures returning lower than index equivalents, whilst other tonnage tightness ex Continent and Mediterranean added support to rates. It"
2023-04-17,15849.0,https://www.drycargomag.com/dry-bulk-shipping-report-1523,CANDIDATE,"Hedland closing on Thursday, there was a steady flow of fixing which resulted in a rather volatile week. Several vessels were fixed by the middle of the week from East Coast Australia to China with coal, which offered support to the market at the time. By the end of the week, with these cargoes gone, confidence began to slip as did the rates. The North Atlantic witnessed more activity during the week resulting in less available tonnage and improvement in sentiment. However, the list of ballasters from the Pacific has continued to grow which could potentially cap any upside from South Brazil. There has also been a slight increase in activity from West Africa. All in all, a mixed bag with the 5TC’s starting the week after the Easter weekend at $15,849 and ending the week at $15,344. Panamax In a week disrupted at both ends by Easter holidays, the market has lost ground and tonnage lists grew in both basins. Overall it was subdued in the Atlantic with Owners having to reduce offers to find cover. A scrubber fitted 82,000-dwt was fixed for a ECSA grain cargo redelivery Skaw-Gib at $16,250, and a 75,000-dwt fixed for a grain cargo from ECSA for Singapore-Japan at $17,250. In the Pacific it was a similar story with prompt Indonesian trips covered quickly and a lack of longer duration enquiry. There has been some short period fixing. A 76,000-dwt fixed for four to six months at $14,000 pd, and a 76,000-dwt fixed for similar period at $15,800. Ultramax/Supramax With widespread holidays both at the beginning and end of the week it was a rather muted affair for the sector. The Atlantic remained rather positional with sentiment remaining relatively strong from the US Gulf and a tightness of larger vessels from the South Atlantic, but other areas lacked fresh impetus. The Asian arena saw sentiment remain soft with limited fresh enquiry from the south and a build-up of prompt tonnage"
2023-06-26,12375.0,https://www.drycargomag.com/dry-bulk-shipping-report-2523,CANDIDATE,"zed, with conditions gradually improving and rates showing a slight increase. Towards the end of the week, the Pacific market witnessed a notable resurgence, despite the holidays in Hong Kong and China. Two of the major players re-entered the market and engaged actively, leading to upward pressure on rates. After a subdued start, the Atlantic market began to gain momentum with an increase in activity, especially from Brazil and West Africa to the Far East. Fresh enquiry began to emerge, particularly in the North Atlantic. This, together with constrained tonnage supply, resulted in more favourable rates being achieved. As the week draws to a close, it has been a positive one overall. The BCI 5TC, which opened on Monday at $12,375, has experienced a significant rise and currently stands at $17,252. Panamax A subdued week for the Panamax sector. Trans-Atlantic grain trades were few and far between, although slight premium rates were achievable on same with reports of an 82,000-dwt delivery, France achieved $9,000 for a NC South America trans-Atlantic round trip with grains. EC South America returned a contrasting week with a mixed feel here, limited demand so far but P6 index dates appeared well balanced whilst first half July arrival dates remained softer with committed and ballaster tonnage undermining any potential upside in rates. The Asian market continued to ease as the week wore on, blighted by holidays towards the end part support was hard to come by as the tonnage count continued to grow, and with limited enquiry ex NoPac mineral demand ex Australia and Indonesia returned insufficient to prevent the softening of rates in the arena. On the period front, reports of an 82,000-dwt delivery China agreeing $13,000 basis 9/11 months trading. Ultramax/Supramax East Coast South America saw a flurry of activity as more July requirements entered the market. A 63,000-dwt fixin"
2023-10-09,5801.0,https://www.drycargomag.com/dry-bulk-shipping-report-4023,CANDIDATE,"he Pacific market saw strong activity at the beginning of the week, with increasing rates and well-balanced conditions. The Atlantic market, particularly in the North Atlantic, continued to demonstrate tight conditions and witnessed improved rates. Midweek, the Pacific market experienced a temporary slowdown, resulting in slightly softer fixtures. However, the Atlantic market maintained its strength, especially with support from South Brazil. By the end of the week, the Pacific market rebounded, remaining robust and supported, while the Atlantic market, particularly in the North Atlantic, saw significantly firmer fixtures, concluding the week on an optimistic note, as illustrated by the BCI 5TC index, which rose this week by $5,801 to reach $27,455 as the week draws to a close. Panamax A lethargic week for the Panamax market, with minimal action in the Atlantic both from the South whilst the North of the arena fared marginally better but insufficient to prevent the slow drifting of rates. Unsurprisingly Asia was blighted by Golden Week and other Asian holidays, and despite some injection mid-week of cape split Australia cargo, this failed to make any profound impact and the market drifted. Transatlantic highlights included reports of a 77,000-dwt delivery Gibraltar fixing for two laden legs within the Atlantic at $15,000 whilst on the fronthaul runs, an 82,000-dwt delivery Singapore agreed a rate of $14,000 for a trip via EC South America option US Gulf back to Far East. In Asia, reports of $12,000 being achieved a few times for NoPac trips on index type tonnage delivery Japan/Korea. Limited period activity, although unconfirmed reports of $15,250 being agreed for one year on 82,000-dwt type delivery India. Ultramax/Supramax With the Chinese National Day holiday week, it was generally a lacklustre affair for the market. Sentiment remained rather negative in the Atlantic "
2024-01-15,29851.0,https://www.drycargomag.com/shipping-market-remains-subdued,CANDIDATE," of coal enquiry. The Atlantic market faced a slow start, with notable bid reductions from charterers, leading to a widening bid-offer spread and fewer fixtures being concluded. However, towards the end of the week, there were indications of increased activity from South Brazil and West Africa to the Far East, suggesting a potential attempt to find a market equilibrium. By midweek, the North Atlantic market exhibited signs of stabilisation after experiencing substantial downturns earlier in the week. This resulted in market conditions remaining somewhat subdued as the week drew to a close, reflecting the impact of growing tonnage against a backdrop of diminishing cargo availability. The BCI 5TC commenced the week at $29,851 but experienced notable losses, concluding the week at $18,015 by Friday's close. Panamax The decline in the Panamax market showed no signs of abating this week, with further substantial corrections in both basins. In the Atlantic, a distinct lack of mineral demand in the North, as well as a build-up of tonnage count, weighed heavily on the very few deals to be reported this week. Limited talk midweek of a floor being found from EC South America appeared premature, with charterers still able to pick off the ample ballasters, dependent on the arrival window, the customary rate variance played out but generally the P6 route averaged out to around $13,500 and $13,750 levels. Asia also remained downcast, with Indonesian coal exports continuing to be an issue and, despite some minor support ex NoPac and Australia, this did little to impact an ever-growing tonnage count with limited options. Mixed rates on period throughout the week, the highlight being an 82,000-dwt delivery China achieving $14,350 for one year. Ultramax/Supramax The rather inauspicious start to the new year continued over the week with little for owners to get excited about. In the Atlant"
2024-10-14,23509.0,https://www.drycargomag.com/soft-week-for-dry-bulk-sector-market,CANDIDATE,"Soft week for dry bulk sector About Us About Us Contact Us Privacy Policy Publications Dry Cargo Magazine Dry Cargo Handling Directory Advertising Magazine Advertising Online Banner Advertising Newsletter Banner Advertising Online Lead-Generating Content Media kit DCi Media Pack Editorial Programme Advertising Rates News Latest News Dry Bulk Trade & Commodities Shipping & Transport Ports & Terminals Engineering & Equipment Breakbulk Regional Focus Events Subscribe Soft week for dry bulk sector 14 October 2024 Dry Bulk | Trade & Commodities | Shipping & Transport Capesize The Capesize market faced a generally soft week with declining rates across the board. The BCI 5TC fell every day besides Friday, which closed at $23,509, a significant drop from Monday’s $26,213. The Pacific market saw reduced miner activity, with C5 rates declining from the low $10’s early in the week. Despite continued rate drops, particularly in the Atlantic, the pace of decline began to decrease. Increased coal cargoes offered some support in the Pacific, helping the C5 index nudge back up, ending the week after a couple of stronger fixtures at $10.025. The South Brazil and West Africa to China markets experienced more activity, but rates softened with C3 fixtures dipping into the low $25’s by week’s end. The North Atlantic also contributed to the weaker sentiment with fronthaul and trans-Atlantic rates decreasing steadily. Fronthaul fixtures dropped from around $52,000 on Monday with the C9 index ending the week at $48,250, while trans-Atlantic routes saw similar declines, there was a shift in sentiment resulting in C8 closing the week at $22,384. Panamax After a promising opening to the week, activities in the Panamax market slowly but surely became something of a grind as confidence eroded in both basins. The North Atlantic struggled for any momentum all week. South Ame"
2025-03-17,23697.0,https://www.drycargomag.com/a-positive-week-for-the-dry-bulk-sector,CANDIDATE,"Magazine Dry Cargo Handling Directory Advertising Magazine Advertising Online Banner Advertising Newsletter Banner Advertising Online Lead-Generating Content Media kit DCi Media Pack Editorial Programme Advertising Rates News Latest News Dry Bulk Trade & Commodities Shipping & Transport Ports & Terminals Engineering & Equipment Breakbulk Regional Focus Events Subscribe A positive week for the dry bulk sector 17 March 2025 Dry Bulk | Trade & Commodities | Shipping & Transport Capesize The Capesize market experienced a week of gradual strengthening, with positive momentum building from midweek onwards as activity increased and tonnage tightened in both the Pacific and Atlantic basins. The BCI 5TC experienced a steady rise throughout the week, before a slight correction saw it close at $23,697, up from $20,544 at the week's start. In the Pacific, consistent activity from all three miners, improved coal cargo volumes, and a solid flow of operator-controlled cargoes supported the market. Rates on C5 climbed steadily, peaking at $11.58 before correcting to $10.665 by the week's end. The South Atlantic saw a persistently short tonnage list of ballasters driving C3 levels from $22.50 to around the $25 range for mid-April dates, with fresh cargo providing additional support. The North Atlantic remained relatively quiet, with limited fresh cargo and minimal fixing activity. However, a couple of significant fixtures indicated stronger rates, including a transatlantic and a Fronthaul fixture reported at around $43,000 for 75 days. Yet, some questioned whether these levels could be repeated. Panamax The Panamax market erupted into life midweek with rates surging as a strong push in the Atlantic market, both South and North America led the drive. Aided by a supporting FFA market, the period market kicked into gear with a raft of deals concluded at stronger levels, notably a Japanese b"
2025-06-23,7000.0,https://www.drycargomag.com/a-subdued-week-for-dry-bulk-shipping-market,CANDIDATE," C5 rates came under pressure as iron ore volumes from West Australia declined. While coal cargoes from East Australia offered some support, they weren’t enough to offset the broader weakening. C5 rates steadily fell from $11.00 early in the week to the low-mid $9.00s by week's end. In the Atlantic, the week began on firmer footing, with limited tonnage and a steady cargo flow sustaining rates. However, as the week progressed, both trans Atlantic and fronthaul routes saw offers ease. On the South Brazil to China (C3) route, a clear pattern of backwardation emerged, with rates slipping from the high $26.00s to the low $20.00s. Overall, the week marked a reversal of recent gains, with the BCI 5TC shedding over $7,000 to settle at $23,879 by Friday. Panamax A subdued week for the Panamax sector. Trans-Atlantic trades were few and far between, and a general decline became evident in both grain and mineral demand in the basin. EC South America returned a contrasting week with some mixed rates reported, limited activity overall but P6 index dates appeared well balanced whilst first-half July arrival dates began the week on a firm footing only to weaken as limited demand pitted against an increased tonnage count undermined any potential upside in rates. Typically, midweek fixtures for index arrival dates hovered between $11,500 and $13,000 basis 82,000-dwt types delivery India-SE Asia range. The Asian market continued to ease throughout the week, with support hard to come by as the tonnage count continued to grow, and with limited enquiry ex NoPac mineral demand ex Australia and Indonesia returned insufficient to prevent the slow erosion of rates in the arena. On the period front, there were reports of an 82,000-dwt delivery Taiwan agreeing $11,000 basis 6/8 months trading. Ultramax/Supramax A rather positional week overall for the sector. The Atlantic saw better demand, a 58,0"
2025-11-24,27000.0,https://www.drycargomag.com/baltic-exchange-dry-bulk-weekly-report,CANDIDATE,"t Us Privacy Policy Publications Dry Cargo Magazine Dry Cargo Handling Directory Advertising Magazine Advertising Online Banner Advertising Newsletter Banner Advertising Online Lead-Generating Content Media kit DCi Media Pack Editorial Programme Advertising Rates News Latest News Dry Bulk Trade & Commodities Shipping & Transport Ports & Terminals Engineering & Equipment Breakbulk Regional Focus Events Subscribe Baltic Exchange: Dry Bulk Weekly Report 24 November 2025 Dry Bulk | Trade & Commodities | Shipping & Transport Capesize The week delivered a broadly positive performance for the Capesize market, with early strength in both basins before momentum tapered into a quieter finish. The BCI 5TC climbed steadily from the high $27,000s to just over $30,000, reinforcing a firming tone despite Thursday’s slowdown. The Pacific provided consistent support, underpinned by steady miner demand and some early week weather related tightening in North China. Even so, fixtures largely held in the mid-to-upper $10.00s, keeping C5 relatively rangebound. The Atlantic was the main driver of the rally, with strong enquiry from South Brazil and West Africa to China pushing C3 into the mid-to-upper $24s, while tightening conditions in the North Atlantic lifted C8 progressively through mid-week. Firmer bids, increasing fixtures, and improving sentiment supported a solid upswing before activity tapered off toward the week’s close. Panamax The Panamax market strengthened through the week, with the BPI time-charter average rising from $16,986 on Monday to $17,204 by Thursday. Early softness in the Pacific eased as sentiment improved, though Tuesday saw quieter conditions and owners fixing on spot. By midweek, both Atlantic and Pacific markets firmed, supported by tight regional tonnage and growing fronthaul demand, particularly from the U.S. Gulf. This momentum carried through the week as bulli"
2026-01-12,27652.0,https://www.drycargomag.com/baltic-exchange-dry-bulk-weekly-report-226,CANDIDATE,"antic activity. Following a post-holiday pickup in participation, the Pacific basin remained under consistent pressure, with C5 rates trending lower as miner support proved insufficient to counter growing tonnage availability. Fixtures drifted from around $8.30 to the $7.80–$8.00 range by week’s end, reinforcing the softer tone. In the Atlantic, South Brazil and West Africa to China business remained positional and date-sensitive, with end-January cargoes commanding modest premiums while February stems traded at discounted levels. C3 sentiment weakened as bids slipped toward the $20.50-$20.80 mark, while softer transatlantic and Seven Islands fixtures further weighed on returns. The BCI 182 5TC fell sharply from $27,652 to $23,947, reflecting mounting pressure from lengthening tonnage lists and overall weaker sentiment. Panamax The market ended the week on a firmer footing following a muted post-holiday start. Early softness, particularly in fronthaul, gradually gave way to more constructive sentiment as participants returned and enquiry built for end-January and early-February positions. The Atlantic remained relatively stable throughout, with fronthaul showing increasing resilience and helping clear prompt tonnage, while transatlantic demand stayed measured. In the Pacific, the owner sell-off seen late last year has largely dissipated, while Indonesian demand gathered momentum, and owners maintained firmer rate ideas, especially for modern vessels. Cargo volumes were mixed but tightening prompt supply in Asia supported rates. Overall sentiment improved steadily, reflected in the P5TC rising through the week to close at $12,108. Ultramax/Supramax The first full week back for many after the seasonal holiday remained a subdued affair. With both basins playing catch up and the inevitable imbalance between cargo supply and vessel availability, as charterers remained in the "
2026-01-19,13120.0,https://www.drycargomag.com/baltic-exchange-dry-bulk-weekly-report-326,CANDIDATE,"silient grain trades, while fronthaul provided steady support. Tonnage supply across the Continent remained heavy, limiting upside despite reasonable enquiry. Midweek saw continued pressure on spot rates, although grain transatlantic commanded a modest premium and Indonesian demand stayed active, with modern vessels increasingly targeting longer Pacific employment or East Coast South America. Period activity provided some encouragement, highlighted by several mid to longer-term fixtures at firmer levels. By Thursday, sentiment had strengthened across all basins, with narrowing discounts in the Atlantic, busy fronthaul activity and firmer Pacific ideas. This improvement was reflected in the P5TC, which recovered to close the week at $13,120. Ultramax/Supramax A rather positional week overall for the sector. The Atlantic was a bit more buoyant certainly from the US Gulf, with more fresh enquiry and tight availability becoming tighter. Ultramax size seeing in the low $20,000s for transatlantic runs. From the South Atlantic traction was yet to be found, with a 63,000-dwt fixing in the low $14,000s plus low $400,000s ballast bonus for a trip to Southeast Asia. The Continent-Mediterranean also remained rather positional with some seeing better levels of enquiry from the Continent. The Asian arena remained a rather gloomy area from an owner’s perspective, although as the week closed it felt like a floor had been reached. A 58,000-dwt fixing delivery China for a trip to Bangladesh with clinker in the mid $13,000s. The Indian Ocean lacked much fresh impetus a 58,000-dwt fixing delivery Salalah trip to W.C. India in the mid $15,000s. Handysize The Handysize market endured a persistently subdued week, with overall fundamentals remaining weak as tonnage supply continued to outweigh demand in both basins. In the Continent and Mediterranean, activity was largely positional, with limit"
2026-01-26,13688.0,https://www.drycargomag.com/baltic-exchange-dry-bulk-weekly-report-0426,CANDIDATE,"business and fronthaul enquiry remaining supportive. A clear tightening of prompt tonnage was evident midweek, with several positions covered and remaining owners showing little urgency, helping place upward pressure on rates. By Thursday, the market adopted a steadier, more measured stance as charterers eased off bids, particularly on fronthaul, though sentiment remained stable and transatlantic business held firm. In the Pacific, rates improved throughout despite limited South Pacific mineral demand, supported by Atlantic strength lifting numbers and discouraging ballasting toward EC South America. Period activity stayed active with multiple medium-term fixtures in the high-$17,000s. The P5TC average rose overall from $13,688 to $14,504. Ultramax/Supramax Many described a positional week for the sector with regional variations. In the Atlantic, the US Gulf gained traction at the beginning but as it closed some felt a ceiling had been reached. The South Atlantic, despite seeing demand, the number of vessels open was sufficient to keep rates in check. Ultramax size vessels generally fixing around the $15,000 plus $500,000 ballast bonus region for fronthaul business and for transatlantic runs in the low $20,000s. The Asian arena also saw a mixed bag, the North seemed to pick momentum throughout the week with Ultramax sizes fining around $13,000 from North China for NoPac rounds. Further south, a 57,000-dwt fixed delivery Singapore trip via Indonesia redelivery CJK at $7,000. Period activity however picked up, a newbuilding 63,500-dwt open China fixing one year’s trading at $16,350, whilst in the Atlantic a 63,300-dwt open West Africa fixed 7/10 months trading redelivery worldwide at $17,100. Handysize The Handysize markets posted a gradual improvement over the week, ending on a firmer footing, driven mainly by strength in the Atlantic, while the Pacific continued to lag b"
2026-02-09,31000.0,https://www.drycargomag.com/baltic-exchange-dry-bulk-weekly-report-0626,CANDIDATE," Dry Bulk Weekly Report About Us About Us Contact Us Privacy Policy Publications Dry Cargo Magazine Dry Cargo Handling Directory Advertising Magazine Advertising Online Banner Advertising Newsletter Banner Advertising Online Lead-Generating Content Media kit DCi Media Pack Editorial Programme Advertising Rates News Latest News Dry Bulk Trade & Commodities Shipping & Transport Ports & Terminals Engineering & Equipment Breakbulk Regional Focus Events Subscribe Baltic Exchange: Dry Bulk Weekly Report 09 February 2026 Dry Bulk | Trade & Commodities | Shipping & Transport Capesize The market endured a broadly softer week, with sentiment cooling across both the Pacific and Atlantic as the BCI 182 5TC slid from the low $31,000s to finish closer to $26,468. Early optimism in the Pacific, driven by miner presence and steady West Australia volumes, ultimately failed to prevent rates from retreating. C5 corrected sharply from the mid $9.00s down into the low-to-mid $8.00s. In the South Brazil and West Africa to China market, activity remained muted through end February/early March laycans, with C3 levels continuing to grind lower into the high $22.00s by week’s end, and only sporadic fixtures emerging for later dates. The North Atlantic also softened, though by the end of the week there were early signs of a slightly tighter tonnage picture developing, despite limited activity. Overall, the week closed on a quiet and cautious note. Panamax The BPI drifted steadily lower over the week, with the P5TC falling from $15,735 on Monday to $14,865 by Friday, as sentiment softened across both basins. The Atlantic saw limited fresh cargo throughout, with transatlantic and fronthaul demand remaining thin and many charterers comfortably covered by backstops. Growing tonnage lists and delayed weather-affected vessels added to pressure, gradually shifting leverage toward charterers, though owner"
2026-02-16,14829.0,https://www.drycargomag.com/baltic-exchange-dry-bulk-weekly-report-072026,CANDIDATE,"proving across both basins despite some late divergence. Early signs of prompt transatlantic demand set the tone, and activity built steadily through midweek as charterers moved to secure nearby tonnage. Grain flows from East Coast South America remained consistent, while North Coast South America and the US Gulf provided additional Atlantic support, although momentum eased slightly toward the end of the week as rates began to stabilise. In the Pacific, strength was more pronounced. Indonesian short-haul business tightened prompt supply, while Australian and NoPac runs generated healthy enquiry and fixing volumes. Period interest also remained active. Reflecting the improved sentiment, the P5TC average climbed from $14,829 on Monday to $15,989 by Friday, marking a solid week-on-week gain. Ultramax/Supramax Position was the key this week depending on which side of the fence you are. The Atlantic saw strong gains from key areas like the US Gulf. Brokers saw Ultramax vessels reach more than $30,000 for fronthaul business and mid $30,000s for transatlantic runs. Stronger demand was also seen from the South Atlantic, a 62,000-dwt fixing a trip to the Arabian Gulf at $17,000 plus $700,000 ballast bonus, from there. By contrast from Asia, charterers remained in the driving seat with little fresh enquiry appearing from both the north and south. A 60,000-dwt vessel was fixed delivery Philippines via Indonesia, redelivery South China at mid $10,000s, whilst a 57,000-dwt was fixed delivery SE Asia via West Australia, redelivery Indonesia, at $14,000 with salt. The Indian Ocean remained a bit more active, with a 63,000-dwt fixing delivery Mina Saqr trip Bangladesh at $16,000. Period cover was short, a 57,000-dwt open in the Mediterranean fixing 5 to 7 months trading redelivery worldwide in the low $14,000s. Handysize Handysize market showed gradual improvement in the Atlantic, while"
2026-02-23,16543.0,https://www.drycargomag.com/baltic-exchange-dry-bulk-weekly-report-826,CANDIDATE,"lly weakened, with the P1A index posting consecutive declines as prompt transatlantic enquiry slowed and vessel supply moved back into balance with demand. The earlier upswing lost traction, and rates across the main routes appeared to stabilise, suggesting the market is approaching a near-term floor. Overall activity remained steady but lacked the urgency seen in previous weeks. By contrast, the Pacific market maintained firm momentum despite the Lunar New Year holidays. Healthy cargo volumes, tight prompt tonnage in Indonesia and continued stems from Australia and the North Pacific underpinned steady gains in the P3A. Strengthening period interest also supported backhaul demand, with the P5TC average closing the week at $16,543. Ultramax/Supramax The market adopted a cautious stance this week, shaped by ample tonnage in some regions and positional dynamics in others. The Continent and Mediterranean showed a softer tone overall, with limited fresh activity reported; a 64,000-dwt open Antwerp 14-15 February fixed a trip to Tampa-Veracruz with steel products at $13,500. Early-week support in the US Gulf and South Atlantic gradually faded, as momentum in the Gulf reversed amid limited fresh enquiry and softer rate discussions, while the South Atlantic appeared more balanced with fronthaul demand losing steam. A 58,000-dwt open Rio Haina 26–28 February was placed on subjects for a SW Pass to East Mediterranean with grains at $22,000, and a 64,000-dwt fixed delivery Recalada to Chittagong at $17,500 plus a $750,000 ballast bonus. In Asia, trading conditions remained flat and lacklustre due to the Lunar New Year holidays and reduced market participation, with fundamentals broadly unchanged throughout the week. Handysize This week, trading activity was heavily influenced by the Lunar New Year holidays, resulting in subdued conditions across the Pacific, while the Atlantic basi"
2026-03-02,17481.0,https://www.drycargomag.com/baltic-exchange-dry-bulk-weekly-report-926,CANDIDATE,"nnage and limited fresh cargo enquiry weighed heavily on sentiment. With vessel supply consistently outpacing demand, owners were forced to compete aggressively, driving the P1A index down sharply over the course of the week. Despite sporadic transatlantic fixtures, rates struggled to find support and the overall tone remained cautious. Conversely, the Pacific basin strengthened steadily. Tight prompt availability and robust cargo flows from Indonesia, Australia, and the North Pacific underpinned firm utilisation and rising rate ideas. The P3A and P4 indices posted significant gains, reflecting strength in both the Pacific and backhaul market along with an active period market, lifting the P5TC average to close the week at $17,481. Ultramax/Supramax The market showed consistent improvement throughout the week, supported by strengthening demand across both the Atlantic and Pacific basins. The US Gulf regained momentum following earlier positional pressure, aided by fresh cargo enquiry, with a 63,000-dwt fixed for a trip via the US Gulf to Spain at $28,000. The South Atlantic remained firm during the week, while the Continent and Mediterranean markets began to show rate improvement toward the end of the period, largely driven by scrap demand. Notably, a 64,000-dwt open Bremen 23–27 February fixed a trip to the East Mediterranean with scrap at $22,750. Asia proved to be the main driver of the week’s upward movement. Market activity strengthened progressively, led by the North Pacific trade, which continued to push rate levels higher as the week progressed. Cargo flow from Southeast Asia and Australia remained steady, while Indonesian coal movements to India also improved. Several fixtures were concluded above previous benchmarks, highlighting stronger regional momentum, including a 64,000-dwt open Ciwandan 2 March fixed via Indonesia to Pakistan at $19,000. Period activity "
2026-03-10,17656.0,https://www.drycargomag.com/baltic-exchange-dry-bulk-weekly-report-1026,CANDIDATE,"eadily weakened as the week progressed, driven by limited fresh enquiry and a growing list of prompt tonnage. This oversupply placed increasing pressure on owners, with the P1A index declining throughout the week and fixtures remaining relatively sparse. By contrast, the Pacific maintained firmer fundamentals, supported by tighter vessel availability and a steady flow of cargoes, particularly from the North Pacific and Australian loading regions. Index gains across the P3A and P4A routes earlier in the week reflected this stronger utilisation, although by Thursday signs emerged that rates may be approaching a near-term ceiling as enquiry slowed. Period activity was modest overall, with the P5TC ending the week broadly stable around the $17,656 mark despite midweek gains. Ultramax/Supramax The market recorded a generally firm week, although momentum moderated toward the end of the period as participants tried to observe developments in the Middle East. In the Continent and Mediterranean, activity gradually increased as fresh enquiry, particularly scrap stems, supported rates slightly above previous fixtures. A 64,000-dwt open Avilés 7–8 March fixed via the Continent to the East Mediterranean with scrap at $20,000. The US Gulf remained relatively firm earlier in the week, benefiting from stronger bids and renewed cargo interest, although sentiment softened later as activity slowed. A 56,000-dwt was placed on subjects for delivery SW Pass to WC Central America at $31,000. The South Atlantic maintained a healthy tone overall, with steady March demand and tightening availability. A 58,000-dwt was fixed for a trip delivery Tema 1 March via Recalada to Mediterranean Egypt at $20,500. In Asia, market conditions remained broadly stable. Early improvements were supported by fresh cargoes and stronger bids seen on NoPac and backhaul routes. However, activity later levelled off as b"
2026-03-16,16546.0,https://www.drycargomag.com/baltic-exchange-dry-bulk-weekly-report-1126,CANDIDATE,"d Pacific basins, with limited enquiry and cautious market sentiment. In the Atlantic, cargo volumes remained thin while tonnage lists gradually built, though by midweek signs emerged that rates had reached a floor. Firmer bids and slightly improved fixtures were reported, allowing the P1A to recover later in the week. In Asia, cargo demand was present for trades such as Indonesia to India and West Australia rounds, but volatile bunker prices and limited willingness from owners to sell bunkers continued to complicate negotiations. Additionally, weaker-than-expected Chinese import demand from Indonesia weighed on sentiment and fixture volumes. Overall, the market remained cautious, with the P5TC softening earlier in the week before stabilising to $16,546 by Friday. Ultramax/Supramax Overall, the week was marked by weak sentiment, slower trading activity, and declining rates across most regions, with rising bunker costs adding further pressure to the market. In the Continent and Mediterranean, conditions remained subdued with limited visible activity. While some early-week demand provided brief support, momentum gradually faded and the market turned quieter. A 63,000-dwt vessel open Otranto 11–13 March was reportedly fixed from Aliaga to Conakry with clinker at $19,000. The US Gulf and South Atlantic faced the most persistent downward pressure. Growing tonnage, coupled with a thin cargo book, led to softer rate levels as charterers continued to test the market at lower ideas. A 61,000-dwt vessel was placed on subjects for a trip delivery Rio de Janeiro to the US Gulf at $18,000, while another 61,000-dwt vessel was placed on subjects from the US Gulf to the Far East with grains at $21,000. In Asia, sentiment remained cautious. Activity slowed as the week progressed, with charterers adopting a wait-and-see approach amid rising bunker prices and availability concerns. The Nor"
2026-03-23,17132.0,https://www.drycargomag.com/baltic-exchange-dry-bulk-weekly-report-1226,CANDIDATE,"hile Asia softened on weaker volumes. By Tuesday, demand picked up, particularly in the Atlantic, driving rate improvements despite ample tonnage, with Asia also rebounding on stronger regional trades. Midweek, gains accelerated. Atlantic activity strengthened, supported by mineral and grain demand, tightening prompt tonnage in the north and lifting rates. Asia mirrored this trend, with solid Pacific and Australian cargo flows and rising fixtures. By Thursday, the positive tone was sustained across both basins, with continued rate increases and improved sentiment. Overall, the market closed the week on a firmer footing, showing clear signs of recovery and underlying demand support with the P5TC finalising the week at $17,132. Ultramax/Supramax The market closed the week on a cautious note, as limited cargo availability and ample tonnage supply continued to weigh on rates across both basins. In the Atlantic, conditions remained weak throughout the week. The US Gulf continued to face downward pressure amid limited cargo demand and a growing list of prompt vessels, while the South Atlantic gradually lost momentum as the week progressed. A 56,000-dwt vessel open Veracruz was reported fixed for a trip delivery SW Pass to East Coast Mexico with grains at $16,250, while another 56,000-dwt unit was heard fixed from Recalada to Puerto Quetzal at $21,000. Activity in the Continent–Mediterranean region remained largely muted, with only sporadic enquiry and little movement in rates. A 58,000-dwt vessel open Naples 19–21 March was reportedly fixed for a trip delivery Garrucha to Conakry with gypsum at $13,000. Across Asia, sentiment remained soft as charterers continued to push lower rate ideas while cargo volumes stayed limited. Rising bunker prices also contributed to the cautious tone seen across the region. Despite the softer sentiment in the spot market, the period sector saw po"
2026-03-30,15800.0,https://www.drycargomag.com/baltic-exchange-dry-bulk-weekly-report-1326,CANDIDATE,"e across both basins, as rates in the Atlantic and Asia eased and overall sentiment remained cautious. The Atlantic saw limited movement, with transatlantic and fronthaul activity subdued and a growing stand-off between owners and charterers. As the week progressed, North Atlantic demand weakened further, with some cargoes absorbed internally and ample tonnage limiting rate upside. In Asia, activity remained muted throughout, though the North Pacific provided relative support while Australia and India routes showed only modest improvement. Several fixtures were reported, but details remained scarce. Overall sentiment faded midweek, with limited momentum despite early signs of activity. The P5TC declined steadily over the week, closing at $15,800, reflecting continued downward pressure across key routes. Ultramax/Supramax Another rather subdued week for the sector as prompt tonnage remained readily available in many areas. In the Atlantic, the US Gulf experienced further losses with limited amount of fresh enquiry. A 63,000-dwt was reported fixed on a fronthaul voyage to India with petcoke at $19,000, while for transatlantic runs another 63,000-dwt was heard fixed in the low $16,000s for wood pellets from the US Gulf to the Continent. As the week came to an end, the South Atlantic was said to have found a floor, a 66,000-dwt fixing delivery West Africa via South America redelivery SE Asia at $17,000 plus $500,000 ballast bonus. From Asia, again sentiment remained rather negative. The main demand seemingly coming from the North. A 55,000-dwt open North China fixing via NoPac to South Korea at $14,650. Further south it remained rather positional, a 61,000-dwt open Indonesia fixed a trip to the Philippines at $16,000. Demand remained from the Indian Ocean, certainly for coal. A 56,000-dwt fixing delivery South Africa trip redelivery Pakistan at $19,000 plus $190,000 ballast "
2026-04-20,6000.0,https://www.drycargomag.com/baltic-exchange-dry-bulk-weekly-report-1626,CANDIDATE,"Cargo Handling Directory Advertising Magazine Advertising Online Banner Advertising Newsletter Banner Advertising Online Lead-Generating Content Media kit DCi Media Pack Editorial Programme Advertising Rates News Latest News Dry Bulk Trade & Commodities Shipping & Transport Ports & Terminals Engineering & Equipment Breakbulk Regional Focus Events Subscribe Baltic Exchange: Dry Bulk Weekly Report 20 April 2026 Dry Bulk | Trade & Commodities | Shipping & Transport Capesize The market delivered a firm performance over the week, building momentum from a cautious but positive start into a broad-based midweek rally, before showing signs of consolidation at elevated levels by Thursday. The BCI 182 5TC gained over $6,000 across the week, underpinned by improving sentiment and tightening fundamentals. The Pacific led the initial gains, with sustained miner activity driving C5 rates from the mid-$12s to the mid-$13s, supported by consistent enquiry and tightening prompt tonnage. In the Atlantic, the South Brazil and West Africa markets saw robust demand, particularly early in the week, with C3 rates climbing into the mid $32s on index dates. Continued fixing activity progressively reduced the tonnage list, lending underlying support despite some intra-week volatility. The North Atlantic also improved, with firmer fronthaul and transatlantic fixtures reflecting healthier demand. Panamax This week saw a steady strengthening across both Atlantic and Asian Panamax markets, with sentiment gradually improving each day. In the Atlantic, tightening cargo supply early in the week gave way to firmer demand, particularly for grains and fronthaul trades, pushing rates consistently higher despite a visible tonnage list. The P1A rose from $13,155 on Monday to $14,270 by Thursday. In Asia, sustained cargo flow from Australia and Indonesia, alongside a gradually tightening tonnage count, supporte"
2026-04-27,39000.0,https://www.drycargomag.com/baltic-exchange-dry-bulk-weekly-report-1726,CANDIDATE,"Baltic Exchange: Dry Bulk Weekly Report About Us About Us Contact Us Privacy Policy Publications Dry Cargo Magazine Dry Cargo Handling Directory Advertising Magazine Advertising Online Banner Advertising Newsletter Banner Advertising Online Lead-Generating Content Media kit DCi Media Pack Editorial Programme Advertising Rates News Latest News Dry Bulk Trade & Commodities Shipping & Transport Ports & Terminals Engineering & Equipment Breakbulk Regional Focus Events Subscribe Baltic Exchange: Dry Bulk Weekly Report 27 April 2026 Dry Bulk | Trade & Commodities | Shipping & Transport Capesize The market began the week with strong upward momentum, briefly pushing the BCI 182 5TC to the cusp of $39,000, supported primarily by strength in the Atlantic basin. Early gains were driven by a firm C3 market and a tightening ballaster list, particularly for May dates, while fronthaul activity provided a notable boost. However, this initial strength proved difficult to sustain. Divergence between basins became increasingly apparent, with the Pacific coming under pressure as C5 rates trended down from the mid $13s to $13 levels despite consistent, albeit not aggressive, miner participation. This erosion in the East ultimately offset the Atlantic’s relative resilience. In contrast, the Atlantic maintained a firmer undertone for much of the week, with sporadic but impactful fixtures on both transatlantic and fronthaul routes lending support. Activity, however, remained uneven and by the latter part of the week even this basin began to show signs of plateauing. Panamax The Panamax market saw a subdued and mixed week, with limited fixing activity early on and growing tonnage lists weighing on sentiment. In the Atlantic, initial firmness from last week’s rate push gave way to softer conditions as the week progressed, driven by increasing vessel availability and weakening"
2026-05-11,42649.0,https://www.drycargomag.com/baltic-exchange-dry-bulk-weekly-report-1926,CANDIDATE," notable acceleration in positive sentiment, with the market appearing increasingly supply-driven as vessel availability tightened. C5 pushed firmly into the mid $15s and beyond, while C3 gained traction into the upper $36s amid improving bid levels and growing resistance from owners. However, by the latter part of the week, momentum began to moderate in both basins as C5 slipped back closer to $15, while ballaster availability lengthened slightly and fixing activity became more selective, leading to some softer C3 fixtures for later dates. Nevertheless, North transatlantic activity remained robust overall and stronger numbers were also seen, helped by fronthaul demand. Overall, the BCI 182 5TC rose from $42,649 on Tuesday to finish the week at $44,941, after peaking at $46,610 on Thursday. Panamax This week saw steadily strengthening Panamax market sentiment across both basins, driven by tightening tonnage and improving cargo volumes. Early in the week rates surged, led by gains in both Atlantic and Pacific routes as stronger grain and mineral activity supported higher fixtures, particularly on fronthaul trades. Although midweek trading in the Atlantic was quieter, sentiment remained firm with thinning vessel lists and owners increasing offers amid improved fronthaul fixing volumes. In Asia, sustained Australian mineral exports and active Indonesian demand, coupled with a limited supply of modern tonnage, kept rates on an upward trend. By Thursday, tightening vessel supply and consistent cargo flow pushed the market higher still with both basins reporting firmer fixtures and continued upward momentum. The P5TC index posted steady gains throughout the week, rising from $18,490 on Tuesday to close at $20,099 by Friday. Ultramax/Supramax Despite the short week for some following the long weekend, the sector generally remained upbeat. The Atlantic saw a reasonable amount of"
2026-06-01,50000.0,https://www.drycargomag.com/baltic-exchange-dry-bulk-weekly-report-2226,CANDIDATE,"tising Newsletter Banner Advertising Online Lead-Generating Content Media kit DCi Media Pack Editorial Programme Advertising Rates News Latest News Dry Bulk Trade & Commodities Shipping & Transport Ports & Terminals Engineering & Equipment Breakbulk Regional Focus Events Subscribe Baltic Exchange: Dry Bulk Weekly Report 01 June 2026 Dry Bulk | Shipping & Transport Capesize The market strengthened over the course of the week, with sentiment increasingly underpinned by robust Pacific activity and a late-week improvement in Atlantic fundamentals. Despite a fragmented trading environment caused by public holidays in both the UK and Singapore, the market demonstrated resilience, with the BCI 182 5TC climbing above the $50,000 mark by Thursday. The Pacific remained the primary driver throughout, supported by consistent participation from all three major miners, a healthy flow of operator-controlled cargoes, and additional tender activity. Strong fixing volumes helped absorb available tonnage and steadily lifted C5 rates, with sentiment improving as the week progressed and fixtures gradually pushed into the high $16.00s and, in some cases, above $17.00. However, as the week drew to a close, conditions in the Pacific eased marginally despite continued activity, with rates slipping back from Thursday’s highs into the low to mid $16.00s. While the Atlantic began the week in a relatively subdued state, momentum improved notably towards the latter stages. South Brazil and West Africa to China cargoes gradually strengthened, with C3 moving from the high $36.00s range towards the upper $37.00s and low $38.00s levels for index dates. Transatlantic earnings improved on the back of a limited number of stronger fixtures, while Front Haul activity remained relatively quiet. Panamax-Kamsarmax The Panamax market saw a gradual improvement through the week, though conditions diverged regionall"
2026-06-08,50000.0,https://www.drycargomag.com/baltic-exchange-dry-bulk-weekly-report-2326,CANDIDATE,"Baltic Exchange: Dry Bulk Weekly Report About Us About Us Contact Us Privacy Policy Publications Dry Cargo Magazine Dry Cargo Handling Directory Advertising Magazine Advertising Online Banner Advertising Newsletter Banner Advertising Online Lead-Generating Content Media kit DCi Media Pack Editorial Programme Advertising Rates News Latest News Dry Bulk Trade & Commodities Shipping & Transport Ports & Terminals Engineering & Equipment Breakbulk Regional Focus Events Subscribe Baltic Exchange: Dry Bulk Weekly Report 08 June 2026 Dry Bulk Capesize The market closed the week on a softer footing, with the BCI 182 5TC easing from just under $50,000 at the start of the week to $44,374, reflecting a clear loss of momentum as the week progressed. Trading conditions were characterised by persistently thin liquidity, disrupted participation due to Posidonia, and generally subdued miner engagement, which together left the market vulnerable to downside pressure. In the Pacific, sentiment weakened steadily as the week unfolded, with a gradual erosion in C5 levels driven by limited cargo emergence and a lack of consistent support from major miners. Fixtures progressively printed lower, from mid-to-high $15 early in the week to a tick below $14 by the close. The South Brazil and West Africa to China market followed a similar, albeit more gradual, weakening trend, with index dates on C3 drifting lower and spreads widening before settling into the low-to-mid $36s range on later stems. The North Atlantic initially showed relative resilience, briefly supported by short-duration TA activity, but this strength faded as the week progressed and sentiment softened in line with the broader market. Fronthaul activity remained notably quiet throughout. Panamax-Kamsarmax The week opened on a subdued note, influenced "
2026-06-15,42798.0,https://www.drycargomag.com/baltic-exchange-dry-bulk-weekly-report-2426,CANDIDATE,"out Us About Us Contact Us Privacy Policy Publications Dry Cargo Magazine Dry Cargo Handling Directory Advertising Magazine Advertising Online Banner Advertising Newsletter Banner Advertising Online Lead-Generating Content Media kit DCi Media Pack Editorial Programme Advertising Rates News Latest News Dry Bulk Trade & Commodities Shipping & Transport Ports & Terminals Engineering & Equipment Breakbulk Regional Focus Events Subscribe Baltic Exchange: Dry Bulk Weekly Report 15 June 2026 Dry Bulk | Shipping & Transport Capesize The market endured a challenging week, with sentiment deteriorating steadily as limited enquiry and a lack of sustained cargo volume weighed on both basins. The BCI 182 5TC fell from $42,798 at the start of the week to $37,251 by the close, representing a significant erosion of earnings and underscoring the loss of momentum from the stronger levels seen in late May. The Pacific remained the primary source of weakness throughout the week. Early pressure stemmed from notably light miner participation, with only sporadic activity from the majors. Although all three miners returned to the market later in the week, the increase in activity was insufficient to prevent further declines as cargo volumes remained inadequate relative to available tonnage. As a result, C5 slipped below the $11 mark by week’s end. In the Atlantic, conditions were relatively more balanced but lacked the strength needed to offset Pacific weakness. The South Brazil and West Africa to China market softened during the first half of the week before stabilising, with C3 fixtures recovering into the high-$35s to $36 range before easing back to $35.50 by the close. The North Atlantic provided occasional support through fresh fronthaul demand and a handful of stronger fixtures, though overall activity remained subdued. Panamax-Kamsarmax The week began on a subdued note across both basins,"
2026-06-22,37631.0,https://www.drycargomag.com/baltic-exchange-dry-bulk-weekly-report-2526,CANDIDATE,"ng Directory Advertising Magazine Advertising Online Banner Advertising Newsletter Banner Advertising Online Lead-Generating Content Media kit DCi Media Pack Editorial Programme Advertising Rates News Latest News Dry Bulk Trade & Commodities Shipping & Transport Ports & Terminals Engineering & Equipment Breakbulk Regional Focus Events Subscribe Baltic Exchange: Dry Bulk Weekly Report 22 June 2026 Dry Bulk Capesize The market staged an impressive late-week recovery to finish on a significantly firmer footing, with improving sentiment driven primarily by renewed strength in the Pacific. Having come under pressure through the early part of the week, the market reversed course, with the BCI 182 5TC climbing sharply to close at $37,631, up from $36,756 at the start of the week. The turnaround was led by a resurgent C5 market, where rates rallied from around $10.80 on Wednesday to fixtures being concluded at $12.50 by Friday, supported by healthy cargo volumes, sustained miner activity, and a more confident owner stance. The Atlantic remained the weaker basin for much of the week, with limited fresh enquiry and a wide gap between charterers’ bids and owners’ expectations restricting trading activity. However, conditions improved into the close, with sentiment becoming noticeably more constructive. While fixtures remained limited, C3 bids strengthened to around $31.00, with owners holding firm in the $32.50-$33.00 range, suggesting the market may finally be finding a floor after several sessions of heavy pressure. Although an increasing number of ballasters heading west continues to temper the medium-term outlook, the stronger finish on both sides of the market leaves sentiment entering the new week on a considerably more positive note. Panamax-Kamsarmax The week saw a clear divergence between Atlantic and Pacific markets. In the Atlantic, sentiment remained positive despite fl"
2026-06-29,36946.0,https://www.drycargomag.com/baltic-exchange-dry-bulk-weekly-report-2626,CANDIDATE,"ough two C5 miners remained active on most trading days, their increasingly cautious approach and lower fixing levels highlighted a lack of urgency, with rates slipping from $11.65 to $10.20 by week’s end. The Atlantic initially provided some support, with South Brazil and West Africa enquiry underpinning C3 levels. However, this soon reversed as the cargo list thinned and an expanding ballaster count placed renewed pressure on the market, with C3 rates falling from $32.50 to $28.00. Although the North Atlantic remained comparatively more resilient, supported by pockets of transatlantic and fronthaul enquiry, activity was too limited to alter the broader negative trend. Overall, the BCI 182 5TC declined from $36,946 to $33,014, leaving the market firmly on the defensive by week’s end. Panamax-Kamsarmax The market saw a tentative start to the week, with the P5TC drifting lower amid mixed Atlantic sentiment and a weaker Pacific market. Activity in the Atlantic improved as the week progressed, highlighted by an 82,000-dwt vessel fixing a transatlantic cargo from EC South America at $32,000 on Tuesday, compared to a similar vessel achieving $34,000 later in the week. Fronthaul business followed a similar trajectory, with an 83,000-dwt open in India fixing at $20,000 early on, rising to $21,000 for an 82,000-dwt by week’s end. Strengthening sentiment was driven by tighter tonnage in the North Continent and a firmer cargo book across both transatlantic and fronthaul trades, helping to drive the P5TC higher as the week progressed. In the Pacific, early weakness stabilised, with indications a market floor was near as owners resisted lower rates. A 75,000-dwt open in South Korea fixed an Australian round at $12,900, while an 80,000-dwt open in China secured $14,250 for an Australia to Singapore-Japan. Period activity slowed, with a 78,000-dwt open in the Far East fixing for one y"
2026-07-06,5000.0,https://www.drycargomag.com/baltic-exchange-dry-bulk-weekly-report-2726,CANDIDATE,"low $10s, with successive fixtures concluded at progressively higher levels as the week advanced, reaching around $12.30 by week’s end. The Atlantic also gathered momentum, with the South Brazil and West Africa markets strengthening progressively as C3 fixtures moved from the high $27s to test, and in some cases exceed, the $30 mark. Owners became increasingly confident, pushing offers higher as charterers competed for available tonnage, while firmer pricing for forward laycans reinforced expectations of continued strength. Although North Atlantic activity remained relatively selective, improving demand on both transatlantic and front-haul routes contributed to firmer sentiment. The BCI 182 5TC gained just over $5,000 across the week to close at $37,181. Panamax-Kamsarmax The Atlantic and Pacific markets strengthened throughout the week, with the P5TC rising steadily. In the Atlantic, tight prompt tonnage in the North Continent and West Mediterranean underpinned rates, with an 82,000-dwt fixing a grains transatlantic round at $22,750 and a 78,000-dwt achieving $28,750 earlier in the week for a US East Coast to India trip. East Coast South America trips to the Far East experienced a two-tier market, with July-loading cargoes commanding a premium over August. A 76,000-dwt open West Coast India 22 June achieved around $21,500, compared with a 75,000-dwt open Malaysia 30 June fixing at $20,000. In the Pacific, improving demand from Australia and the North Pacific, combined with a tightening pool of available vessels, supported sentiment. An 81,000-dwt fixed a North Pacific round at $16,000, while a 76,000-dwt secured $15,500 for an East Coast Australia to China trip. Period activity remained limited, with an 81,000-dwt fixing for 6 to 9 months and an 82,000-dwt fixing for 2 to 3 laden legs, both at $19,750. Ultramax/Supramax The Atlantic market was largely steady to position"
2026-07-13,21153.0,https://www.drycargomag.com/baltic-exchange-dry-bulk-weekly-report-2826,CANDIDATE,"t for a grains round voyage, but there was very little appetite from charterers to fix basis later dates at present levels. The Asian market remained flat despite a flurry of fixing mid-week, with NoPac and Australia the main drivers, seeing an 82,000-dwt fixed deliver Japan trip via NoPac with grains at $20,000. Southeast Asia remained lacklustre with mainly the smaller Panamax’s picking off the limited demand, however a 82,000-dwt did fix delivery Hong Kong via Indonesia to South Korea at $13,600 earlier in the week. Ultramax/Supramax Overall, the market generally maintained last week’s levels, with pockets of improvement in certain areas, but overall movement on rates was minimal and the 5TC average was only slightly higher than last Friday’s close of $21,153. The North American market continued to be a driving force with a 63,000-dwt fixed US Gulf to India with petcoke at $38,500 and the East Mediterranean market firmed amid tight tonnage supply with a 63,000-dwt placed on subjects at $18,000 for a trip to West Africa. The South Atlantic was mixed and positional with some faring better than others due to the constrained tonnage list, with a 58,000-dwt fixed from West Africa for Owendo loading to India at $27,000. The Asian market was lacklustre and continued to trend sideways with the main support coming from backhauls and the NoPac market with a nicely described 64,000-dwt fixed at $19,250 delivery China for a grains round voyage. Southeast Asia saw sluggish demand with uncertainty on vessel prospects caused by the Typhoon making charterers wary. In the Indian Ocean there was an uptick on Indian coastal trades with a 64,000-dwt fixed from East Coast India to the West coast at $25,000. Handysize The market moved steadily lower over the week, with sentiment softening across both basins. In the Continent and Mediterranean, conditions opened quietly with levels largely "
2026-07-20,43086.0,https://www.drycargomag.com/baltic-exchange-dry-bulk-weekly-report-2926,CANDIDATE,"cargo volumes proved insufficient to absorb available tonnage. The C5 route steadily retreated from the mid-$13s to the upper $11s by week’s end. The Atlantic initially provided some offset, with stronger C3 fixtures reported in the upper $34s lifting sentiment early in the week, but this too faded as bid-offer spreads widened significantly and liquidity deteriorated. Limited bidding, growing uncertainty over forward cargoes and softer fixture levels weighed heavily on confidence, illustrated by C3 offers slipping below $33 by the end of the week. Meanwhile, the North Atlantic also edged lower amid subdued fronthaul and transatlantic activity. Having started the week at $42,641, the BCI 182 5TC peaked at $43,086 before sliding around $5,000 to finish at $37,156, illustrating a market that ended the week firmly on the defensive. Panamax-Kamsarmax A rather subdued week across the board with brokers using the words flat, steady and dull in their daily reports. In the North Atlantic supply and demand were well balanced so rates were mainly unchanged with more transatlantic demand through the week than fronthaul, which tailed off as the week went on, an 82,000-dwt fixed from East Coast South America to Spain with grains at $35,000 and a few other similar vessels fixed at $25,000 from the Continent/Gibraltar for both mineral and grains round voyages. The South Atlantic remained active with consistent fixing, but again levels largely unchanged with standard 82,000-dwt vessels fixed between $20,000-$21,000 delivery Singapore for the round trip basis mid-August arrival, whilst deferred cargoes were mainly concluded on voyage basis at around $53.00/mt, an increase due to rising bunker costs. The Asian market saw slight gains as the week progressed, mainly driven by Australian minerals achieving $17,500-$18,000 for round voyages for standard types with NoPac grains adding support a"
2026-07-27,31768.0,https://www.drycargomag.com/baltic-exchange-dry-bulk-weekly-report-3026,CANDIDATE,"Dry Bulk Trade & Commodities Shipping & Transport Ports & Terminals Engineering & Equipment Breakbulk Regional Focus Events Subscribe Baltic Exchange: Dry Bulk Weekly Report 27 July 2026 Dry Bulk | Trade & Commodities | Shipping & Transport Capesize The market regained momentum over the course of the week, recovering from a subdued opening to finish on a significantly firmer footing as confidence returned across both the Pacific and Atlantic basins. Early weakness was driven by limited activity and a lack of fresh enquiry, leaving owners under pressure and voyage rates drifting lower. However, sentiment improved steadily as fresh cargoes emerged and buying interest returned, lifting the BCI 5TC from its early-week low of $31,768 to finish the week at $38,860. The Pacific market found renewed support despite relatively restrained miner participation for much of the week, with activity increasing towards the close as two major miners re-entered the market alongside increased operator activity and a pick-up in coal cargoes, steadily pushing C5 levels into the upper $12.00s. In the Atlantic, the recovery proved more pronounced, with sustained fixing activity from both South Brazil and West Africa driving C3 sharply higher as charterers progressively raised bids to secure August positions. By the end of the week, owners' confidence had strengthened noticeably, with offers advancing into the $35s-$36s region. Panamax-Kamsarmax The market weakened steadily throughout the week, with negative sentiment persisting across both basins as limited enquiry and cautious participation continued to pressure rates, reflected in daily declines of the P5TC. In the Atlantic, transatlantic demand remained subdued, although some fresh cargoes emerged midweek. Increased competition among owners pushed rates lower, while fronthaul business provided only limited support. An 82,000-dwt was reported"
2026-08-03,21000.0,https://www.drycargomag.com/baltic-exchange-dry-bulk-weekly-report-3126,CANDIDATE,"orrected sharply amid limited bidding interest and increasing owner willingness to concede on price. However, confidence improved noticeably towards close as fresh cargoes emerged and fixture levels recovered towards the $34 mark, reversing much of the earlier decline. The Pacific also regained momentum, supported by stronger miner and operator activity, with bids returning to the mid-$12s region and some operator business approaching $13.00. Elsewhere, the North Atlantic remained relatively subdued throughout, with only sporadic transatlantic enquiry and limited fronthaul activity. Panamax-Kamsarmax Following a sluggish start to the week, market conditions improved progressively, with the P5TC posting notable gains towards the end of the week. Stronger demand, particularly in the Atlantic, combined with tight prompt vessel availability in the North Continent and Western Mediterranean, lifted sentiment and rates, with transatlantic rounds rising from $21,000 on an 82,000-dwt vessel early in the week to $23,000 on an 81,000-dwt vessel by week’s end. East Coast South America fronthaul business followed a similar trajectory, with rates increasing from $18,500 for an 82,000-dwt vessel basis delivery Singapore to $22,000 for an 83,000-dwt vessel by the close of the week. In the Pacific, the market continued to build on signs of a rate floor, with stronger demand from key loading regions helping to absorb available tonnage and improve sentiment. This was reflected in North Pacific round voyages where an 82,000-dwt vessel fixed at $14,750 earlier in the week, compared with $18,000 achieved by a similar-sized vessel as the week drew to a close. Ultramax/Supramax Although the 11TC average dropped by more than $1,000 this week, the end of the week brought some optimism that the Atlantic market may have reached a bottom. The US Gulf has been hit hard for the last two weeks, but tow"
2026-08-10,41395.0,https://www.drycargomag.com/baltic-exchange-dry-bulk-weekly-report-3226,CANDIDATE,"ations Dry Cargo Magazine Dry Cargo Handling Directory Advertising Magazine Advertising Online Banner Advertising Newsletter Banner Advertising Online Lead-Generating Content Media kit DCi Media Pack Editorial Programme Advertising Rates News Latest News Dry Bulk Trade & Commodities Shipping & Transport Ports & Terminals Engineering & Equipment Breakbulk Regional Focus Events Subscribe Baltic Exchange: Dry Bulk Weekly Report 10 August 2026 Dry Bulk | Trade & Commodities | Shipping & Transport Capesize The market enjoyed a notably stronger week overall, with sentiment remaining firmly positive throughout. Strength in both the Pacific and Atlantic basins underpinned the rally, driving the BCI 5TC from $41,395 at the start of the week to $46,512 by Friday's close. Tightening vessel availability and healthy cargo demand steadily shifted negotiating power in favour of owners, underpinning gains across both regions. The Pacific remained the principal driver throughout the week. Although major miner activity was relatively restrained, consistent operator enquiry and additional coal stems supported a sustained rise in C5 rates. Widening bid-offer spreads reflected owners' growing confidence, with many resisting lower bids as expectations moved progressively higher. After opening the week in the mid-$14s, C5 rates climbed steadily to the low to mid $16s by week's end. Market participants also closely monitored the approach of Typhoon Dolphin, with precautionary restrictions and the prospect of weather-related disruption lending further support to sentiment by raising concerns over vessel availability. The Atlantic also strengthened, albeit at a more measured pace. South Brazil and West Africa to China markets recorded gradual gains as forward September demand remained robust and the ballaster list continued to contract, providing increasing support to C3 levels. North Atlantic fu"
2026-08-17,46300.0,https://www.drycargomag.com/baltic-exchange-dry-bulk-weekly-report-3326,CANDIDATE,"Baltic Exchange: Dry Bulk Weekly Report About Us About Us Contact Us Privacy Policy Publications Dry Cargo Magazine Dry Cargo Handling Directory Advertising Magazine Advertising Online Banner Advertising Newsletter Banner Advertising Online Lead-Generating Content Media kit DCi Media Pack Editorial Programme Advertising Rates News Latest News Dry Bulk Trade & Commodities Shipping & Transport Ports & Terminals Engineering & Equipment Breakbulk Regional Focus Events Subscribe Baltic Exchange: Dry Bulk Weekly Report 17 August 2026 Dry Bulk Capesize The market came under sustained pressure this week, with the BCI 5TC falling from $46,300 to $41,155 as softer Pacific conditions outweighed pockets of resilience in the Atlantic. Trading initially lacked momentum due to the Singapore public holiday and the absence of major miners, while the subsequent return of chartering activity failed to provide meaningful support. The Pacific was the principal driver of the decline. Although miner participation improved, an expanding tonnage list, partly reflecting vessels returning following the previous week’s weather disruptions, shifted the balance firmly in charterers’ favour. Owners increasingly competed for limited cargoes, prompting a sharp correction on West Australia to China, with the C5 index retreating from above $16 to $14.110 by the close. In contrast, the South Brazil and West Africa to China markets remained steadier, supported by relatively strong first half September demand and a tight ballaster list, with C3 fixing around $35 to $36 despite limited overall engagement. The North Atlantic softened more gradually, with softer transatlantic fixtures weighing on sentiment despite intermittent fronthaul enquiry being concluded around the mid-$70,000s. Panamax-Kamsarmax After a relatively quiet st"
2026-08-24,81000.0,https://www.drycargomag.com/baltic-exchange-dry-bulk-weekly-report-3426,CANDIDATE," South Brazil and West Africa-to-China markets remained subdued despite a healthy cargo book and a broadly steady ballaster list. Limited trading kept C3 values confined to the mid-to-upper $35s, while attention increasingly shifted towards end-September nominations as the next potential catalyst. The North Atlantic showed early signs of strength, supported by improved fronthaul fixtures and firmer transatlantic activity. However, momentum faded towards the close as activity slowed and tonnage availability increased, leaving the supply position slightly longer. Panamax-Kamsarmax Over the course of the week, sentiment in both the Atlantic and Pacific basins remained under pressure, with the P5TC posting consecutive daily declines. The Atlantic market was characterised by ample tonnage availability as vessel supply continued to outweigh demand. Among the limited reported deals, a scrubber-fitted 81,000-dwt vessel fixed a NC South America to Egypt trip at $23,000 daily, basis redelivery passing Gibraltar, with the scrubber benefit for the charterer. An 82,000-dwt vessel fixed a fronthaul from the US East Coast to Southeast Asia at $30,750, while another 82,000-dwt vessel open EC India fixed $21,250 via EC South America to the Far East. In the Pacific, fundamentals remained relatively stable despite plentiful prompt tonnage. Reported fixtures included an 81,000-dwt vessel fixing an Australia round trip at $19,000, a 76,000-dwt vessel fixing a North Pacific round trip at $15,000, and a 75,000-dwt vessel fixing an Indonesia to South China stem at $16,000. Period activity improved, with an 81,000-dwt vessel fixing for 8 to 10 months at $19,000, an 82,000-dwt vessel fixing for 5 to 7 months at $17,900, and a 74,000-dwt vessel fixing for 2 to 3 laden legs at $16,150. Ultramax/Supramax The week saw small improvements in the East and a softening in most of the Atlantic. The beginni"
