date,open,high,low,close,volume,return_1d,return_5d,return_20d,ma_5,ma_20,volatility_20d
2018-03-22,25.399999618530273,25.719999313354492,25.360000610351562,25.51300048828125,5400,,,,,,
2018-03-23,25.520000457763672,25.520000457763672,24.10099983215332,24.10099983215332,205000,-0.05534435891915168,,,,,
2018-03-26,24.350000381469727,24.850000381469727,24.350000381469727,24.84000015258789,102400,0.030662641615750053,,,,,
2018-03-27,24.649999618530273,24.649999618530273,23.459999084472656,24.079999923706055,8500,-0.030595822230808478,,,,,
2018-03-28,23.899999618530273,23.899999618530273,23.100000381469727,23.3799991607666,2200,-0.029069799217495973,,,24.382799911499024,,
2018-03-29,22.899999618530273,22.899999618530273,22.780000686645508,22.780000686645508,1100,-0.025662895451593393,-0.10712184961902371,,23.836199951171874,,
2018-04-02,24.459999084472656,24.459999084472656,22.950000762939453,23.0,1900,0.009657563947461423,-0.045682745106884304,,23.61599998474121,,
2018-04-03,22.0,22.0,21.25,21.25,2000,-0.07608695652173914,-0.14452496499738854,,22.897999954223632,,
2018-04-04,20.5,20.5,19.0,19.25,75900,-0.09411764705882353,-0.20058139281599674,,21.931999969482423,,
2018-04-05,20.25,20.43899917602539,20.200000762939453,20.25,800,0.051948051948051965,-0.1338750758391376,,21.3060001373291,,
2018-04-06,20.030000686645508,20.450000762939453,20.030000686645508,20.450000762939453,3100,0.009876580885898933,-0.10228269769420983,,20.84000015258789,,
2018-04-09,21.799999237060547,21.799999237060547,21.459999084472656,21.459999084472656,200,0.049388669137048424,-0.06695656154466711,,20.53199996948242,,
2018-04-10,21.5,21.5,21.5,21.5,300,0.0018639756399749796,0.0117647058823529,,20.58199996948242,,
2018-04-11,20.75,20.75,20.450000762939453,20.450000762939453,300,-0.04883717381676966,0.06233770197088062,,20.822000122070314,,
2018-04-12,21.0,22.579999923706055,21.0,22.25,11500,0.08801951931085483,0.09876543209876543,,21.222000122070312,,
2018-04-13,21.989999771118164,21.990999221801758,21.510000228881836,21.582000732421875,11500,-0.030022438992275302,0.055354519669940094,,21.4484001159668,,
2018-04-16,20.5,20.5,20.25,20.25,1400,-0.06171813025753714,-0.056383929920488574,,21.206400299072264,,
2018-04-17,21.25,21.399999618530273,21.25,21.399999618530273,600,0.05679010461877887,-0.004651180533475685,,21.18640022277832,,
2018-04-18,22.450000762939453,22.5,22.25,22.270000457763672,3600,0.04065424554868047,0.08899753676892352,,21.550400161743163,,
2018-04-19,21.5,21.81999969482422,21.5,21.809999465942383,6800,-0.020655634592092076,-0.01977530490146595,,21.462400054931642,22.09330005645752,
2018-04-20,22.316999435424805,22.5,22.280000686645508,22.5,900,0.03163688908544415,0.04253541082495871,-0.11809667348476693,21.645999908447266,21.942650032043456,0.0497650160608749
2018-04-23,22.700000762939453,22.700000762939453,22.700000762939453,22.700000762939453,300,0.008888922797309018,0.1209876919970101,-0.05813032981912991,22.136000061035155,21.872600078582764,0.048404539794781265
2018-04-24,22.75,22.920000076293945,22.75,22.790000915527344,500,0.0039647642979301345,0.06495333279321502,-0.08252814913316231,22.41400032043457,21.770100116729736,0.0478248328075253
2018-04-25,22.75,22.75,22.75,22.75,200,-0.0017551958718917682,0.021553638633581285,-0.055232555146177864,22.510000228881836,21.703600120544433,0.04738824415970106
2018-04-26,22.0,22.0,22.0,22.0,100,-0.03296703296703296,0.008711624883545488,-0.059024773751161774,22.54800033569336,21.634600162506104,0.0475142904266156
2018-04-27,21.5,21.75,21.5,21.75,200,-0.011363636363636354,-0.033333333333333326,-0.04521512974533548,22.39800033569336,21.58310012817383,0.047245624218872836
2018-04-30,21.5,21.5,21.5,21.5,100,-0.011494252873563204,-0.05286346795629193,-0.06521739130434778,22.158000183105468,21.50810012817383,0.047225539970173175
2018-05-01,21.75,22.0,21.75,21.760000228881836,300,0.012093033901480643,-0.045195289393066496,0.024000010770909963,21.952000045776366,21.53360013961792,0.0439787745961447
2018-05-02,22.299999237060547,22.530000686645508,22.25,22.5,5400,0.034007342065004664,-0.01098901098901095,0.16883116883116878,21.90200004577637,21.69610013961792,0.03817237995062592
2018-05-03,22.25,22.25,22.25,22.25,100,-0.011111111111111072,0.011363636363636465,0.09876543209876543,21.952000045776366,21.79610013961792,0.036981880254827675
2018-05-04,23.25,23.25,23.0,23.0,200,0.03370786516853941,0.05747126436781613,0.12469433456852408,22.202000045776366,21.923600101470946,0.03751504517379406
2018-05-07,23.0,23.0,23.0,23.0,0,0.0,0.06976744186046502,0.07176146231253133,22.502000045776366,22.000600147247315,0.03614767273967459
2018-05-08,22.75,23.5,22.739999771118164,23.5,2400,0.021739130434782705,0.07996322393456046,0.09302325581395343,22.85,22.100600147247313,0.036355996278887484
2018-05-09,22.25,23.520000457763672,22.25,23.25,500,-0.010638297872340385,0.03333333333333344,0.1369192729877473,23.0,22.240600109100342,0.03432088779860157
2018-05-10,22.75,22.75,22.75,22.75,200,-0.021505376344086002,0.022471910112359605,0.022471910112359605,23.1,22.26560010910034,0.029043252560875234
2018-05-11,23.25,24.0,23.25,23.75,4400,0.04395604395604402,0.032608695652173836,0.10045404475967867,23.25,22.374000072479248,0.029522562565196277
2018-05-14,23.25,23.25,23.0,23.010000228881836,400,-0.03115788509971218,0.000434792560079833,0.13629630759910305,23.252000045776366,22.51200008392334,0.02651366444351309
2018-05-15,21.399999618530273,21.399999618530273,21.399999618530273,21.399999618530273,200,-0.0699696042736545,-0.08936171836041384,0.0,22.83199996948242,22.51200008392334,0.02895762337452539
2018-05-16,21.0,21.0,21.0,21.0,100,-0.018691571292548725,-0.09677419354838712,-0.05702741049207882,22.381999969482422,22.448500061035155,0.0276257906507006
2018-05-17,21.0,21.0,21.0,21.0,0,0.0,-0.07692307692307687,-0.037138903520252065,22.03199996948242,22.40800008773804,0.027298071565436278
2018-05-18,21.0,21.0,21.0,21.0,0,0.0,-0.11578947368421055,-0.06666666666666665,21.481999969482423,22.333000087738036,0.02616805355429218
2018-05-21,22.5,22.5,22.5,22.5,300,0.0714285714285714,-0.022164286128154465,-0.00881060600077066,21.379999923706055,22.323000049591066,0.03097337003693365
2018-05-22,21.25,21.25,21.0,21.0,200,-0.06666666666666665,-0.018691571292548725,-0.07854325772790016,21.3,22.233500003814697,0.03434242684813186
2018-05-23,20.5,20.5,20.0,20.0,900,-0.04761904761904767,-0.04761904761904767,-0.1208791208791209,21.1,22.096000003814698,0.03572197632668406
2018-05-24,19.5,19.5,19.5,19.5,1100,-0.025000000000000022,-0.0714285714285714,-0.11363636363636365,20.8,21.971000003814698,0.03544658848113888
2018-05-25,19.5,19.5,19.5,19.5,0,0.0,-0.0714285714285714,-0.10344827586206895,20.5,21.858500003814697,0.03543727956998181
2018-05-29,19.25,19.25,18.73200035095215,18.73200035095215,1100,-0.03938459738706934,-0.16746665106879344,-0.12874416972315583,19.74640007019043,21.720100021362306,0.03625206467231689
2018-05-30,19.496000289916992,19.496000289916992,19.496000289916992,19.496000289916992,100,0.04078581703240314,-0.07161903381347656,-0.1040441137477498,19.44560012817383,21.606900024414063,0.03755993815757258
2018-05-31,19.459999084472656,20.499000549316406,19.459999084472656,20.23699951171875,600,0.038007755990083325,0.011849975585937589,-0.10057779947916667,19.493000030517578,21.49375,0.037787474883091116
2018-06-01,20.75,21.0,20.75,21.0,200,0.03770324191782559,0.07692307692307687,-0.0561797752808989,19.79300003051758,21.43125,0.03890513450131537
2018-06-04,21.25,21.25,21.246000289916992,21.246000289916992,500,0.011714299519856697,0.08953847640599966,-0.07626085696013074,20.142200088500978,21.34355001449585,0.03814112079301637
2018-06-05,21.5,22.1299991607666,21.5,22.1299991607666,600,0.041607778348244695,0.1814007445094743,-0.037826123444930415,20.82179985046387,21.30004997253418,0.039441158648932
2018-06-06,22.5,22.5,22.0,22.0,600,-0.0058743409713757355,0.12843658559945936,-0.06382978723404253,21.322599792480467,21.22504997253418,0.03907810692451768
2018-06-07,22.010000228881836,22.010000228881836,21.916000366210938,21.969999313354492,1200,-0.0013636675747957794,0.08563521487620762,-0.05505379297400037,21.669199752807618,21.161049938201906,0.039032266069522245
2018-06-08,21.969999313354492,21.969999313354492,21.969999313354492,21.969999313354492,0,0.0,0.04619044349307111,-0.03428574446793442,21.863199615478514,21.12204990386963,0.03876489072495033
2018-06-11,21.969999313354492,21.969999313354492,21.969999313354492,21.969999313354492,0,0.0,0.03407695630038643,-0.07494739733244249,22.007999420166016,21.033049869537354,0.03729869688010943
2018-06-12,22.190000534057617,22.190000534057617,22.190000534057617,22.190000534057617,100,0.010013710859307912,0.0027113138529797354,-0.03563666608725047,22.019999694824218,20.992049884796142,0.03680878233541093
2018-06-13,22.476999282836914,22.476999282836914,22.06999969482422,22.253999710083008,5500,0.0028841448618788235,0.011545441367409426,0.03990654704560148,22.07079963684082,21.034749889373778,0.03305485223504982
2018-06-14,22.531999588012695,22.531999588012695,22.531999588012695,22.531999588012695,100,0.01249213092259227,0.025580350123934226,0.07295236133393779,22.18319969177246,21.111349868774415,0.032737712209934156
2018-06-15,22.25,22.25,22.25,22.25,100,-0.012515515407816813,0.012744683450004013,0.059523809523809534,22.239199829101562,21.173849868774415,0.03293793294057768
2018-06-18,22.25,22.25,22.25,22.25,0,0.0,0.012744683450004013,0.059523809523809534,22.295199966430665,21.236349868774415,0.03293793294057768
2018-06-19,21.350000381469727,21.350000381469727,21.299999237060547,21.299999237060547,400,-0.0426966635028968,-0.04010821431171574,-0.053333367241753526,22.11719970703125,21.17634983062744,0.03031541763711854
2018-06-20,20.702999114990234,20.79400062561035,20.702999114990234,20.79400062561035,400,-0.0237558042053726,-0.06560614287287647,-0.009809494018554688,21.82519989013672,21.166049861907958,0.02683899734049802
2018-06-21,21.395000457763672,21.399999618530273,21.395000457763672,21.399999618530273,200,0.02914297271750388,-0.050239658715627744,0.06999998092651372,21.598799896240234,21.236049842834472,0.025127524203788842
2018-06-22,21.399999618530273,21.399999618530273,21.399999618530273,21.399999618530273,100,0.0,-0.03820226433571805,0.09743587787334729,21.42879981994629,21.331049823760985,0.024231128111787122
2018-06-25,21.399999618530273,21.399999618530273,21.399999618530273,21.399999618530273,0,0.0,-0.03820226433571805,0.09743587787334729,21.258799743652343,21.4260498046875,0.024231128111787122
2018-06-26,21.399999618530273,21.399999618530273,21.399999618530273,21.399999618530273,0,0.0,0.004694853758291817,0.14243002442835806,21.27879981994629,21.559449768066408,0.02193067153599572
2018-06-27,21.040000915527344,21.040000915527344,21.040000915527344,21.040000915527344,100,-0.016822369599072684,0.011830349260161688,0.07919576336941692,21.327999877929688,21.636649799346923,0.02101069911334843
2018-06-28,21.43000030517578,21.579999923706055,21.43000030517578,21.579999923706055,4000,0.025665350982955415,0.008411229363757489,0.06636361340077146,21.363999938964845,21.70379981994629,0.02012258080123322
2018-06-29,22.040000915527344,22.040000915527344,22.0,22.040000915527344,1400,0.021316079399795074,0.029906603196520276,0.04952385312034968,21.49200019836426,21.755799865722658,0.01895231333529824
2018-07-02,22.030000686645508,22.03499984741211,21.841999053955078,21.841999053955078,300,-0.008983750151878245,0.020654179593633026,0.02805228070720389,21.58040008544922,21.785599803924562,0.01899294689148368
2018-07-03,21.9950008392334,21.9950008392334,21.9950008392334,21.9950008392334,100,0.007004935074869767,0.027803795855581015,-0.0061002406982706425,21.699400329589842,21.7788498878479,0.016574476733150545
2018-07-05,22.25,22.25,22.25,22.25,100,0.011593505389267733,0.05750945968731802,0.011363636363636465,21.941400146484376,21.7913498878479,0.01671793655278548
2018-07-06,22.639999389648438,22.670000076293945,22.584999084472656,22.670000076293945,1000,0.018876407923323457,0.050509738481996136,0.03186166521698319,22.159400177001952,21.826349925994872,0.017192393018922482
2018-07-09,22.020000457763672,22.020000457763672,22.020000457763672,22.020000457763672,100,-0.028672237156716185,-0.0009074617483151304,0.0022758828389579655,22.15540008544922,21.82884998321533,0.018489092016478522
2018-07-10,22.299999237060547,22.299999237060547,22.200000762939453,22.229999542236328,6600,0.009536742965807532,0.017763964155606438,0.011834330314420827,22.233000183105467,21.841849994659423,0.018604187165803285
2018-07-11,22.229999542236328,22.229999542236328,22.229999542236328,22.229999542236328,0,0.0,0.010684187044164739,0.0018025690498437719,22.279999923706054,21.84384994506836,0.01847617528920236
2018-07-12,23.0,23.469999313354492,23.0,23.469999313354492,300,0.05578046768566969,0.05483142981368494,0.05464184502170766,22.523999786376955,21.904649925231933,0.02226923336692599
2018-07-13,23.469999313354492,23.469999313354492,23.469999313354492,23.469999313354492,0,0.0,0.035288894325902875,0.0416296708012025,22.683999633789064,21.951549911499022,0.022160903867036928
2018-07-16,23.469999313354492,23.469999313354492,23.469999313354492,23.469999313354492,0,0.0,0.06584917463430795,0.05483142981368494,22.973999404907225,22.012549877166748,0.021896442044872108
2018-07-17,23.469999313354492,23.469999313354492,23.469999313354492,23.469999313354492,0,0.0,0.05578046768566969,0.05483142981368494,23.22199935913086,22.073549842834474,0.021896442044872108
2018-07-18,23.010000228881836,23.010000228881836,23.010000228881836,23.010000228881836,100,-0.01959945027398935,0.03508775090901506,0.08028173958081664,23.37799949645996,22.159049892425536,0.019881435350957093
2018-07-19,23.010000228881836,23.010000228881836,23.010000228881836,23.010000228881836,100,0.0,-0.01959945027398935,0.10656918036937113,23.28599967956543,22.269849872589113,0.018813466597468305
2018-07-20,24.100000381469727,24.100000381469727,24.100000381469727,24.100000381469727,300,0.04737071454783104,0.026842824309618152,0.12616826219947774,23.411999893188476,22.404849910736083,0.02040632770616152
2018-07-23,24.290000915527344,24.715999603271484,24.290000915527344,24.5939998626709,1000,0.020497903459827382,0.04789094939073335,0.14925235051756447,23.636800003051757,22.564549922943115,0.02059489145964829
2018-07-24,24.81399917602539,24.81399917602539,24.540000915527344,24.540000915527344,4100,-0.0021956146802096788,0.045590184638992115,0.14672903518550262,23.85080032348633,22.72154998779297,0.020640968977930284
2018-07-25,24.639999389648438,24.639999389648438,24.639999389648438,24.639999389648438,200,0.0040749172938221445,0.07083872857683193,0.15140186116230803,24.176800155639647,22.883549976348878,0.02058756719843475
2018-07-26,24.5,24.5,24.5,24.5,300,-0.005681793551799097,0.06475444399378749,0.16444861853210302,24.47480010986328,23.05654993057251,0.020044900946741502
2018-07-27,24.302000045776367,24.302000045776367,24.302000045776367,24.302000045776367,300,-0.008081630784638083,0.008381728676732925,0.1261353165752397,24.515200042724608,23.192649936676027,0.019884200213579818
2018-07-30,24.601999282836914,24.601999282836914,24.600000381469727,24.600000381469727,200,0.012262379027735637,0.00024398303782757758,0.11615242103455836,24.516400146484376,23.320649909973145,0.019621889342754516
2018-07-31,24.600000381469727,24.600000381469727,24.600000381469727,24.600000381469727,0,0.0,0.0024449659211063235,0.1262705542977871,24.528400039672853,23.458549976348877,0.01936952147391131
2018-08-01,24.698999404907227,24.91699981689453,24.66900062561035,24.66900062561035,500,0.0028048879297011275,0.0011769982418952107,0.12157307044095345,24.534200286865236,23.592249965667726,0.01938239565339053
2018-08-02,24.850000381469727,24.850000381469727,24.850000381469727,24.850000381469727,200,0.007337133700968446,0.014285729855907148,0.11685394972897645,24.60420036315918,23.72224998474121,0.01934024016069376
2018-08-03,25.26099967956543,25.26099967956543,25.26099967956543,25.26099967956543,200,0.016539206912937532,0.03946175755010484,0.1142919979952226,24.796000289916993,23.851799964904785,0.019263441106593057
2018-08-06,24.81999969482422,24.81999969482422,24.802000045776367,24.802000045776367,300,-0.01817028778003449,0.008211368340416803,0.12633966985372314,24.83640022277832,23.99089994430542,0.01840405646528507
2018-08-07,24.802000045776367,24.802000045776367,24.802000045776367,24.802000045776367,0,0.0,0.008211368340416803,0.11569953020706625,24.87680015563965,24.119499969482423,0.018434494929311887
2018-08-08,24.802000045776367,24.802000045776367,24.802000045776367,24.802000045776367,0,0.0,0.005391358255021572,0.11569953020706625,24.903400039672853,24.248099994659423,0.018434494929311887
2018-08-09,24.802000045776367,24.802000045776367,24.802000045776367,24.802000045776367,0,0.0,-0.0019316030163586406,0.05675333495489121,24.89379997253418,24.314700031280516,0.014178794310456641
2018-08-10,24.829999923706055,24.829999923706055,24.829999923706055,24.829999923706055,100,0.001128936290541338,-0.017061864586777498,0.05794634214487249,24.807600021362305,24.382700061798097,0.014169061757763494
2018-08-13,25.3700008392334,25.3700008392334,25.3700008392334,25.3700008392334,200,0.02174792256087721,0.022901410870441508,0.08095447726740246,24.92120018005371,24.47770013809204,0.014755988376748115
2018-08-14,25.113000869750977,25.200000762939453,25.113000869750977,25.200000762939453,300,-0.006700830534898894,0.016047121862289515,0.07371118449929326,25.000800323486327,24.56420021057129,0.014926717458456055
2018-08-15,25.235000610351562,25.235000610351562,25.235000610351562,25.235000610351562,300,0.001388882791764967,0.017458292225466465,0.09669710383909247,25.087400436401367,24.675450229644774,0.013907929122088837
2018-08-16,25.235000610351562,25.235000610351562,25.235000610351562,25.235000610351562,0,0.0,0.017458292225466465,0.09669710383909247,25.174000549316407,24.78670024871826,0.013907929122088837
2018-08-17,25.235000610351562,25.235000610351562,25.235000610351562,25.235000610351562,0,0.0,0.01631094192065774,0.047095444436363154,25.25500068664551,24.843450260162353,0.009640400266607828
2018-08-20,25.469999313354492,25.469999313354492,25.469999313354492,25.469999313354492,200,0.009312411227227368,0.003941603106549785,0.035618421386315324,25.275000381469727,24.887250232696534,0.008821708751904977
2018-08-21,25.579999923706055,25.600000381469727,25.579999923706055,25.579999923706055,400,0.004318830518927008,0.015079331319920009,0.042379746103459404,25.351000213623045,24.939250183105468,0.008787066244341207
2018-08-22,25.599000930786133,25.599000930786133,25.569000244140625,25.569000244140625,200,-0.000430010930345448,0.013235570664185126,0.03770295769091914,25.41780014038086,24.98570022583008,0.008791894118205265
2018-08-23,25.374000549316406,25.450000762939453,25.374000549316406,25.450000762939453,300,-0.0046540529572892675,0.00851991866010482,0.03877554134446748,25.460800170898438,25.03320026397705,0.00874821143598421
2018-08-24,25.434999465942383,25.434999465942383,25.434999465942383,25.434999465942383,200,-0.0005894419075583857,0.007925454755439043,0.04662165328087586,25.500799942016602,25.089850234985352,0.008451871112635803
2018-08-27,25.434999465942383,25.434999465942383,25.434999465942383,25.434999465942383,0,0.0,-0.0013741597312787457,0.03394305168798417,25.49379997253418,25.131600189208985,0.008130948069581524
2018-08-28,25.434999465942383,25.434999465942383,25.434999465942383,25.434999465942383,0,0.0,-0.005668508920881332,0.03394305168798417,25.464799880981445,25.173350143432618,0.008130948069581524
2018-08-29,25.434999465942383,25.434999465942383,25.434999465942383,25.434999465942383,0,0.0,-0.005240751570994684,0.031051068989669695,25.437999725341797,25.211650085449218,0.00813510679110241
2018-08-30,25.434999465942383,25.434999465942383,25.434999465942383,25.434999465942383,0,0.0,-0.0005894419075583857,0.023541210281384117,25.434999465942383,25.24090003967285,0.008025639816105537
2018-08-31,25.434999465942383,25.434999465942383,25.434999465942383,25.434999465942383,0,0.0,0.0,0.006888079988287554,25.434999465942383,25.2496000289917,0.007167540563274466
2018-09-04,24.559999465942383,24.559999465942383,24.559999465942383,24.559999465942383,200,-0.03440141609484326,-0.03440141609484326,-0.009757300999408525,25.259999465942382,25.2375,0.00980912148136658
2018-09-05,24.559999465942383,24.559999465942383,24.559999465942383,24.559999465942383,0,0.0,-0.03440141609484326,-0.009757300999408525,25.08499946594238,25.2253999710083,0.00980912148136658
2018-09-06,24.559999465942383,24.559999465942383,24.559999465942383,24.559999465942383,0,0.0,-0.03440141609484326,-0.009757300999408525,24.909999465942384,25.2132999420166,0.00980912148136658
2018-09-07,24.559999465942383,24.559999465942383,24.559999465942383,24.559999465942383,0,0.0,-0.03440141609484326,-0.009757300999408525,24.734999465942384,25.2011999130249,0.00980912148136658
2018-09-10,24.559999465942383,24.559999465942383,24.559999465942383,24.559999465942383,0,0.0,-0.03440141609484326,-0.010873961280438604,24.559999465942383,25.18769989013672,0.009802840195373214
2018-09-11,23.420000076293945,23.420000076293945,23.420000076293945,23.420000076293945,4400,-0.04641691426863781,-0.04641691426863781,-0.07686246347788361,24.331999588012696,25.090199851989745,0.012991568171365486
2018-09-12,22.639999389648438,22.829999923706055,22.639999389648438,22.799999237060547,1700,-0.02647313566241072,-0.07166124866258439,-0.09523815290547466,23.979999542236328,24.9701997756958,0.013933393192547043
2018-09-13,23.059999465942383,23.059999465942383,23.049999237060547,23.049999237060547,300,0.010964912647612568,-0.061482095346775956,-0.08658614307283641,23.67799949645996,24.86094970703125,0.014319947526469062
2018-09-14,22.700000762939453,22.700000762939453,22.700000762939453,22.700000762939453,100,-0.015184316082681448,-0.07573284786028645,-0.10045570779071966,23.305999755859375,24.734199714660644,0.014475042628139473
2018-09-17,22.700000762939453,22.700000762939453,22.700000762939453,22.700000762939453,0,0.0,-0.07573284786028645,-0.10045570779071966,22.93400001525879,24.60744972229004,0.014475042628139473
2018-09-18,22.700000762939453,22.700000762939453,22.700000762939453,22.700000762939453,0,0.0,-0.03074292532062306,-0.108755344526557,22.79000015258789,24.468949794769287,0.014130073068167121
2018-09-19,22.540000915527344,22.540000915527344,22.280000686645508,22.280000686645508,200,-0.01850220538228564,-0.022806954728744055,-0.12900700730660675,22.686000442504884,24.30394983291626,0.014204500382947799
2018-09-20,22.15999984741211,22.15999984741211,22.040000915527344,22.139999389648438,600,-0.0062837204974138805,-0.03947938731160483,-0.13410774069189413,22.50400047302246,24.132499790191652,0.014126773286058339
2018-09-21,22.735000610351562,22.735000610351562,22.735000610351562,22.735000610351562,200,0.026874491287534497,0.0015418434465099828,-0.10667976704116655,22.511000442504884,23.996749782562254,0.01604086933951379
2018-09-24,22.950000762939453,22.950000762939453,22.950000762939453,22.950000762939453,100,0.00945679115090936,0.011013215488880235,-0.09769997071674241,22.561000442504884,23.872499847412108,0.016356936039273816
2018-09-25,22.459999084472656,22.535999298095703,22.459999084472656,22.535999298095703,300,-0.018039278914199208,-0.0072247338912649894,-0.11397681260927328,22.528200149536133,23.727549839019776,0.01656288177779276
2018-09-26,22.6299991607666,22.8799991607666,22.6200008392334,22.8799991607666,1000,0.01526446012535887,0.026929912730242034,-0.1004521469952041,22.648199844360352,23.599799823760986,0.017188939991534154
2018-09-27,22.8799991607666,22.8799991607666,22.8799991607666,22.8799991607666,0,0.0,0.03342365815349346,-0.1004521469952041,22.796199798583984,23.4720498085022,0.017188939991534154
2018-09-28,22.940000534057617,22.940000534057617,22.940000534057617,22.940000534057617,200,0.0026224377400285714,0.009016930644493382,-0.0980931387565227,22.837199783325197,23.34729986190796,0.017240115147464645
2018-10-01,22.940000534057617,22.940000534057617,22.940000534057617,22.940000534057617,0,0.0,-0.00043573980607380935,-0.0980931387565227,22.835199737548827,23.22254991531372,0.017240115147464645
2018-10-02,22.940000534057617,22.940000534057617,22.940000534057617,22.940000534057617,0,0.0,0.017926927961701367,-0.06596086999640349,22.915999984741212,23.14154996871948,0.015809722637629572
2018-10-03,22.940000534057617,22.940000534057617,22.940000534057617,22.940000534057617,0,0.0,0.0026224377400285714,-0.06596086999640349,22.928000259399415,23.060550022125245,0.015809722637629572
2018-10-04,22.940000534057617,22.940000534057617,22.940000534057617,22.940000534057617,0,0.0,0.0026224377400285714,-0.06596086999640349,22.940000534057617,22.979550075531005,0.015809722637629572
2018-10-05,21.825000762939453,21.825000762939453,21.825000762939453,21.825000762939453,100,-0.04860504556060463,-0.04860504556060463,-0.11135988446561584,22.717000579833986,22.84280014038086,0.018741892224470317
2018-10-08,21.825000762939453,21.825000762939453,21.825000762939453,21.825000762939453,0,0.0,-0.04860504556060463,-0.11135988446561584,22.49400062561035,22.706050205230714,0.018741892224470317
2018-10-09,21.360000610351562,21.360000610351562,21.32699966430664,21.32699966430664,700,-0.022817918956431704,-0.07031389852656078,-0.08936807878604025,22.171400451660155,22.60140018463135,0.0166733022251493
2018-10-10,21.32699966430664,21.32699966430664,21.32699966430664,21.32699966430664,0,0.0,-0.07031389852656078,-0.0646052465808683,21.848800277709962,22.52775020599365,0.015871662693977807
2018-10-11,22.40999984741211,22.40999984741211,22.40999984741211,22.40999984741211,100,0.0507807099053883,-0.02310377830456667,-0.027765701120693542,21.742800140380858,22.49575023651123,0.019763448770340808
2018-10-12,23.200000762939453,23.200000762939453,22.950000762939453,23.149999618530273,1200,0.03302096279146638,0.060710140172859584,0.019823737465485047,22.007799911499024,22.51825017929077,0.020878974754076515
2018-10-15,22.649999618530273,22.649999618530273,22.649999618530273,22.649999618530273,200,-0.021598272494129045,0.03780063352812024,-0.002202693512275644,22.17279968261719,22.515750122070312,0.021493210660012217
2018-10-16,22.649999618530273,22.649999618530273,22.649999618530273,22.649999618530273,0,0.0,0.062034040186057515,-0.002202693512275644,22.437399673461915,22.513250064849853,0.021493210660012217
2018-10-17,22.260000228881836,22.260000228881836,22.260000228881836,22.260000228881836,200,-0.017218516389261862,0.04374738965915981,-0.0008976865865026884,22.623999786376952,22.51225004196167,0.021436550557648936
2018-10-18,22.260000228881836,22.260000228881836,22.260000228881836,22.260000228881836,0,0.0,-0.006693423451655911,0.00542009225571638,22.5939998626709,22.51825008392334,0.021382920571059238
2018-10-19,22.18000030517578,22.209999084472656,22.18000030517578,22.209999084472656,300,-0.002246232879382637,-0.04060477535840645,-0.023092215165363417,22.405999755859376,22.492000007629393,0.020463226294780493
2018-10-22,22.3700008392334,22.3700008392334,22.3700008392334,22.3700008392334,200,0.00720404148384679,-0.012361977219099152,-0.025272326990187333,22.35,22.46300001144409,0.020408946362732622
2018-10-23,22.3700008392334,22.3700008392334,22.3700008392334,22.3700008392334,0,0.0,-0.012361977219099152,-0.00736592403410008,22.294000244140626,22.454700088500978,0.020014881469531492
2018-10-24,21.375,21.375,21.375,21.375,200,-0.044479249079344085,-0.03975742227233081,-0.06577793776091101,22.11700019836426,22.379450130462647,0.02195303634470526
2018-10-25,21.375,21.375,21.375,21.375,0,0.0,-0.03975742227233081,-0.06577793776091101,21.940000152587892,22.304200172424316,0.02195303634470526
2018-10-26,21.375,21.375,21.375,21.375,0,0.0,-0.037595637951035155,-0.06822146894609515,21.77300033569336,22.225950145721434,0.021924451017320077
2018-10-29,21.375,21.375,21.375,21.375,0,0.0,-0.044479249079344085,-0.06822146894609515,21.57400016784668,22.147700119018555,0.021924451017320077
2018-10-30,21.375,21.375,21.375,21.375,0,0.0,-0.044479249079344085,-0.06822146894609515,21.375,22.069450092315673,0.021924451017320077
2018-10-31,21.375,21.375,21.375,21.375,0,0.0,0.0,-0.06822146894609515,21.375,21.991200065612794,0.021924451017320077
2018-11-01,21.375,21.375,21.375,21.375,0,0.0,0.0,-0.06822146894609515,21.375,21.912950038909912,0.021924451017320077
2018-11-02,21.375,21.375,21.375,21.375,100,0.0,0.0,-0.020618590937398262,21.375,21.89045000076294,0.01915720707086506
2018-11-05,18.9689998626709,18.9689998626709,18.829999923706055,18.829999923706055,400,-0.1190643310546875,-0.1190643310546875,-0.1372279832548342,20.86599998474121,21.74069995880127,0.03263340422292927
2018-11-06,18.288999557495117,18.288999557495117,18.010000228881836,18.010000228881836,3700,-0.04354751450592831,-0.15742688987687314,-0.1555305241072522,20.193000030517577,21.574849987030028,0.03348628507248403
2018-11-07,17.100000381469727,17.360000610351562,16.84000015258789,17.360000610351562,3100,-0.03609103888227039,-0.18783622875548245,-0.18600830479658792,19.39000015258789,21.376500034332274,0.03400894966954785
2018-11-08,17.149999618530273,17.149999618530273,17.100000381469727,17.100000381469727,1000,-0.014976971183215282,-0.19999998215346304,-0.23694776894679803,18.535000228881835,21.111000061035156,0.03089395467769621
2018-11-09,16.010000228881836,16.06999969482422,16.010000228881836,16.06999969482422,700,-0.06023395693965361,-0.24818714878015347,-0.3058315352212323,17.47400016784668,20.757000064849855,0.030626732625603666
2018-11-12,17.010000228881836,17.100000381469727,16.6299991607666,16.6299991607666,6600,0.0348475094322962,-0.1168348790150423,-0.2657836891457882,17.03400001525879,20.45600004196167,0.032766164908397184
2018-11-13,16.6299991607666,16.6299991607666,16.6299991607666,16.6299991607666,0,0.0,-0.07662415605648842,-0.2657836891457882,16.75799980163574,20.155000019073487,0.032766164908397184
2018-11-14,14.729999542236328,14.729999542236328,14.449999809265137,14.66100025177002,11800,-0.11840042142887375,-0.15547236541985843,-0.34137465853447246,16.218199729919434,19.775050020217897,0.04014190564988209
2018-11-15,16.054000854492188,16.054000854492188,16.020000457763672,16.020000457763672,200,0.09269491730822255,-0.06315788886627083,-0.28032343697022555,16.002199745178224,19.463050031661986,0.0472722729559209
2018-11-16,15.890000343322754,15.890000343322754,15.890000343322754,15.890000343322754,700,-0.008114863341212808,-0.011200955502160825,-0.28455646112873134,15.96619987487793,19.14705009460449,0.04720570491805036
2018-11-19,15.810999870300293,15.902999877929688,15.760000228881836,15.902999877929688,600,0.0008180953005703095,-0.04371613466776636,-0.28909256677190764,15.820800018310546,18.823700046539308,0.047065384141836926
2018-11-20,15.039999961853027,15.039999961853027,15.039999961853027,15.039999961853027,500,-0.05426648573860193,-0.09561029940787313,-0.327671014858646,15.502800178527831,18.457200002670287,0.0476653202879772
2018-11-21,15.350000381469727,15.553999900817871,15.350000381469727,15.553999900817871,200,0.03417552794338685,0.06090987202186571,-0.2723274900202166,15.681400108337403,18.16614999771118,0.048647247180704616
2018-11-23,16.75,16.75,16.75,16.75,100,0.07689341049302945,0.045568010073467446,-0.216374269005848,15.827400016784669,17.93489999771118,0.052729707768697155
2018-11-26,17.979999542236328,17.979999542236328,17.979999542236328,17.979999542236328,300,0.07343280849172107,0.13152921043150423,-0.15883043077256942,16.24539985656738,17.765149974822997,0.055975341204595165
2018-11-27,18.149999618530273,18.520000457763672,18.149999618530273,18.520000457763672,300,0.030033422095414597,0.16456018360824354,-0.13356723004614401,16.76879997253418,17.62239999771118,0.056575249254534186
2018-11-28,17.319000244140625,17.319000244140625,17.049999237060547,17.059999465942383,800,-0.07883374491004669,0.1343084780061714,-0.20187137001439148,17.17279987335205,17.4066499710083,0.05886517990020604
2018-11-29,16.389999389648438,16.389999389648438,16.389999389648438,16.389999389648438,100,-0.03927315927714392,0.053748199444607625,-0.2332164028234649,17.339999771118165,17.157399940490723,0.05918466291282195
2018-11-30,16.402000427246094,16.402000427246094,16.402000427246094,16.402000427246094,200,0.0007322170863066635,-0.020776093895755632,-0.23265495077211262,17.270399856567384,16.908749961853026,0.05919237400259323
2018-12-03,17.649999618530273,17.649999618530273,17.649999618530273,17.649999618530273,100,0.07608823062893433,-0.018353722586636367,-0.17426902369449015,17.204399871826173,16.722499942779542,0.06232964251393795
2018-12-04,18.2450008392334,18.540000915527344,18.07200050354004,18.540000915527344,2800,0.05042500375255998,0.0010799382974793215,-0.015400903311402314,17.208399963378906,16.707999992370606,0.057737786160177954
2018-12-06,18.540000915527344,18.540000915527344,18.540000915527344,18.540000915527344,100,0.0,0.08675272543469603,0.02942813325430005,17.5044002532959,16.734500026702882,0.05678989477092829
2018-12-07,18.540000915527344,18.540000915527344,18.540000915527344,18.540000915527344,0,0.0,0.13117764526805287,0.0679723654198583,17.93440055847168,16.79350004196167,0.05605105378892747
2018-12-10,18.540000915527344,18.540000915527344,18.540000915527344,18.540000915527344,0,0.0,0.13034998369648387,0.08421055566864566,18.36200065612793,16.865500068664552,0.05587265864622461
2018-12-11,17.84000015258789,18.049999237060547,17.84000015258789,18.049999237060547,100,-0.026429431190395314,0.02266286839521081,0.12321092593884986,18.442000579833984,16.96450004577637,0.054266050671963696
2018-12-12,17.809999465942383,18.145000457763672,17.809999465942383,18.145000457763672,100,0.00526322574618554,-0.021305309506908232,0.09110050351483201,18.36300048828125,17.04025011062622,0.05387574426141833
2018-12-13,18.34000015258789,18.34000015258789,17.969999313354492,18.209999084472656,200,0.0035821782898426413,-0.01779945063423971,0.09500902005055911,18.297000122070312,17.119250106811524,0.05386153319296877
2018-12-14,18.209999084472656,18.209999084472656,18.209999084472656,18.209999084472656,0,0.0,-0.01779945063423971,0.24207071630560595,18.230999755859376,17.296700048446656,0.04530237171805204
2018-12-17,18.50200080871582,18.614999771118164,18.5,18.614999771118164,1200,0.02224056600809199,0.004045245517113605,0.16198497123618338,18.24599952697754,17.42645001411438,0.041243324649545846
2018-12-18,18.614999771118164,18.614999771118164,18.614999771118164,18.614999771118164,0,0.0,0.031301969968926535,0.17149146437498364,18.35899963378906,17.56269998550415,0.04111265142380387
2018-12-19,18.614999771118164,18.614999771118164,18.614999771118164,18.614999771118164,0,0.0,0.025902413970642524,0.17053385612812666,18.45299949645996,17.698299980163576,0.04112135844959419
2018-12-20,18.614999771118164,18.614999771118164,18.614999771118164,18.614999771118164,0,0.0,0.02224056600809199,0.23769945600616027,18.533999633789062,17.87704997062683,0.03845139059824792
2018-12-21,18.614999771118164,18.614999771118164,18.614999771118164,18.614999771118164,0,0.0,0.02224056600809199,0.19679824416993452,18.614999771118164,18.030099964141847,0.038144907224169015
2018-12-24,17.65999984741211,17.889999389648438,17.65999984741211,17.889999389648438,100,-0.038947106655063735,-0.038947106655063735,0.06805966505363803,18.469999694824217,18.087099933624266,0.03614886812327945
2018-12-26,17.889999389648438,17.889999389648438,17.889999389648438,17.889999389648438,0,0.0,-0.038947106655063735,-0.005005570349235766,18.324999618530274,18.082599925994874,0.03223365328116641
2018-12-27,17.649999618530273,17.885000228881836,17.649999618530273,17.885000228881836,100,-0.00027943884500603033,-0.03921566216556971,-0.034287268530581505,18.17899971008301,18.05084991455078,0.03146266355728428
2018-12-28,17.979999542236328,18.170000076293945,17.979999542236328,18.170000076293945,600,0.015935132444218514,-0.0239054364918474,0.06506451612542574,18.089999771118165,18.10634994506836,0.025791887701918006
2018-12-31,18.170000076293945,18.170000076293945,18.170000076293945,18.170000076293945,0,0.0,-0.0239054364918474,0.10860285252784796,18.00099983215332,18.195349979400635,0.02378345058814657
2019-01-02,18.459999084472656,18.489999771118164,18.459999084472656,18.489999771118164,100,0.017611430571302877,0.03353831201452695,0.12730150527271067,18.120999908447267,18.29974994659424,0.023907114946425594
2019-01-03,18.489999771118164,18.489999771118164,18.489999771118164,18.489999771118164,0,0.0,0.03353831201452695,0.04759207766248319,18.24099998474121,18.341749954223634,0.01737419833506585
2019-01-04,18.09000015258789,18.09000015258789,17.920000076293945,17.920000076293945,200,-0.030827458187131618,0.0019569386057702864,-0.03344125181321567,18.247999954223634,18.31074991226196,0.014893208400164327
2019-01-07,17.920000076293945,17.920000076293945,17.920000076293945,17.920000076293945,0,0.0,-0.013758943255381184,-0.03344125181321567,18.197999954223633,18.279749870300293,0.014893208400164327
2019-01-08,17.920000076293945,17.920000076293945,17.920000076293945,17.920000076293945,0,0.0,-0.013758943255381184,-0.03344125181321567,18.147999954223632,18.248749828338624,0.014893208400164327
2019-01-09,17.920000076293945,17.920000076293945,17.920000076293945,17.920000076293945,0,0.0,-0.030827458187131618,-0.03344125181321567,18.03400001525879,18.217749786376952,0.014893208400164327
2019-01-10,17.26300048828125,17.26300048828125,17.110000610351562,17.110000610351562,100,-0.0452008628623789,-0.07463489333959827,-0.05207748844548232,17.75800018310547,18.170749855041503,0.016985352215724375
2019-01-11,17.110000610351562,17.110000610351562,17.110000610351562,17.110000610351562,0,0.0,-0.0452008628623789,-0.057040497178343474,17.596000289916994,18.118999862670897,0.01689878741918663
2019-01-14,17.135000228881836,17.135000228881836,17.135000228881836,17.135000228881836,100,0.0014611114926055269,-0.043805794869977266,-0.059033438200853716,17.43900032043457,18.065249919891357,0.01686328229803307
2019-01-15,17.135000228881836,17.135000228881836,17.135000228881836,17.135000228881836,0,0.0,-0.043805794869977266,-0.059033438200853716,17.28200035095215,18.011499977111818,0.01686328229803307
2019-01-16,16.809999465942383,16.809999465942383,16.665000915527344,16.665000915527344,100,-0.02742919796185861,-0.07003343501247072,-0.10475417026952172,17.031000518798827,17.914000034332275,0.016621612146859522
2019-01-17,16.665000915527344,16.665000915527344,16.665000915527344,16.665000915527344,0,0.0,-0.026008163585628075,-0.10475417026952172,16.942000579833984,17.816500091552733,0.016621612146859522
2019-01-18,17.06100082397461,17.270000457763672,17.06100082397461,17.270000457763672,300,0.036303600900053246,0.00935124732346937,-0.07225352295954934,16.974000549316408,17.74925012588501,0.019045982795316895
2019-01-22,15.682999610900879,15.682999610900879,15.604999542236328,15.604999542236328,300,-0.09641000992439741,-0.08929096388727331,-0.16169757001834395,16.668000411987304,17.598750114440918,0.028129662312522303
2019-01-23,15.604999542236328,15.604999542236328,15.604999542236328,15.604999542236328,0,0.0,-0.08929096388727331,-0.16169757001834395,16.362000274658204,17.448250102996827,0.028129662312522303
2019-01-24,15.265000343322754,15.265000343322754,15.265000343322754,15.265000343322754,100,-0.021787837801169774,-0.08400843056061058,-0.14672996846744268,16.082000160217284,17.317000150680542,0.027400820083905687
2019-01-25,15.199999809265137,15.199999809265137,15.095000267028809,15.095000267028809,100,-0.011136591711136568,-0.09420945468030029,-0.15623248842796944,15.768000030517578,17.17725019454956,0.027352834068088062
2019-01-28,13.170000076293945,13.4350004196167,13.0,13.4350004196167,4600,-0.10997017675037457,-0.2220613744351675,-0.24881183965986164,15.001000022888183,16.954750204086302,0.03549112059121151
2019-01-29,13.75,13.75,12.555000305175781,12.555000305175781,9300,-0.06550056471572663,-0.19545013306828052,-0.3090258529191724,14.391000175476075,16.674000215530395,0.036582280056043914
2019-01-30,11.89900016784668,12.25,11.680000305175781,12.21500015258789,3300,-0.027080855780443613,-0.21723803198283353,-0.3277380241442833,13.713000297546387,16.376250219345092,0.03639553051263464
2019-01-31,12.25,12.25,12.175000190734863,12.175000190734863,900,-0.003274659136582425,-0.20242385084121695,-0.3415359469202096,13.095000267028809,16.06050024032593,0.03558030524581231
2019-02-01,12.859999656677246,12.859999656677246,12.859999656677246,12.859999656677246,100,0.05626278892904368,-0.14806231009040483,-0.30448892288441864,12.648000144958496,15.779000234603881,0.03928019740370429
2019-02-04,12.579999923706055,12.579999923706055,12.520000457763672,12.520000457763672,1400,-0.026438507619791274,-0.06810568911609549,-0.3013392631439683,12.46500015258789,15.509000253677367,0.03921243276033335
2019-02-05,12.630000114440918,12.630000114440918,12.199999809265137,12.376999855041504,2000,-0.011421772962755261,-0.014177653987064942,-0.3093192074583292,12.429400062561035,15.231850242614746,0.03903442886507963
2019-02-06,11.890000343322754,11.890000343322754,11.75,11.75,1500,-0.05065846831904974,-0.03806796125904055,-0.34430803850587766,12.336400032043457,14.92335023880005,0.0394746697703328
2019-02-07,11.220000267028809,11.220000267028809,10.760000228881836,10.869999885559082,1700,-0.07489362676092914,-0.10718688170279311,-0.3934151875401599,12.0753999710083,14.570850229263305,0.04098941342866601
2019-02-08,11.020000457763672,11.020000457763672,11.020000457763672,11.020000457763672,200,0.013799500808078902,-0.14307925723452086,-0.35593219961099454,11.707400131225587,14.26635022163391,0.04149262325114084
2019-02-11,11.395000457763672,11.399999618530273,11.180000305175781,11.399999618530273,9300,0.034482681032820484,-0.08945693277022881,-0.3337230150866701,11.483399963378906,13.980850172042846,0.04309274017711448
2019-02-12,11.59000015258789,11.670000076293945,11.579999923706055,11.670000076293945,1100,0.023684251473552242,-0.05712206407270637,-0.3189378511577946,11.342000007629395,13.707600164413453,0.04393146683814546
2019-02-13,11.739999771118164,11.75,11.635000228881836,11.635000228881836,1400,-0.002999130007137474,-0.009787214563248048,-0.3209804450851127,11.319000053405762,13.432600164413453,0.0438716054004984
2019-02-14,11.239999771118164,11.239999771118164,11.085000038146973,11.085000038146973,400,-0.047271180052887773,0.019779223077409647,-0.33483351760162794,11.36200008392334,13.153600120544434,0.044312869641624314
2019-02-15,11.010000228881836,11.199999809265137,10.791000366210938,11.1899995803833,10500,0.00947221848218227,0.015426417019779981,-0.32853291535332585,11.395999908447266,12.879850053787232,0.04457887276081752
2019-02-19,10.979999542236328,11.09000015258789,10.979999542236328,10.989999771118164,1600,-0.01787308460813064,-0.035964900099265784,-0.36363639375714985,11.313999938964844,12.565850019454956,0.042662834930933195
2019-02-20,10.729999542236328,11.100000381469727,10.729999542236328,10.890000343322754,96000,-0.009099129197273514,-0.06683802295388641,-0.30214670536529054,11.157999992370605,12.330100059509277,0.03888900860674697
2019-02-21,10.649999618530273,10.694999694824219,10.649999618530273,10.694999694824219,700,-0.01790639507354108,-0.0807907619738788,-0.31464274216239196,10.969999885559082,12.084600067138672,0.03868052883753628
2019-02-22,10.88599967956543,10.9350004196167,10.88599967956543,10.925000190734863,1600,0.021505423326187767,-0.014433905896391486,-0.28431051784982775,10.93799991607666,11.867600059509277,0.03965536549981942
2019-02-25,11.015000343322754,11.130000114440918,11.015000343322754,11.09000015258789,5800,0.015102971072985305,-0.008936499691270305,-0.2653196451535561,10.918000030517579,11.667350053787231,0.04024795861600985
2019-02-26,11.140000343322754,11.289999961853027,11.140000343322754,11.154999732971191,7400,0.005861098240664386,0.015013645613228155,-0.1697060376206937,10.951000022888184,11.553350019454957,0.03356701148025275
2019-02-27,11.140000343322754,11.170000076293945,11.071999549865723,11.100000381469727,6900,-0.004930466411299128,0.019283749451462162,-0.11589007473828838,10.993000030517578,11.480600023269654,0.030791405175007426
2019-02-28,11.069999694824219,11.069999694824219,11.020000457763672,11.039999961853027,4800,-0.005405443022944767,0.032258090404226,-0.09619321948890236,11.06200008392334,11.42185001373291,0.030377324536157026
2019-03-01,10.819999694824219,10.819999694824219,10.710000038146973,10.710000038146973,4200,-0.029891297540427297,-0.019679647490553398,-0.12032855274226206,11.019000053405762,11.348600006103515,0.030894833096856786
2019-03-04,10.520000457763672,10.645000457763672,10.520000457763672,10.61400032043457,1500,-0.00896355904486179,-0.042921535221281726,-0.17465003080902064,10.923800086975097,11.236300039291383,0.027206563256872044
2019-03-05,10.25,10.359999656677246,10.244000434875488,10.25,7700,-0.03429435740017639,-0.08112951632766563,-0.18130993408678675,10.74280014038086,11.122800016403199,0.02752352307566416
2019-03-06,10.050000190734863,10.050000190734863,9.869000434875488,9.911999702453613,16400,-0.032975638785013306,-0.10702708452148835,-0.19915974642140966,10.505200004577636,10.999550008773804,0.02801678296188293
2019-03-07,9.649999618530273,9.649999618530273,9.522000312805176,9.555000305175781,7100,-0.03601688942640513,-0.13451083893192273,-0.18680848466589095,10.208200073242187,10.889800024032592,0.027092741823154114
2019-03-08,9.619999885559082,9.767999649047852,9.574000358581543,9.574000358581543,2000,0.001988493228563204,-0.10606906400739646,-0.11922718864967874,9.9810001373291,10.825000047683716,0.02244600990896789
2019-03-11,9.569999694824219,9.600000381469727,9.569999694824219,9.600000381469727,600,0.0027156906114880197,-0.0955341914784611,-0.1288566258900239,9.778200149536133,10.754000043869018,0.022062741776461194
2019-03-12,9.850000381469727,10.020000457763672,9.850000381469727,9.991999626159668,53500,0.04083325303263452,-0.025170768179544556,-0.12350877539346172,9.726600074768067,10.683600044250488,0.02272160346546429
2019-03-13,10.050000190734863,10.09000015258789,10.050000190734863,10.09000015258789,20000,0.009807899328944325,0.017958076622037744,-0.13538988118051642,9.762200164794923,10.604600048065185,0.021956047879418544
2019-03-14,10.760000228881836,11.020000457763672,10.720000267028809,11.020000457763672,3400,0.09217049465923477,0.153322878681053,-0.05285773605672439,10.0552001953125,10.573850059509278,0.03122788997917414
2019-03-15,10.979999542236328,11.029999732971191,10.96500015258789,10.96500015258789,8700,-0.004990953075417859,0.1452892982983378,-0.010825429422293587,10.33340015411377,10.567850065231323,0.02939780224892702
2019-03-18,10.470000267028809,10.479999542236328,10.279999732971191,10.279999732971191,8800,-0.06247153762738711,0.07083326296674164,-0.08132259888618676,10.469400024414062,10.522350072860718,0.032406765269786746
2019-03-19,10.109000205993652,10.119999885559082,9.770000457763672,9.982999801635742,35900,-0.028891044654687836,-0.0009007030485033152,-0.09162875254363778,10.467600059509277,10.472000074386596,0.0327514520640347
2019-03-20,10.883000373840332,10.916999816894531,10.588000297546387,10.631999969482422,2100,0.06501053598541984,0.053716532081074186,-0.02369149363696077,10.576000022888184,10.45910005569458,0.03619079550562384
2019-03-21,10.329999923706055,10.354999542236328,10.329999923706055,10.354999542236328,1900,-0.02605346388649199,-0.0603449081582248,-0.03179057150907927,10.442999839782715,10.442100048065186,0.036440982643555005
2019-03-22,10.4399995803833,10.442999839782715,10.4399995803833,10.442999839782715,10000,0.008498339105419417,-0.047606047016969355,-0.044119024488522895,10.33859977722168,10.418000030517579,0.03613306468653194
2019-03-25,10.40999984741211,10.4350004196167,10.40999984741211,10.4350004196167,100,-0.0007660078797991909,0.015077888197639888,-0.05906219332362628,10.369599914550781,10.385250043869018,0.03591954630003203
2019-03-26,10.079999923706055,10.079999923706055,9.972999572753906,9.972999572753906,2100,-0.044274156999005054,-0.0010017258419856567,-0.10596146916289106,10.367599868774414,10.326150035858154,0.0370417614912152
2019-03-27,10.100000381469727,10.100000381469727,9.973999977111816,9.973999977111816,500,0.00010031128053422655,-0.06188863753379392,-0.10144147438387918,10.235999870300294,10.269850015640259,0.03705894264318845
2019-03-28,10.015999794006348,10.045000076293945,10.015999794006348,10.045000076293945,400,0.007118518081517866,-0.029937178140660103,-0.09012680153959662,10.173999977111816,10.220100021362304,0.03715197307116585
2019-03-29,9.395999908447266,9.456999778747559,9.319999694824219,9.359000205993652,8000,-0.06829266949626434,-0.10380155610647002,-0.12614377472841432,9.957200050354004,10.15255002975464,0.03947644290454135
2019-04-01,9.390000343322754,9.390000343322754,9.300000190734863,9.300000190734863,300,-0.006304093809187505,-0.10876858488171748,-0.12379876484174701,9.730200004577636,10.086850023269653,0.039470368728526675
2019-04-02,9.460000038146973,9.460000038146973,9.4350004196167,9.4350004196167,900,0.014516153345494498,-0.053945570659304276,-0.0795121541837367,9.622600173950195,10.046100044250489,0.03912684607180687
2019-04-03,9.329999923706055,9.5600004196167,9.289999961853027,9.5600004196167,1000,0.013248542071085279,-0.041507876322955384,-0.0355124388018071,9.539800262451172,10.028500080108643,0.03865106570224538
2019-04-04,9.59000015258789,9.600000381469727,9.430000305175781,9.430000305175781,3600,-0.013598337733768617,-0.06122446654525715,-0.01308215552146974,9.41680030822754,10.022250080108643,0.037903062169609855
2019-04-05,9.640000343322754,9.649999618530273,9.489999771118164,9.545000076293945,4600,0.012195097284890322,0.019873903857932973,-0.003029066346504128,9.454000282287598,10.020800065994262,0.037999573641941405
2019-04-08,9.649999618530273,9.654999732971191,9.579999923706055,9.654999732971191,700,0.011524322241803109,0.03817199300597829,0.0057290988870819515,9.525000190734863,10.023550033569336,0.038077225396051136
2019-04-09,9.800000190734863,9.84000015258789,9.800000190734863,9.84000015258789,100,0.019161100438453094,0.04292524800837727,-0.015212117619963994,9.6060001373291,10.015950059890747,0.03718088014965674
2019-04-10,9.680000305175781,9.704999923706055,9.670000076293945,9.704999923706055,900,-0.013719535242723624,0.015167311477499723,-0.03815661279084226,9.635000038146973,9.996700048446655,0.03722258995325782
2019-04-11,9.210000038146973,9.350000381469727,9.199999809265137,9.255000114440918,6300,-0.046367832334129,-0.018557813899413356,-0.16016336388437247,9.6,9.908450031280518,0.031340365464982464
2019-04-12,9.61299991607666,9.664999961853027,9.609999656677246,9.664999961853027,800,0.04430036113909619,0.012572015149283855,-0.11855906727261156,9.623999977111817,9.843450021743774,0.03347301991439567
2019-04-15,10.0,10.140000343322754,10.0,10.130999565124512,3700,0.04821516866122577,0.04930086435194947,-0.014494180128117096,9.719199943542481,9.836000013351441,0.032744201020161054
2019-04-16,10.15999984741211,10.15999984741211,10.0,10.074000358581543,3000,-0.00562621745036751,0.02378050837043033,0.009115552314334474,9.76599998474121,9.84055004119873,0.03207848722730268
2019-04-17,10.375,10.4350004196167,10.244999885559082,10.4350004196167,4300,0.03583482709801955,0.07521901098911887,-0.018528926865235218,9.91200008392334,9.830700063705445,0.029577608079810115
2019-04-18,10.687999725341797,10.819999694824219,10.65999984741211,10.725000381469727,17800,0.027791082912450804,0.15883309009743973,0.03573161328730401,10.206000137329102,9.849200105667114,0.029581169675486657
2019-04-22,10.781999588012695,10.8100004196167,10.755999565124512,10.770000457763672,6000,0.004195811160220941,0.11433010866756255,0.03131290079458249,10.42700023651123,9.865550136566162,0.02954841122557676
2019-04-23,11.020000457763672,11.149999618530273,10.960000038146973,11.088000297546387,6100,0.02952644626430634,0.09446261706656323,0.06257784874661976,10.618400382995606,9.898200130462646,0.03017100459474023
2019-04-24,11.104000091552734,11.130000114440918,11.0,11.0,2300,-0.007936534558522723,0.09191975466127955,0.10297808796180474,10.803600311279297,9.949550151824951,0.028171988403486174
2019-04-25,11.128000259399414,11.128000259399414,10.979999542236328,11.055000305175781,400,0.005000027743252922,0.059415415488968115,0.10838182580154676,10.927600288391114,10.00360016822815,0.028145737362808107
2019-04-26,11.413000106811523,11.460000038146973,11.319999694824219,11.406000137329102,2500,0.03175032315367621,0.0634964784743488,0.13549029872554175,11.063800239562989,10.071650171279908,0.02875089461594047
2019-04-29,11.949999809265137,12.010000228881836,11.843999862670898,12.010000228881836,3000,0.05295459269511893,0.11513460709505319,0.28325675441169884,11.31180019378662,10.204200172424317,0.024568981233297222
2019-04-30,12.378999710083008,12.399999618530273,12.291000366210938,12.385000228881836,3300,0.03122397942159849,0.11697329514163668,0.3317204274060561,11.571200180053712,10.358450174331665,0.024463333455008802
2019-05-01,12.340999603271484,12.380000114440918,12.229999542236328,12.25100040435791,1600,-0.010819525397459229,0.11372730948708276,0.2984631541601577,11.821400260925293,10.499250173568726,0.025121008548879106
2019-05-02,12.25,12.350000381469727,12.220000267028809,12.281999588012695,5700,0.002530338962666079,0.11099043409907927,0.28472793398738494,12.066800117492676,10.635350131988526,0.02523941565545687
2019-05-03,12.220000267028809,12.25100040435791,12.220000267028809,12.25100040435791,3300,-0.002523952507296978,0.07408383805496599,0.29915164452686027,12.235800170898438,10.776400136947633,0.024743939400266868
2019-05-06,11.3100004196167,11.3100004196167,11.149999618530273,11.21500015258789,6200,-0.08456454310469985,-0.0661948427263237,0.1749607190094815,12.07680015563965,10.85990014076233,0.033064668287486595
2019-05-07,11.220000267028809,11.220000267028809,11.0,11.104999542236328,1000,-0.009808346754786257,-0.10335088114577051,0.15018123763519986,11.820800018310546,10.932400131225586,0.03330931227976617
2019-05-08,11.694000244140625,11.789999961853027,11.59000015258789,11.789999961853027,4100,0.0616839664883726,-0.03762961613656435,0.19817070925067948,11.72859992980957,11.029900121688843,0.0353817187578031
2019-05-09,11.829000473022461,11.845000267028809,11.795999526977539,11.845000267028809,1400,0.00466499621320926,-0.035580470252612684,0.22050493149365735,11.641200065612793,11.13690013885498,0.034978258316620804
2019-05-10,12.180000305175781,12.25,12.149999618530273,12.25,4200,0.03419161872866572,-8.165899313450353e-05,0.32360884370880494,11.64099998474121,11.286650133132934,0.03263242710995749
2019-05-13,12.40999984741211,12.40999984741211,12.114999771118164,12.114999771118164,3000,-0.011020426847496823,0.08024963052029888,0.25349196264201623,11.820999908447266,11.409150123596191,0.03232820105518668
2019-05-14,12.152000427246094,12.1850004196167,12.152000427246094,12.1850004196167,800,0.005778014842841017,0.0972535724357968,0.20274414595406642,12.03700008392334,11.511850166320801,0.03118928272366981
2019-05-15,11.920000076293945,11.920000076293945,11.800000190734863,11.800000190734863,1300,-0.031596242562455856,0.0008481958366575171,0.1713321193882058,12.039000129699707,11.598150157928467,0.032380603962014975
2019-05-16,11.87399959564209,11.890000343322754,11.835000038146973,11.835000038146973,200,0.0029660887157942906,-0.0008442573791807018,0.13416382963420115,12.03700008392334,11.66815013885498,0.03174505494672748
2019-05-17,12.024999618530273,12.024999618530273,11.899999618530273,12.024999618530273,4600,0.016054041383260387,-0.018367378079161334,0.12121204576427225,11.992000007629395,11.733150100708007,0.03144362637487324
2019-05-20,11.979999542236328,11.979999542236328,11.75,11.835000038146973,11100,-0.015800381406292585,-0.0231118232159363,0.09888575070724204,11.936000061035156,11.786400079727173,0.03182670182190363
2019-05-21,12.039999961853027,12.039999961853027,11.951000213623047,11.96500015258789,1300,0.010984378033113362,-0.018055006930867923,0.07909450139855889,11.892000007629395,11.830250072479249,0.03134763024393355
2019-05-22,12.072999954223633,12.072999954223633,12.041999816894531,12.045000076293945,600,0.006686161528276502,0.020762701830416175,0.09500000693581323,11.940999984741211,11.882500076293946,0.03121782121975843
2019-05-23,12.079999923706055,12.234999656677246,12.079999923706055,12.234999656677246,900,0.015774145220409208,0.03379802427046741,0.10673897050450631,12.020999908447266,11.941500043869018,0.03131034127686225
2019-05-24,12.291000366210938,12.293000221252441,12.140000343322754,12.204999923706055,1500,-0.002451960262607744,0.014968840822115581,0.07005083085717478,12.056999969482423,11.981450033187866,0.03073303567341134
2019-05-28,12.520000457763672,12.529999732971191,12.364999771118164,12.364999771118164,1700,0.013109368980932068,0.04478240230358077,0.029558662403903924,12.16299991607666,11.999200010299683,0.02859940389859708
2019-05-29,12.413999557495117,12.520000457763672,12.395000457763672,12.515999794006348,2300,0.012211890471756082,0.04605095147443716,0.010577275955071963,12.273199844360352,12.005749988555909,0.02787866061545257
2019-05-30,12.25100040435791,12.260000228881836,12.180000305175781,12.180000305175781,1000,-0.02684559718445101,0.011207989043315436,-0.005795453174327947,12.300199890136719,12.002199983596801,0.028457616974807576
2019-05-31,12.274999618530273,12.274999618530273,12.210000038146973,12.25,1000,0.005747101237302266,0.0012260191045094793,-0.0026054053970110402,12.303199958801269,12.000600004196167,0.028481149409829775
2019-06-03,12.270000457763672,12.444999694824219,12.210000038146973,12.444999694824219,1600,0.015918342434630084,0.01966405347139788,0.015835383565679928,12.351199913024903,12.010299968719483,0.02868402690011608
2019-06-04,12.649999618530273,12.649999618530273,12.489999771118164,12.489999771118164,900,0.003615916223176807,0.010109179321779793,0.11368699074302402,12.376199913024902,12.074049949645996,0.020387022984341783
2019-06-05,12.600000381469727,12.600000381469727,12.496999740600586,12.5,700,0.0008006588522893043,-0.0012783472570853105,0.12561913689937398,12.372999954223634,12.143799972534179,0.02010121449087032
2019-06-06,12.470000267028809,12.470000267028809,12.425000190734863,12.425000190734863,300,-0.005999984741210884,0.020114932628940263,0.05385922230164564,12.42199993133545,12.175549983978271,0.015403501524274487
2019-06-07,12.350000381469727,12.350000381469727,12.229999542236328,12.295000076293945,2400,-0.010462785709883349,0.003673475615832311,0.03799069642216346,12.430999946594238,12.198049974441528,0.015673035541900072
2019-06-10,12.149999618530273,12.149999618530273,12.010000228881836,12.085000038146973,1800,-0.017080116864079953,-0.028927253154290344,-0.013469384641063509,12.35900001525879,12.189799976348876,0.014256681468562012
2019-06-11,12.095999717712402,12.095999717712402,11.932000160217285,12.010000228881836,600,-0.006206024743764638,-0.038430708649513146,-0.008666904186547697,12.263000106811523,12.18454999923706,0.014111030706094176
2019-06-12,11.859999656677246,11.859999656677246,11.859999656677246,11.859999656677246,0,-0.012489639412651021,-0.05120002746582031,-0.02667219956892508,12.135000038146973,12.168299961090089,0.014284342446612665
2019-06-13,11.90999984741211,12.109000205993652,11.90999984741211,12.085000038146973,3800,0.018971364922683698,-0.027364196971314647,0.024152529051303384,12.067000007629394,12.182549953460693,0.013053106560840255
2019-06-14,12.321000099182129,12.385000228881836,12.321000099182129,12.385000228881836,1500,0.024824177888944643,0.007320061165466907,0.04647234380752718,12.085000038146973,12.210049962997436,0.014077037919570037
2019-06-17,12.406000137329102,12.406000137329102,12.3100004196167,12.369999885559082,600,-0.0012111702095711774,0.023582941374637345,0.02869025180650908,12.142000007629395,12.227299976348878,0.013718403148490557
2019-06-18,12.470000267028809,12.470000267028809,12.380000114440918,12.385000228881836,500,0.0012126389217081979,0.03122397942159849,0.04647234380752718,12.217000007629395,12.25479998588562,0.013102513396419904
2019-06-19,12.508000373840332,12.508000373840332,12.444999694824219,12.444999694824219,200,0.004844526833553298,0.049325468387987126,0.04011696916965857,12.33400001525879,12.278799962997436,0.01296085893450244
2019-06-20,12.404999732971191,12.404999732971191,12.404999732971191,12.404999732971191,0,-0.003214139239365643,0.026479080994135096,0.02988789160622507,12.397999954223632,12.2967999458313,0.012963469150378836
2019-06-21,12.607000350952148,12.6899995803833,12.598999977111816,12.6899995803833,1500,0.022974595207334803,0.024626511575688736,0.0371883887595974,12.458999824523925,12.319549942016602,0.013469310706959232
2019-06-24,12.770000457763672,12.960000038146973,12.75,12.960000038146973,1400,0.021276632521016747,0.04769605158013501,0.06185990324952506,12.576999855041503,12.357299947738648,0.014095067491264195
2019-06-25,12.84000015258789,13.005000114440918,12.84000015258789,13.005000114440918,2100,0.00347222809888037,0.05006054696012363,0.051759025893203026,12.70099983215332,12.389299964904785,0.013898225604326655
2019-06-26,13.062999725341797,13.062999725341797,12.994999885559082,12.994999885559082,800,-0.0007689526177497852,0.0441944720146199,0.038271021047964426,12.810999870300293,12.413249969482422,0.013728681506618552
2019-06-27,13.005999565124512,13.005999565124512,12.930000305175781,12.930000305175781,100,-0.005001891570274863,0.042321691536130635,0.061576353136977735,12.91599998474121,12.450749969482422,0.012086339971113415
2019-06-28,12.925000190734863,13.149999618530273,12.907999992370605,13.149999618530273,1100,0.017014641002477626,0.03624901917712098,0.07346935661471621,13.007999992370605,12.495749950408936,0.012474499947604403
2019-07-01,13.350000381469727,13.4399995803833,13.350000381469727,13.420000076293945,4900,0.020532354798185937,0.03549382999945916,0.07834474932733193,13.1,12.544499969482422,0.012753372921999098
2019-07-02,14.279999732971191,14.336000442504883,14.220000267028809,14.302000045776367,8200,0.06572279914069812,0.09973086658378749,0.14507608549747664,13.35939998626709,12.635099983215332,0.018813481756544095
2019-07-03,14.949999809265137,15.100000381469727,14.949999809265137,15.020000457763672,5200,0.05020279748910661,0.15582921046847464,0.20160003662109371,13.764400100708007,12.761100006103515,0.021069945486564056
2019-07-05,15.039999961853027,15.104999542236328,14.899999618530273,14.899999618530273,100800,-0.007989403167519282,0.15235879867426738,0.19919512191565047,14.158399963378907,12.884849977493285,0.02115116711613402
2019-07-08,14.529999732971191,15.138999938964844,14.34000015258789,15.065999984741211,8700,0.011140964460461644,0.14570345412869923,0.22537616032959984,14.541600036621094,13.02339997291565,0.02063237293420067
2019-07-09,15.600000381469727,15.84000015258789,15.600000381469727,15.774999618530273,9600,0.0470595801478253,0.17548431660565855,0.3053371591837495,15.01259994506836,13.207899951934815,0.02111348977305617
2019-07-10,15.449999809265137,15.779999732971191,15.222999572753906,15.779999732971191,4700,0.0003169644730161014,0.10334216770131421,0.3139050318269938,15.308199882507324,13.396399927139282,0.020839742404574545
2019-07-11,16.149999618530273,16.350000381469727,16.139999389648438,16.30500030517578,4100,0.03326999880156145,0.08555258377158759,0.37478927294875386,15.565199851989746,13.618649959564209,0.020289498793323524
2019-07-12,16.559999465942383,16.604999542236328,16.5,16.604999542236328,11100,0.018399216893318027,0.11442952801056738,0.3740173346977018,15.906199836730957,13.844649934768677,0.020285836928969996
2019-07-15,16.989999771118164,17.18000030517578,16.868999481201172,17.125,17600,0.03131589714537508,0.13666534032551025,0.38272100795480646,16.317999839782715,14.081649923324585,0.020482012905687512
2019-07-16,17.1200008392334,17.1200008392334,16.506999969482422,16.575000762939453,11800,-0.03211674376995899,0.050713227496338664,0.3399354014780025,16.47800006866455,14.291899967193604,0.022912477848283087
2019-07-17,16.979999542236328,17.010000228881836,16.790000915527344,16.975000381469727,3200,0.024132705889501116,0.07572881297340373,0.3706096138685573,16.717000198364257,14.521399974822998,0.02276015469927478
2019-07-18,17.1200008392334,17.25,17.1200008392334,17.19499969482422,52200,0.012960194899002575,0.054584444832296075,0.3816793986725038,16.895000076293947,14.758899974822999,0.022620290276008644
2019-07-19,17.270000457763672,17.565000534057617,17.270000457763672,17.565000534057617,20200,0.02151793229428023,0.057813972796532775,0.41596137945667855,17.0870002746582,15.016900014877319,0.022155062825198035
2019-07-22,17.770000457763672,18.0,17.770000457763672,17.988000869750977,6900,0.02408199959192614,0.0503942113723197,0.41749420524469794,17.2596004486084,15.281800079345704,0.02217012923653121
2019-07-23,17.3700008392334,17.3700008392334,16.979999542236328,17.065000534057617,18100,-0.05131200194933816,0.02956257909886606,0.3167438644928877,17.35760040283203,15.487050104141236,0.02699280947553752
2019-07-24,16.25,16.520000457763672,16.139999389648438,16.350000381469727,35000,-0.04189863054272536,-0.03681885042443145,0.25720878412868897,17.23260040283203,15.654300117492676,0.02971128439256783
2019-07-25,16.860000610351562,16.91699981689453,16.600000381469727,16.899999618530273,11000,0.03363909628307349,-0.01715615478508803,0.30050017447946953,17.17360038757324,15.849550104141235,0.02993267983191276
2019-07-26,16.756999969482422,16.756999969482422,16.5,16.594999313354492,43300,-0.018047355743213034,-0.055223523553121656,0.2834492592170814,16.979600143432616,16.032800054550172,0.03049732186107114
2019-07-29,16.17099952697754,16.465999603271484,16.128000259399414,16.389999389648438,2500,-0.012353114322884329,-0.08883708043342242,0.24638782244164714,16.65999984741211,16.194800043106078,0.03099662002948818
2019-07-30,16.163000106811523,16.285999298095703,16.149999618530273,16.190000534057617,2800,-0.012202493168921968,-0.05127453692449124,0.20640837868971396,16.48499984741211,16.333300065994262,0.03135832629192111
2019-07-31,16.260000228881836,16.260000228881836,16.010000228881836,16.1200008392334,1200,-0.004323637585864515,-0.014067249961473904,0.1271151438706588,16.438999938964844,16.424200105667115,0.028583425284550865
2019-08-01,15.98900032043457,15.98900032043457,15.9350004196167,15.9350004196167,2300,-0.011476452232337286,-0.05710054560329603,0.060918770570348,16.24600009918213,16.469950103759764,0.026884379160432414
2019-08-02,15.46399974822998,15.574999809265137,15.46399974822998,15.574999809265137,1000,-0.02259181681027045,-0.061464269134891225,0.04530202738363864,16.042000198364256,16.50370011329651,0.02740060368158644
2019-08-05,14.84000015258789,14.859999656677246,14.619999885559082,14.680000305175781,17900,-0.05746385329372172,-0.10433185772738063,-0.02562058143876067,15.700000381469726,16.48440012931824,0.030401791916945923
2019-08-06,15.020000457763672,15.869999885559082,15.020000457763672,15.75,8200,0.07288826107496504,-0.027177302010090942,-0.001584761910289223,15.612000274658204,16.483150148391722,0.03298324636190964
2019-08-07,15.52400016784668,15.579999923706055,15.52400016784668,15.579999923706055,600,-0.010793655637710842,-0.03349881435570845,-0.012674259356750928,15.504000091552735,16.473150157928465,0.03307879980697605
2019-08-08,15.989999771118164,16.145000457763672,15.979999542236328,16.145000457763672,800,0.036264476047777716,0.013178539856732785,-0.009812931273685432,15.546000099182129,16.465150165557862,0.0332442436798809
2019-08-09,16.93600082397461,17.09000015258789,16.780000686645508,17.079999923706055,1400,0.057912631739367226,0.0966292220142202,0.02860586537575749,15.847000122070312,16.488900184631348,0.03549146770956372
2019-08-12,17.09000015258789,17.100000381469727,17.06999969482422,17.070999145507812,2000,-0.0005269776486210853,0.16287457701816455,-0.0031533345688868897,16.32519989013672,16.48620014190674,0.03481525043279885
2019-08-13,18.054000854492188,18.054000854492188,17.893999099731445,17.920000076293945,30400,0.04973352312594681,0.13777778262183782,0.08114625951401555,16.75919990539551,16.553450107574463,0.03559201409329309
2019-08-14,18.31999969482422,18.530000686645508,18.19300079345703,18.39900016784668,5500,0.026729915709453378,0.18093711540083635,0.08388805622245643,17.322999954223633,16.624650096893312,0.03567203684227923
2019-08-15,18.56999969482422,18.56999969482422,18.110000610351562,18.320999145507812,18300,-0.004239416361068282,0.13477848411566717,0.06548412158579597,17.75819969177246,16.68095006942749,0.03566814186047398
2019-08-16,18.304000854492188,18.33099937438965,18.184999465942383,18.184999465942383,3000,-0.007423158447053102,0.06469552383912203,0.03529740467030562,17.979199600219726,16.711950016021728,0.03549716780666912
2019-08-19,17.604000091552734,17.788000106811523,17.59000015258789,17.75,3800,-0.023920785192051763,0.039775109160547606,-0.013231090629487574,18.114999771118164,16.70004997253418,0.03557176410081774
2019-08-20,17.885000228881836,18.094999313354492,17.885000228881836,18.094999313354492,1900,0.01943658103405599,0.009765582383677085,0.060357383361415495,18.149999618530273,16.751549911499023,0.03367506651115306
2019-08-21,18.500999450683594,18.954999923706055,18.500999450683594,18.924999237060547,6300,0.04586902211670707,0.028588459395368693,0.1574922810710877,18.255199432373047,16.880299854278565,0.03316695997582654
2019-08-22,19.6299991607666,19.639999389648438,19.433000564575195,19.459999084472656,2900,0.028269477885337402,0.06216909514152347,0.15147926175900217,18.482999420166017,17.008299827575684,0.032968400250942255
2019-08-23,19.388999938964844,19.709999084472656,19.327999114990234,19.5310001373291,5100,0.003648564038890356,0.07401708611031665,0.17692081623720957,18.752199554443358,17.155099868774414,0.03243312616212668
2019-08-26,19.60700035095215,19.6299991607666,19.514999389648438,19.549999237060547,4000,0.0009727663508194428,0.101408407721721,0.1928004859724337,19.11219940185547,17.31309986114502,0.03211377263737729
2019-08-27,20.239999771118164,20.6299991607666,20.239999771118164,20.440000534057617,6400,0.04552436479434285,0.1295938828233314,0.2625077121560073,19.581199645996094,17.525599861145018,0.032665301847457376
2019-08-28,20.43000030517578,20.510000228881836,20.40999984741211,20.40999984741211,3600,-0.0014677439266951309,0.07846767081731287,0.26612895687558336,19.878199768066406,17.740099811553954,0.032595322459898136
2019-08-29,20.336000442504883,20.56800079345703,20.190000534057617,20.405000686645508,3800,-0.0002449368350796455,0.04856123569537463,0.28051459989458416,20.067200088500975,17.963599824905394,0.03225791036333285
2019-08-30,21.290000915527344,21.360000610351562,21.06999969482422,21.135000228881836,5700,0.03577552157173369,0.0821258553210007,0.356982374812564,20.388000106811525,18.24159984588623,0.03150672172350996
2019-09-03,22.110000610351562,22.110000610351562,21.40399932861328,21.59000015258789,33600,0.021528266798136908,0.10434787698917924,0.47070842668687307,20.796000289916993,18.587099838256837,0.02636441823415356
2019-09-04,21.209999084472656,21.40999984741211,20.899999618530273,21.066999435424805,11900,-0.024224210906288346,0.030675092220397326,0.3375872657412575,20.92140007019043,18.852949810028075,0.024978074343077212
2019-09-05,20.850000381469727,20.850000381469727,20.459999084472656,20.59000015258789,19400,-0.022642013367828007,0.008819221289636747,0.32156612666337514,20.957400131225587,19.103449821472168,0.02574917063689313
2019-09-06,20.530000686645508,20.589000701904297,20.110000610351562,20.450000762939453,31000,-0.006799387499316856,0.002205345492754418,0.2666460317816608,20.966400146484375,19.318699836730957,0.025620304012118574
2019-09-09,20.389999389648438,20.389999389648438,20.190000534057617,20.190000534057617,2100,-0.012713947148257465,-0.04471254717720974,0.1820843456817034,20.77740020751953,19.474199867248537,0.02378924179316121
2019-09-10,20.459999084472656,20.469999313354492,20.200000762939453,20.33799934387207,2200,0.0073303024219737445,-0.0579898471453113,0.1913772105848861,20.52700004577637,19.637549877166748,0.023694154342290837
2019-09-11,20.506999969482422,20.81100082397461,20.447999954223633,20.80500030517578,2400,0.022961991167750773,-0.01243647112879609,0.16099331565842756,20.47460021972656,19.78179988861084,0.021968622114201107
2019-09-12,20.8700008392334,21.229000091552734,20.860000610351562,21.19499969482422,16900,0.018745464259926736,0.029383173275998598,0.15196475359914996,20.595600128173828,19.921599864959717,0.021675550344665014
2019-09-13,21.25,21.299999237060547,21.114999771118164,21.114999771118164,900,-0.0037744715667814566,0.03251828769531673,0.15250263391314123,20.72859992980957,20.061299896240236,0.021662746549769057
2019-09-16,21.149999618530273,21.298999786376953,20.920000076293945,21.270000457763672,10100,0.007340785618076273,0.053491822443701764,0.16964537159316428,20.944599914550782,20.2155499458313,0.021382840320041285
2019-09-17,20.940000534057617,20.940000534057617,20.309999465942383,20.40999984741211,10400,-0.04043256191081357,0.0035401959810630323,0.1498591463330765,20.959000015258788,20.348549938201906,0.02294513317524897
2019-09-18,19.760000228881836,19.909000396728516,19.649999618530273,19.649999618530273,8600,-0.0372366601942038,-0.0555155332710171,0.08593536138065283,20.727999877929687,20.426299953460692,0.024787145886264513
2019-09-19,19.40999984741211,19.514999389648438,19.18000030517578,19.514999389648438,3700,-0.006870240788937609,-0.0792639928929102,0.03117570284666127,20.391999816894533,20.455799961090086,0.022877462342426696
2019-09-20,20.100000381469727,20.100000381469727,19.96299934387207,20.010000228881836,6300,0.025365147564184287,-0.05233244395994663,0.02826316394064121,20.170999908447264,20.483300018310548,0.02270909729263408
2019-09-23,20.700000762939453,20.989999771118164,20.5,20.860000610351562,6200,0.04247877919775633,-0.019275967963717555,0.06804569472519617,20.088999938964843,20.54975004196167,0.024480703089152428
2019-09-24,21.270000457763672,21.270000457763672,20.5,20.570999145507812,4300,-0.01385433635607547,0.007888255722653392,0.052225061293699415,20.121199798583984,20.600800037384033,0.024786438827177147
2019-09-25,20.170000076293945,20.170000076293945,19.520000457763672,19.520000457763672,2400,-0.051091280511459836,-0.00661573350077882,-0.04500978729237404,20.095199966430663,20.554800033569336,0.025435974104068927
2019-09-26,19.15999984741211,19.15999984741211,18.667999267578125,18.71500015258789,9200,-0.041239768765251705,-0.04099406928420912,-0.08304751139129174,19.935200119018553,20.470050048828124,0.026905161063292896
2019-09-27,18.889999389648438,18.924999237060547,18.805999755859375,18.924999237060547,3500,0.011220896754500886,-0.05422293750178131,-0.07253131094249754,19.718199920654296,20.396049976348877,0.027110307461493146
2019-09-30,19.610000610351562,19.760000228881836,19.600000381469727,19.709999084472656,5400,0.04147951804800365,-0.055129505859565,-0.06742375817256241,19.488199615478514,20.324799919128417,0.027570297374091307
2019-10-01,19.829999923706055,19.875,19.829999923706055,19.875,300,0.008371431922456596,-0.033833998075868954,-0.07943493008184721,19.348999786376954,20.239049911499023,0.02710421311656992
2019-10-02,20.139999389648438,20.190000534057617,20.115999221801758,20.115999221801758,1300,0.012125747008893573,0.03053272285150177,-0.045141702145959695,19.46819953918457,20.19149990081787,0.02687890382336061
2019-10-03,19.378999710083008,19.41900062561035,19.364999771118164,19.374000549316406,2300,-0.036885996281068256,0.03521241738474634,-0.059057775340455754,19.599999618530273,20.130699920654298,0.027633808089381807
2019-10-04,20.441999435424805,20.441999435424805,20.246999740600586,20.405000686645508,1400,0.05321565541947293,0.07820351435928696,-0.0022004926462152463,19.895999908447266,20.1284499168396,0.030292830186263338
2019-10-07,20.55299949645996,20.719999313354492,20.45800018310547,20.639999389648438,8200,0.01151672115143465,0.04718418814683889,0.02228820424406308,20.08199996948242,20.15094985961914,0.030228299335382656
2019-10-08,21.25,21.53499984741211,21.239999771118164,21.489999771118164,2500,0.04118219024250691,0.08125785011915299,0.05664276056696771,20.404999923706054,20.208549880981444,0.031491052157749784
2019-10-09,22.0,22.18600082397461,21.719999313354492,21.91200065612793,9200,0.019637081875492735,0.08928223820866243,0.05320837946235235,20.76420021057129,20.263899898529054,0.03139002136489782
2019-10-10,21.788000106811523,21.799999237060547,21.4950008392334,21.4950008392334,1100,-0.01903065920080249,0.10947663000824215,0.014154335868305834,21.188400268554688,20.278899955749512,0.031533025734644296
2019-10-11,21.332000732421875,21.332000732421875,20.700000762939453,21.19499969482422,2400,-0.01395678682001289,0.03871595107055015,0.003788772179646571,21.34640007019043,20.282899951934816,0.03169892125098706
2019-10-14,20.889999389648438,20.93000030517578,20.6299991607666,20.90999984741211,3000,-0.013446560581065081,0.013081417914144078,-0.016925275157676833,21.400400161743164,20.264899921417236,0.031809175304339195
2019-10-15,20.56100082397461,20.989999771118164,20.56100082397461,20.885000228881836,4700,-0.001195581956609515,-0.028152608128429457,0.02327292430283645,21.279400253295897,20.28864994049072,0.030386585952960985
2019-10-16,20.530000686645508,20.530000686645508,20.075000762939453,20.075000762939453,3300,-0.03878379013959676,-0.08383533398054821,0.0216285573872681,20.912000274658205,20.30989999771118,0.030492414021982002
2019-10-17,20.125,20.200000762939453,20.049999237060547,20.200000762939453,1200,0.0062266498256260405,-0.06024657016669044,0.035101275670772925,20.653000259399413,20.344150066375732,0.03044352050985983
2019-10-18,20.610000610351562,20.610000610351562,20.415000915527344,20.479999542236328,1800,0.013861325184233886,-0.03373437899895282,0.02348822128827921,20.510000228881836,20.367650032043457,0.030088755977815126
2019-10-21,20.059999465942383,20.059999465942383,19.40999984741211,19.489999771118164,8600,-0.04833983365460859,-0.06791009500986145,-0.06567597311351703,20.226000213623045,20.299149990081787,0.03044434972485541
2019-10-22,19.030000686645508,19.05900001525879,19.030000686645508,19.05500030517578,300,-0.02231911087998062,-0.08762269110130771,-0.07369592646466505,19.860000228881837,20.223350048065186,0.030661990994311675
2019-10-23,18.969999313354492,19.295000076293945,18.969999313354492,19.295000076293945,2600,0.012595107177876708,-0.03885432911591569,-0.011526658616456964,19.704000091552736,20.2121000289917,0.02868898056455139
2019-10-24,19.93199920654297,19.950000762939453,19.84000015258789,19.84000015258789,300,0.028245663339672156,-0.01782181172052466,0.06011220896754499,19.631999969482422,20.268350028991698,0.027644309196753286
2019-10-25,19.815000534057617,19.815000534057617,19.815000534057617,19.815000534057617,0,-0.0012600614081654804,-0.03247065542200178,0.047027811512625695,19.49900016784668,20.312850093841554,0.0275965899366632
2019-10-28,20.0,20.0,19.78499984741211,19.78499984741211,200,-0.0015140391540209297,0.01513597125491506,0.0038052139230457804,19.55800018310547,20.316600131988526,0.026044572622906558
2019-10-29,19.360000610351562,19.457000732421875,19.360000610351562,19.420000076293945,1400,-0.018448308007740888,0.019155065089084378,-0.022893077922317207,19.631000137329103,20.293850135803222,0.026307740512512463
2019-10-30,19.09000015258789,19.09000015258789,18.479999542236328,18.545000076293945,2600,-0.045056642459446516,-0.03887017346641308,-0.07809699772731948,19.4810001373291,20.215300178527833,0.027885711833187242
2019-10-31,18.040000915527344,18.059999465942383,18.018999099731445,18.030000686645508,4100,-0.02777025546129608,-0.09122981108980943,-0.06937131333560942,19.119000244140626,20.148100185394288,0.02738452890402876
2019-11-01,18.049999237060547,18.16900062561035,18.030000686645508,18.1200008392334,3100,0.0049916888053449515,-0.08554123891699561,-0.11198234601910972,18.780000305175783,20.03385019302368,0.02407591479589284
2019-11-04,18.500999450683594,18.600000381469727,18.049999237060547,18.049999237060547,2800,-0.0038632228990456152,-0.08769272801275774,-0.12548450722759474,18.43300018310547,19.904350185394286,0.023742278782212658
2019-11-05,17.8700008392334,17.8700008392334,17.600000381469727,17.600000381469727,600,-0.0249306855740401,-0.09371780060113888,-0.1810143988403604,18.069000244140625,19.709850215911864,0.02123722571331401
2019-11-06,16.639999389648438,16.940000534057617,16.40999984741211,16.774999618530273,21300,-0.04687504233284334,-0.0954435400637319,-0.23443779133700593,17.71500015258789,19.453000164031984,0.021603021657332053
2019-11-07,16.420000076293945,16.420000076293945,15.861000061035156,16.299999237060547,4000,-0.028315969733020085,-0.09595126920135622,-0.241684177685202,17.368999862670897,19.19325008392334,0.021836969643406718
2019-11-08,16.299999237060547,16.299999237060547,16.16699981689453,16.2450008392334,400,-0.0033741349939514498,-0.10347681639949224,-0.23354559692678845,16.993999862670897,18.945750141143797,0.021953420782858814
2019-11-11,16.6299991607666,16.736000061035156,16.545000076293945,16.545000076293945,300,0.018467172764683237,-0.08337945841440886,-0.2087517839775781,16.693000030517577,18.72750015258789,0.023050056381847147
2019-11-12,16.975000381469727,16.975000381469727,16.975000381469727,16.975000381469727,0,0.025989743317795133,-0.035511362866675555,-0.18721569569364793,16.568000030517577,18.532000160217287,0.02444196210802328
2019-11-13,16.8700008392334,16.924999237060547,16.6200008392334,16.709999084472656,1300,-0.015611268986264748,-0.0038748456355143235,-0.16762149691565353,16.554999923706056,18.363750076293947,0.023539451755110106
2019-11-14,16.459999084472656,16.584999084472656,16.459999084472656,16.584999084472656,9400,-0.007480550978375189,0.01748465403385535,-0.17896047237281143,16.611999893188475,18.182999992370604,0.023274984026590576
2019-11-15,16.788999557495117,16.788999557495117,16.774999618530273,16.774999618530273,4100,0.011456167895450786,0.032625346378368336,-0.18090820344332315,16.71799964904785,17.997749996185302,0.023153549715851974
2019-11-18,16.770000457763672,16.93000030517578,16.584999084472656,16.584999084472656,1400,-0.011326410633579753,0.002417588878468546,-0.14905083226067395,16.725999450683595,17.852499961853027,0.021305532624332595
2019-11-19,16.354999542236328,16.354999542236328,16.354999542236328,16.354999542236328,0,-0.013867926134024322,-0.036524349060410355,-0.14169513092088848,16.601999282836914,17.717499923706054,0.021085503739654156
2019-11-20,16.409000396728516,16.530000686645508,16.389999389648438,16.530000686645508,1300,0.010700161987607704,-0.010771897527774743,-0.1433013412135482,16.565999603271486,17.579249954223634,0.02099500262853945
2019-11-21,16.56999969482422,16.674999237060547,16.559999465942383,16.674999237060547,5000,0.00877184176599477,0.005426599792347941,-0.15952625459604686,16.583999633789062,17.420999908447264,0.019659436489696723
2019-11-22,17.094999313354492,17.094999313354492,17.094999313354492,17.094999313354492,200,0.02518741202461272,0.019075988202750027,-0.13726980304784964,16.647999572753907,17.28499984741211,0.021012555889096503
2019-11-25,17.920000076293945,17.920000076293945,17.80500030517578,17.80500030517578,1100,0.04153267156124674,0.07356052384985201,-0.10007579264628164,16.891999816894533,17.185999870300293,0.023657703357819394
2019-11-26,18.450000762939453,18.450000762939453,18.34000015258789,18.36199951171875,8500,0.03128330227442078,0.12271476769530931,-0.05447994646852239,17.293399810791016,17.133099842071534,0.02475685289884133
2019-11-27,18.100000381469727,18.100000381469727,18.05500030517578,18.05500030517578,300,-0.0167192688545188,0.09225647641759105,-0.02642220378011917,17.59839973449707,17.108599853515624,0.022937401715517294
2019-11-29,18.209999084472656,18.34000015258789,18.209999084472656,18.329999923706055,1900,0.015231216498591715,0.09925042053178834,0.016638892159485552,17.92939987182617,17.123599815368653,0.022311500410754876
2019-12-02,19.055999755859375,19.100000381469727,19.04800033569336,19.05500030517578,500,0.039552666911476075,0.11465347005250526,0.05160040963783641,18.32140007019043,17.17034978866577,0.023912780161965234
2019-12-03,18.350000381469727,18.350000381469727,18.200000762939453,18.315000534057617,800,-0.038834938822706944,0.02864365179109729,0.014681512919566542,18.423400115966796,17.183599853515624,0.025641092329392393
2019-12-04,17.809999465942383,18.079999923706055,17.799999237060547,17.975000381469727,1400,-0.018564026354006558,-0.021076088690778927,0.02130681772000531,18.346000289916994,17.202349853515624,0.025339420404052005
2019-12-05,17.889999389648438,17.889999389648438,17.889999389648438,17.889999389648438,100,-0.004728845063553755,-0.009138793283766544,0.06646794613852003,18.313000106811522,17.258099842071534,0.022735627094508513
2019-12-06,18.139999389648438,18.204999923706055,18.1299991607666,18.204999923706055,400,0.017607632465313827,-0.006819421741422804,0.11687121323994898,18.288000106811523,17.353349876403808,0.02164981597220846
2019-12-09,17.979999542236328,17.979999542236328,17.829999923706055,17.899999618530273,400,-0.016753655943640977,-0.06061404713448271,0.10187742036306191,18.056999969482423,17.436099815368653,0.02214801281815255
2019-12-10,17.600000381469727,17.770000457763672,17.510000228881836,17.739999771118164,4600,-0.008938539152060998,-0.031395072136100266,0.07222724021237337,17.94199981689453,17.495849800109863,0.02212489382931956
2019-12-11,17.399999618530273,17.399999618530273,17.15999984741211,17.334999084472656,2500,-0.02282980224751041,-0.035605078354092434,0.0212075814381667,17.813999557495116,17.51384973526001,0.022231932174596875
2019-12-12,16.722000122070312,16.84000015258789,16.722000122070312,16.84000015258789,600,-0.028554886531730328,-0.05869196606390614,0.007779836938233808,17.60399971008301,17.520349788665772,0.022927154424987644
2019-12-13,16.84000015258789,16.9950008392334,16.84000015258789,16.9950008392334,1000,0.009204316225714937,-0.06646520678624279,0.024721240723166282,17.361999893188475,17.540849876403808,0.0229198203682322
2019-12-16,16.5,16.674999237060547,16.479999542236328,16.674999237060547,2100,-0.018829160716139492,-0.06843577695954772,-0.005961274738824018,17.11699981689453,17.535849857330323,0.023223791110791522
2019-12-17,16.197999954223633,16.197999954223633,16.1200008392334,16.1200008392334,700,-0.03328326376133517,-0.09131899395637122,-0.028037278921203113,16.79300003051758,17.51259994506836,0.024280167293134924
2019-12-18,15.75,15.75,15.520000457763672,15.6850004196167,800,-0.02698513628845356,-0.09518308347266646,-0.04096601292402213,16.463000297546387,17.479099988937378,0.024813333057002736
2019-12-19,15.359999656677246,15.4399995803833,15.324999809265137,15.324999809265137,11600,-0.02295190313806572,-0.08996439011848445,-0.07289781169542753,16.160000228881835,17.41884994506836,0.02506100092175656
2019-12-20,15.149999618530273,15.255000114440918,15.149999618530273,15.225000381469727,1100,-0.006525248224469982,-0.10414830069778991,-0.08695645708745625,15.806000137329102,17.34635000228882,0.02490031052199228
2019-12-23,15.229999542236328,15.335000038146973,15.229999542236328,15.335000038146973,300,0.007224936218138023,-0.08035977572553032,-0.10295404187776835,15.538000297546386,17.25835003852844,0.02409372578872646
2019-12-24,15.345000267028809,15.345000267028809,15.345000267028809,15.345000267028809,100,0.0006521179561107537,-0.048076956070521204,-0.13816343701111133,15.38300018310547,17.135350036621094,0.021522376380927813
2019-12-26,15.37399959564209,15.37399959564209,15.37399959564209,15.37399959564209,200,0.0018898226203092339,-0.01982791301590603,-0.16272737150274397,15.320800018310546,16.98595004081726,0.019682024162082822
2019-12-27,15.289999961853027,15.289999961853027,15.289999961853027,15.289999961853027,100,-0.005463746324858354,-0.002283839990063097,-0.15314319006298316,15.313800048828124,16.84770002365112,0.019600103702129102
2019-12-30,15.100000381469727,15.100000381469727,15.097999572753906,15.100000381469727,1200,-0.012426395085502251,-0.008210180418263713,-0.17621383282489778,15.288800048828126,16.686200046539305,0.018828272077413055
2019-12-31,15.109999656677246,15.449999809265137,15.109999656677246,15.449999809265137,500,0.02317876946711328,0.007499169927100979,-0.18918921218444917,15.311800003051758,16.505950021743775,0.01683458495176564
2020-01-02,14.949999809265137,14.949999809265137,13.861000061035156,13.961000442504883,4000,-0.09637536473413566,-0.09019223202606719,-0.23772863579535608,15.035000038146972,16.28825001716614,0.02493607515350955
2020-01-03,12.989999771118164,13.050000190734863,12.980999946594238,13.050000190734863,8200,-0.0652532213233401,-0.15116426863741994,-0.27399165987289786,14.570200157165527,16.042000007629394,0.027519062161198076
2020-01-06,11.899999618530273,11.9399995803833,11.899999618530273,11.920000076293945,3900,-0.08659004581802121,-0.22040548685198724,-0.3337059539984596,13.896200180053711,15.74350004196167,0.03161464679739648
2020-01-07,11.989999771118164,11.989999771118164,11.895000457763672,11.895000457763672,3200,-0.002097283420324114,-0.2122516452144687,-0.34660804682155877,13.2552001953125,15.42800006866455,0.03068751629609876
2020-01-08,13.305000305175781,13.760000228881836,13.199999809265137,13.654999732971191,7700,0.1479612616625665,-0.11618123614587428,-0.23715083664943837,12.896200180053711,15.215750074386596,0.04862828344239379
2020-01-09,13.149999618530273,13.359999656677246,13.149999618530273,13.3100004196167,3000,-0.025265420732412114,-0.046629897733273085,-0.24971811773717056,12.766000175476075,14.994250106811524,0.04870498868594229
2020-01-10,13.8100004196167,13.850000381469727,13.75,13.845000267028809,3000,0.0401953291168653,0.060919545185782686,-0.2013267379154301,12.925000190734863,14.81975016593933,0.050066678890671214
2020-01-13,12.979999542236328,13.02400016784668,12.75,12.994999885559082,7000,-0.0613940314247563,0.09018454717991631,-0.22832542946491174,13.140000152587891,14.62750015258789,0.05123164593548186
2020-01-14,13.3100004196167,13.760000228881836,13.0,13.664999961853027,8700,0.05155829797570788,0.1488019702373451,-0.195940024297791,13.494000053405761,14.461000108718872,0.05298470928146766
2020-01-15,13.609999656677246,13.65999984741211,13.350000381469727,13.350000381469727,9100,-0.023051561014463817,-0.022336093552972947,-0.19940024034309634,13.433000183105468,14.29475016593933,0.05303206569892613
2020-01-16,13.010000228881836,13.010000228881836,12.619999885559082,12.630000114440918,5900,-0.05393260273072309,-0.051089427778948426,-0.21650127438569355,13.297000122070312,14.120250129699707,0.05371100233579479
2020-01-17,12.390000343322754,12.390000343322754,12.010000228881836,12.104999542236328,9200,-0.041567740890541494,-0.1256771896881943,-0.22824359461941646,12.948999977111816,13.941250085830688,0.054040498753088154
2020-01-21,11.5,11.5,11.170000076293945,11.369999885559082,18800,-0.06071868521041346,-0.12504809652255633,-0.258075039016637,12.623999977111817,13.743500089645385,0.05511054304792483
2020-01-22,10.90999984741211,11.09000015258789,10.850000381469727,11.031999588012695,30000,-0.02972737915113588,-0.1926820622898331,-0.27540234406564035,12.09739990234375,13.533850049972534,0.055202340442316304
2020-01-23,11.029999732971191,11.09000015258789,11.029999732971191,11.045000076293945,21800,0.0011784344422363091,-0.17265919395591955,-0.2797521976642535,11.636399841308593,13.319350051879884,0.0550932006980541
2020-01-24,11.210000038146973,11.229999542236328,11.029999732971191,11.135000228881836,12300,0.008148497235510144,-0.11836895265343073,-0.2743564656165456,11.337399864196778,13.108850049972535,0.05522963874490653
2020-01-27,10.550000190734863,10.555000305175781,10.350000381469727,10.4399995803833,33800,-0.06241586297374746,-0.1375464704516154,-0.3209314521289164,11.004399871826172,12.862150049209594,0.05609112765530521
2020-01-28,10.579999923706055,10.619999885559082,10.220000267028809,10.279999732971191,47500,-0.015325656498372697,-0.09586632924880578,-0.3276651564016527,10.786399841308594,12.611650037765504,0.05602117467672154
2020-01-29,10.170000076293945,10.170000076293945,10.050000190734863,10.085000038146973,11400,-0.01896884240169705,-0.08584115167070228,-0.3321192196443262,10.59699993133545,12.360900020599365,0.056004810207964814
2020-01-30,10.039999961853027,10.039999961853027,9.5,9.550000190734863,48700,-0.053049067465388955,-0.13535535312198177,-0.3818770026775101,10.297999954223632,12.06590003967285,0.05560986776742271
2020-01-31,9.850000381469727,9.906999588012695,9.529999732971191,9.819999694824219,18700,0.028272198816425398,-0.11809613893377247,-0.29661203469868846,10.03499984741211,11.858850002288818,0.053831530484758076
2020-02-03,9.84000015258789,10.239999771118164,9.119999885559082,9.293000221252441,47900,-0.05366593584005308,-0.10986584341306527,-0.2878927137602486,9.805599975585938,11.671000003814697,0.05333476065572631
2020-02-04,9.210000038146973,9.5,9.199999809265137,9.350000381469727,44700,0.0061336660777140395,-0.09046686533645176,-0.2156039998636694,9.619600105285645,11.542500019073486,0.05080193885672121
2020-02-05,9.399999618530273,9.670000076293945,9.399999618530273,9.550000190734863,40300,0.021390353059397293,-0.053049067465388955,-0.1971416710201357,9.512600135803222,11.425250005722045,0.05128499826965793
2020-02-06,9.489999771118164,10.039999961853027,9.25,9.449999809265137,173200,-0.010471243923821483,-0.010471243923821483,-0.3079458078313041,9.492600059509277,11.215000009536743,0.0354352417105699
2020-02-07,9.25,9.289999961853027,9.1899995803833,9.225000381469727,54100,-0.023809463739333903,-0.060590563324365077,-0.30691208935849246,9.373600196838378,11.010750007629394,0.03542023070910072
2020-02-10,9.25,9.25,8.631999969482422,8.800000190734863,81200,-0.0460704794753789,-0.05305068533089252,-0.3643914755500848,9.275000190734863,10.758500003814698,0.033199681610567446
2020-02-11,9.100000381469727,9.420000076293945,9.100000381469727,9.300000190734863,65000,0.05681818058668098,-0.005347613764161596,-0.28434010983950453,9.265000152587891,10.573750019073486,0.03618240511732196
2020-02-12,9.470000267028809,10.020000457763672,9.399999618530273,9.399999618530273,155700,0.010752626424140876,-0.015706865885732224,-0.31211125907272985,9.235000038146973,10.360500001907349,0.03320228706643351
2020-02-13,9.09000015258789,9.227999687194824,9.069999694824219,9.140000343322754,63700,-0.02765949848497673,-0.032804176952305086,-0.31535579908975897,9.173000144958497,10.15,0.03325510196441535
2020-02-14,9.15999984741211,9.300000190734863,9.130000114440918,9.225000381469727,109200,0.009299785005923988,0.0,-0.26959617593969576,9.173000144958497,9.97975001335144,0.03268348240849002
2020-02-18,9.239999771118164,9.380000114440918,9.140000343322754,9.270000457763672,259500,0.004878056849118018,0.05340912009566212,-0.23420067671881184,9.267000198364258,9.838000059127808,0.03235020958671565
2020-02-19,9.25,9.34000015258789,9.100000381469727,9.100000381469727,280300,-0.018338734401201595,-0.021505355393904968,-0.19964815540345415,9.22700023651123,9.72450008392334,0.030370228711364133
2020-02-20,9.119999885559082,9.140000343322754,9.029999732971191,9.029999732971191,150800,-0.007692378633420427,-0.03936169155046554,-0.18147207485548356,9.153000259399414,9.624400091171264,0.030038899889853966
2020-02-21,9.010000228881836,9.100000381469727,8.880000114440918,9.010000228881836,104900,-0.002214784571513473,-0.01422320673498545,-0.18424625019060537,9.12700023651123,9.522650098800659,0.029984770090041232
2020-02-24,8.699999809265137,8.699999809265137,8.369999885559082,8.369999885559082,118600,-0.07103222275968568,-0.09268297675391812,-0.24831614606984276,8.956000137329102,9.38440008163452,0.03261604874076306
2020-02-25,8.149999618530273,8.289999961853027,8.100000381469727,8.220000267028809,87900,-0.017921101622602187,-0.1132686233963972,-0.21264362093709832,8.74600009918213,9.273400115966798,0.03056849351306669
2020-02-26,8.260000228881836,8.279999732971191,8.149999618530273,8.180000305175781,124300,-0.0048661752498319055,-0.10109890524481024,-0.2042801052863894,8.56200008392334,9.168400144577026,0.030587870578502197
2020-02-27,8.300000190734863,8.359999656677246,8.199999809265137,8.300000190734863,153100,0.01466991211273605,-0.08084159067811314,-0.17699552212793912,8.416000175476075,9.07915015220642,0.031042922782260198
2020-02-28,8.350000381469727,8.350000381469727,8.13599967956543,8.1899995803833,211600,-0.01325308527996838,-0.09101005856470434,-0.14240843803029413,8.252000045776366,9.011150121688843,0.029313543022839502
2020-03-02,8.09000015258789,8.09000015258789,7.699999809265137,7.909999847412109,148000,-0.03418800333541494,-0.05495818929945495,-0.1945010088359579,8.160000038146972,8.915650129318237,0.02865082891514087
2020-03-03,8.130000114440918,8.140000343322754,8.029999732971191,8.100000381469727,44500,0.024020295540180037,-0.014598525749495717,-0.1283761768405437,8.136000061035157,8.8560001373291,0.02772201092868091
2020-03-04,8.25,8.350000381469727,8.180000305175781,8.3100004196167,138700,0.02592592941444627,0.015892433935321693,-0.1112299379061148,8.16200008392334,8.80400013923645,0.02853718760775925
2020-03-05,8.510000228881836,8.65999984741211,8.36299991607666,8.369999885559082,92800,0.007220151975052547,0.00843369797778526,-0.12356023891188861,8.176000022888184,8.745000123977661,0.028005694071473124
2020-03-06,8.449999809265137,8.449999809265137,8.199999809265137,8.25,81200,-0.014336904085998858,0.00732605893660998,-0.12698410936353788,8.188000106811524,8.685000133514404,0.028050052839144114
2020-03-09,7.739999771118164,7.789999961853027,7.409999847412109,7.5,74700,-0.09090909090909094,-0.05183310433896504,-0.186991903537992,8.1060001373291,8.598750114440918,0.033689166591603995
2020-03-10,7.869999885559082,7.929999828338623,7.699999809265137,7.809999942779541,40100,0.04133332570393877,-0.03580252160896391,-0.11250002573836881,8.048000049591064,8.549250102043152,0.03439071243843548
2020-03-11,7.5,7.619999885559082,7.4670000076293945,7.5,62000,-0.039692694628780445,-0.09747296976118092,-0.1935484036363908,7.885999965667724,8.459250092506409,0.03188445966129812
2020-03-12,7.230000019073486,7.230000019073486,6.869999885559082,6.909999847412109,119200,-0.07866668701171875,-0.17443250395569754,-0.26489360342202706,7.59399995803833,8.334750103950501,0.03491689346347003
2020-03-13,7.0,7.0,6.78000020980835,6.840000152587891,178100,-0.0101302020795897,-0.170909072413589,-0.2516411492714148,7.311999988555908,8.219750094413758,0.03479349630619447
2020-03-16,6.510000228881836,6.510000228881836,6.0,6.099999904632568,102800,-0.10818716834024422,-0.18666667938232417,-0.33875342521549934,7.031999969482422,8.0635000705719,0.04018874993635926
2020-03-17,6.199999809265137,6.210000038146973,6.0,6.059999942779541,63600,-0.006557370898096271,-0.22407170458661785,-0.3462783556063085,6.681999969482422,7.903000044822693,0.03990145320492542
2020-03-18,6.099999904632568,6.099999904632568,5.119999885559082,5.389999866485596,193300,-0.11056106973932356,-0.28133335113525393,-0.40769234719360903,6.259999942779541,7.717500019073486,0.04470915930154268
2020-03-19,5.239999771118164,5.889999866485596,5.170000076293945,5.559999942779541,133800,0.031539903618734044,-0.1953690209035478,-0.38427462821750236,5.9899999618530275,7.544000029563904,0.04633283621499816
2020-03-20,5.570000171661377,5.900000095367432,5.570000171661377,5.820000171661377,32000,0.046762631575110625,-0.14912280090236552,-0.35405105174079954,5.785999965667725,7.384500026702881,0.04871616083369274
2020-03-23,5.53000020980835,5.78000020980835,5.409999847412109,5.739999771118164,22400,-0.013745772883779095,-0.05901641625289322,-0.3142174612186682,5.713999938964844,7.253000020980835,0.047247024258229076
2020-03-24,5.900000095367432,5.900000095367432,5.320000171661377,5.369999885559082,58000,-0.06445991294647824,-0.11386139665604955,-0.3467153636115251,5.575999927520752,7.110500001907349,0.04839689312290059
2020-03-25,5.25,5.25,5.010000228881836,5.03000020980835,61600,-0.06331465232709854,-0.0667902904628408,-0.38508557186413706,5.503999996185303,6.952999997138977,0.04919908628661773
2020-03-26,5.059999942779541,5.46999979019165,5.010000228881836,5.389999866485596,160800,0.07157050530042874,-0.030575553604944683,-0.3506024406478505,5.469999980926514,6.807499980926513,0.05298131954487431
2020-03-27,5.570000171661377,5.650000095367432,5.309999942779541,5.400000095367432,94600,0.00185533007969374,-0.07216495943402212,-0.3406592952334796,5.385999965667724,6.668000006675721,0.05318960443138047
2020-03-30,5.400000095367432,5.860000133514404,5.400000095367432,5.804999828338623,160300,0.07499994922567388,0.011324052232112969,-0.266118844460177,5.398999977111816,6.562750005722046,0.05703744374196564
2020-03-31,6.349999904632568,7.039999961853027,6.010000228881836,6.389999866485596,305800,0.10077520334990231,0.18994413457428205,-0.21111116474711267,5.602999973297119,6.477249979972839,0.06207361960634966
2020-04-01,6.389999866485596,6.5,6.260000228881836,6.289999961853027,61300,-0.015649437671673483,0.25049695814877215,-0.2430806685635336,5.854999923706055,6.376249957084656,0.06150322135118315
2020-04-02,6.730000019073486,6.730000019073486,6.210000038146973,6.380000114440918,51200,0.014308450418714536,0.18367351994033077,-0.23775385882042221,6.052999973297119,6.276749968528748,0.061640125239370555
2020-04-03,6.460000038146973,6.460000038146973,6.195000171661377,6.239999771118164,24600,-0.02194362708644282,0.15555549276218605,-0.24363639137961646,6.220999908447266,6.176249957084655,0.06168100961495863
2020-04-06,6.260000228881836,6.260000228881836,6.099999904632568,6.099999904632568,28600,-0.022435876862301307,0.05081827476614653,-0.18666667938232417,6.279999923706055,6.1062499523162845,0.058910650405415606
2020-04-07,6.21999979019165,6.340000152587891,6.099999904632568,6.289999961853027,44000,0.03114755085097065,-0.015649437671673483,-0.1946222781130461,6.259999942779541,6.0302499532699585,0.0584987495599959
2020-04-08,6.519999980926514,6.940000057220459,6.5,6.869999885559082,33400,0.09220984534556131,0.09220984534556131,-0.08400001525878908,6.375999927520752,5.998749947547912,0.062189399020854144
2020-04-09,7.03000020980835,7.567999839782715,7.03000020980835,7.349999904632568,218800,0.06986899957341475,0.15203758194237138,0.06367584181427222,6.569999885559082,6.020749950408936,0.0614829186898973
2020-04-13,7.349999904632568,7.440000057220459,7.199999809265137,7.320000171661377,95800,-0.004081596375570484,0.17307699361496676,0.0701754398195269,6.785999965667725,6.0447499513626095,0.0614199252399879
2020-04-14,7.320000171661377,7.329999923706055,7.139999866485596,7.230000019073486,104300,-0.012295102524220836,0.1852459232962862,0.1852459232962862,7.011999988555909,6.101249957084656,0.05556618830789904
2020-04-15,7.25,7.400000095367432,7.235000133514404,7.25,36000,0.0027662490835065334,0.15262321843705662,0.1963696482602013,7.203999996185303,6.1607499599456785,0.0554589768472176
2020-04-16,7.409999847412109,7.409999847412109,7.010000228881836,7.230000019073486,28700,-0.0027586180588294873,0.05240176703221411,0.3413729495669937,7.276000022888184,6.252749967575073,0.04778491329054132
2020-04-17,7.230000019073486,7.320000171661377,7.0,7.25,48800,0.0027662490835065334,-0.013605429378242606,0.3039568479519801,7.25600004196167,6.337249970436096,0.047720966083258994
2020-04-20,7.099999904632568,7.170000076293945,6.800000190734863,6.809999942779541,585000,-0.060689663064890875,-0.06967216078166893,0.17010304843952584,7.153999996185303,6.386749958992004,0.04988727348761852
2020-04-21,6.510000228881836,6.510000228881836,6.150000095367432,6.150000095367432,198700,-0.09691627796735736,-0.1493775824145095,0.07142863076619932,6.938000011444092,6.407249975204468,0.055082960503775896
2020-04-22,6.110000133514404,6.269999980926514,6.03000020980835,6.150000095367432,191500,0.0,-0.151724124776906,0.14525143881397717,6.718000030517578,6.446249985694886,0.0526436673647088
2020-04-23,6.099999904632568,6.159999847412109,6.0,6.110000133514404,40600,-0.006504058737032858,-0.15491008058152234,0.2147117054985579,6.494000053405761,6.500249981880188,0.050056058039707856
2020-04-24,6.110000133514404,6.150000095367432,6.019999980926514,6.019999980926514,25600,-0.014729975551755592,-0.1696551750446188,0.11688314101048247,6.248000049591065,6.531749987602234,0.04824212271270561
2020-04-27,6.0,6.26200008392334,5.809999942779541,5.809999942779541,42200,-0.034883727377462925,-0.14684287935424623,0.07592589632800961,6.048000049591065,6.5522499799728395,0.04912507865041267
2020-04-28,5.699999809265137,5.75,5.5,5.550000190734863,76600,-0.044750388055992296,-0.0975609585899887,-0.043927587449514194,5.92800006866455,6.539499998092651,0.047385235419770154
2020-04-29,5.659999847412109,5.75,5.480000019073486,5.679999828338623,133200,0.023423357321821436,-0.07642280646187993,-0.11111111940248941,5.834000015258789,6.503999996185303,0.04140406280306553
2020-04-30,5.650000095367432,5.679999828338623,5.442999839782715,5.539999961853027,76400,-0.024647864562796107,-0.09328971509097483,-0.11923688466590243,5.719999980926514,6.466499996185303,0.04157376366986636
2020-05-01,5.300000190734863,5.5,5.300000190734863,5.349999904632568,45100,-0.03429603944562254,-0.11129569408915985,-0.16144203625905562,5.585999965667725,6.414999985694886,0.0417745742729323
2020-05-04,5.360000133514404,5.360000133514404,5.050000190734863,5.099999904632568,75800,-0.04672897279559296,-0.12220310587598804,-0.18269229299688194,5.44399995803833,6.357999992370606,0.0425719673992975
2020-05-05,5.050000190734863,5.050000190734863,4.714000225067139,4.789999961853027,145200,-0.06078430364242826,-0.13693697347084344,-0.21475409233771925,5.2919999122619625,6.292499995231628,0.04403890464392677
2020-05-06,4.800000190734863,4.800000190734863,4.400000095367432,4.449999809265137,188900,-0.07098124327674538,-0.21654930567722508,-0.2925278479724869,5.045999908447266,6.2004999876022335,0.044797586747590434
2020-05-07,4.550000190734863,4.610000133514404,4.449999809265137,4.579999923706055,56600,0.029213510115270402,-0.1732852066348879,-0.33333333333333337,4.853999900817871,6.085999989509583,0.03855333591246065
2020-05-08,4.650000095367432,4.659999847412109,4.5,4.599999904632568,119000,0.004366808135300104,-0.14018691838677877,-0.3741496647185977,4.7039999008178714,5.948499989509583,0.03295028370824107
2020-05-11,4.349999904632568,4.480000019073486,4.284999847412109,4.429999828338623,162400,-0.03695653909095553,-0.13137256643580575,-0.3948087808127507,4.569999885559082,5.803999972343445,0.032796149894234045
2020-05-12,4.360000133514404,4.360000133514404,4.119999885559082,4.130000114440918,100000,-0.06772002833467683,-0.1377870256092416,-0.4287690036589832,4.43799991607666,5.648999977111816,0.03404883988255222
2020-05-13,3.9600000381469727,4.059999942779541,3.75,3.9100000858306885,873900,-0.0532687705845285,-0.12134825765838009,-0.4606896433336981,4.32999997138977,5.481999981403351,0.03377138434648488
2020-05-14,3.950000047683716,4.099999904632568,3.950000047683716,4.013000011444092,78200,0.02634269139447376,-0.12379910954303175,-0.4449515904761572,4.216599988937378,5.321149981021881,0.035578309715040425
2020-05-15,4.070000171661377,4.190000057220459,4.070000171661377,4.170000076293945,131300,0.03912286678348553,-0.09347822548986984,-0.42482757568359375,4.130600023269653,5.167149984836579,0.038093715714260325
2020-05-18,4.659999847412109,4.789999961853027,4.400000095367432,4.590000152587891,726000,0.10071944091358787,0.03611745608334993,-0.32599116135756445,4.162600088119507,5.0561499953269955,0.04662680168698757
2020-05-19,4.639999866485596,4.699999809265137,4.559999942779541,4.619999885559082,427000,0.006535889318931121,0.11864400908969364,-0.24878051806224233,4.26060004234314,4.979649984836579,0.043072440638913786
2020-05-20,4.849999904632568,5.150000095367432,4.699999809265137,4.909999847412109,253300,0.06277055606851678,0.25575440911249214,-0.2016260534515062,4.4605999946594235,4.917649972438812,0.04626332539973213
2020-05-21,4.989999771118164,4.989999771118164,4.920000076293945,4.940000057220459,256300,0.006110022554106864,0.23099926317786945,-0.1914893700044773,4.646000003814697,4.859149968624115,0.04640196489716895
2020-05-22,4.849999904632568,4.929999828338623,4.699999809265137,4.880000114440918,45700,-0.012145737264080192,0.170263795001649,-0.18936874918563418,4.788000011444092,4.802149975299836,0.04639039899000693
2020-05-26,4.599999904632568,4.900000095367432,4.599999904632568,4.800000190734863,110800,-0.01639342660450327,0.04575164077686855,-0.1738381690175177,4.830000019073486,4.7516499876976015,0.046039307562172026
2020-05-27,4.739999771118164,4.800000190734863,4.53000020980835,4.650000095367432,365800,-0.031250018626450715,0.006493552067419417,-0.16216217377251385,4.836000061035156,4.70664998292923,0.04557653523890364
2020-05-28,4.579999923706055,4.739999771118164,4.550000190734863,4.550000190734863,100600,-0.021505355393904968,-0.07331968795620014,-0.19894360418216428,4.764000129699707,4.650150001049042,0.045059404606521816
2020-05-29,4.679999828338623,4.679999828338623,4.619999885559082,4.650000095367432,53200,0.021978000096834593,-0.058704445039257536,-0.16064979650070377,4.706000137329101,4.605650007724762,0.04547003671885829
2020-06-01,4.690000057220459,4.75,4.570000171661377,4.639999866485596,92400,-0.0021505868122021488,-0.049180377526039876,-0.1327102898697593,4.658000087738037,4.570150005817413,0.04504824282697216
2020-06-02,4.889999866485596,5.0,4.820000171661377,5.0,324300,0.0775862379037251,0.04166662527455389,-0.01960782480441492,4.698000049591064,4.565150010585785,0.047653637493018264
2020-06-03,5.079999923706055,5.099999904632568,4.960000038146973,5.03000020980835,305100,0.006000041961669922,0.081720453042462,0.05010443629784023,4.774000072479248,4.577150022983551,0.04545336352051041
2020-06-04,5.03000020980835,5.135000228881836,5.0,5.050000190734863,144300,0.003976139183357041,0.10989010528354415,0.13483155217680998,4.874000072479248,4.607150042057038,0.04195121407058161
2020-06-05,5.440000057220459,5.5,5.239999771118164,5.449999809265137,340300,0.07920784226189626,0.17204294569686263,0.18995631005493419,5.034000015258789,4.650650036334992,0.04473141298664285
2020-06-08,5.449999809265137,5.519999980926514,5.329999923706055,5.510000228881836,207600,0.011009251691109556,0.18750008349788838,0.19782616154683486,5.2080000877380375,4.696150052547455,0.04471465060816039
2020-06-09,5.079999923706055,5.420000076293945,5.079999923706055,5.269999980926514,284600,-0.04355721197565654,0.05399999618530282,0.18961629461347296,5.26200008392334,4.738150060176849,0.04510214067019365
2020-06-10,5.360000133514404,5.873000144958496,5.360000133514404,5.78000020980835,231200,0.09677423732972645,0.1491053615738469,0.3995157505197293,5.41200008392334,4.820650064945221,0.045245180731980084
2020-06-11,6.099999904632568,6.199999809265137,5.650000095367432,5.78000020980835,506400,0.0,0.144554453762755,0.47826089077447564,5.558000087738037,4.914150071144104,0.042308188662069715
2020-06-12,6.0,6.360000133514404,6.0,6.360000133514404,312200,0.10034600391913928,0.1669725424030739,0.5848492687209679,5.740000152587891,5.031500077247619,0.04592254785185946
2020-06-15,6.190000057220459,6.550000190734863,6.1570000648498535,6.420000076293945,332800,0.009433953069178047,0.16515423041947486,0.5395683354518472,5.922000122070313,5.14400007724762,0.04589654701419522
2020-06-16,6.989999771118164,7.460000038146973,6.989999771118164,7.21999979019165,512900,0.12461054585524534,0.37001894047868844,0.572984651453865,6.31200008392334,5.275500059127808,0.04828103122526736
2020-06-17,7.730000019073486,7.829999923706055,7.5,7.820000171661377,725400,0.08310254832483865,0.35294115705934703,0.6926407717248357,6.720000076293945,5.435500073432922,0.04983666797505519
2020-06-18,7.800000190734863,7.869999885559082,7.230000019073486,7.260000228881836,504800,-0.07161124430775656,0.25605535732715135,0.4786151638494103,7.016000080108642,5.553000092506409,0.053776146831778796
2020-06-19,7.349999904632568,7.400000095367432,7.170000076293945,7.275000095367432,230500,0.002066097246928855,0.14386791551015543,0.4726720670243847,7.199000072479248,5.669750094413757,0.05384294126208311
2020-06-22,7.610000133514404,7.650000095367432,7.389999866485596,7.429999828338623,267500,0.021305804940111583,0.15732083178225098,0.522540912724927,7.401000022888184,5.797250080108642,0.05327986004712878
2020-06-23,7.869999885559082,8.239999771118164,7.849999904632568,8.180000305175781,343300,0.10094219302355767,0.13296406411095596,0.7041666625274554,7.59300012588501,5.966250085830689,0.05519216384153868
2020-06-24,8.0,8.0,7.369999885559082,7.440000057220459,398300,-0.0904645746146363,-0.04859336395131897,0.5999999794908752,7.5170001029968265,6.10575008392334,0.059944814243734774
2020-06-25,7.46999979019165,7.599999904632568,7.000999927520752,7.239999771118164,487500,-0.0268817586779716,-0.002754883902634897,0.5912086742020208,7.513000011444092,6.240250062942505,0.060178079354505275
2020-06-26,7.239999771118164,7.690000057220459,7.210000038146973,7.610000133514404,228400,0.051105024046029346,0.04604811460556446,0.6365591349333253,7.580000019073486,6.388250064849854,0.06044825721672399
2020-06-29,7.510000228881836,7.699999809265137,7.510000228881836,7.559999942779541,210300,-0.006570327182342961,0.017496651069235147,0.6293103793784365,7.60600004196167,6.534250068664551,0.060567011903807075
2020-06-30,7.429999828338623,7.449999809265137,7.25,7.389999866485596,168000,-0.022486782748763146,-0.09657706714146741,0.4779999732971192,7.447999954223633,6.653750061988831,0.060250294872596505
2020-07-01,7.269999980926514,7.460000038146973,7.170000076293945,7.199999809265137,286700,-0.025710427693257265,-0.0322580975953628,0.4314114331894765,7.399999904632568,6.76225004196167,0.061088716592509314
2020-07-02,7.730000019073486,8.180000305175781,7.630000114440918,8.050000190734863,527100,0.11805561166486767,0.1118785145336545,0.5940593835033989,7.561999988555908,6.91225004196167,0.06474689378073176
2020-07-06,9.180000305175781,9.477999687194824,9.039999961853027,9.420000076293945,609800,0.1701863171551079,0.23784492917527156,0.728440441461981,7.923999977111817,7.11075005531311,0.0715544075071259
2020-07-07,8.949999809265137,9.029999732971191,8.600000381469727,8.930000305175781,374800,-0.0520169604192765,0.18121698052454493,0.6206896432358187,8.198000049591064,7.281750059127807,0.07379152070392506
2020-07-08,8.600000381469727,9.0,8.270000457763672,9.0,317200,0.007838711358570505,0.21786199764575365,0.7077798923289025,8.520000076293945,7.468250060081482,0.07208269590564634
2020-07-09,8.859999656677246,8.869999885559082,8.399999618530273,8.75,170300,-0.02777777777777779,0.21527780997164547,0.5138407754988867,8.830000114440917,7.616750049591064,0.0713412693592102
2020-07-10,8.75,8.800000190734863,8.3100004196167,8.489999771118164,244000,-0.029714311872209853,0.05465833167180767,0.46885803857084474,8.918000030517579,7.752250027656555,0.07215621639966824
2020-07-13,8.369999885559082,8.46500015258789,8.020000457763672,8.100000381469727,330000,-0.04593632510747092,-0.14012735500354034,0.2735849389037408,8.654000091552735,7.8392500400543215,0.07118143983500444
2020-07-14,7.800000190734863,8.0,7.599999904632568,7.820000171661377,201100,-0.0345679255088559,-0.12430012268544421,0.21806854808880405,8.432000064849854,7.909250044822693,0.07202047737761347
2020-07-15,7.909999847412109,7.909999847412109,7.449999809265137,7.519999980926514,165500,-0.0383631949040133,-0.1644444465637207,0.04155127416241933,8.136000061035157,7.924250054359436,0.06773343549132417
2020-07-16,7.849999904632568,8.119999885559082,7.8470001220703125,7.980000019073486,91400,0.06117021799384337,-0.08799999782017298,0.02046033809461112,7.982000064849854,7.932250046730042,0.06655476625548785
2020-07-17,8.100000381469727,8.100000381469727,8.0,8.0,35600,0.002506263268008846,-0.05771493337197453,0.10192833991578776,7.8840001106262205,7.96925003528595,0.06420187096625665
2020-07-20,7.900000095367432,7.900000095367432,7.480000019073486,7.5,44700,-0.0625,-0.07407411768057937,0.030927821537190647,7.764000034332275,7.980500030517578,0.06604578985639535
2020-07-21,7.150000095367432,7.269999980926514,7.110000133514404,7.110000133514404,216400,-0.05199998219807944,-0.09079284175976321,-0.043068600567622295,7.622000026702881,7.964500045776367,0.067032699500705
2020-07-22,6.949999809265137,6.949999809265137,6.849999904632568,6.909999847412109,252000,-0.028129434929199726,-0.08111703923691349,-0.15525677388546022,7.5,7.901000022888184,0.0628708431344713
2020-07-23,6.800000190734863,7.199999809265137,6.639999866485596,7.150000095367432,225500,0.03473230871997868,-0.10401001525341114,-0.03897848919659408,7.334000015258789,7.886500024795533,0.060261151337827286
2020-07-24,7.380000114440918,7.480000019073486,7.15500020980835,7.389999866485596,166600,0.03356640110727582,-0.07625001668930054,0.02071824587147253,7.211999988555908,7.8940000295639035,0.06037635348674249
2020-07-27,7.489999771118164,7.590000152587891,7.329999923706055,7.550000190734863,155400,0.021650923834908964,0.0066666920979818745,-0.007884355023241252,7.222000026702881,7.891000032424927,0.059485374922425914
2020-07-28,7.800000190734863,8.038999557495117,7.800000190734863,7.900000095367432,188600,0.04635760209146467,0.11111110365936638,0.04497356549752629,7.380000019073487,7.908000040054321,0.06029349381192639
2020-07-29,8.399999618530273,8.600000381469727,8.399999618530273,8.510000228881836,141000,0.07721520584184671,0.2315485407816542,0.15155620874576137,7.7000000953674315,7.9640000581741335,0.062096694134147236
2020-07-30,8.430000305175781,8.505000114440918,8.079999923706055,8.1899995803833,212400,-0.03760289540445538,0.14545447148870627,0.13749997185336138,7.9079999923706055,8.01350004673004,0.06250046163157019
2020-07-31,8.520000457763672,8.520000457763672,7.980000019073486,8.149999618530273,78900,-0.004884000476487849,0.10284164624837877,0.012422288872800724,8.059999942779541,8.018500018119813,0.05692808060058384
2020-08-03,8.630000114440918,8.630000114440918,8.350000381469727,8.420000076293945,109800,0.03312889207378422,0.11523177001064444,-0.10615711166675745,8.233999919891357,7.968500018119812,0.04189094941103845
2020-08-04,8.630000114440918,8.789999961853027,8.600000381469727,8.6899995803833,58400,0.0320664491262328,0.09999993360495352,-0.026875780133330696,8.391999816894531,7.956499981880188,0.04111134373640682
2020-08-05,8.520000457763672,8.600000381469727,8.350000381469727,8.510000228881836,265900,-0.020713390125793874,0.0,-0.05444441901312935,8.391999816894531,7.93199999332428,0.04129957712146135
2020-08-06,9.0,9.0,8.6899995803833,8.800000190734863,66300,0.034077550417543456,0.07448115282113532,0.005714307512555861,8.513999938964844,7.934500002861023,0.041581859582197025
2020-08-07,8.829999923706055,8.829999923706055,8.479999542236328,8.5,35600,-0.03409093002642438,0.04294483409225536,0.001177883292277082,8.58400001525879,7.935000014305115,0.04176369507196635
2020-08-10,8.529999732971191,8.75,8.529999732971191,8.609999656677246,97800,0.012941136079676063,0.022565270624905764,0.06296287051717164,8.621999931335449,7.96049997806549,0.04034052436530962
2020-08-11,8.90999984741211,9.34000015258789,8.90999984741211,9.319999694824219,244800,0.08246226091267639,0.07249713979999184,0.19181579159021478,8.747999954223634,8.035499954223633,0.04288545506953993
2020-08-12,9.180000305175781,9.300000190734863,9.10099983215332,9.15999984741211,134300,-0.017167366164289044,0.07638068167428003,0.2180850891815478,8.877999877929687,8.117499947547913,0.041885979611997755
2020-08-13,9.130000114440918,9.399999618530273,9.020000457763672,9.020000457763672,81400,-0.015283776417091333,0.025000029802321633,0.1303258691985485,8.92199993133545,8.169499969482422,0.040507271662875204
2020-08-14,9.09000015258789,9.09000015258789,8.850000381469727,8.850000381469727,33900,-0.018847014153710262,0.04117651546702672,0.10625004768371582,8.992000007629395,8.211999988555908,0.04090905144690492
2020-08-17,8.800999641418457,8.970000267028809,8.739999771118164,8.899999618530273,50100,0.005649631062755178,0.03368176230159614,0.18666661580403643,9.05,8.281999969482422,0.037622568156056024
2020-08-18,8.770000457763672,8.845000267028809,8.75,8.84000015258789,65300,-0.00674151331618722,-0.05150209849286713,0.24331926674920656,8.954000091552734,8.368499970436096,0.03501492942257562
2020-08-19,8.729999542236328,8.729999542236328,8.430000305175781,8.470000267028809,158600,-0.04185518995163884,-0.07532746636215726,0.22575983416279533,8.816000175476074,8.446499991416932,0.035954838153219
2020-08-20,8.069999694824219,8.168000221252441,7.909999847412109,8.050000190734863,179800,-0.049586784303759734,-0.10753882680725502,0.12587413753330612,8.622000122070313,8.491499996185302,0.03789609375810007
2020-08-21,8.050000190734863,8.149999618530273,8.050000190734863,8.109999656677246,40400,0.007453349629909178,-0.08361589750232168,0.0974289314208141,8.473999977111816,8.527499985694885,0.037364849471092886
2020-08-24,9.0,9.0,8.579999923706055,8.65999984741211,45900,0.06781753563725856,-0.026966267573593106,0.14701981836231015,8.426000022888184,8.582999968528748,0.03977566487704446
2020-08-25,8.770000457763672,8.880000114440918,8.760000228881836,8.760000228881836,90200,0.011547388363939648,-0.009049764968910634,0.10886077508008007,8.410000038146972,8.625999975204468,0.038739474306872475
2020-08-26,8.75,8.949999809265137,8.75,8.789999961853027,33700,0.0034246269620270553,0.037780364195486804,0.03290243542190607,8.473999977111816,8.639999961853027,0.03491279058230853
2020-08-27,8.770000457763672,8.899999618530273,8.75,8.770000457763672,39600,-0.0022752564477985793,0.08944102484090521,0.07081818157470843,8.618000030517578,8.669000005722046,0.03366493735720661
2020-08-28,8.850000381469727,8.989999771118164,8.649999618530273,8.770000457763672,121400,0.0,0.08138111332014963,0.07607372616603958,8.750000190734863,8.700000047683716,0.03361511410916915
2020-08-31,8.850000381469727,8.850000381469727,8.5,8.520000457763672,48000,-0.02850626989177485,-0.016166211560647348,0.011876529758149568,8.722000312805175,8.705000066757203,0.033648698659235476
2020-09-01,8.5,8.5,8.130000114440918,8.130000114440918,87100,-0.04577468572403354,-0.07191781940413644,-0.06444182888184702,8.596000289916992,8.677000093460084,0.034374650757405686
2020-09-02,8.0,8.100000381469727,7.789999961853027,7.820000171661377,112900,-0.03813037372888883,-0.11035265010253359,-0.0810810856242622,8.402000331878662,8.64250009059906,0.035066717797034026
2020-09-03,7.769999980926514,7.769999980926514,7.366000175476074,7.409999847412109,91900,-0.05242970783236722,-0.15507417780664057,-0.15795458104492144,8.13000020980835,8.573000073432922,0.03550146382089113
2020-09-04,7.75,7.78000020980835,7.599999904632568,7.769999980926514,55100,0.048583014969984406,-0.11402513393849423,-0.085882355185116,7.930000114440918,8.536500072479248,0.037078052679285316
2020-09-08,7.590000152587891,7.739999771118164,7.400000095367432,7.40500020980835,75200,-0.04697551763373886,-0.13086856667235292,-0.13995348373032657,7.707000064849853,8.476250100135804,0.03805875600342216
2020-09-09,7.25,7.25,7.139999866485596,7.139999866485596,58100,-0.03578667600464691,-0.1217712464968892,-0.23390556863958556,7.509000015258789,8.367250108718872,0.03218918451914426
2020-09-10,7.019999980926514,7.550000190734863,7.019999980926514,7.485000133514404,39900,0.04831936603363296,-0.04283887861805524,-0.18286023382095662,7.442000007629394,8.283500123023988,0.034929629500558224
2020-09-11,7.5,7.690000057220459,7.489999771118164,7.690000057220459,43400,0.027388098870988475,0.03778680372120902,-0.14745014778779286,7.498000049591065,8.217000102996826,0.03584701938007186
2020-09-14,7.869999885559082,7.900000095367432,7.690000057220459,7.849999904632568,19300,0.020806221875366404,0.010296000502243885,-0.11299439929188881,7.514000034332275,8.167000079154969,0.0362709490259961
2020-09-15,7.849999904632568,7.849999904632568,7.53000020980835,7.550000190734863,80900,-0.03821652452768365,0.01958136081271844,-0.15168533546727792,7.543000030517578,8.099500107765198,0.036891547030448085
2020-09-16,7.650000095367432,7.664999961853027,7.599999904632568,7.599999904632568,25300,0.006622478494644701,0.06442577685556605,-0.14027151884067723,7.6350000381469725,8.037500095367431,0.03702767999315159
2020-09-17,7.699999809265137,7.699999809265137,7.599999904632568,7.639999866485596,19500,0.005263152941442195,0.02070804678775806,-0.09799296037500227,7.665999984741211,7.996000075340271,0.036174285519941965
2020-09-18,7.670000076293945,7.699999809265137,7.552999973297119,7.570000171661377,13500,-0.009162263880564514,-0.015604666406524803,-0.05962733014912747,7.642000007629394,7.972000074386597,0.03461978203055383
2020-09-21,7.510000228881836,7.650000095367432,7.510000228881836,7.625,101800,0.007265498955273175,-0.028662408581659693,-0.05980267289875019,7.597000026702881,7.947750091552734,0.034616964417149294
2020-09-22,7.769999980926514,7.827000141143799,7.650000095367432,7.679999828338623,33100,0.0072130922411308696,0.01721849461186653,-0.11316397648278742,7.622999954223633,7.89875009059906,0.030550356231761167
2020-09-23,8.0,8.109999656677246,8.0,8.109999656677246,48900,0.055989562233055734,0.06710523137425417,-0.07420097662343994,7.724999904632568,7.866250061988831,0.033346997065745225
2020-09-24,8.449999809265137,8.449999809265137,8.27400016784668,8.430000305175781,119200,0.03945754155921177,0.10340320058848196,-0.04095559251872327,7.882999992370605,7.848250079154968,0.03467736050467589
2020-09-25,8.3100004196167,8.3100004196167,8.100000381469727,8.210000038146973,44500,-0.026097302380135745,0.08454423407828471,-0.0638540924044031,8.010999965667725,7.820250058174134,0.03511116713125742
2020-09-28,8.109999656677246,8.109999656677246,7.940000057220459,8.09000015258789,66700,-0.014616307551950536,0.06098362656890366,-0.07753708890332023,8.103999996185303,7.786250042915344,0.03520381504794511
2020-09-29,8.149999618530273,8.3100004196167,8.130000114440918,8.229999542236328,52100,0.01730523943236939,0.07161454768114028,-0.034037664312926985,8.213999938964843,7.771749997138977,0.03497662289706221
2020-09-30,8.149999618530273,8.25,8.100000381469727,8.239999771118164,63200,0.0012150947069333728,0.01602960788461738,0.013530092881777422,8.239999961853027,7.777249979972839,0.03336215600706875
2020-10-01,8.300000190734863,8.399999618530273,8.29699993133545,8.359999656677246,21200,0.014563093312173425,-0.008303753969683303,0.06905364106931278,8.22599983215332,7.804249954223633,0.0321513095225151
2020-10-02,8.550000190734863,8.75,8.550000190734863,8.649999618530273,134300,0.034688992076859826,0.0535931276904853,0.16734140305700884,8.31399974822998,7.866249942779541,0.029953589646609012
2020-10-05,8.739999771118164,8.845000267028809,8.699999809265137,8.729999542236328,59300,0.009248546501051447,0.07910993542363642,0.12355206739593094,8.441999626159667,7.914249920845032,0.028413673196276884
2020-10-06,8.529999732971191,8.680000305175781,8.510000228881836,8.520000457763672,110900,-0.02405487920780136,0.03523705123421461,0.15057396574796034,8.499999809265137,7.969999933242798,0.02655652128415597
2020-10-07,8.390000343322754,8.390000343322754,8.130000114440918,8.15999984741211,68400,-0.04225359049406152,-0.009708728874782357,0.1428571428571428,8.483999824523925,8.020999932289124,0.027142553897124274
2020-10-08,8.100000381469727,8.15999984741211,8.0600004196167,8.130000114440918,79000,-0.003676437932864096,-0.0275119080959082,0.08617234060404333,8.43799991607666,8.053249931335449,0.025416611566309723
2020-10-09,8.039999961853027,8.085000038146973,7.860000133514404,7.880000114440918,54900,-0.030750307070222194,-0.08901728763546313,0.024707419480713755,8.284000015258789,8.062749934196471,0.025973352268069703
2020-10-12,7.900000095367432,7.989999771118164,7.900000095367432,7.949999809265137,37200,0.008883209874062992,-0.08934705313528368,0.012738841509227994,8.128000068664551,8.0677499294281,0.02564261055511272
2020-10-13,7.900000095367432,7.949999809265137,7.900000095367432,7.940000057220459,59500,-0.0012578304760489933,-0.06807516072545505,0.05165561015007558,8.011999988555909,8.087249922752381,0.023947641363525625
2020-10-14,7.699999809265137,7.699999809265137,7.460000038146973,7.489999771118164,53500,-0.05667509859689168,-0.08210785402237863,-0.014473701959832108,7.877999973297119,8.08174991607666,0.027355050306651314
2020-10-15,7.440000057220459,7.440000057220459,7.130000114440918,7.400000095367432,112100,-0.012015978438046915,-0.08979089899111115,-0.03141358315606413,7.7319999694824215,8.069749927520752,0.027440420280445993
2020-10-16,7.28000020980835,7.329999923706055,7.0,7.0,103100,-0.05405406624492348,-0.11167513980465893,-0.07529724686073291,7.5559999465942385,8.041249918937684,0.02985285841149004
2020-10-19,7.0,7.170000076293945,6.829999923706055,7.110000133514404,195600,0.015714304787772138,-0.10566033910740158,-0.06754096609647153,7.388000011444092,8.015499925613403,0.03007190938750945
2020-10-20,7.099999904632568,7.449999809265137,7.099999904632568,7.389999866485596,51200,0.039381115008895184,-0.06926954493340409,-0.037760412543623945,7.277999973297119,8.000999927520752,0.03147761211291087
2020-10-21,7.5,7.869999885559082,7.5,7.670000076293945,54800,0.03788906831760297,0.02403208420244174,-0.05425395795436738,7.314000034332276,7.978999948501587,0.029962985573956612
2020-10-22,7.670000076293945,7.800000190734863,7.489999771118164,7.510000228881836,44200,-0.020860475335147566,0.014864882715780903,-0.10913405017661637,7.336000061035156,7.932999944686889,0.028534417517757083
2020-10-23,7.400000095367432,7.5,7.334000110626221,7.389999866485596,10700,-0.015978742841410987,0.05571426664079948,-0.09987821776508221,7.414000034332275,7.8919999361038204,0.02823573292876156
2020-10-26,7.090000152587891,7.289999961853027,7.090000152587891,7.179999828338623,141900,-0.0284167851070396,0.009845245219372245,-0.11248458678436113,7.427999973297119,7.846499919891357,0.028652128258144987
2020-10-27,7.394999980926514,7.460000038146973,7.119999885559082,7.119999885559082,33100,-0.008356538191369944,-0.0365358573483866,-0.13487238376876354,7.373999977111817,7.790999937057495,0.0281446098077366
2020-10-28,7.03000020980835,7.09499979019165,6.849999904632568,6.860000133514404,33300,-0.036516819694339286,-0.10560624963786491,-0.16747568882717268,7.211999988555908,7.721999955177307,0.028832574537500804
2020-10-29,6.800000190734863,6.800000190734863,6.5,6.5,81100,-0.052478152552159596,-0.13448737657791188,-0.2224880063471819,7.009999942779541,7.628999972343445,0.029861356476235733
2020-10-30,6.749000072479248,6.820000171661377,6.630000114440918,6.769999980926514,71900,0.04153845860407901,-0.08389714435190243,-0.21734100815176582,6.885999965667724,7.534999990463257,0.030459226885811316
2020-11-02,6.670000076293945,6.710000038146973,6.5,6.519999980926514,22900,-0.03692762196519028,-0.09192198651693095,-0.2531500202969871,6.753999996185303,7.4245000123977665,0.03053497921789839
2020-11-03,6.630000114440918,6.630000114440918,6.309999942779541,6.559999942779541,28700,0.006134963492337775,-0.07865167862085831,-0.23004699644095927,6.642000007629394,7.326499986648559,0.030759403316163607
2020-11-04,6.550000190734863,6.550000190734863,6.349999904632568,6.360000133514404,27000,-0.030487776068545913,-0.07288629595752616,-0.2205882043574502,6.542000007629395,7.236500000953674,0.030269696592263345
2020-11-05,6.289999961853027,6.690000057220459,6.289999961853027,6.539999961853027,44500,0.02830185920753414,0.006153840285081147,-0.19557197173511132,6.55,7.15699999332428,0.031547110048117125
2020-11-06,6.599999904632568,6.880000114440918,6.559999942779541,6.800000190734863,26400,0.039755386911067836,0.004431345626716432,-0.13705582589102283,6.55600004196167,7.102999997138977,0.033050628336881736
2020-11-09,7.03000020980835,7.050000190734863,6.920000076293945,7.010000228881836,57700,0.030882357684798523,0.07515341248293872,-0.11823894376548294,6.654000091552734,7.056000018119812,0.033954517585910886
2020-11-10,6.900000095367432,6.900000095367432,6.650000095367432,6.670000076293945,77900,-0.04850215998382701,0.01676831318199623,-0.15994961861135049,6.676000118255615,6.9925000190734865,0.0352464577605068
2020-11-11,6.349999904632568,6.458000183105469,6.210000038146973,6.21999979019165,98900,-0.06746630898875927,-0.02201263213580984,-0.16955941518499118,6.648000049591064,6.929000020027161,0.03610167807150815
2020-11-12,6.5,6.5,6.260000228881836,6.409999847412109,46700,0.030546634024019026,-0.019877693455533918,-0.13378381556712204,6.622000026702881,6.879500007629394,0.037130975725225376
2020-11-13,6.5,6.5,6.23199987411499,6.309999942779541,63500,-0.0156006095184138,-0.07205885797223321,-0.09857143674577984,6.523999977111816,6.845000004768371,0.03549840376588691
2020-11-16,6.510000228881836,6.510000228881836,6.25,6.28000020980835,14100,-0.004754315886408178,-0.10413694653900585,-0.11673697723206566,6.377999973297119,6.803500008583069,0.03517634636797809
2020-11-17,6.480000019073486,6.480000019073486,6.25,6.25,24300,-0.00477710331306902,-0.06296852646024409,-0.1542625016348933,6.29399995803833,6.746500015258789,0.033553083987578926
2020-11-18,6.449999809265137,6.46999979019165,6.335999965667725,6.369999885559082,14600,0.019199981689453027,0.024115771772849293,-0.1694915486054347,6.323999977111816,6.681500005722046,0.03245586787727372
2020-11-19,6.400000095367432,6.710000038146973,6.400000095367432,6.599999904632568,93100,0.0361067540354123,0.02964119527977327,-0.12117181045475911,6.361999988555908,6.635999989509583,0.03380761327610642
2020-11-20,6.539999961853027,6.71999979019165,6.539999961853027,6.610000133514404,13600,0.0015151862161113527,0.0475436122750128,-0.1055480036621611,6.4220000267028805,6.597000002861023,0.03375912017951199
2020-11-23,6.550000190734863,6.800000190734863,6.5,6.610000133514404,43400,0.0,0.05254775679635304,-0.07938714602394503,6.488000011444091,6.568500018119812,0.03331747140899995
2020-11-24,6.630000114440918,6.659999847412109,6.353000164031982,6.590000152587891,89800,-0.0030257156615033365,0.05440002441406255,-0.07443816593960162,6.55600004196167,6.542000031471252,0.03329868617540452
2020-11-25,6.75,6.800000190734863,6.659999847412109,6.699999809265137,35400,0.01669190502735418,0.051805326473265856,-0.02332366197306457,6.622000026702881,6.534000015258789,0.03262624173839427
2020-11-27,6.400000095367432,6.71999979019165,6.360000133514404,6.619999885559082,59000,-0.011940287460221466,0.0030303001841676114,0.01846152085524344,6.626000022888183,6.540000009536743,0.030422907186025493
2020-11-30,6.570000171661377,6.570000171661377,6.369999885559082,6.420000076293945,39100,-0.030211452072894662,-0.02874433485365757,-0.05169865666449658,6.588000011444092,6.522500014305114,0.02965636308905858
2020-12-01,6.420000076293945,6.454999923706055,6.349999904632568,6.409999847412109,22700,-0.0015576680316191638,-0.030257228753785004,-0.016871186171195762,6.5479999542236325,6.517000007629394,0.02851068638731587
2020-12-02,6.25,6.25,6.129000186920166,6.170000076293945,46500,-0.03744146284419314,-0.06373293878134612,-0.05945119967796042,6.463999938964844,6.497500014305115,0.02962357348670391
2020-12-03,6.099999904632568,6.289999961853027,6.099999904632568,6.239999771118164,37900,0.011345169199133087,-0.06865672406600054,-0.018867981112750454,6.371999931335449,6.491499996185302,0.029024495374963287
2020-12-04,6.420000076293945,6.550000190734863,6.420000076293945,6.539999961853027,54200,0.048076955406859856,-0.012084580829157865,0.0,6.355999946594238,6.491499996185302,0.03036485921417395
2020-12-07,6.559999942779541,6.559999942779541,6.260000228881836,6.400000095367432,15600,-0.02140670753856222,-0.0031152617895386925,-0.05882354178643112,6.351999950408936,6.471499991416931,0.029256823067012064
2020-12-08,6.474999904632568,6.494999885559082,6.449999809265137,6.460000038146973,14400,0.00937499091960503,0.007800341953993817,-0.07845936844178869,6.361999988555908,6.443999981880188,0.028341702819552513
2020-12-09,6.639999866485596,6.78000020980835,6.619999885559082,6.710000038146973,75800,0.03869969017395114,0.08752025205441849,0.005996995711468278,6.469999980926514,6.445999979972839,0.0277873190221635
2020-12-10,6.989999771118164,7.119999885559082,6.985000133514404,7.044000148773193,50100,0.04977646925892687,0.12884621909384442,0.13247594636271742,6.630800056457519,6.487199997901916,0.0248706631192917
2020-12-11,7.099999904632568,7.199999809265137,7.090000152587891,7.179999828338623,54100,0.01930716591326531,0.09785930737287951,0.1201248048761474,6.758800029754639,6.5256999969482425,0.024422389930647596
2020-12-14,7.269999980926514,7.559999942779541,7.269999980926514,7.300000190734863,83300,0.0167131427946019,0.14062501280568518,0.1568938600527514,6.938800048828125,6.575200009346008,0.023985294284312623
2020-12-15,7.300000190734863,7.300000190734863,7.269999980926514,7.300000190734863,42500,0.0,0.130030982604892,0.16242037370212792,7.106800079345703,6.626200008392334,0.023879896081452738
2020-12-16,7.260000228881836,7.28000020980835,7.03000020980835,7.090000152587891,42000,-0.028767127761654576,0.05663190943078722,0.1344000244140624,7.1828001022338865,6.6682000160217285,0.025116577591917533
2020-12-17,7.210000038146973,7.46999979019165,7.210000038146973,7.409999847412109,68300,0.0451339475228949,0.051959070259625095,0.16326530306707365,7.25600004196167,6.72020001411438,0.02643492388789743
2020-12-18,7.409999847412109,7.525000095367432,7.360000133514404,7.460000038146973,39400,0.006747664205732029,0.038997244638254935,0.13030305241531392,7.31200008392334,6.7632000207901,0.0255889117882083
2020-12-21,7.389999866485596,7.5,7.25,7.269999980926514,57600,-0.025469176440869545,-0.004109617674589394,0.09984868896836185,7.30600004196167,6.796200013160705,0.026556013647586443
2020-12-22,7.440000057220459,7.550000190734863,7.440000057220459,7.51200008392334,54200,0.033287497060761284,0.029041080499908167,0.13645989896967836,7.348400020599366,6.841300010681152,0.027253371929847416
2020-12-23,7.599999904632568,7.800000190734863,7.590000152587891,7.730000019073486,95700,0.029020225334754013,0.0902679623006768,0.17298935357959255,7.476399993896484,6.898300004005432,0.027587332156228786
2020-12-24,7.769999980926514,7.769999980926514,7.559999942779541,7.559999942779541,13200,-0.021992247849220714,0.020242928266701377,0.12835823253683487,7.506400012969971,6.941300010681152,0.028319485659204724
2020-12-28,7.75,7.760000228881836,7.599999904632568,7.635000228881836,34600,0.009920672839941913,0.023458470487934813,0.15332331735184512,7.541400051116943,6.99205002784729,0.027992934034062392
2020-12-29,7.570000171661377,7.585000038146973,7.110000133514404,7.199999809265137,133000,-0.0569745129765904,-0.009628634366578903,0.12149528406570664,7.527400016784668,7.031050014495849,0.030425899286248233
2020-12-30,7.440000057220459,7.690000057220459,7.34499979019165,7.510000228881836,176900,0.04305561497623689,-0.00026622138167753384,0.17160692787127396,7.527000045776367,7.086050033569336,0.03144629947183335
2020-12-31,7.590000152587891,7.75,7.590000152587891,7.699999809265137,24700,0.025299543887176368,-0.0038810103149191644,0.24797402172646277,7.521000003814697,7.162550020217895,0.029712037950714604
2021-01-04,8.0,8.600000381469727,8.0,8.470000267028809,191700,0.10000006192690525,0.12037041417155003,0.3573718874529772,7.703000068664551,7.274050045013428,0.03569045650867103
2021-01-05,8.489999771118164,8.9399995803833,8.489999771118164,8.5600004196167,219900,0.01062575557857226,0.12115260812118289,0.30886857332508755,7.888000106811523,7.375050067901611,0.03489190248012818
2021-01-06,8.5,8.739999771118164,8.380000114440918,8.529999732971191,83000,-0.003504752940987732,0.18472221651930854,0.3328124384162956,8.154000091552735,7.4815500497817995,0.03415444643474559
2021-01-07,9.0,9.34000015258789,9.0,9.319999694824219,294500,0.09261430088906364,0.2410119055631339,0.4427244024440635,8.51599998474121,7.624550032615661,0.038256597901547215
2021-01-08,10.010000228881836,10.569999694824219,10.010000228881836,10.34000015258789,364900,0.10944211278570326,0.3428571959373472,0.5409836205371132,9.044000053405762,7.806050038337707,0.04311827973146222
2021-01-11,11.350000381469727,12.100000381469727,11.319999694824219,11.800000190734863,428100,0.14119922791118755,0.3931522808409764,0.6751845459273578,9.710000038146973,8.04385004043579,0.05037407428435366
2021-01-12,10.3100004196167,11.5,10.3100004196167,10.59000015258789,477200,-0.10254237445665826,0.23714948989010565,0.4749304186318213,10.115999984741212,8.214350056648254,0.05815679236405818
2021-01-13,9.899999618530273,9.989999771118164,9.508999824523926,9.960000038146973,308100,-0.05949009493516999,0.16764365181025398,0.36438353122074885,10.402000045776367,8.34735004901886,0.06089723838977654
2021-01-14,10.390000343322754,10.539999961853027,10.100000381469727,10.470000267028809,111700,0.0512048420610971,0.12339062337558149,0.4342465744476691,10.632000160217284,8.505850052833557,0.06120368303464165
2021-01-15,11.5,11.5,11.0,11.039999961853027,128700,0.054441230208867486,0.06769823974228295,0.5571226691473856,10.772000122070313,8.703350043296814,0.06054298236035871
2021-01-19,11.130000114440918,11.199999809265137,10.550000190734863,10.710000038146973,158200,-0.029891297540427297,-0.09237289279399652,0.4453441644654508,10.554000091552734,8.868350052833557,0.06148809984214453
2021-01-20,10.710000038146973,10.850000381469727,10.710000038146973,10.800000190734863,43300,0.008403375561842008,0.01983003164505659,0.4477211977893676,10.59600009918213,9.035350060462951,0.06146993453976964
2021-01-21,10.84000015258789,11.5,10.84000015258789,11.329999923706055,182300,0.049074048482505406,0.1375501887863413,0.5584594158777592,10.870000076293945,9.238350057601929,0.06079648706329185
2021-01-22,11.039999961853027,11.0600004196167,10.720000267028809,11.0,133400,-0.029126207054563813,0.050620794599234076,0.46432373230951307,10.976000022888183,9.412750053405762,0.061895215706856875
2021-01-25,10.680000305175781,10.710000038146973,10.3100004196167,10.699999809265137,94400,-0.027272744612260258,-0.030797115377056872,0.38421730696808365,10.907999992370605,9.561250042915344,0.0627866956789213
2021-01-26,10.170000076293945,10.170000076293945,9.579999923706055,9.600000381469727,299400,-0.10280368667323903,-0.10364142415720257,0.26984132991145904,10.686000061035156,9.663250064849853,0.06790283182191124
2021-01-27,9.630000114440918,10.100000381469727,9.630000114440918,10.02299976348877,130800,0.04406243387609976,-0.0719444827336827,0.31277006719312994,10.530599975585938,9.782650041580201,0.06821844763407388
2021-01-28,10.0,10.0,9.571000099182129,9.760000228881836,59200,-0.02623960299440231,-0.13857014169428783,0.35555562325465995,10.216600036621093,9.910650062561036,0.06682252927121839
2021-01-29,9.859999656677246,10.529999732971191,9.859999656677246,10.34000015258789,116600,0.05942622029758948,-0.05999998612837354,0.37683087050017483,10.084600067138672,10.052150058746339,0.06725186258974133
2021-02-01,10.460000038146973,10.460000038146973,10.0,10.1899995803833,38500,-0.014506824950776043,-0.04766357364233098,0.32337660166199433,9.982600021362305,10.176650047302246,0.06762015607619025
2021-02-02,9.369999885559082,9.369999885559082,9.210000038146973,9.229999542236328,104500,-0.09421001743661128,-0.03854175255530068,0.08972836496428105,9.908599853515625,10.214650011062622,0.06889387062049407
2021-02-03,9.359999656677246,9.550000190734863,9.359999656677246,9.449999809265137,87700,0.02383534972261825,-0.05716850920329519,0.10397188621730113,9.793999862670898,10.259149980545043,0.06899828902497335
2021-02-04,9.449999809265137,9.949999809265137,9.449999809265137,9.8100004196167,41200,0.03809530345160472,0.005122970242039893,0.15005870184238024,9.803999900817871,10.323150014877319,0.06928485558102164
2021-02-05,10.25,10.350000381469727,10.02299976348877,10.239999771118164,85000,0.04383275566855338,-0.009671216633850732,0.09871245777023563,9.783999824523926,10.369150018692016,0.06701857644869659
2021-02-08,10.010000228881836,10.045999526977539,9.574000358581543,9.789999961853027,85200,-0.04394529485580234,-0.03925413493640473,-0.05319150702306419,9.703999900817871,10.341650009155273,0.06333533400124176
2021-02-09,10.210000038146973,10.300000190734863,9.980999946594238,10.100000381469727,63700,0.03166500723438448,0.09425795042050522,-0.1440677781174906,9.878000068664551,10.256650018692017,0.054532109804978794
2021-02-10,10.550000190734863,10.84000015258789,10.550000190734863,10.75,83700,0.06435639544358973,0.137566160526299,0.015108578385903959,10.138000106811523,10.264650011062622,0.051727033193126444
2021-02-11,10.739999771118164,11.550000190734863,10.574999809265137,11.550000190734863,131500,0.0744186223939407,0.17736999966266564,0.15963856892551842,10.486000061035156,10.344150018692016,0.05200844036791052
2021-02-12,12.0600004196167,12.755000114440918,12.0600004196167,12.430000305175781,368900,0.07619048484058322,0.21386724443436966,0.1872015270447729,10.92400016784668,10.442150020599366,0.05336454606370444
2021-02-16,14.970000267028809,16.190000534057617,14.920000076293945,15.819999694824219,517500,0.27272721692829416,0.6159346022949164,0.4329709918014242,12.130000114440918,10.681150007247926,0.07906695839117665
2021-02-17,17.25,17.350000381469727,15.899999618530273,16.65999984741211,352400,0.053097355802270485,0.6495048730867263,0.5555555357677286,13.442000007629394,10.978649997711182,0.07843599220863459
2021-02-18,13.90999984741211,14.0,13.0,13.520000457763672,361100,-0.18847535524654824,0.2576744611873183,0.2518518721288774,13.99600009918213,11.114650011062622,0.09184408323771938
2021-02-19,13.789999961853027,14.5,13.789999961853027,14.5,202300,0.07248517078811023,0.2554112346795938,0.27978818160989327,14.586000061035156,11.27315001487732,0.09244561440959954
2021-02-22,14.5,14.800000190734863,13.604999542236328,13.739999771118164,226700,-0.052413808888402524,0.10539013948349685,0.24909088828346948,14.847999954223633,11.410150003433227,0.09319259282476149
2021-02-23,12.800000190734863,13.489999771118164,12.510000228881836,13.34000015258789,210700,-0.02911205423533436,-0.15676356448020046,0.24672900844696977,14.352000045776368,11.542150020599365,0.09323762582701925
2021-02-24,12.65999984741211,13.359999656677246,12.510000228881836,13.170000076293945,147700,-0.012743633759326967,-0.20948378169765025,0.3718749534338732,13.654000091552735,11.720650005340577,0.0893355344292603
2021-02-25,13.170000076293945,13.640000343322754,13.039999961853027,13.3100004196167,118500,0.010630246204383464,-0.015532546674314918,0.327945798033602,13.61200008392334,11.885000038146973,0.08916687526673689
2021-02-26,13.430000305175781,13.430000305175781,12.66100025177002,12.710000038146973,98400,-0.04507891529330288,-0.1234482732312433,0.30225407172998664,13.254000091552735,12.03250002861023,0.08975589478148681
2021-03-01,13.0,13.350000381469727,12.970000267028809,13.020000457763672,49300,0.024390276843924807,-0.052401697623601806,0.2591876465790024,13.110000228881836,12.166500043869018,0.08922488124748483
2021-03-02,14.34000015258789,14.899999618530273,14.140000343322754,14.890000343322754,238000,0.143625178173018,0.11619191701689524,0.46123660024357527,13.420000267028808,12.40150008201599,0.0933587231225503
2021-03-03,15.5,15.5,14.890000343322754,15.279999732971191,217400,0.02619203362364786,0.16021257740728911,0.6554713424470024,13.842000198364257,12.704000091552734,0.08917981886603546
2021-03-04,15.630000114440918,15.630000114440918,14.75,15.260000228881836,178100,-0.0013088680915485096,0.14650636722679322,0.6148148716278656,14.232000160217286,12.994500112533569,0.0894361251913215
2021-03-05,16.0,16.350000381469727,15.59000015258789,16.25,293700,0.06487547550913142,0.2785208458873565,0.6564729158936089,14.94000015258789,13.316500091552735,0.0897960525105872
2021-03-08,16.65999984741211,16.65999984741211,16.450000762939453,16.5,404500,0.01538461538461533,0.267281061435082,0.6113281610159911,15.636000061035157,13.629500102996825,0.0897785517355941
2021-03-09,16.579999923706055,16.65999984741211,15.510000228881836,16.329999923706055,415800,-0.010303034926905763,0.09670917039495253,0.6680285993193356,15.923999977111816,13.956500101089478,0.08867095067529882
2021-03-10,15.699999809265137,15.800000190734863,15.25,15.319999694824219,290900,-0.06184937131663004,0.002617798596338705,0.5168315956632559,15.931999969482423,14.217500066757202,0.09098774330447565
2021-03-11,16.34000015258789,16.38800048828125,15.609999656677246,16.200000762939453,110100,0.05744132412825942,0.06159898558051946,0.5069768151571585,16.120000076293945,14.490000104904174,0.0908427583915719
2021-03-12,16.350000381469727,16.600000381469727,16.149999618530273,16.59000015258789,103500,0.02407403526428431,0.020923086313100914,0.4363636258548287,16.188000106811522,14.742000102996826,0.09008130326410568
2021-03-15,17.459999084472656,17.969999313354492,17.020000457763672,17.950000762939453,309700,0.08197713067166035,0.08787883411754271,0.44408691248906695,16.478000259399415,15.01800012588501,0.09027363529714731
2021-03-16,17.670000076293945,18.190000534057617,17.5,18.0,350100,0.0027854726983509437,0.1022657736739867,0.13780027479324186,16.812000274658203,15.1270001411438,0.06838377062613445
2021-03-17,18.59000015258789,19.540000915527344,18.540000915527344,19.5,330400,0.08333333333333326,0.27284597835781765,0.17046819799515456,17.64800033569336,15.269000148773193,0.06973585532329674
2021-03-18,20.809999465942383,20.84000015258789,19.719999313354492,20.329999923706055,682100,0.0425640986515925,0.2549382077940854,0.5036981682964246,18.47400016784668,15.609500122070312,0.05194185324114085
2021-03-19,20.399999618530273,20.700000762939453,19.299999237060547,19.56999969482422,420700,-0.03738318896871362,0.17962625164722956,0.3496551513671875,19.070000076293944,15.863000106811523,0.05211409547828828
2021-03-22,19.799999237060547,19.799999237060547,18.8700008392334,19.059999465942383,250500,-0.02606030847393004,0.06183836522696384,0.387190668373008,19.29199981689453,16.129000091552733,0.05059484879566933
2021-03-23,17.799999237060547,17.799999237060547,16.610000610351562,16.700000762939453,531000,-0.12381945273502892,-0.0722221798366971,0.25187410584097636,19.03199996948242,16.297000122070312,0.05894666919740615
2021-03-24,16.780000686645508,17.454999923706055,15.739999771118164,17.239999771118164,468000,0.032335268473584255,-0.1158974476349659,0.3090356622055177,18.579999923706055,16.500500106811522,0.05877465438966182
2021-03-25,18.790000915527344,19.43000030517578,18.06999969482422,19.299999237060547,446600,0.11948952977328098,-0.050664077250903605,0.4500374627047794,18.373999786376952,16.800000047683717,0.0632038327946093
2021-03-26,19.0,19.0,18.209999084472656,18.420000076293945,229400,-0.04559581324111117,-0.05876339481162174,0.4492525586946772,18.1439998626709,17.085500049591065,0.06323221692624713
2021-03-29,17.8799991607666,17.8799991607666,16.649999618530273,16.8700008392334,248400,-0.08414762381327867,-0.11490024596392112,0.2956989436336015,17.706000137329102,17.27800006866455,0.06741006877587807
2021-03-30,16.18000030517578,16.5,16.170000076293945,16.5,180100,-0.021932473078063675,-0.011976093042061042,0.10812623368401941,17.665999984741212,17.358500051498414,0.06063137018253833
2021-03-31,16.270000457763672,17.0,16.270000457763672,16.920000076293945,171000,0.0254545500784209,-0.018561467463607983,0.10732986727636917,17.602000045776368,17.44050006866455,0.06061924454529627
2021-04-01,17.399999618530273,18.020000457763672,17.329999923706055,17.93000030517578,185500,0.0596926846529342,-0.07098440342184287,0.17496723697556504,17.328000259399413,17.574000072479247,0.06171111235844411
2021-04-05,18.139999389648438,18.270000457763672,17.68000030517578,18.209999084472656,677200,0.015616217207539584,-0.011400705263381328,0.12061532827524046,17.286000061035157,17.672000026702882,0.06037059789828026
2021-04-06,18.06999969482422,18.18000030517578,17.309999465942383,17.56999969482422,370300,-0.03514549268671596,0.041493706032478705,0.06484846635298291,17.42599983215332,17.72550001144409,0.061074421382210614
2021-04-07,17.399999618530273,17.709999084472656,16.850000381469727,16.969999313354492,163500,-0.03414914011902204,0.028484806869969237,0.039191634576762,17.519999694824218,17.757499980926514,0.061617727135620096
2021-04-08,16.09000015258789,16.690000534057617,15.569999694824219,16.530000686645508,357600,-0.02592802855111076,-0.02304960921335053,0.07898178955121526,17.44199981689453,17.818000030517577,0.06011054686657675
2021-04-09,16.84000015258789,17.59000015258789,16.799999237060547,17.520000457763672,142700,0.05989109074375176,-0.02286669494889837,0.0814814588060988,17.35999984741211,17.88400001525879,0.06022428303455888
2021-04-12,18.010000228881836,18.299999237060547,17.909000396728516,18.079999923706055,184600,0.03196343900175114,-0.007138888923802877,0.08981312582361478,17.334000015258788,17.9585000038147,0.060376938782250304
2021-04-13,17.760000228881836,17.760000228881836,17.010000228881836,17.06999969482422,219300,-0.05586284475353054,-0.028457598672997686,-0.04902512705916606,17.23400001525879,17.914499950408935,0.05910721258917233
2021-04-14,18.5,18.899999618530273,17.850000381469727,18.790000915527344,335000,0.10076164331887161,0.107248183607209,0.043888939751519196,17.59800033569336,17.953999996185303,0.06333301261047458
2021-04-15,19.489999771118164,20.41900062561035,19.3700008392334,20.299999237060547,395300,0.08036180138157412,0.22807007827052295,0.04102560190054083,18.352000045776368,17.99399995803833,0.06314043030864251
2021-04-16,19.770000457763672,20.170000076293945,19.700000762939453,19.790000915527344,285800,-0.025123070970472172,0.12956623278841084,-0.026561682744968396,18.8060001373291,17.967000007629395,0.0627721990597369
2021-04-19,20.06999969482422,20.100000381469727,19.899999618530273,20.0,234000,0.010611373156020898,0.10619469493340472,0.021972422681718617,19.190000152587892,17.988500022888182,0.06216131413764852
2021-04-20,20.100000381469727,20.479999542236328,20.030000686645508,20.450000762939453,281900,0.022500038146972656,0.19800826763576818,0.07292766715344423,19.866000366210937,18.058000087738037,0.0619176447759795
2021-04-21,21.25,22.149999618530273,21.25,21.8799991607666,571100,0.0699265694120983,0.16444907369247663,0.31017953060951786,20.48400001525879,18.317000007629396,0.055465076413504004
2021-04-22,21.110000610351562,21.110000610351562,20.309999465942383,20.469999313354492,289300,-0.06444240866061846,0.008374388309512204,0.18735496433401844,20.518000030517577,18.478499984741212,0.0580382693236703
2021-04-23,20.989999771118164,21.371999740600586,20.850000381469727,20.920000076293945,180700,0.02198342833582201,0.05709950017637433,0.08393787063590219,20.743999862670897,18.55950002670288,0.05217333668416961
2021-04-26,21.670000076293945,21.690000534057617,21.298999786376953,21.399999618530273,273600,0.02294452870391006,0.06999998092651372,0.16178064765979605,21.023999786376955,18.7085000038147,0.050887984764156326
2021-04-27,22.399999618530273,23.0,22.336000442504883,22.979999542236328,566500,0.07383177345189917,0.12371631711045561,0.36218129217832207,21.52999954223633,19.013999938964844,0.047881609371770543
2021-04-28,23.24799919128418,23.559999465942383,22.84000015258789,23.520000457763672,626000,0.023498734825248446,0.07495435831358654,0.42545457319779834,21.857999801635742,19.364999961853027,0.04702497733208959
2021-04-29,23.850000381469727,24.100000381469727,23.600000381469727,24.010000228881836,481600,0.02083332319648923,0.17293605443444604,0.4190307399892661,22.56599998474121,19.71949996948242,0.0470025239986639
2021-04-30,24.030000686645508,24.780000686645508,24.030000686645508,24.700000762939453,613000,0.028738047791753374,0.18068836868356009,0.37757949484303155,23.322000122070314,20.057999992370604,0.04608186954946775
2021-05-03,24.90999984741211,25.389999389648438,24.75,25.079999923706055,880600,0.015384580932352065,0.17196263414833268,0.3772653039335585,24.05800018310547,20.401500034332276,0.04608230193273566
2021-05-04,26.1299991607666,26.31999969482422,25.452999114990234,26.209999084472656,1040600,0.04505578804641486,0.14055698897207192,0.491747270331121,24.704000091552736,20.8335000038147,0.044764687698087974
2021-05-05,27.219999313354492,27.5,26.200000762939453,26.670000076293945,1619100,0.01755059167834161,0.13392855260300363,0.5715970038552722,25.334000015258788,21.31850004196167,0.042856013336039236
2021-05-06,24.889999389648438,24.920000076293945,23.290000915527344,23.559999465942383,1408400,-0.11661044624877737,-0.01874222235109113,0.4252872648079422,25.243999862670897,21.669999980926512,0.05217046509824751
2021-05-07,25.5,26.110000610351562,25.18000030517578,25.899999618530273,641400,0.09932089158026192,0.0485829481184199,0.4783104418843298,25.48399963378906,22.088999938964843,0.0544832396438735
2021-05-10,27.5,27.739999771118164,27.051000595092773,27.59000015258789,1143200,0.0652509868320037,0.10007975424710192,0.5259955901002276,25.98599967956543,22.564499950408937,0.055332416473299756
2021-05-11,25.780000686645508,25.989999771118164,25.25,25.989999771118164,959500,-0.05799203960206034,-0.008393716941593632,0.5225542024466803,25.94199981689453,23.010499954223633,0.05549359541583836
2021-05-12,24.549999237060547,24.549999237060547,23.579999923706055,24.200000762939453,859100,-0.06887260576923426,-0.09261339731116047,0.2879190837580796,25.447999954223633,23.28099994659424,0.05589978191050699
2021-05-13,23.799999237060547,24.200000762939453,23.649999618530273,23.959999084472656,492600,-0.009917424417371978,0.016977912886140034,0.18029556576190697,25.527999877929688,23.463999938964843,0.05388802424019041
2021-05-14,23.010000228881836,23.375,22.6299991607666,22.950000762939453,854300,-0.04215352087336832,-0.11389957139150808,0.15967658924829853,24.938000106811522,23.62199993133545,0.054597526683730864
2021-05-17,22.350000381469727,22.700000762939453,21.75,21.93000030517578,806600,-0.04444446291308224,-0.20514678565093125,0.09650001525878915,23.8060001373291,23.71849994659424,0.05587814900776637
2021-05-18,23.139999389648438,24.260000228881836,23.139999389648438,24.079999923706055,599800,0.09803919692708996,-0.07348979854684834,0.1775060648088127,23.42400016784668,23.89999990463257,0.059480474907396386
2021-05-19,24.510000228881836,25.350000381469727,24.1200008392334,24.450000762939453,606800,0.015365483405551883,0.01033057818671046,0.1174589442755174,23.47400016784668,24.02849998474121,0.05781005265811668
2021-05-20,25.15999984741211,25.75,25.014999389648438,25.6200008392334,463400,0.04785276236340219,0.0692822127792363,0.2515877722828783,23.80600051879883,24.286000061035157,0.05591096334749222
2021-05-21,26.399999618530273,26.8700008392334,26.128000259399414,26.860000610351562,652300,0.048399677224806315,0.1703703580579452,0.28393883902460826,24.58800048828125,24.583000087738036,0.056449180936485786
2021-05-24,25.579999923706055,25.579999923706055,24.549999237060547,25.239999771118164,790100,-0.06031276256222673,0.15093476606843348,0.17943926266535226,25.250000381469725,24.77500009536743,0.05878451591037357
2021-05-25,24.309999465942383,24.63800048828125,23.829999923706055,23.959999084472656,767800,-0.050713181388781,-0.0049834235719935505,0.04264575986762442,25.226000213623045,24.824000072479247,0.05825446703790789
2021-05-26,23.06999969482422,24.479999542236328,22.899999618530273,23.959999084472656,597100,0.0,-0.02004096781909004,0.018707424240876014,25.12799987792969,24.846000003814698,0.05807110397233234
2021-05-27,23.81999969482422,24.0,23.510000228881836,23.920000076293945,242000,-0.0016694077507136695,-0.06635443822219333,-0.0037484444702182707,24.7879997253418,24.841499996185302,0.05791577709638243
2021-05-28,23.059999465942383,23.430999755859375,23.0,23.0,382900,-0.03846154152840986,-0.14370813561575124,-0.06882593969349915,24.015999603271485,24.75649995803833,0.05819573178631166
2021-06-01,24.0,24.3700008392334,23.780000686645508,23.850000381469727,282700,0.03695653832477075,-0.0550712916899071,-0.04904304409800697,23.737999725341798,24.694999980926514,0.058731291662623746
2021-06-02,23.299999237060547,23.5,22.450000762939453,22.579999923706055,595400,-0.05324949423272962,-0.05759596049654747,-0.1384967297811578,23.461999893188477,24.513500022888184,0.05879921341081259
2021-06-03,22.549999237060547,22.989999771118164,22.440000534057617,22.709999084472656,320300,0.005757270203978981,-0.05217028579980476,-0.14848147658391642,23.211999893188477,24.31549997329712,0.058611732603105114
2021-06-04,23.18000030517578,23.690000534057617,22.93000030517578,23.5,291700,0.03478647940886459,-0.017558531561636115,-0.002546666693652333,23.12799987792969,24.3125,0.05314678575729283
2021-06-07,23.010000228881836,23.059999465942383,22.340999603271484,22.65999984741211,436600,-0.03574468734416558,-0.014782615329908322,-0.12509651810188027,23.059999847412108,24.15050001144409,0.048390586815200975
2021-06-08,23.0,23.18000030517578,22.899999618530273,23.110000610351562,445700,0.019858815797425766,-0.03102724357577402,-0.1623776555802633,22.911999893188476,23.926500034332275,0.045894947298711415
2021-06-09,24.5,25.208999633789062,24.459999084472656,24.989999771118164,700200,0.08135002644372502,0.10673161450642543,-0.03847633739155576,23.3939998626709,23.876500034332274,0.048387377736088
2021-06-10,26.25,27.239999771118164,26.25,27.049999237060547,577200,0.08243295257342087,0.19110525440554715,0.11776852827565443,24.261999893188477,24.01899995803833,0.049017907575791775
2021-06-11,27.75,28.0,27.5049991607666,27.81999969482422,481700,0.028465821792287294,0.1838297742478392,0.16110186802356963,25.12599983215332,24.21199998855591,0.049084132446490784
2021-06-14,27.829999923706055,27.829999923706055,26.93000030517578,27.0,439200,-0.02947518705317509,0.19152692770576252,0.17647054912523763,25.993999862670897,24.414499950408935,0.04847185723064905
2021-06-15,28.18000030517578,29.329999923706055,28.100000381469727,28.989999771118164,563800,0.07370369522659859,0.2544352663553284,0.32193339569977697,27.16999969482422,24.767499923706055,0.048780839868125765
2021-06-16,29.950000762939453,30.200000762939453,29.273000717163086,30.139999389648438,531700,0.03966883848257163,0.2060824195957902,0.25166110818698506,28.199999618530274,25.070499897003174,0.04517453573656133
2021-06-17,29.06999969482422,29.06999969482422,28.020000457763672,28.06999969482422,559200,-0.06867948695231751,0.03770796623040917,0.14805721140801964,28.403999710083006,25.25149984359741,0.048645061511685704
2021-06-18,26.540000915527344,27.309999465942383,26.5,27.06999969482422,421000,-0.03562522304495741,-0.02695902258185623,0.056596362532914224,28.253999710083008,25.32399978637695,0.04863111760013922
2021-06-21,26.450000762939453,26.600000381469727,26.0,26.559999465942383,242200,-0.018840052997095125,-0.016296316076208073,-0.011169066924501925,28.165999603271484,25.308999729156493,0.04770625695997064
2021-06-22,26.25,27.100000381469727,26.010000228881836,27.049999237060547,328300,0.018448786934144534,-0.06691964640822035,0.07171154842931271,27.777999496459962,25.399499702453614,0.04562663148639392
2021-06-23,28.030000686645508,28.25,27.780000686645508,27.8799991607666,305800,0.03068391671408599,-0.07498341986224566,0.16360601945240938,27.325999450683593,25.59549970626831,0.04405033263209445
2021-06-24,28.5,28.860000610351562,28.47800064086914,28.84000015258789,486200,0.03443332212047645,0.027431438052550217,0.20367284034153954,27.479999542236328,25.839499759674073,0.044371601545930395
2021-06-25,29.489999771118164,29.989999771118164,29.489999771118164,29.959999084472656,472000,0.03883491421494556,0.10676022985700317,0.25250831893452563,28.057999420166016,26.141499710083007,0.044722383992882024
2021-06-28,29.959999084472656,29.959999084472656,28.81999969482422,28.93000030517578,431800,-0.03437913253577807,0.08923196110272613,0.25782610022503394,28.531999588012695,26.437999725341797,0.04448737160996708
2021-06-29,28.59000015258789,29.1200008392334,28.5,28.81999969482422,382600,-0.0038023024262423544,0.06543439954477481,0.20838571211159973,28.88599967956543,26.686499691009523,0.0442394698080269
2021-06-30,28.5,29.382999420166016,28.25,29.350000381469727,211500,0.01839003095967029,0.05272601380748054,0.29982287336750857,29.179999923706056,27.024999713897706,0.04163560369440039
2021-07-01,27.969999313354492,28.079999923706055,27.0,27.31999969482422,399400,-0.06916526951485691,-0.05270459257009674,0.20299431070886853,28.87599983215332,27.255499744415282,0.04559940582646499
2021-07-02,27.0,27.06999969482422,26.43000030517578,26.8700008392334,273800,-0.016471407782485126,-0.10313746127050816,0.14340429103120855,28.25800018310547,27.423999786376953,0.045589248232904035
2021-07-06,25.350000381469727,25.5,25.030000686645508,25.260000228881836,849100,-0.059918145145748225,-0.1268579342405799,0.11473964690986782,27.52400016784668,27.553999805450438,0.047097312500449434
2021-07-07,27.5,27.69700050354004,26.832000732421875,26.920000076293945,459500,0.06571654126566862,-0.06592642743405353,0.16486366790642948,27.144000244140624,27.74449977874756,0.04886520906759049
2021-07-08,26.690000534057617,26.707000732421875,26.0,26.34000015258789,164700,-0.021545316569921202,-0.10255537273458482,0.05402162440313307,26.542000198364256,27.811999797821045,0.04616559688045034
2021-07-09,26.90999984741211,27.059999465942383,26.6200008392334,26.790000915527344,240100,0.01708431132621846,-0.019399662709267296,-0.009611768165116441,26.436000442504884,27.798999881744386,0.04245950849924874
2021-07-12,26.09000015258789,26.195999145507812,25.22100067138672,25.34000015258789,288400,-0.05412470001443859,-0.056940849976138574,-0.08914448488285642,26.13000030517578,27.674999904632568,0.043585178165890984
2021-07-13,23.780000686645508,24.670000076293945,23.6299991607666,24.489999771118164,535300,-0.03354381911410209,-0.030482994884666215,-0.09296297144006804,25.976000213623045,27.549499893188475,0.04372083744329396
2021-07-14,23.5,23.5,23.0,23.149999618530273,649800,-0.05471621744023847,-0.14004459313072504,-0.20144878229375152,25.222000122070312,27.25749988555908,0.04106450240353853
2021-07-15,24.149999618530273,24.809999465942383,24.149999618530273,24.450000762939453,259100,0.05615555791925808,-0.07175396274486145,-0.18878562514713293,24.844000244140624,26.97299995422363,0.042269807364808516
2021-07-16,24.600000381469727,24.899999618530273,24.5,24.510000228881836,184200,0.0024539658106403905,-0.08510640570094308,-0.12682577501412673,24.388000106811525,26.794999980926512,0.039962646575550584
2021-07-19,25.75,26.0,25.229999542236328,25.329999923706055,425100,0.0334557195906493,-0.0003946420213740698,-0.06427779057015848,24.386000061035155,26.707999992370606,0.0402513540327711
2021-07-20,25.8700008392334,25.920000076293945,25.309999465942383,25.479999542236328,146200,0.005921816777815669,0.04042465415968288,-0.04066264854752455,24.584000015258788,26.653999996185302,0.040104228482597704
2021-07-21,26.299999237060547,26.450000762939453,25.90999984741211,26.100000381469727,173100,0.02433284342119668,0.1274298406717096,-0.035120106557683384,25.17400016784668,26.60650005340576,0.040277969761749445
2021-07-22,26.459999084472656,26.579999923706055,26.1200008392334,26.579999923706055,161900,0.018390786790069003,0.08711652737431352,-0.04662838149901871,25.6,26.541500091552734,0.039860485703831994
2021-07-23,27.0,27.118000030517578,26.899999618530273,27.09000015258789,96500,0.01918736758260775,0.10526315379898943,-0.06067961132943922,26.11599998474121,26.454000091552736,0.039276110001184826
2021-07-26,26.389999389648438,26.389999389648438,25.290000915527344,25.6299991607666,310300,-0.053894462295963286,0.011843633555631339,-0.14452603658289698,26.17599983215332,26.23750009536743,0.039625520984722315
2021-07-27,24.5,24.6299991607666,24.257999420166016,24.6299991607666,179500,-0.03901677849177465,-0.03335951321587516,-0.1486346733166083,26.005999755859374,26.022500038146973,0.03980717956453872
2021-07-28,25.100000381469727,25.489999771118164,25.010000228881836,25.489999771118164,102900,0.03491679413946014,-0.02337167055310263,-0.11554475915917828,25.883999633789063,25.85600004196167,0.040910194796007146
2021-07-29,25.940000534057617,26.798999786376953,25.940000534057617,26.649999618530273,204700,0.04550803679199977,0.002633547593120511,-0.0919932104888187,25.897999572753907,25.721000003814698,0.042167438850693545
2021-07-30,26.450000762939453,26.559999465942383,25.760000228881836,25.799999237060547,185600,-0.03189494910456603,-0.04761908114659463,-0.055636913423964485,25.639999389648438,25.644999980926514,0.03989671876686247
2021-08-02,26.489999771118164,26.777000427246094,26.3700008392334,26.549999237060547,78800,0.029069768301491106,0.03589543918917659,-0.011909251662754361,25.823999404907227,25.62899990081787,0.040330569386584615
2021-08-03,26.610000610351562,26.829999923706055,26.479999542236328,26.6299991607666,109200,0.0030131798871912974,0.08120178920614096,0.05423590338365614,26.223999404907225,25.69749984741211,0.03776878905356647
2021-08-04,27.030000686645508,27.5,27.030000686645508,27.190000534057617,150100,0.021028966989832032,0.0666928512437912,0.010029734658189682,26.563999557495116,25.71099987030029,0.03511177048012196
2021-08-05,27.219999313354492,27.219999313354492,26.62299919128418,26.729999542236328,95300,-0.01691802069827475,0.0030018733527645836,0.01480635487430404,26.57999954223633,25.730499839782716,0.03496973178720797
2021-08-06,26.690000534057617,26.690000534057617,26.3799991607666,26.600000381469727,46500,-0.004863417994496744,0.031007797211870303,-0.007092218274150741,26.739999771118164,25.720999813079835,0.03479293561563915
2021-08-09,26.809999465942383,26.809999465942383,26.329999923706055,26.420000076293945,122700,-0.006766928668962557,-0.004896390376732618,0.04262035979489753,26.713999938964843,25.774999809265136,0.03243086260524167
2021-08-10,27.0,27.1299991607666,26.841999053955078,27.010000228881836,78400,0.022331572705682312,0.014269661287676039,0.10289916216069495,26.79000015258789,25.90099983215332,0.031548890255237716
2021-08-11,27.5,27.8799991607666,27.5,27.770000457763672,129300,0.028137735003392006,0.021331368602937717,0.19956807409773547,26.9060001373291,26.13199987411499,0.028537736079221106
2021-08-12,28.030000686645508,28.489999771118164,28.010000228881836,28.25,164200,0.017284822986098902,0.05686496385313822,0.15541918685010714,27.210000228881835,26.32199983596802,0.02644169063692454
2021-08-13,28.100000381469727,28.459999084472656,27.90999984741211,27.969999313354492,109700,-0.009911528730814467,0.05150371850517499,0.14116683199355906,27.48400001525879,26.49499979019165,0.026711151439589315
2021-08-16,28.360000610351562,28.889999389648438,28.360000610351562,28.780000686645508,170400,0.02895964938062323,0.08932629082272925,0.1362021623896903,27.956000137329102,26.667499828338624,0.026494516065077182
2021-08-17,29.040000915527344,29.59000015258789,29.040000915527344,29.209999084472656,389600,0.014940875176096657,0.08145127126797869,0.1463893096251192,28.395999908447266,26.85399980545044,0.026556524072942896
2021-08-18,30.020000457763672,30.131000518798828,29.600000381469727,29.600000381469727,191800,0.013351636741556261,0.06589844773281017,0.13409961489827804,28.761999893188477,27.02899980545044,0.02629571674537486
2021-08-19,29.530000686645508,29.700000762939453,29.219999313354492,29.270000457763672,213400,-0.011148645927472445,0.03610621089428934,0.10120393309928,28.96599998474121,27.16349983215332,0.026430363793461246
2021-08-20,29.65999984741211,30.0,29.649999618530273,29.979999542236328,112000,0.024256886688375,0.07186271999378091,0.10668140913141921,29.368000030517578,27.30799980163574,0.026595704908966535
2021-08-23,30.420000076293945,30.43000030517578,30.149999618530273,30.329999923706055,148000,0.011674462535486096,0.05385681723697022,0.18337888867878038,29.677999877929686,27.542999839782716,0.022647579898778906
2021-08-24,30.6200008392334,30.6200008392334,30.059999465942383,30.3700008392334,179100,0.00131885643349694,0.039712488569620286,0.23304920316887823,29.910000228881835,27.829999923706055,0.019790710018593505
2021-08-25,29.489999771118164,29.649999618530273,29.309999465942383,29.399999618530273,201800,-0.03193945320706193,-0.00675678244466027,0.15339348303338918,29.870000076293945,28.02549991607666,0.021091144307871606
2021-08-26,30.290000915527344,30.799999237060547,30.239999771118164,30.739999771118164,105700,0.045578237073966354,0.05022204613476822,0.15347092724699452,30.163999938964842,28.229999923706053,0.02109782982657878
2021-08-27,30.280000686645508,30.280000686645508,29.81999969482422,30.0,103300,-0.024072861959271497,0.0006671266867597225,0.16279073205964822,30.16800003051758,28.439999961853026,0.020392241833176856
2021-08-30,30.030000686645508,30.030000686645508,29.81999969482422,29.940000534057617,103900,-0.0019999821980793975,-0.012858535793915826,0.12768366833943423,30.09000015258789,28.609500026702882,0.01986043727342839
2021-08-31,28.600000381469727,28.600000381469727,28.170000076293945,28.329999923706055,279600,-0.05377423452348107,-0.0671715791621571,0.06383780760474167,29.681999969482423,28.694500064849855,0.02397506255429843
2021-09-01,27.940000534057617,28.079999923706055,27.631000518798828,27.729999542236328,198600,-0.02117897575310812,-0.05680272442049206,0.019860205868783343,29.34799995422363,28.72150001525879,0.024195797920159412
2021-09-02,28.270000457763672,28.520000457763672,28.05500030517578,28.260000228881836,132800,0.019112899220869117,-0.08067662851990054,0.05723908390750032,28.852000045776368,28.798000049591064,0.02411207566386166
2021-09-03,27.5,27.5,27.26300048828125,27.360000610351562,171800,-0.0318471200014524,-0.08799997965494788,0.028571436766266833,28.32400016784668,28.836000061035158,0.025304481934101754
2021-09-07,27.100000381469727,27.100000381469727,26.690000534057617,26.899999618530273,227100,-0.016812901372789013,-0.1015364349131943,0.018168037125292136,27.71599998474121,28.86000003814697,0.025579927563965318
2021-09-08,27.479999542236328,27.940000534057617,27.479999542236328,27.670000076293945,127200,0.02862455273914777,-0.023296853130586603,0.024435388442032302,27.584000015258788,28.893000030517577,0.025890192214550405
2021-09-09,28.479999542236328,29.5,28.479999542236328,29.350000381469727,386400,0.06071558729828519,0.05842051446001406,0.05689592717541103,27.908000183105468,28.97200002670288,0.028541550742167077
2021-09-10,29.790000915527344,30.179000854492188,29.790000915527344,30.1200008392334,356700,0.02623510895249659,0.06581743083110925,0.06619471997286364,28.280000305175783,29.06550006866455,0.028843303595570316
2021-09-13,30.809999465942383,31.0,30.75,30.829999923706055,284100,0.02357234610524417,0.1268274574541357,0.10225243763184633,28.97400016784668,29.208500099182128,0.028988912319276132
2021-09-14,29.8799991607666,30.049999237060547,29.610000610351562,29.8799991607666,226400,-0.0308141668923253,0.11078065369872836,0.03822093286577011,29.570000076293944,29.263500022888184,0.029495765649242327
2021-09-15,30.1200008392334,30.200000762939453,29.610000610351562,30.200000762939453,105800,0.010709558606448066,0.09143479145896594,0.033892561091967144,30.076000213623047,29.313000106811522,0.029415310942723028
2021-09-16,30.59000015258789,30.84000015258789,30.450000762939453,30.649999618530273,84400,0.014900623980879102,0.04429298876198007,0.03547294674083412,30.336000061035158,29.365500068664552,0.029448576405794222
2021-09-17,30.6200008392334,30.940000534057617,30.610000610351562,30.729999542236328,167500,0.0026101117357824055,0.020252280411903634,0.049880391583164485,30.457999801635744,29.438500022888185,0.029281658105215057
2021-09-20,29.360000610351562,29.649999618530273,28.8700008392334,28.899999618530273,546600,-0.059550925836846846,-0.06260137236301933,-0.03602401401589528,30.071999740600585,29.38450002670288,0.031932687762715434
2021-09-21,30.920000076293945,31.0,30.7549991607666,30.899999618530273,241700,0.06920415316260509,0.03413656246359498,0.01879326397158021,30.27599983215332,29.41300001144409,0.03555325727626309
2021-09-22,30.780000686645508,31.0,30.450000762939453,30.739999771118164,130600,-0.005177988653312426,0.017880761408502366,0.012183039896620063,30.383999633789063,29.43149995803833,0.035584949847978824
2021-09-23,31.989999771118164,32.10900115966797,31.68000030517578,31.860000610351562,192800,0.036434640454542144,0.03947801001242923,0.08367350420885034,30.62599983215332,29.554500007629393,0.03551748535245742
2021-09-24,32.0,32.56999969482422,32.0,32.47999954223633,229200,0.019460104206128648,0.056947609048764836,0.056603766560629154,30.97599983215332,29.641499996185303,0.03439481796004148
2021-09-27,33.650001525878906,34.45000076293945,33.650001525878906,34.349998474121094,414600,0.05757385955172367,0.1885812777691651,0.1449999491373697,32.065999603271486,29.858999919891357,0.035789790879761654
2021-09-28,36.7400016784668,36.7400016784668,35.880001068115234,36.56999969482422,602700,0.06462885936881912,0.18349515036543007,0.22144285379102735,33.19999961853027,30.19049987792969,0.037907161081380515
2021-09-29,36.0,36.380001068115234,35.30500030517578,35.68000030517578,550000,-0.024336871672831828,0.1607026861040841,0.2594423014918321,34.1879997253418,30.557999897003175,0.035782669177327336
2021-09-30,35.400001525878906,36.15999984741211,34.939998626708984,36.0099983215332,244100,0.009248823249296656,0.1302573016848365,0.2985935418673693,35.017999267578126,30.971999835968017,0.03492522587780606
2021-10-01,36.25,36.95000076293945,36.25,36.900001525878906,221600,0.02471544698222039,0.13608380683302967,0.3057325274954157,35.90199966430664,31.403999900817873,0.034993121571741
2021-10-04,37.59000015258789,37.819000244140625,37.130001068115234,37.77000045776367,295700,0.023577205851187166,0.09956338094801276,0.3804824420754407,36.58600006103516,31.924499893188475,0.03332574819547313
2021-10-05,41.279998779296875,41.459999084472656,40.7599983215332,41.25,407000,0.0921366031257489,0.1279737583874836,0.5334572708166367,37.52200012207031,32.641999912261966,0.03631661301869236
2021-10-06,42.029998779296875,42.220001220703125,40.47999954223633,41.5099983215332,506900,0.00630298961292608,0.16339680399362888,0.5001806363237624,38.6879997253418,33.33399982452393,0.03645227775901907
2021-10-07,39.29999923706055,39.29999923706055,38.119998931884766,38.84000015258789,554200,-0.064321808646286,0.07858933526698908,0.32333899992416093,39.25400009155273,33.808499813079834,0.039864376690737814
2021-10-08,38.86000061035156,39.327999114990234,38.71799850463867,39.22999954223633,264800,0.01004117889073819,0.06314357506796675,0.3024567878210853,39.71999969482422,34.26399974822998,0.039785457486393054
2021-10-11,40.63999938964844,41.207000732421875,40.29999923706055,40.959999084472656,420000,0.044098892745939366,0.08445852761575168,0.32857603586879547,40.35799942016602,34.77049970626831,0.040305503638489275
2021-10-12,38.16999816894531,38.41999816894531,37.45000076293945,37.630001068115234,556700,-0.08129878151339553,-0.08775754986387307,0.25937088771825123,39.63399963378906,35.15799980163574,0.044674552841915675
2021-10-13,36.7599983215332,37.15299987792969,36.61000061035156,36.88999938964844,667700,-0.019665204822271964,-0.11129846106228714,0.22152312773841887,38.70999984741211,35.49249973297119,0.04525289583486371
2021-10-14,37.33000183105469,37.7400016784668,37.13100051879883,37.279998779296875,184600,0.010571954353511659,-0.04016481377863934,0.21631318901414476,38.3979995727539,35.82399969100952,0.04524375526805626
2021-10-15,35.779998779296875,35.970001220703125,35.150001525878906,35.29999923706055,709500,-0.053111577442859326,-0.10017844381936869,0.1487146034136142,37.61199951171875,36.05249967575073,0.04743789938412206
2021-10-18,35.880001068115234,37.29999923706055,35.880001068115234,37.290000915527344,153200,0.05637398644410019,-0.08959956667422275,0.2903114673959206,36.87799987792969,36.47199974060059,0.045800227163985734
2021-10-19,38.810001373291016,39.060001373291016,38.33000183105469,38.47999954223633,404100,0.03191200315078224,0.02258831916008952,0.2453074439250298,37.04799957275391,36.85099973678589,0.04415650805110392
2021-10-20,38.70000076293945,38.70000076293945,36.650001525878906,37.310001373291016,343500,-0.03040535818253065,0.011385253201181555,0.21372809535105164,37.13199996948242,37.179499816894534,0.045023589576664524
2021-10-21,34.88999938964844,34.95000076293945,33.91999816894531,34.56999969482422,426200,-0.07343879864952974,-0.07269311086934993,0.08505960554163194,36.59000015258789,37.31499977111817,0.048301745112653754
2021-10-22,32.72999954223633,33.06999969482422,31.899999618530273,32.20000076293945,564300,-0.06855652163166204,-0.08781865555584734,-0.0086206521934451,35.970000457763675,37.30099983215332,0.05087549280317974
2021-10-25,32.380001068115234,32.3849983215332,30.600000381469727,30.610000610351562,785000,-0.04937888555635994,-0.17913650150633997,-0.10887912750817741,34.63400039672852,37.113999938964845,0.05021071700291568
2021-10-26,27.920000076293945,28.0,27.280000686645508,27.760000228881836,779200,-0.09310683843978507,-0.27858626405616327,-0.2409078353694728,32.490000534057614,36.67349996566772,0.05115264171038786
2021-10-27,28.030000686645508,29.479999542236328,27.91900062561035,29.479999542236328,277900,0.06195962893274709,-0.2098633487765006,-0.17376683604007914,30.92400016784668,36.36349992752075,0.05367313843057929
2021-10-28,29.899999618530273,30.3700008392334,29.420000076293945,30.3700008392334,226300,0.03019000375905545,-0.12149259163052983,-0.15662309761695292,30.084000396728516,36.08150005340576,0.054231108113945055
2021-10-29,30.979999542236328,30.979999542236328,30.040000915527344,30.040000915527344,236100,-0.010865983358148146,-0.06708073901346479,-0.18590786793167124,29.652000427246094,35.73850002288818,0.0537146592699863
2021-11-01,27.889999389648438,27.899999618530273,25.75200080871582,26.399999618530273,418100,-0.12117181045475911,-0.13753678235463895,-0.301032584099328,28.810000228881837,35.16999998092651,0.05864132364779912
2021-11-02,23.5,23.799999237060547,22.350000381469727,22.8799991607666,568500,-0.13333335259948143,-0.175792544231971,-0.44533335367838545,27.834000015258788,34.25149993896484,0.05841320313778474
2021-11-03,22.059999465942383,22.200000762939453,20.75,20.81999969482422,416300,-0.09003494499574805,-0.29375847971112856,-0.49843409933302985,26.102000045776368,33.217000007629395,0.05945400895179039
2021-11-04,22.270000457763672,23.06999969482422,22.270000457763672,23.06999969482422,497700,0.10806916584918791,-0.2403688160251446,-0.4060247269775802,24.641999816894533,32.42849998474121,0.06661381576830562
2021-11-05,23.530000686645508,23.530000686645508,22.799999237060547,23.049999237060547,245700,-0.0008669465985368108,-0.23268979578671523,-0.41243947218902854,23.243999481201172,31.619499969482423,0.06636844837206392
2021-11-08,24.34000015258789,25.170000076293945,24.34000015258789,25.15999984741211,316900,0.09154015966122175,-0.04696968897862419,-0.38574217749555806,22.99599952697754,30.829500007629395,0.0696985816383168
2021-11-09,25.059999465942383,25.059999465942383,23.530000686645508,24.219999313354492,498100,-0.03736091175510492,0.05856644238368913,-0.3563646392272719,23.26399955749512,30.158999919891357,0.06840259757824545
2021-11-10,23.049999237060547,23.107999801635742,22.18000030517578,22.700000762939453,412500,-0.06275799312582708,0.09029784321190926,-0.3846570577794801,23.639999771118163,29.449499988555907,0.06908226891834435
2021-11-11,22.270000457763672,22.33099937438965,21.5,21.940000534057617,253600,-0.03348018516909612,-0.048981325345232585,-0.4114806530991142,23.413999938964842,28.682500076293945,0.06870076294943867
2021-11-12,21.790000915527344,22.788000106811523,21.790000915527344,22.6299991607666,218100,0.03144934411637301,-0.01822126204753427,-0.35892352266659666,23.329999923706055,28.04900007247925,0.06940625236121692
2021-11-15,21.600000381469727,21.981000900268555,21.200000762939453,21.670000076293945,244700,-0.04242152541202904,-0.13871223339761407,-0.4188790682686554,22.631999969482422,27.268000030517577,0.06719006313888408
2021-11-16,19.229999542236328,20.1299991607666,19.1200008392334,19.649999618530273,850800,-0.09321644903792436,-0.1886870282570322,-0.48934511818374404,21.71800003051758,26.326500034332277,0.06747576311863168
2021-11-17,19.799999237060547,20.743000030517578,19.709999084472656,20.450000762939453,201600,0.040712527223398354,-0.09911893939992289,-0.4518895735667561,21.268000030517577,25.483500003814697,0.06934886707716904
2021-11-18,21.889999389648438,22.25,21.5,22.229999542236328,203200,0.08704150185278636,0.013217821381934058,-0.3569569066104279,21.32599983215332,24.866499996185304,0.07292197140156637
2021-11-19,23.8700008392334,24.8700008392334,23.68000030517578,24.790000915527344,371600,0.11515975825492442,0.09544860074522288,-0.23012421341121947,21.75800018310547,24.496000003814697,0.07779621502792117
2021-11-22,25.6299991607666,25.75,24.510000228881836,24.889999389648438,368700,0.004033822929730535,0.14859249201743352,-0.1868670730692099,22.40200004577637,24.20999994277954,0.07729178624698509
2021-11-23,23.68000030517578,23.790000915527344,23.09000015258789,23.389999389648438,252900,-0.060265168211448006,0.19033078085107347,-0.15742077821335165,23.15,23.99149990081787,0.07570824657418507
2021-11-24,24.110000610351562,25.260000228881836,24.030000686645508,25.200000762939453,329000,0.07738355795306506,0.2322738299652387,-0.14518313588047627,24.1,23.777499961853028,0.07650892222115616
2021-11-26,24.93000030517578,25.899999618530273,24.56999969482422,24.729999542236328,487500,-0.018650841526732576,0.11246064109223552,-0.18570961939885922,24.6,23.495499897003175,0.07610466187342417
2021-11-29,26.260000228881836,27.079999923706055,26.079999923706055,26.959999084472656,320300,0.09017386103981595,0.08753521939509579,-0.10253001788234528,25.033999633789062,23.34149980545044,0.0791584470103546
2021-11-30,27.5,27.690000534057617,26.290000915527344,26.649999618530273,240000,-0.011498496901690358,0.07071113989716715,0.00946969710653045,25.38599967956543,23.35399980545044,0.07413704368380346
2021-12-01,27.0,28.1299991607666,27.0,27.790000915527344,156500,0.042776784739779306,0.18811464902500963,0.2145979866633978,26.26599998474121,23.599499893188476,0.06721719023852243
2021-12-02,28.299999237060547,29.0,28.246000289916992,28.719999313354492,277600,0.03346521652352741,0.13968247793038757,0.3794428306593196,26.969999694824217,23.99449987411499,0.06289473409503785
2021-12-03,29.280000686645508,29.799999237060547,29.280000686645508,29.59000015258789,169400,0.030292509054095085,0.19652247069601336,0.2826181423498866,27.94199981689453,24.320499897003174,0.05934085570498986
2021-12-06,30.0,30.238000869750977,29.5,29.600000381469727,289700,0.00033795974417927255,0.09792290009822557,0.28416491805682464,28.470000076293946,24.647999954223632,0.059325389801799605
2021-12-07,29.75,30.454999923706055,29.5,30.440000534057617,300000,0.028378383167648513,0.14221392006670364,0.20985694430314528,29.228000259399415,24.91199998855591,0.0566127706325681
2021-12-08,28.639999389648438,28.940000534057617,28.149999618530273,28.459999084472656,331700,-0.06504603859548719,0.024109325184331176,0.17506192780031582,29.361999893188475,25.123999977111815,0.05817636994426091
2021-12-09,26.510000228881836,27.5,26.40999984741211,27.170000076293945,675100,-0.045326741028692275,-0.053969334057045515,0.19691626269248053,29.052000045776367,25.347499942779542,0.05715543377121985
2021-12-10,27.889999389648438,28.520999908447266,27.520000457763672,28.139999389648438,232300,0.035701115591855404,-0.04900306709909352,0.2825888197206978,28.761999893188477,25.657499885559083,0.05643844968342511
2021-12-13,28.149999618530273,28.399999618530273,27.719999313354492,27.829999923706055,69300,-0.011016328097591233,-0.05979731199164895,0.22978351550072706,28.407999801635743,25.917499923706053,0.05654708647671611
2021-12-14,25.65999984741211,25.700000762939453,23.610000610351562,23.610000610351562,593900,-0.15163490208132657,-0.22437581484482394,0.08952471283929042,27.04199981689453,26.014499950408936,0.06647140781226703
2021-12-15,24.290000915527344,24.790000915527344,23.809999465942383,24.790000915527344,68200,0.049978834166502395,-0.12895285618429997,0.261577679225498,26.30800018310547,26.271500015258788,0.06278176979686037
2021-12-16,24.239999771118164,24.540000915527344,24.1200008392334,24.280000686645508,89700,-0.020572820090635657,-0.10636729413077872,0.1872860528517426,25.730000305175782,26.46300001144409,0.06288433120805702
2021-12-17,23.969999313354492,24.260000228881836,23.809999465942383,23.950000762939453,58300,-0.01359142975179406,-0.14889831974375645,0.07737297598388038,24.892000579833983,26.54900007247925,0.06041825883012918
2021-12-20,24.90999984741211,25.788999557495117,24.857999801635742,25.719999313354492,195400,0.07390390371736255,-0.07581748530851518,0.03751506105208091,24.47000045776367,26.595499992370605,0.057089960985499386
2021-12-21,25.559999465942383,25.71500015258789,24.979000091552734,25.040000915527344,176600,-0.026438507619791274,0.06056756748023173,0.006026578126044013,24.756000518798828,26.60300006866455,0.05747861128447713
2021-12-22,26.030000686645508,26.3799991607666,25.889999389648438,26.270000457763672,90600,0.049121385673496665,0.05970147186680097,0.12312959141802371,25.052000427246092,26.74700012207031,0.056445253737079544
2021-12-23,26.25,26.8799991607666,26.25,26.770000457763672,99200,0.019033117293008495,0.10255352968287657,0.06230157330523367,25.550000381469726,26.825500106811525,0.05409598039737067
2021-12-27,26.829999923706055,26.829999923706055,26.420000076293945,26.700000762939453,93100,-0.002614855944237271,0.11482254331512953,0.07966038241685225,26.100000381469727,26.92400016784668,0.053853559692708795
2021-12-28,26.489999771118164,26.709999084472656,26.3700008392334,26.489999771118164,58100,-0.0078652054614462,0.02993781019907993,-0.017433209544327588,26.25400047302246,26.900500202178954,0.050045990438538336
2021-12-29,28.059999465942383,28.34000015258789,27.91699981689453,28.25,103800,0.06644017531478985,0.12819484692918404,0.060037538625599574,26.89600028991699,26.98050022125244,0.05206687634884065
2021-12-30,29.020000457763672,29.850000381469727,29.020000457763672,29.600000381469727,149900,0.047787624122822114,0.12676055826721266,0.0651313208460913,27.562000274658203,27.071000194549562,0.052273585540683384
2021-12-31,29.790000915527344,29.790000915527344,29.3799991607666,29.489999771118164,63100,-0.003716236788308458,0.10160624829446552,0.02681060153805892,28.1060001373291,27.109500217437745,0.051849309252441224
2022-01-03,29.600000381469727,29.670000076293945,29.030000686645508,29.219999313354492,145700,-0.009155661575423468,0.09438196548341993,-0.01250425269771549,28.60999984741211,27.091000175476076,0.05149180994876555
2022-01-04,27.670000076293945,27.760000228881836,26.510000228881836,26.84000015258789,170000,-0.08145103411001331,0.0132125475460112,-0.09324324977406617,28.679999923706056,26.953000164031984,0.05467053949249783
2022-01-05,27.0,27.0,26.0,26.219999313354492,149300,-0.023099882105388825,-0.07185843138568171,-0.13863341480502278,28.273999786376955,26.742000102996826,0.054306038386498834
2022-01-06,26.219999313354492,26.56999969482422,25.791000366210938,26.479999542236328,68100,0.009916103573252677,-0.10540543239947353,-0.06957131433347752,27.649999618530273,26.64300012588501,0.052573967766982026
2022-01-07,27.139999389648438,27.469999313354492,26.5,26.860000610351562,70400,0.014350493756962512,-0.08918274605557519,-0.011409623300401073,27.123999786376952,26.627500152587892,0.05168525328962846
2022-01-10,25.0,25.264999389648438,23.75,24.079999923706055,183300,-0.10349965091118152,-0.17590689631875833,-0.14427859111595753,26.095999908447265,26.42450017929077,0.055929733029236574
2022-01-11,23.729999542236328,24.8700008392334,23.309999465942383,24.700000762939453,137200,0.02574754323911055,-0.07973172047251653,-0.11246852926149009,25.66800003051758,26.268000221252443,0.056365767039231796
2022-01-12,23.31999969482422,23.6200008392334,23.23200035095215,23.5,197500,-0.04858302533900993,-0.10373758141058109,-0.004659068509440645,25.12400016784668,26.262500190734862,0.04594123712292081
2022-01-13,22.399999618530273,22.84000015258789,22.110000610351562,22.360000610351562,164400,-0.048510612325465385,-0.15558908622008294,-0.0980234052211647,24.300000381469726,26.141000175476073,0.04566829702545113
2022-01-14,22.579999923706055,23.39900016784668,22.579999923706055,23.190000534057617,81600,0.03711985246198091,-0.1366344003313077,-0.04489292099515518,23.566000366210936,26.08650016784668,0.04639202581055721
2022-01-18,21.25,21.25,20.459999084472656,21.0,385700,-0.09443727829334492,-0.1279069739810873,-0.12317330559355655,22.950000381469728,25.939000129699707,0.05083310169120433
2022-01-19,19.68000030517578,19.979999542236328,19.290000915527344,19.90999984741211,252800,-0.05190476917085196,-0.1939271565818893,-0.22589423098956618,21.99200019836426,25.648500156402587,0.048234101482333085
2022-01-20,21.040000915527344,21.889999389648438,21.024999618530273,21.530000686645508,307600,0.08136619043942206,-0.08382975801508474,-0.14017572286530067,21.59800033569336,25.473000144958498,0.052336410914605246
2022-01-21,20.540000915527344,20.799999237060547,20.0,20.110000610351562,169200,-0.0659544835581326,-0.10062611532122956,-0.23448799924141694,21.14800033569336,25.16500015258789,0.052260192929074537
2022-01-24,20.6299991607666,21.229999542236328,20.628999710083008,21.079999923706055,160500,0.04823467349151578,-0.09098751883393641,-0.21255137978181982,20.726000213623045,24.88050012588501,0.053563108189752635
2022-01-25,19.739999771118164,19.989999771118164,19.399999618530273,19.940000534057617,126200,-0.05407966763635619,-0.0504761650448754,-0.2531835219370089,20.51400032043457,24.54250011444092,0.054394552703532495
2022-01-26,19.65999984741211,19.81999969482422,19.299999237060547,19.639999389648438,221700,-0.015045192395896745,-0.013561047706324603,-0.2585881631051665,20.460000228881835,24.200000095367432,0.05438212230312929
2022-01-27,20.56999969482422,20.93000030517578,20.31999969482422,20.5,292800,0.04378821981047709,-0.04784025331148223,-0.2743362831858407,20.254000091552733,23.812500095367433,0.05284545343862862
2022-01-28,22.399999618530273,22.719999313354492,21.93000030517578,22.010000228881836,224300,0.07365854775033354,0.09448033619413487,-0.2564189207693187,20.63400001525879,23.433000087738037,0.05473468463513332
2022-01-31,21.6299991607666,22.1200008392334,21.55500030517578,21.940000534057617,132000,-0.0031803586595317013,0.04079699304858275,-0.25601896560388737,20.8060001373291,23.05550012588501,0.054739734788225476
2022-02-01,21.75,21.940000534057617,21.00200080871582,21.5,186000,-0.020054718475261746,0.07823467523372907,-0.2642025836676253,21.118000030517578,22.669500160217286,0.05475122638671738
2022-02-02,21.719999313354492,22.489999771118164,21.700000762939453,22.290000915527344,342400,0.03674422862917881,0.13492879878986308,-0.1695230704617503,21.64800033569336,22.44200019836426,0.0534254458318171
2022-02-03,21.690000534057617,21.84000015258789,21.450000762939453,21.829999923706055,153200,-0.02063710062482993,0.06487804505883199,-0.16742942427967578,21.91400032043457,22.222500228881835,0.0533913254963724
2022-02-04,21.65999984741211,21.889999389648438,21.5,21.700000762939453,88200,-0.005955069226795118,-0.014084482631472106,-0.18051355218766696,21.852000427246093,21.983500289916993,0.05323267539896391
2022-02-07,21.25,21.8799991607666,21.110000610351562,21.780000686645508,134700,0.0036866322992339384,-0.007292609093775604,-0.1891288089453087,21.820000457763673,21.72950029373169,0.05304438682305015
2022-02-08,22.3799991607666,22.8799991607666,22.350000381469727,22.780000686645508,76600,0.04591368082982439,0.059534915657930565,-0.05398667945097191,22.076000595092772,21.664500331878664,0.04944528950992332
2022-02-09,24.75,25.020000457763672,24.520000457763672,24.850000381469727,562600,0.09086916735861772,0.11484967971262283,0.006072858862228747,22.58800048828125,21.672000312805174,0.053332646530936605
2022-02-10,25.170000076293945,25.489999771118164,24.200000762939453,25.43000030517578,274900,0.02334003681297947,0.16491069143616177,0.08212767256067144,23.308000564575195,21.768500328063965,0.052179461147410615
2022-02-11,24.399999618530273,24.8799991607666,24.25,24.729999542236328,339200,-0.027526573123830556,0.13963127524270358,0.10599279370267878,23.91400032043457,21.887000274658202,0.05124419902596984
2022-02-14,23.489999771118164,23.489999771118164,22.700000762939453,22.780000686645508,308000,-0.07885155243373221,0.04591368082982439,-0.017680027510562968,24.11400032043457,21.866500282287596,0.05405709454990519
2022-02-15,22.850000381469727,22.920000076293945,22.549999237060547,22.65999984741211,144100,-0.0052678154353063,-0.0052678154353063,0.07904761178152908,24.09000015258789,21.949500274658202,0.04928118438286197
2022-02-16,22.25,22.33799934387207,22.011999130249023,22.170000076293945,71200,-0.021623997105813086,-0.10784709312013607,0.11351081095942805,23.554000091552734,22.062500286102296,0.04788775118684338
2022-02-17,22.809999465942383,23.777999877929688,22.809999465942383,23.530000686645508,155300,0.06134418609252923,-0.07471488775969715,0.09289363382326998,23.17400016784668,22.162500286102294,0.046426648561934215
2022-02-18,23.799999237060547,24.15999984741211,23.5,23.56999969482422,175900,0.0016999153001049372,-0.04690658588290497,0.1720536538766504,22.94200019836426,22.335500240325928,0.0433086364283741
2022-02-22,24.5,24.760000228881836,23.594999313354492,23.860000610351562,112500,0.012303814988636752,0.04741000400141293,0.13187859092538168,23.158000183105468,22.474500274658205,0.04232303869218266
2022-02-23,25.030000686645508,25.190000534057617,24.700000762939453,24.940000534057617,187400,0.045264035879257314,0.10061785975280557,0.25075225005435553,23.61400032043457,22.724500274658205,0.04056334528087947
2022-02-24,22.700000762939453,23.0,22.31999969482422,22.6200008392334,368600,-0.09302324158558328,0.020297733937341356,0.1517312394192647,23.70400047302246,22.87350034713745,0.04660042371470337
2022-02-25,22.700000762939453,22.889999389648438,22.420000076293945,22.610000610351562,141000,-0.0004420967511411522,-0.039099024625872336,0.10292685904153953,23.520000457763672,22.97900037765503,0.04586253427956707
2022-02-28,21.579999923706055,21.6200008392334,21.200000762939453,21.43000030517578,195900,-0.05218930885988304,-0.0907933566973429,-0.026351654596757812,23.092000579833986,22.950000381469728,0.044697006577070424
2022-03-01,23.309999465942383,23.8799991607666,23.09000015258789,23.8799991607666,232800,0.11432565658895943,0.0008381621920983129,0.08842290699571831,23.096000289916994,23.047000312805174,0.051512709251008
2022-03-02,23.760000228881836,24.0,23.34000015258789,23.670000076293945,203200,-0.008793931819632173,-0.050922230576113336,0.10093023610669505,22.842000198364257,23.15550031661987,0.0512797527900826
2022-03-03,23.700000762939453,23.780000686645508,23.510000228881836,23.579999923706055,69200,-0.0038022878030333773,0.04244027625355251,0.05787343899479569,23.03400001525879,23.22000026702881,0.050802046854301244
2022-03-04,24.670000076293945,25.260000228881836,24.670000076293945,24.899999618530273,219200,0.055979631004882346,0.1012825717098953,0.14063214409315616,23.49199981689453,23.373500251770018,0.05172429023219209
2022-03-07,26.0,26.43000030517578,25.969999313354492,26.280000686645508,216200,0.05542173049224686,0.22631826002813238,0.211059896897702,24.461999893188477,23.602500247955323,0.05267339086009784
2022-03-08,26.510000228881836,27.0,26.450000762939453,26.829999923706055,422100,0.020928433131283564,0.12353437464881178,0.23186405316125502,25.052000045776367,23.85500020980835,0.05268967069646536
2022-03-09,27.899999618530273,28.200000762939453,27.6200008392334,27.84000015258789,378300,0.03764443651710314,0.1761723727441089,0.22212464062429738,25.886000061035155,24.108000183105467,0.05243968530143525
2022-03-10,27.350000381469727,27.6200008392334,27.059999465942383,27.56999969482422,532500,-0.00969829225157437,0.16921118676963331,0.10945671113078759,26.68400001525879,24.244000148773193,0.04913385031141953
2022-03-11,27.389999389648438,27.389999389648438,26.90999984741211,27.049999237060547,429300,-0.018861097697483564,0.08634536752885213,0.06370424350938952,27.113999938964845,24.325000095367432,0.04927185559642006
2022-03-14,25.309999465942383,25.549999237060547,24.649999618530273,24.700000762939453,406000,-0.08687610130877266,-0.06012176112723433,-0.0012130521573864295,26.797999954223634,24.323500156402588,0.05293675350513578
2022-03-15,24.219999313354492,24.219999313354492,23.540000915527344,23.729999542236328,684600,-0.039271303268886615,-0.11554231793831182,0.041703196969073986,26.177999877929686,24.37100009918213,0.05046581794737322
2022-03-16,24.6299991607666,25.559999465942383,24.420000076293945,25.540000915527344,218200,0.07627481703358008,-0.08261491467149829,0.12709625275854286,25.71800003051758,24.51500015258789,0.052972822708635264
2022-03-17,25.989999771118164,26.5,25.829999923706055,26.040000915527344,471300,0.01957713320581833,-0.05549505971101276,0.17456025376253992,25.412000274658205,24.70850019454956,0.052587290860253974
2022-03-18,26.18000030517578,26.469999313354492,25.860000610351562,26.350000381469727,180800,0.01190474097708405,-0.025877962119561504,0.11984698735791843,25.27200050354004,24.84950017929077,0.051159165394956
2022-03-21,26.059999465942383,26.299999237060547,25.6299991607666,25.760000228881836,60400,-0.02239089730726529,0.04291495680975177,0.09291474596575933,25.484000396728515,24.959000205993654,0.0515704549579563
2022-03-22,25.149999618530273,25.489999771118164,25.020999908447266,25.049999237060547,163300,-0.027562150058727197,0.05562577835177751,0.049874207722891084,25.74800033569336,25.018500137329102,0.05207035723525439
2022-03-23,25.670000076293945,25.959999084472656,25.53499984741211,25.950000762939453,166700,0.03592820572015776,0.016053243254304128,0.040497201573937325,25.83000030517578,25.069000148773192,0.05171899422540087
2022-03-24,25.219999313354492,25.399999618530273,24.81999969482422,24.8799991607666,177500,-0.041233201183599855,-0.044546916819386384,0.09991150476057165,25.59799995422363,25.182000064849852,0.047792290172251395
2022-03-25,24.540000915527344,24.65999984741211,24.34000015258789,24.389999389648438,83400,-0.019694525226948034,-0.07438333827120669,0.0787261712183207,25.205999755859374,25.2710000038147,0.04811832722116259
2022-03-28,23.780000686645508,23.959999084472656,23.549999237060547,23.770000457763672,181900,-0.02542021104551173,-0.07725154322347394,0.10919272605062602,24.80799980163574,25.388000011444092,0.046801614420562014
2022-03-29,23.459999084472656,24.459999084472656,23.100000381469727,24.260000228881836,318800,0.020614209578532883,-0.03153688751454875,0.01591294311013014,24.65,25.407000064849854,0.03953580628459066
2022-03-30,24.25,25.100000381469727,24.25,25.010000228881836,1207800,0.030915086270572933,-0.03622352625900804,0.05661175108866745,24.461999893188477,25.47400007247925,0.03998440727450909
2022-03-31,24.200000762939453,24.979999542236328,23.8799991607666,24.18000030517578,648300,-0.03318672195562644,-0.028135003183386464,0.025445308880875706,24.322000122070314,25.504000091552733,0.040799145610853835
2022-04-01,23.93000030517578,23.979999542236328,23.75,23.959999084472656,125000,-0.009098478822435419,-0.0176301892552847,-0.03775102604250968,24.236000061035156,25.457000064849854,0.0388186887162536
2022-04-04,23.0,23.0,22.309999465942383,22.399999618530273,553900,-0.06510849438860555,-0.0576357094173271,-0.14764082826249325,23.961999893188477,25.263000011444092,0.038920840787632555
2022-04-05,21.760000228881836,22.08799934387207,21.40999984741211,21.770000457763672,1346500,-0.028124963013188564,-0.10263807698376637,-0.18859483713496183,23.463999938964843,25.010000038146973,0.038597194299315726
2022-04-06,21.0,21.0,20.510000228881836,20.6200008392334,600000,-0.05282496988281682,-0.17552976207408488,-0.2593390543743711,22.586000061035158,24.649000072479247,0.03805616469227121
2022-04-07,21.06999969482422,21.700000762939453,21.06999969482422,21.65999984741211,160400,0.05043641929441245,-0.10421837989903826,-0.21436343535838365,22.08199996948242,24.353500080108642,0.040713879074604366
2022-04-08,22.059999465942383,22.579999923706055,22.059999465942383,22.450000762939453,174100,0.03647280337454539,-0.06302163519329018,-0.17005540125186946,21.780000305175783,24.12350015640259,0.042024870218347686
2022-04-11,21.079999923706055,21.139999389648438,20.81999969482422,21.0,233900,-0.06458800506292717,-0.06249998403446988,-0.14979759711145568,21.500000381469725,23.938500118255615,0.04008605892439656
2022-04-12,21.200000762939453,21.440000534057617,21.0,21.280000686645508,142300,0.013333366030738425,-0.022508027598291513,-0.10324479152349497,21.402000427246094,23.816000175476074,0.03960207392172365
2022-04-13,21.270000457763672,21.43000030517578,21.040000915527344,21.239999771118164,131000,-0.0018797422103677963,0.030067842223609587,-0.1683633903785392,21.526000213623046,23.601000118255616,0.034751402064277626
2022-04-14,21.75,22.170000076293945,21.75,22.15999984741211,349500,0.043314505000369596,0.023084026016728654,-0.14900157187788865,21.626000213623048,23.407000064849854,0.03614180084179951
2022-04-18,21.829999923706055,22.25,21.780000686645508,22.219999313354492,128500,0.0027075571460073444,-0.010245053085461309,-0.15673628115085725,21.579999923706055,23.200500011444092,0.03594106897612445
2022-04-19,21.670000076293945,21.790000915527344,20.940000534057617,21.229999542236328,284300,-0.04455444652165952,0.010952359154110969,-0.17585406236008183,21.62599983215332,22.973999977111816,0.03674506845479603
2022-04-20,20.479999542236328,20.525999069213867,20.05500030517578,20.290000915527344,257800,-0.04427690282512209,-0.04652254413410095,-0.1900198988625501,21.427999877929686,22.736000061035156,0.03737469186885637
2022-04-21,21.3700008392334,21.84000015258789,21.360000610351562,21.739999771118164,183400,0.07146371563153453,0.023540489895856442,-0.16223510088808213,21.527999877929688,22.52550001144409,0.040386958859960014
2022-04-22,22.0,22.399999618530273,22.0,22.309999465942383,178700,0.026218937480462667,0.00676893590086336,-0.10329581115408015,21.55799980163574,22.39700002670288,0.0402851462664832
2022-04-25,21.520000457763672,21.649999618530273,20.857999801635742,20.920000076293945,190500,-0.0623038737302688,-0.05850581805730437,-0.1422713981217738,21.297999954223634,22.223500061035157,0.0422029083814953
2022-04-26,21.0,21.030000686645508,20.5,20.739999771118164,189500,-0.008604221057329386,-0.02308053611321692,-0.12747162929295863,21.2,22.07200002670288,0.041979220107735665
2022-04-27,21.0,21.68000030517578,21.0,21.549999237060547,178200,0.03905494092966966,0.06209947090583734,-0.11170655260732432,21.45199966430664,21.936499977111815,0.042788196116772426
2022-04-28,21.18000030517578,21.219999313354492,20.8799991607666,21.010000228881836,69900,-0.02505795950331402,-0.033578636150959906,-0.15993602412609154,21.305999755859375,21.736499977111816,0.04213886705040667
2022-04-29,21.3799991607666,21.579999923706055,21.329999923706055,21.479999542236328,38500,0.02237026693166788,-0.03720304543140407,-0.11166256116057671,21.139999771118163,21.601499938964842,0.042210499027372776
2022-05-02,21.459999084472656,21.56999969482422,21.23200035095215,21.489999771118164,82500,0.00046556001373154743,0.027246639232574754,-0.10308845608242034,21.253999710083008,21.47799997329712,0.04221642446615428
2022-05-03,21.6299991607666,22.15999984741211,21.6299991607666,22.1200008392334,107000,0.029316010927181724,0.06653814288064641,-0.012499945717197591,21.529999923706054,21.464000034332276,0.040328039000266075
2022-05-04,22.93000030517578,23.3799991607666,22.905000686645508,23.290000915527344,143600,0.0528933106647429,0.08074254014238824,0.06982087394589853,21.878000259399414,21.54000005722046,0.04139370873598702
2022-05-05,24.030000686645508,24.3799991607666,23.360000610351562,23.690000534057617,135500,0.01717473605866604,0.12755831870442647,0.14888455721994798,22.41400032043457,21.69350004196167,0.039220792733246114
2022-05-06,23.209999084472656,23.899999618530273,23.1299991607666,23.75,142800,0.0025326916247268016,0.10567972561173233,0.0964912357946115,22.868000411987303,21.798000049591064,0.0379143745596172
2022-05-09,24.079999923706055,24.200000762939453,23.809999465942383,23.8799991607666,246500,0.005473648874383175,0.11121449116349069,0.06369703114611003,23.346000289916994,21.869499969482423,0.03719995779900434
2022-05-10,23.610000610351562,23.75,23.200000762939453,23.389999389648438,89800,-0.020519254118032126,0.05741403717139515,0.11380949474516378,23.6,21.988999938964845,0.034116266353062176
2022-05-11,23.940000534057617,24.18000030517578,23.760000228881836,23.899999618530273,201100,0.0218042001791392,0.02619144177861532,0.12312024658575194,23.721999740600587,22.119999885559082,0.03426492968762174
2022-05-12,23.229999542236328,23.389999389648438,22.989999771118164,23.190000534057617,222500,-0.029707075138284744,-0.021105951402625833,0.0918079465137771,23.621999740600586,22.217499923706054,0.035170966471692225
2022-05-13,23.18000030517578,23.18000030517578,22.780000686645508,23.1200008392334,118900,-0.0030185292458883017,-0.02652628045333061,0.04332134469456683,23.495999908447267,22.265499973297118,0.034020749245475455
2022-05-16,23.389999389648438,23.6299991607666,23.18000030517578,23.34000015258789,96200,0.009515540889651009,-0.02261302458778547,0.05040507983095499,23.388000106811525,22.32150001525879,0.034055168950203024
2022-05-17,24.399999618530273,24.760000228881836,24.399999618530273,24.6299991607666,90400,0.055269880023358864,0.05301410019133823,0.16015071558367655,23.636000061035155,22.491499996185304,0.03403202635273142
2022-05-18,25.729999542236328,26.06999969482422,25.020000457763672,25.780000686645508,490400,0.046691090745579755,0.07866113381263906,0.2705766152487863,24.012000274658202,22.76599998474121,0.03273109555087716
2022-05-19,24.940000534057617,25.209999084472656,24.780000686645508,24.969999313354492,259100,-0.03141975763059657,0.0767571685340287,0.14857403754564058,24.368000030517578,22.927499961853027,0.03102526714065825
2022-05-20,24.989999771118164,25.489999771118164,24.170000076293945,25.420000076293945,212000,0.018021657000958813,0.09948093224795951,0.13939940317341448,24.827999877929688,23.082999992370606,0.030817123844609513
2022-05-23,24.5,24.770000457763672,24.18000030517578,24.600000381469727,160000,-0.032258052413970284,0.05398458528896488,0.17590823574354908,25.079999923706055,23.267000007629395,0.027850521244367706
2022-05-24,23.260000228881836,23.549999237060547,23.18000030517578,23.389999389648438,57000,-0.04918703142511893,-0.050345100015000144,0.12777240346070662,24.83199996948242,23.39949998855591,0.03051338342803773
2022-05-25,22.549999237060547,23.209999084472656,22.43000030517578,22.969999313354492,115500,-0.017956395350733567,-0.10899927457126268,0.06589327733487371,24.269999694824218,23.470499992370605,0.029967272583014133
2022-05-26,22.299999237060547,22.610000610351562,22.18000030517578,22.549999237060547,225500,-0.01828472306700346,-0.09691630527997963,0.07329838131375732,23.78599967956543,23.54749994277954,0.029662847323635565
2022-05-27,21.420000076293945,21.780000686645508,21.280000686645508,21.479999542236328,228100,-0.04745009893684127,-0.15499608663384556,0.0,22.997999572753905,23.54749994277954,0.03143746232668839
2022-05-31,21.90999984741211,22.709999084472656,21.90999984741211,22.190000534057617,500200,0.03305405060299038,-0.09796747195286526,0.032573325751274806,22.515999603271485,23.582499980926514,0.03227083199617032
2022-06-01,22.100000381469727,22.280000686645508,21.700000762939453,21.889999389648438,240900,-0.013519654672776271,-0.06412997174612345,-0.010397895156360804,22.215999603271484,23.570999908447266,0.031787130187760075
2022-06-02,21.799999237060547,22.0,21.799999237060547,22.0,82000,0.005025153650921599,-0.04222896570965706,-0.055388615921749706,22.021999740600585,23.5064998626709,0.029295889739154778
2022-06-03,21.809999465942383,22.200000762939453,21.809999465942383,22.010000228881836,187400,0.0004545558582653708,-0.023946741749384715,-0.07091600959487321,21.913999938964842,23.42249984741211,0.02894319906737959
2022-06-06,21.709999084472656,21.81999969482422,21.25,21.459999084472656,185900,-0.024988693261686623,-0.0009311200274629838,-0.09642109118009867,21.90999984741211,23.30799980163574,0.029304580923909848
2022-06-07,20.6299991607666,20.6299991607666,20.260000228881836,20.350000381469727,186400,-0.05172407969980142,-0.08292023922053648,-0.14782239963795518,21.54199981689453,23.1314998626709,0.031006209426071123
2022-06-08,19.59000015258789,19.649999618530273,19.100000381469727,19.239999771118164,468200,-0.054545483515681226,-0.12105983062673964,-0.17742623885517983,21.011999893188477,22.923999881744386,0.032647665921131365
2022-06-09,19.010000228881836,19.450000762939453,19.010000228881836,19.360000610351562,146800,0.006237049930402527,-0.11999997225674719,-0.18995812052895322,20.48400001525879,22.696999931335448,0.03204939374128742
2022-06-10,19.520000457763672,20.020000457763672,19.520000457763672,19.850000381469727,265600,0.02530990473503225,-0.09813720240573764,-0.14402760136562542,20.052000045776367,22.529999923706054,0.032623880681111724
2022-06-13,19.149999618530273,19.31999969482422,19.059999465942383,19.139999389648438,65200,-0.03576831124316182,-0.1081080984995405,-0.17214538516932543,19.588000106811524,22.330999851226807,0.03321741533321278
2022-06-14,19.65999984741211,20.0,19.65999984741211,19.8799991607666,38200,0.03866247621295016,-0.0230958826482921,-0.1482434005656016,19.493999862670897,22.157999801635743,0.034674218848916465
2022-06-15,19.700000762939453,19.81999969482422,19.3700008392334,19.549999237060547,69700,-0.016599594448540644,0.01611223854626731,-0.2062525414859958,19.555999755859375,21.90399980545044,0.03140556403502825
2022-06-16,19.549999237060547,19.860000610351562,19.549999237060547,19.690000534057617,97100,0.0071611919417200465,0.01704545006726943,-0.23622963500317584,19.621999740600586,21.599499797821046,0.028711215216516317
2022-06-17,20.0,20.299999237060547,20.0,20.15999984741211,80100,0.023869949243604083,0.01561710125868676,-0.19263114129802528,19.683999633789064,21.358999824523927,0.029494301330983536
2022-06-21,17.920000076293945,18.3700008392334,17.75,18.290000915527344,231600,-0.09275788422809994,-0.04440953506930634,-0.2804877710215218,19.513999938964844,21.002499866485596,0.03397267794044354
2022-06-22,17.110000610351562,17.18000030517578,16.579999923706055,16.790000915527344,687700,-0.08201202432562871,-0.155432513867375,-0.3174796481639638,18.89600028991699,20.611999893188475,0.03693647423933502
2022-06-23,17.309999465942383,17.799999237060547,17.309999465942383,17.579999923706055,185900,0.04705175491968694,-0.10076723223702244,-0.24839673439725174,18.502000427246095,20.32149991989136,0.03891020199732527
2022-06-24,16.829999923706055,17.099000930786133,16.6200008392334,16.899999618530273,94300,-0.03868033607092469,-0.1416963351880821,-0.26425772208426623,17.944000244140625,20.017999935150147,0.03931071562541937
2022-06-27,16.6299991607666,16.700000762939453,16.25,16.3700008392334,295400,-0.03136087522249109,-0.18799598397145945,-0.27405758788986667,17.186000442504884,19.709000015258788,0.03948575901130582
2022-06-28,15.6899995803833,16.18000030517578,15.600000381469727,16.030000686645508,113800,-0.020769708928360275,-0.1235647958313224,-0.25372434691511214,16.734000396728515,19.436500072479248,0.03878072816298391
2022-06-29,16.34000015258789,16.920000076293945,16.34000015258789,16.729999542236328,228100,0.04366804900850596,-0.003573637285244402,-0.24605682110918292,16.722000122070312,19.163500022888183,0.03952113948910815
2022-06-30,17.100000381469727,17.399999618530273,17.079999923706055,17.170000076293945,200700,0.026300092414635046,-0.02332194819063893,-0.215623547051652,16.64000015258789,18.92750005722046,0.04049852916265269
2022-07-01,16.899999618530273,17.15999984741211,16.899999618530273,17.110000610351562,14100,-0.0034944359741280184,0.012426094471092775,-0.22227269952947448,16.682000350952148,18.683000087738037,0.04036265059205636
2022-07-05,15.960000038146973,16.020999908447266,15.789999961853027,15.899999618530273,54800,-0.07071893329385603,-0.028711129908844613,-0.27760111525732434,16.588000106811524,18.37750005722046,0.042324586889331356
2022-07-06,15.300000190734863,15.479000091552734,14.920000076293945,14.949999809265137,266000,-0.05974841711052514,-0.0673737262082661,-0.3033550583847796,16.37199993133545,18.052000093460084,0.04344406066304461
2022-07-07,15.520000457763672,15.970000267028809,15.510000228881836,15.90999984741211,226100,0.06421405019363413,-0.049013730858393556,-0.2181818403355209,16.207999992370606,17.8300000667572,0.04621305779790702
2022-07-08,15.569999694824219,15.59000015258789,15.260000228881836,15.289999961853027,353500,-0.03896919494062279,-0.10949330845004324,-0.2053014478302967,15.831999969482421,17.632500076293944,0.04557089611367397
2022-07-11,15.020000457763672,15.197999954223633,14.920000076293945,15.020000457763672,159300,-0.017658568002810737,-0.12215079357293768,-0.22417355453322374,15.413999938964844,17.41550006866455,0.04542420059082316
2022-07-12,14.380000114440918,14.420000076293945,13.800000190734863,13.859999656677246,173200,-0.07723041050154122,-0.1283018874714662,-0.30176325489566413,15.005999946594239,17.116000032424928,0.04680305957266456
2022-07-13,14.319999694824219,14.5,14.100000381469727,14.479999542236328,232300,0.04473303758419567,-0.031438145352853386,-0.24346917429539705,14.911999893188476,16.88300004005432,0.048511076754483656
2022-07-14,14.859999656677246,15.180000305175781,14.649999618530273,15.180000305175781,100100,0.04834259565393206,-0.04588306406269815,-0.2364184634809402,14.76599998474121,16.64800009727478,0.04909545213588404
2022-07-15,15.5600004196167,16.06999969482422,15.5600004196167,15.989999771118164,80800,0.053359647540073274,0.04578154421265945,-0.1820971664895905,14.905999946594239,16.470000123977663,0.05121446964089168
2022-07-18,15.630000114440918,15.65999984741211,15.0,15.279999732971191,161200,-0.04440275474108546,0.017310204213284663,-0.2239715937771808,14.957999801635742,16.24950008392334,0.05166800482295295
2022-07-19,15.350000381469727,15.350000381469727,14.6899995803833,14.8100004196167,191400,-0.03075911790366903,0.06854262528655819,-0.26537695775241665,15.147999954223632,15.98200011253357,0.05115155124733383
2022-07-20,14.800000190734863,15.109999656677246,14.470000267028809,14.539999961853027,186300,-0.018230955443190977,0.004143675518889722,-0.20503011295591267,15.160000038146972,15.794500064849853,0.04771471399121987
2022-07-21,14.720000267028809,14.859000205993652,14.510000228881836,14.649999618530273,85800,0.007565313408929741,-0.03491440553296954,-0.12745688983363923,15.053999900817871,15.6875,0.04474243115530774
2022-07-22,14.649999618530273,14.770000457763672,14.489999771118164,14.600000381469727,245800,-0.0034129172943666575,-0.08692929390525161,-0.16951078243281992,14.776000022888184,15.538500022888183,0.042991364658783865
2022-07-25,13.8100004196167,13.987000465393066,13.170000076293945,13.279999732971191,238200,-0.09041100095955312,-0.1308900546434172,-0.21420118149528689,14.376000022888183,15.357500028610229,0.04633735201747296
2022-07-26,13.039999961853027,13.489999771118164,13.039999961853027,13.470000267028809,198100,0.014307269418529334,-0.09047941354633471,-0.1771533551332668,14.107999992370605,15.2125,0.046403737225969625
2022-07-27,12.949999809265137,13.40999984741211,12.949999809265137,13.3100004196167,141000,-0.01187823639497243,-0.0845941915724443,-0.1696818559274813,13.86200008392334,15.07649998664856,0.046324196408080304
2022-07-28,12.720000267028809,12.84000015258789,12.529999732971191,12.789999961853027,328100,-0.03906840280765722,-0.12696243720884448,-0.2355050620555268,13.490000152587891,14.879500007629394,0.045125249483578225
2022-07-29,12.229999542236328,12.420000076293945,12.079999923706055,12.420000076293945,233000,-0.028928841803176675,-0.1493150854942874,-0.2766453103607244,13.054000091552734,14.642000007629395,0.04431769292181228
2022-08-01,12.640000343322754,12.6899995803833,12.529999732971191,12.649999618530273,124300,0.018518481547784127,-0.04743976860758303,-0.2606663256997773,12.92800006866455,14.41899995803833,0.04489123937286903
2022-08-02,12.050000190734863,12.1899995803833,11.579999923706055,11.779999732971191,552500,-0.06877469658454916,-0.12546403122161143,-0.25911949587454874,12.589999961853028,14.212999963760376,0.04476391781936554
2022-08-03,11.300000190734863,11.388999938964844,10.6899995803833,10.829999923706055,395400,-0.08064514692697067,-0.18632610200789634,-0.27558528014199346,12.093999862670898,14.006999969482422,0.04611339397603102
2022-08-04,10.5600004196167,11.109999656677246,10.5,10.819999694824219,282600,-0.0009233821747262061,-0.15402660460550877,-0.3199245883975178,11.699999809265137,13.752499961853028,0.04237549151036167
2022-08-05,11.170000076293945,11.350000381469727,10.850000381469727,11.100000381469727,297000,0.02587806788751079,-0.10628016801253504,-0.27403529044060937,11.435999870300293,13.542999982833862,0.04317787674324477
2022-08-08,11.430000305175781,11.729999542236328,11.210000038146973,11.229999542236328,297500,0.01171163570260969,-0.11225297384308752,-0.2523302796284759,11.151999855041504,13.353499937057496,0.04357959976774899
2022-08-09,11.34000015258789,11.720000267028809,11.34000015258789,11.5600004196167,287600,0.02938565368050372,-0.01867566369621665,-0.16594511500961617,11.107999992370605,13.238499975204467,0.041862165458889156
2022-08-10,11.550000190734863,11.699999809265137,11.399999618530273,11.579999923706055,230800,0.0017300608445842691,0.06925207805018596,-0.20027622308076332,11.257999992370605,13.093499994277954,0.04006717311210032
2022-08-11,10.989999771118164,11.029999732971191,10.670000076293945,10.890000343322754,352200,-0.059585456384223745,0.006469561041856586,-0.28260868745768775,11.272000122070313,12.878999996185303,0.0390026960968137
2022-08-12,10.399999618530273,10.574000358581543,10.25,10.539999961853027,309700,-0.03213961161023571,-0.05045048651994288,-0.34083801671524505,11.160000038146972,12.606500005722046,0.03556586675114138
2022-08-15,10.25,10.359999656677246,9.663000106811523,9.890000343322754,382100,-0.06166979325263655,-0.11932317484731869,-0.35274865731953475,10.892000198364258,12.337000036239624,0.036389375113352156
2022-08-16,9.850000381469727,10.029999732971191,9.850000381469727,9.989999771118164,70000,0.01011116525015332,-0.13581319995753016,-0.3254558076928996,10.57800006866455,12.096000003814698,0.03694788866320652
2022-08-17,9.819999694824219,10.0,9.640000343322754,9.770000457763672,92800,-0.022021953793284976,-0.15630392727697984,-0.32806048945005983,10.216000175476074,11.857500028610229,0.03695441499222172
2022-08-18,9.3100004196167,9.460000038146973,9.260000228881836,9.420000076293945,256300,-0.035823988236520554,-0.13498624616023502,-0.3569965650798437,9.922000122070312,11.596000051498413,0.03658375651970143
2022-08-19,9.199999809265137,9.420000076293945,9.199999809265137,9.3100004196167,100600,-0.01167724583719143,-0.11669824921138638,-0.36232875504353257,9.676000213623047,11.331500053405762,0.03641879053160832
2022-08-22,9.15999984741211,9.260000228881836,9.045999526977539,9.210000038146973,129200,-0.01074117905075711,-0.06875634798484964,-0.30647588679684556,9.54000015258789,11.128000068664551,0.032658585062444435
2022-08-23,8.9399995803833,8.979999542236328,8.579999923706055,8.699999809265137,275500,-0.05537461745596761,-0.12912912826910306,-0.3541202942244508,9.282000160217285,10.889500045776368,0.032790810886027665
2022-08-24,8.369999885559082,8.579999923706055,8.210000038146973,8.550000190734863,216300,-0.0172413358412411,-0.12487207879906936,-0.357625851150718,9.038000106811523,10.651500034332276,0.032733342705106486
2022-08-25,8.029999732971191,8.0600004196167,7.889999866485596,7.96999979019165,549600,-0.06783630264379703,-0.15392784228859158,-0.37685693401386455,8.748000049591065,10.410500025749206,0.03415353145900844
2022-08-26,8.0,8.0,7.920000076293945,7.920000076293945,281900,-0.0062734899892014084,-0.14930185614105285,-0.3623188383540472,8.469999980926513,10.185500025749207,0.03431496523506466
2022-08-29,7.900000095367432,8.069999694824219,7.813000202178955,7.860000133514404,449400,-0.0075757502779744135,-0.1465797935983706,-0.37865609719064874,8.2,9.946000051498412,0.033183957947371764
2022-08-30,7.480000019073486,7.480000019073486,6.75,7.199999809265137,1201400,-0.0839695054755889,-0.17241379688337033,-0.3887945693994401,7.9,9.717000055313111,0.03443798301767373
2022-08-31,7.289999961853027,7.949999809265137,7.239999771118164,7.840000152587891,649500,0.0888889389273575,-0.08304093828165737,-0.27608493002601775,7.757999992370605,9.567500066757201,0.04009299263523797
2022-09-01,8.479999542236328,8.845999717712402,8.399999618530273,8.729999542236328,997000,0.11352032810288404,0.09535756236530624,-0.19316083285914032,7.909999942779541,9.463000059127808,0.04934565793550317
2022-09-02,9.020000457763672,9.039999961853027,8.75,8.779999732971191,403400,0.0057273990099264704,0.10858581419101077,-0.20900906024936095,8.08199987411499,9.347000026702881,0.04878709349024777
2022-09-06,8.029999732971191,8.09000015258789,7.769999980926514,7.989999771118164,533600,-0.08997721934846659,0.016539393816223047,-0.2885129032225191,8.107999801635742,9.185000038146972,0.05156547953683999
2022-09-07,8.550000190734863,8.680000305175781,8.100000381469727,8.25,348300,0.032540705423005356,0.1458333636875513,-0.2863322058362391,8.317999839782715,9.019500017166138,0.05171504274984097
2022-09-08,8.449999809265137,8.880000114440918,8.449999809265137,8.779999732971191,263800,0.0642423918752959,0.11989790332759354,-0.24179621840953802,8.505999755859374,8.879500007629394,0.05461695868482423
2022-09-09,8.470000267028809,8.75,8.470000267028809,8.630000114440918,236600,-0.01708423953214777,-0.011454688778803068,-0.20752985836842175,8.485999870300294,8.766499996185303,0.05349747340497443
2022-09-12,9.130000114440918,9.640000343322754,9.130000114440918,9.550000190734863,519900,0.10660487417079789,0.08769937143302164,-0.0939278723625454,8.639999961853027,8.717000007629395,0.05919741776995804
2022-09-13,9.800000190734863,9.90999984741211,9.65999984741211,9.75,346300,0.020942387986460087,0.22027537913627904,-0.01415574706398015,8.992000007629395,8.709999990463256,0.05777393476903221
2022-09-14,9.579999923706055,9.649999618530273,9.15999984741211,9.390000343322754,472000,-0.03692304171048677,0.1381818597966975,-0.06006000415836377,9.220000076293946,8.680000019073486,0.05833165532487984
2022-09-15,9.260000228881836,9.260000228881836,9.0,9.140000343322754,110300,-0.026624067184169542,0.041002348667468214,-0.064483120258228,9.292000198364258,8.648500013351441,0.05842586085603224
2022-09-16,8.859999656677246,9.09000015258789,8.6899995803833,9.069999694824219,228000,-0.007658713990057353,0.050984886969703824,-0.03715502957908945,9.380000114440918,8.630999994277953,0.05789795169033015
2022-09-19,9.069999694824219,9.260000228881836,9.069999694824219,9.180000305175781,131700,0.012127961858072966,-0.03874344274024677,-0.013963491791794125,9.306000137329102,8.624499988555907,0.057896971653550976
2022-09-20,10.199999809265137,10.5,10.164999961853027,10.25,500500,0.11655769708645236,0.05128205128205132,0.11292073371828915,9.406000137329102,8.67649998664856,0.06329911288579063
2022-09-21,10.100000381469727,10.149999618530273,9.739999771118164,10.050000190734863,246900,-0.019512176513671875,0.07028752111616665,0.15517246104212923,9.538000106811523,8.744000005722047,0.06192534752227119
2022-09-22,9.859999656677246,10.09000015258789,9.859999656677246,9.9399995803833,127700,-0.010945334155612496,0.08752726553724788,0.16257302440235022,9.697999954223633,8.813499975204468,0.061800677519514895
2022-09-23,10.25,10.470000267028809,10.119999885559082,10.270000457763672,804800,0.03319928484017565,0.13230438845816406,0.28858227454441554,9.938000106811524,8.928500008583068,0.05923641294714388
2022-09-26,9.989999771118164,10.199999809265137,9.989999771118164,10.050000190734863,182700,-0.021421641404358316,0.09477122621320255,0.2689394057982917,10.11200008392334,9.035000014305115,0.0596101956338382
2022-09-27,10.020000457763672,10.406999588012695,10.020000457763672,10.390000343322754,145500,0.03383086031195681,0.013658570080268717,0.3218829728794321,10.140000152587891,9.161500024795533,0.059553845159031706
2022-09-28,9.680000305175781,9.6850004196167,9.289999961853027,9.579999923706055,244200,-0.07795961432640908,-0.04676619483670297,0.3305555802068598,10.046000099182129,9.280500030517578,0.05903737259050214
2022-09-29,9.130000114440918,9.182000160217285,8.6899995803833,8.960000038146973,444000,-0.06471815140883974,-0.0985915074051279,0.14285712547969576,9.850000190734864,9.336500024795532,0.05904808965286006
2022-09-30,8.920000076293945,9.510000228881836,8.899999618530273,9.039999961853027,93600,0.008928562875609058,-0.11976635258870094,0.035509786468704396,9.604000091552734,9.352000045776368,0.0536233841866557
2022-10-03,9.079999923706055,9.260000228881836,8.972999572753906,9.140000343322754,205200,0.011061989147312934,-0.09054724678025794,0.041002348667468214,9.422000122070312,9.370000076293945,0.053650433644953775
2022-10-04,9.960000038146973,10.39900016784668,9.949999809265137,10.350000381469727,195700,0.13238511955100107,-0.003849851831692508,0.295369296364985,9.414000129699707,9.488000106811523,0.05626634393584098
2022-10-05,10.079999923706055,10.229999542236328,9.960000038146973,10.100000381469727,172900,-0.024154588481715478,0.054279797693621346,0.22424247048117896,9.518000221252441,9.58050012588501,0.05673470566294875
2022-10-06,9.729999542236328,9.930000305175781,9.550000190734863,9.6899995803833,212400,-0.04059413718821692,0.08147316284914874,0.10364463269797408,9.664000129699707,9.626000118255615,0.056461632227428116
2022-10-07,9.550000190734863,9.819999694824219,9.550000190734863,9.699999809265137,98300,0.0010320154091729705,0.07300883298641314,0.12398605801102436,9.796000099182129,9.679500102996826,0.056209767001869824
2022-10-10,9.34000015258789,9.390000343322754,9.010000228881836,9.199999809265137,127500,-0.051546392766154026,0.0065644927449282076,-0.03664925387219231,9.807999992370606,9.66200008392334,0.052507938301892855
2022-10-11,9.350000381469727,9.479999542236328,9.145000457763672,9.34000015258789,197600,0.015217428937526867,-0.09758455958031698,-0.042051266401242016,9.605999946594238,9.641500091552734,0.05239981444382679
2022-10-12,9.15999984741211,9.239999771118164,8.979999542236328,9.09000015258789,149000,-0.026766594851792447,-0.10000001888463916,-0.031948900933554736,9.40399990081787,9.62650008201599,0.052080426950927725
2022-10-13,8.869999885559082,8.890000343322754,8.670000076293945,8.6899995803833,155500,-0.04400446265016955,-0.10319917887555197,-0.0492342172906155,9.203999900817871,9.604000043869018,0.052682941408847946
2022-10-14,9.1899995803833,9.350000381469727,9.041000366210938,9.210000038146973,373700,0.05983895084845736,-0.05051544131476493,0.015435540025722894,9.105999946594238,9.611000061035156,0.05438505336608774
2022-10-17,8.989999771118164,9.029999732971191,8.800000190734863,8.829999923706055,212500,-0.041259512797719,-0.040217379698906375,-0.03812640194275296,9.031999969482422,9.59350004196167,0.05517288391190118
2022-10-18,9.319999694824219,9.494000434875488,9.010000228881836,9.1899995803833,181100,0.04077006339612166,-0.016060018174949175,-0.10341467508455604,9.001999855041504,9.540500020980835,0.048959771358695746
2022-10-19,9.100000381469727,9.210000038146973,8.649999618530273,8.949999809265137,145100,-0.026115319050771246,-0.015401577664759025,-0.10945277219833505,8.973999786376954,9.485500001907349,0.04908962505991206
2022-10-20,8.880000114440918,8.890000343322754,8.65999984741211,8.710000038146973,113200,-0.026815617456182883,0.0023015487605799745,-0.12374241389946794,8.977999877929687,9.424000024795532,0.04932426170774841
2022-10-21,8.699999809265137,9.0,8.668000221252441,8.8100004196167,95300,0.011481100003646105,-0.04343101160407292,-0.142161633210374,8.897999954223632,9.351000022888183,0.04866311947224599
2022-10-24,8.729999542236328,8.8100004196167,8.42199993133545,8.479999542236328,117400,-0.037457532538316074,-0.03963764263803382,-0.15621896703503801,8.827999877929688,9.272499990463256,0.049051767430495795
2022-10-25,8.359999656677246,8.449999809265137,8.25,8.350000381469727,120600,-0.015330090540584873,-0.09140361667769947,-0.19634262699173588,8.660000038146972,9.170499992370605,0.048102510278667444
2022-10-26,8.09000015258789,8.1899995803833,7.940000057220459,8.09000015258789,191100,-0.031137750539368514,-0.09608934916255141,-0.1555323364284279,8.488000106811523,9.096000003814698,0.04568954872836768
2022-10-27,7.820000171661377,7.900000095367432,7.639999866485596,7.75,148900,-0.042027212135358094,-0.11021814396584206,-0.1350446465396683,8.296000099182129,9.035500001907348,0.04445801123421261
2022-10-28,7.639999866485596,7.71999979019165,7.52400016784668,7.710000038146973,73500,-0.005161285400390625,-0.1248581531302112,-0.14712388598654702,8.076000022888184,8.969000005722046,0.04431498845650069
2022-10-31,7.090000152587891,7.130000114440918,6.934999942779541,7.099999904632568,433400,-0.07911804545995982,-0.16273581510593205,-0.22319478797180925,7.800000095367432,8.866999983787537,0.04689037380739019
2022-11-01,7.21999979019165,7.449999809265137,7.210000038146973,7.409999847412109,112200,0.04366196435823522,-0.1125749091154129,-0.28405801214474247,7.611999988555908,8.719999957084656,0.035329265854520626
2022-11-02,7.480000019073486,8.010000228881836,7.414999961853027,7.670000076293945,398200,0.03508775090901506,-0.05191595406331262,-0.24059408053429931,7.527999973297119,8.598499941825867,0.03704898799055246
2022-11-03,7.440000057220459,7.550000190734863,7.309999942779541,7.369999885559082,188200,-0.03911345342252204,-0.04903227283108624,-0.2394220634973906,7.451999950408935,8.482499957084656,0.036992407017431894
2022-11-04,7.710000038146973,7.925000190734863,7.660999774932861,7.71999979019165,262800,0.047489811406695503,0.001296984694578729,-0.20412371732030887,7.4539999008178714,8.383499956130981,0.039302327938087994
2022-11-07,7.619999885559082,8.170000076293945,7.53000020980835,7.570000171661377,478900,-0.01943000292834851,0.06619722159744623,-0.1771738773257603,7.5479999542236325,8.301999974250794,0.038182083698140024
2022-11-08,7.599999904632568,7.789999961853027,7.599999904632568,7.699999809265137,204200,0.017173003257043407,0.03913629795205842,-0.17558889898608288,7.605999946594238,8.219999957084656,0.03824983449255257
2022-11-09,7.760000228881836,7.96999979019165,7.760000228881836,7.900000095367432,191500,0.02597406377356548,0.029986964378834857,-0.13091309540645835,7.6519999504089355,8.160499954223633,0.03876860406936696
2022-11-10,7.800000190734863,7.980000019073486,7.610000133514404,7.889999866485596,196900,-0.001265851741913293,0.07055630786988365,-0.09205981041743827,7.755999946594239,8.120499968528748,0.037743811544613565
2022-11-11,8.119999885559082,8.289999961853027,8.109999656677246,8.199999809265137,228500,0.03929023422374556,0.0621761699635448,-0.10966343373490861,7.851999950408936,8.069999957084656,0.03615694592414884
2022-11-14,8.199999809265137,8.300000190734863,8.1899995803833,8.199999809265137,191700,0.0,0.08322319990984828,-0.07134769194612856,7.977999877929688,8.03849995136261,0.03515224873268523
2022-11-15,7.900000095367432,8.100000381469727,7.690000057220459,7.710000038146973,915800,-0.059756071038503666,0.0012987310557857068,-0.16104457125280958,7.979999923706055,7.964499974250794,0.03573111569211468
2022-11-16,7.710000038146973,7.710000038146973,7.210000038146973,7.349999904632568,341200,-0.04669262408991204,-0.06962027646776658,-0.17877094287490725,7.869999885559082,7.884499979019165,0.03656287594525681
2022-11-17,7.119999885559082,7.300000190734863,7.110000133514404,7.190000057220459,226000,-0.021768687005188192,-0.08871987593289199,-0.17451205215492616,7.729999923706055,7.808499979972839,0.03645183714529242
2022-11-18,7.050000190734863,7.190000057220459,7.050000190734863,7.090000152587891,111000,-0.01390819246686159,-0.13536581493856414,-0.1952327111357438,7.507999992370605,7.722499966621399,0.036145319652804715
2022-11-21,7.210000038146973,7.380000114440918,7.150000095367432,7.369999885559082,230200,0.039492204082532956,-0.10121950524538337,-0.13089619299490185,7.3420000076293945,7.666999983787536,0.03716928049277491
2022-11-22,7.019999980926514,7.079999923706055,6.820000171661377,7.070000171661377,400500,-0.04070552490584567,-0.08300906139027908,-0.1532934312971912,7.214000034332275,7.602999973297119,0.037918322151497895
2022-11-23,7.190000057220459,7.420000076293945,7.190000057220459,7.380000114440918,316900,0.043847232709004924,0.004081661251375213,-0.08776267302292351,7.220000076293945,7.56749997138977,0.039155026734693295
2022-11-25,7.690000057220459,7.880000114440918,7.679999828338623,7.820000171661377,365500,0.05962060303488115,0.08762171202046787,0.009032280214371191,7.346000099182129,7.570999979972839,0.04051179535647842
2022-11-28,7.730000019073486,7.800000190734863,7.519999980926514,7.659999847412109,547600,-0.02046039907122854,0.0803948776526,-0.006485109012642765,7.460000038146973,7.568499970436096,0.040782482458050696
2022-11-29,7.380000114440918,7.599999904632568,7.25,7.539999961853027,152300,-0.01566578171664368,0.023066496463188146,0.061971839877542845,7.494000053405761,7.590499973297119,0.03650932779364365
2022-11-30,7.730000019073486,7.940000057220459,7.7220001220703125,7.860000133514404,217700,0.042440341283865646,0.11173973729443132,0.06072878480010413,7.652000045776367,7.612999987602234,0.03643980770280175
2022-12-01,7.699999809265137,7.764999866485596,7.550000190734863,7.710000038146973,258600,-0.019083981274738537,0.04471543612314077,0.00521511883378678,7.718000030517578,7.614999985694885,0.03598521959300819
2022-12-02,7.610000133514404,7.699999809265137,7.590000152587891,7.699999809265137,126700,-0.001297046541161806,-0.015345314547575706,0.04477610974630575,7.69399995803833,7.631499981880188,0.034745699594785344
2022-12-05,7.880000114440918,8.0,7.880000114440918,7.96999979019165,526000,0.035064933456444125,0.040469967226471004,0.03238342056921151,7.755999946594239,7.643999981880188,0.03400716561213337
2022-12-06,8.119999885559082,8.468999862670898,8.0600004196167,8.4399995803833,793600,0.05897111700932034,0.11936334523655479,0.11492726406781384,7.935999870300293,7.687499952316284,0.03585783062153313
2022-12-07,8.25,8.449999809265137,8.25,8.399999618530273,155200,-0.004739332208735791,0.06870222338971144,0.09090906839021629,8.043999767303466,7.722499942779541,0.035835272232740766
2022-12-08,8.8100004196167,9.039999961853027,8.789999961853027,9.010000228881836,236200,0.07261912357780465,0.16861221586288178,0.14050634431831321,8.30399980545044,7.777999949455261,0.03867939244298489
2022-12-09,9.079999923706055,9.319999694824219,9.079999923706055,9.1899995803833,183500,0.019977729958815305,0.1935064685748824,0.16476549250903316,8.601999759674072,7.8429999351501465,0.03872344200104449
2022-12-12,8.539999961853027,8.850000381469727,8.402000427246094,8.739999771118164,299900,-0.048966249163459485,0.09661229626054957,0.06585365541629451,8.755999755859374,7.869999933242798,0.040020493612551854
2022-12-13,9.039999961853027,9.350000381469727,9.039999961853027,9.289999961853027,426500,0.06292908525608554,0.10071095067887725,0.1329268509684971,8.92599983215332,7.924499940872193,0.04211272561281705
2022-12-14,9.649999618530273,9.840999603271484,9.649999618530273,9.819999694824219,275900,0.05705056352502669,0.1690476358072024,0.2736705118336633,9.20999984741211,8.029999923706054,0.040419015051840736
2022-12-15,10.069999694824219,10.220000267028809,9.6899995803833,9.760000228881836,507700,-0.006109925438593122,0.08324084139263976,0.32789120483257284,9.359999847412109,8.150499939918518,0.03822719114304168
2022-12-16,9.170000076293945,9.319999694824219,8.8100004196167,9.029999732971191,230300,-0.07479513102370883,-0.017410212700514238,0.2559109403487332,9.327999877929688,8.242499923706054,0.04250821178783092
2022-12-19,8.970000267028809,9.039999961853027,8.819999694824219,8.850000381469727,295800,-0.01993348359072855,0.012585882520851577,0.2482369803954696,9.35,8.330499935150147,0.04272463590901886
2022-12-20,9.739999771118164,10.010000228881836,9.739999771118164,9.979999542236328,326400,0.1276835154869158,0.07427336740760015,0.35413835782973746,9.48799991607666,8.460999917984008,0.04969284946094764
2022-12-21,10.25,10.329999923706055,9.869999885559082,9.979999542236328,219600,0.0,0.01629326399026665,0.41159820366611544,9.519999885559082,8.606499886512756,0.04803587331348631
2022-12-22,9.510000228881836,9.84000015258789,9.487000465393066,9.739999771118164,204000,-0.024048074361372684,-0.002049227181827984,0.31978314635243477,9.515999794006348,8.72449986934662,0.04854356364553431
2022-12-23,9.5600004196167,9.630000114440918,9.350000381469727,9.460000038146973,251400,-0.028747406524738284,0.047619082822973224,0.20971864839961696,9.601999855041504,8.806499862670899,0.0482954608289073
2022-12-27,9.489999771118164,9.699999809265137,9.420000076293945,9.5,465800,0.004228325760225138,0.073446281413869,0.2402089019896685,9.731999778747559,8.898499870300293,0.047771251031246076
2022-12-28,9.420000076293945,9.60099983215332,9.359999656677246,9.449999809265137,102600,-0.00526317797209086,-0.053106188104336205,0.25331563091184806,9.62599983215332,8.993999862670899,0.047511486909300106
2022-12-29,9.34000015258789,9.460000038146973,9.329999923706055,9.399999618530273,93000,-0.005291025581380615,-0.05811622748592704,0.19592868433289667,9.509999847412109,9.070999836921692,0.047120244533946316
2022-12-30,9.239999771118164,9.340999603271484,9.119999885559082,9.1899995803833,148000,-0.022340430496720298,-0.056468193394189625,0.19195843513796307,9.399999809265136,9.144999814033508,0.0472315728349201
2023-01-03,9.010000228881836,9.180000305175781,8.75,8.819999694824219,75000,-0.040261142813202366,-0.06765331297483979,0.14545453419510812,9.271999740600586,9.200999808311462,0.04850205697342774
2023-01-04,9.010000228881836,9.279999732971191,9.010000228881836,9.25,45200,0.04875287075441914,-0.02631578947368418,0.16060228902183815,9.221999740600586,9.26499981880188,0.04899954716486605
2023-01-05,9.373000144958496,9.555000305175781,9.361000061035156,9.510000228881836,56200,0.02810813285209046,0.006349250881240609,0.12677733432422067,9.233999824523925,9.318499851226807,0.04780055873038976
2023-01-06,9.670000076293945,10.279999732971191,9.5,10.039999961853027,83700,0.055730780253988144,0.06808514566969959,0.19523814497621372,9.361999893188477,9.400499868392945,0.048915532044172226
2023-01-09,10.100000381469727,10.100000381469727,9.491000175476074,9.739999771118164,56100,-0.029880497198676692,0.05984768398780749,0.08102103481599165,9.47199993133545,9.436999845504761,0.047361664938293205
2023-01-10,9.149999618530273,9.180000305175781,9.010000228881836,9.119999885559082,48800,-0.06365502054708005,0.03401362824433085,-0.007616942113211622,9.531999969482422,9.43349986076355,0.04960318593627917
2023-01-11,9.079999923706055,9.170000076293945,8.970000267028809,8.979999542236328,44300,-0.015350915030649892,-0.029189238677153728,0.02745992876467307,9.477999877929687,9.445499849319457,0.048384118266576126
2023-01-12,9.079999923706055,9.307999610900879,8.942999839782715,9.09000015258789,53500,0.012249511799437007,-0.044164044814468784,-0.02152850485321678,9.3939998626709,9.4354998588562,0.0463330886265154
2023-01-13,9.220000267028809,9.4399995803833,9.220000267028809,9.359999656677246,115500,0.029702915242799888,-0.06772911431866946,-0.04684318252977371,9.257999801635743,9.412499856948852,0.04494050317350131
2023-01-17,9.5,9.550000190734863,9.399999618530273,9.40999984741211,71100,0.005341900915476483,-0.033880896453878484,-0.035860693981748515,9.191999816894532,9.394999837875366,0.04495110655238061
2023-01-18,9.09000015258789,9.279999732971191,8.880000114440918,8.9399995803833,65900,-0.049946894224240146,-0.019736875815185018,-0.009966794601252715,9.155999755859375,9.390499830245972,0.0431064152763509
2023-01-19,8.720000267028809,8.859000205993652,8.65999984741211,8.774999618530273,123200,-0.01845637243821363,-0.022828500462818813,-0.008474662113743037,9.114999771118164,9.386749792099,0.043071077587577326
2023-01-20,8.951000213623047,9.149999618530273,8.885000228881836,8.949999809265137,72800,0.019943042546157308,-0.015401577664759025,-0.10320639080313909,9.086999702453614,9.33524980545044,0.031500772411788266
2023-01-23,8.800000190734863,8.800000190734863,8.609999656677246,8.640000343322754,100700,-0.03463681257528828,-0.07692300638503313,-0.13426846296360706,8.942999839782715,9.26824984550476,0.032159027531604045
2023-01-24,8.569999694824219,8.630000114440918,8.399999618530273,8.4399995803833,44600,-0.023148235531497363,-0.10308185789137636,-0.1334702485917637,8.748999786376952,9.203249835968018,0.03213408593223966
2023-01-25,8.489999771118164,8.539999961853027,8.420000076293945,8.449999809265137,31200,0.001184861300832063,-0.054809820371060414,-0.10676535145973165,8.650999832153321,9.152749824523926,0.03174523970129998
2023-01-26,8.239999771118164,8.239999771118164,8.100000381469727,8.119999885559082,134800,-0.03905324629051721,-0.07464384745818342,-0.1452631699411493,8.519999885559082,9.08374981880188,0.03253767708129248
2023-01-27,8.229999542236328,8.75,8.210000038146973,8.270000457763672,144100,0.01847297713283913,-0.07597758279251832,-0.12486765876381811,8.384000015258788,9.024749851226806,0.033045324468367956
2023-01-30,8.029999732971191,8.170000076293945,7.900000095367432,8.0,283400,-0.03264817930090946,-0.07407411086706317,-0.14893613567498942,8.255999946594239,8.954749870300294,0.03357093576079009
2023-01-31,7.730000019073486,7.980000019073486,7.659999847412109,7.800000190734863,208900,-0.02499997615814209,-0.075829315339773,-0.15125130066550696,8.128000068664551,8.885249900817872,0.0336380369075373
2023-02-01,7.599999904632568,7.715000152587891,7.53000020980835,7.53000020980835,514600,-0.03461538132360942,-0.1088756947009678,-0.14625845007374216,7.944000148773194,8.820749926567078,0.03337240472526048
2023-02-02,7.460000038146973,7.539999961853027,7.300000190734863,7.309999942779541,486400,-0.029216502111413356,-0.09975368894032566,-0.2097297359157253,7.782000160217285,8.723749923706055,0.03093969134576812
2023-02-03,7.28000020980835,7.329999923706055,7.099999904632568,7.110000133514404,393400,-0.027359755243594353,-0.140266053209258,-0.2523659345536754,7.550000095367432,8.603749918937684,0.029687275462698795
2023-02-06,6.900000095367432,7.039999961853027,6.75,6.800000190734863,630100,-0.04360055372127136,-0.1499999761581421,-0.32270914177575105,7.3100001335144045,8.441749930381775,0.025404550360097578
2023-02-07,6.889999866485596,7.400000095367432,6.860000133514404,7.159999847412109,905500,0.05294112449698951,-0.08205132406060334,-0.26488706204660084,7.182000064849854,8.312749934196471,0.029889176316812042
2023-02-08,7.5,7.800000190734863,7.440999984741211,7.619999885559082,752700,0.06424581675280816,0.011952147841045369,-0.16447368627439907,7.2,8.237749934196472,0.03246721598230649
2023-02-09,7.440000057220459,7.449999809265137,7.059999942779541,7.119999885559082,766500,-0.06561679888572791,-0.025991800096815565,-0.20712692110160646,7.161999988555908,8.14474995136261,0.03488523848162897
2023-02-10,7.199999809265137,7.383999824523926,7.199999809265137,7.230000019073486,276600,0.015449457202591832,0.016877620718098063,-0.20462047329942767,7.185999965667724,8.05174994468689,0.03500442733055924
2023-02-13,7.079999923706055,7.242000102996826,6.949999809265137,7.0,960500,-0.0318118974366145,0.02941173583166079,-0.2521367247052907,7.225999927520752,7.933749961853027,0.03394468923202556
2023-02-14,6.75,7.0,6.71999979019165,6.730000019073486,842200,-0.03857142584664486,-0.06005584322659463,-0.28480338701340824,7.139999961853027,7.799749970436096,0.03405619487073325
2023-02-15,6.579999923706055,6.71999979019165,6.300000190734863,6.53000020980835,756000,-0.029717653595589533,-0.14304457901848888,-0.26957488631913595,6.9220000267028805,7.679250001907349,0.03328893263150979
2023-02-16,6.619999885559082,6.849999904632568,6.579999923706055,6.75,840600,0.033690625286841636,-0.05196627689693123,-0.23076919732897272,6.8480000495910645,7.578000020980835,0.0350068498680795
2023-02-17,6.619999885559082,6.699999809265137,6.550000190734863,6.599999904632568,549000,-0.022222236350730618,-0.08713694505932401,-0.2625698273423227,6.722000026702881,7.460500025749207,0.03421381237581809
2023-02-21,7.090000152587891,7.150000095367432,7.010000228881836,7.059999942779541,1312000,0.06969697648390816,0.008571420397077256,-0.18287040946292132,6.734000015258789,7.381500005722046,0.03865729961798097
2023-02-22,7.269999980926514,7.364999771118164,7.25,7.289999961853027,958500,0.03257790664838667,0.08320950092012569,-0.13625588574709935,6.846000003814697,7.324000024795533,0.03960667150302781
2023-02-23,7.760000228881836,8.039999961853027,7.760000228881836,7.960000038146973,1597000,0.09190673248284065,0.21898924692080413,-0.05798813990278395,7.131999969482422,7.299500036239624,0.04532283879882449
2023-02-24,8.010000228881836,8.069999694824219,7.900000095367432,7.949999809265137,629900,-0.0012563101550140399,0.17777774952076109,-0.020935970282004557,7.371999931335449,7.291000032424927,0.0444776245322677
2023-02-27,7.989999771118164,8.149999618530273,7.901000022888184,8.149999618530273,574200,0.02515720931616272,0.23484844489312096,-0.014510378789730827,7.68199987411499,7.284999990463257,0.044649569836182915
2023-02-28,8.845000267028809,9.210000038146973,8.800000190734863,9.050000190734863,1039600,0.11042952323068822,0.28186972579094016,0.1312500238418579,8.079999923706055,7.3375,0.050223533813131584
2023-03-01,8.779999732971191,8.979999542236328,8.75,8.819999694824219,860200,-0.025414418902014235,0.20987650767864818,0.13076916399322003,8.385999870300292,7.388499975204468,0.050237669686422654
2023-03-02,8.824999809265137,8.984999656677246,8.739999771118164,8.979999542236328,460900,0.01814057289661819,0.1281406406031631,0.19256298698893182,8.589999771118164,7.460999941825866,0.04929527143138289
2023-03-03,9.34000015258789,9.399999618530273,9.289999961853027,9.390000343322754,406300,0.045657107125455454,0.18113214699444424,0.28454178068739044,8.877999877929687,7.564999961853028,0.049004712120982334
2023-03-06,9.4399995803833,9.6899995803833,9.109999656677246,9.149999618530273,407600,-0.025559181684497556,0.12269939224614768,0.28691975340477494,9.077999877929688,7.666999936103821,0.04892687032434595
2023-03-07,9.069999694824219,9.350000381469727,9.029999732971191,9.180000305175781,448100,0.003278763704508858,0.01436465322663838,0.35000000701231104,9.103999900817872,7.7859999418258665,0.047121538742457766
2023-03-08,9.460000038146973,9.680000305175781,9.460000038146973,9.600000381469727,407800,0.04575164077686855,0.08843545506052908,0.3407822047565441,9.260000038146973,7.907999968528747,0.04685275708205346
2023-03-09,10.0,10.050000190734863,9.850000381469727,9.920000076293945,599200,0.0333333002196432,0.10467712494153703,0.30183729990517083,9.448000144958495,8.02299997806549,0.04566496783415939
2023-03-10,10.039999961853027,10.270000457763672,10.039999961853027,10.1899995803833,414300,0.027217691735162308,0.08519693373913739,0.431179739349554,9.607999992370605,8.176499962806702,0.04166278734235848
2023-03-13,10.390000343322754,10.4399995803833,10.199999809265137,10.260000228881836,313500,0.0068695438058008484,0.12131154717248571,0.4190871648430008,9.830000114440917,8.32799997329712,0.041744136759133355
2023-03-14,10.520000457763672,10.720000267028809,10.460000038146973,10.569999694824219,400400,0.030214372224840247,0.15141605048365214,0.5099999564034599,10.107999992370605,8.50649995803833,0.04008392985307833
2023-03-15,10.039999961853027,10.119999885559082,9.505000114440918,9.6899995803833,902500,-0.08325450708118987,0.009374916180971526,0.43982162747709985,10.12599983215332,8.654499936103822,0.04460238652304688
2023-03-16,9.699999809265137,9.979999542236328,9.649999618530273,9.979999542236328,330800,0.029927757937173727,0.006048333213803492,0.52833066180395,10.137999725341796,8.82699990272522,0.04312006286231814
2023-03-17,9.9399995803833,10.0,9.795000076293945,9.970000267028809,288800,-0.0010019314294756887,-0.02158972742040255,0.47703707659686057,10.093999862670898,8.98799991607666,0.04333529492498386
2023-03-20,9.680000305175781,9.710000038146973,9.442000389099121,9.5,456200,-0.0471414497934487,-0.07407409472978765,0.439393960192622,9.941999816894532,9.132999920845032,0.044958314256045115
2023-03-21,9.239999771118164,9.329999923706055,9.119999885559082,9.3100004196167,362200,-0.01999995582982117,-0.11920523288420715,0.318696953976366,9.689999961853028,9.24549994468689,0.04413547939926261
2023-03-22,9.100000381469727,9.539999961853027,9.100000381469727,9.489999771118164,291800,0.019333978881697522,-0.020639816091429175,0.30178324016148883,9.65,9.355499935150146,0.043954347274817084
2023-03-23,9.890000343322754,10.199999809265137,9.880000114440918,10.1899995803833,293800,0.07376183626426558,0.021042088955839366,0.2801506949182697,9.692000007629394,9.466999912261963,0.04242626997911587
2023-03-24,9.779999732971191,9.880000114440918,9.60099983215332,9.760000228881836,259600,-0.042198171659325046,-0.02106319283074154,0.22767301421910435,9.65,9.557499933242799,0.044118177626347475
2023-03-27,9.5,9.619999885559082,9.430000305175781,9.449999809265137,152900,-0.031762337330622614,-0.00526317797209086,0.1595092333230439,9.639999961853027,9.622499942779541,0.044999235242299686
2023-03-28,9.289999961853027,9.515000343322754,9.239999771118164,9.460000038146973,132900,0.001058225299859883,0.016111666140660397,0.045303849587965184,9.669999885559083,9.642999935150147,0.03805461304873181
2023-03-29,9.859999656677246,10.09000015258789,9.859999656677246,10.020000457763672,277000,0.05919666145438951,0.055848335029312635,0.13605451297732385,9.776000022888184,9.70299997329712,0.03941865247801346
2023-03-30,9.710000038146973,9.9399995803833,9.569999694824219,9.649999618530273,195400,-0.036926229773444286,-0.0529931289587664,0.07461025728817483,9.668000030517579,9.736499977111816,0.040517772040353124
2023-03-31,9.829999923706055,10.100000381469727,9.829999923706055,10.100000381469727,136200,0.04663220525681111,0.03483608039083452,0.07561235486555162,9.736000061035156,9.771999979019165,0.0405705970705296
2023-04-03,10.020000457763672,10.100000381469727,9.930000305175781,10.010000228881836,148900,-0.00891090586026233,0.05925930485920783,0.09398914166181149,9.848000144958496,9.815000009536742,0.040090715535869466
2023-04-04,10.199999809265137,10.350000381469727,10.199999809265137,10.3100004196167,196600,0.02997004833918715,0.08985204841883121,0.12309369029147121,10.018000221252441,9.871500015258789,0.040463500239802504
2023-04-05,10.300000190734863,10.300000190734863,10.020000457763672,10.020000457763672,80400,-0.028128026193020128,0.0,0.04375000620881697,10.018000221252441,9.892500019073486,0.04007191365099749
2023-04-06,9.84000015258789,9.864999771118164,9.680000305175781,9.8100004196167,524800,-0.020958086681948318,0.016580394550398392,-0.0110886749829886,10.050000381469726,9.887000036239623,0.03974000687716529
2023-04-10,9.699999809265137,10.0,9.680000305175781,9.90999984741211,298000,0.010193621153720356,-0.01881193335459741,-0.02747789445548332,10.012000274658202,9.873000049591065,0.03931074020761741
2023-04-11,9.539999961853027,9.539999961853027,9.210000038146973,9.279999732971191,366200,-0.0635721618709647,-0.07292712080109398,-0.09551661540434953,9.866000175476074,9.824000024795533,0.04168493097201589
2023-04-12,9.350000381469727,9.470000267028809,9.21500015258789,9.40999984741211,358100,0.014008633424744232,-0.08729394137483937,-0.109744548808277,9.686000061035156,9.766000032424927,0.04113508862498484
2023-04-13,9.210000038146973,9.399999618530273,9.130000114440918,9.369999885559082,162100,-0.004250793039494938,-0.06487031362368434,-0.03302370574628655,9.555999946594238,9.750000047683717,0.03678723899004931
2023-04-14,9.34000015258789,9.359999656677246,9.170000076293945,9.1899995803833,493500,-0.019210278268326886,-0.06320089833978049,-0.07915831644176641,9.431999778747558,9.710500049591065,0.036247184648267046
2023-04-17,9.100000381469727,9.109999656677246,8.949999809265137,8.960000038146973,377100,-0.02502715481372586,-0.09586274711328269,-0.10130393197901377,9.24199981689453,9.660000038146972,0.03655698863303122
2023-04-18,8.770000457763672,8.770000457763672,8.34000015258789,8.619999885559082,700500,-0.037946445439771104,-0.0711206752589848,-0.09263159099378082,9.109999847412109,9.616000032424926,0.03604939079528197
2023-04-19,9.0,9.199999809265137,9.0,9.15999984741211,194800,0.0626450080072134,-0.026567481833568163,-0.01611176857613561,9.05999984741211,9.608500003814697,0.03878062262588164
2023-04-20,9.199999809265137,9.300000190734863,9.170000076293945,9.25,65100,0.009825344332655028,-0.012806818252369956,-0.025289755206167497,9.035999870300293,9.596500015258789,0.03858757873497399
2023-04-21,9.270000457763672,9.270000457763672,9.100000381469727,9.15999984741211,56300,-0.009729746225717872,-0.003264388938083118,-0.1010794676531721,9.029999923706054,9.545000028610229,0.03441197674528087
2023-04-24,8.850000381469727,8.850000381469727,8.720000267028809,8.779999732971191,177500,-0.04148472934181058,-0.020089319688552987,-0.10040988452137767,8.993999862670899,9.496000003814697,0.03437146500031984
2023-04-25,8.800000190734863,8.800000190734863,8.699999809265137,8.760000228881836,222500,-0.0022778479154449416,0.016241339348193495,-0.07301583008571055,9.021999931335449,9.461500024795532,0.03377767596830141
2023-04-26,8.770000457763672,8.854000091552734,8.770000457763672,8.819999694824219,108500,0.0068492539240538886,-0.037117921206510474,-0.06765331297483979,8.953999900817871,9.429500007629395,0.03384126385328399
2023-04-27,9.069999694824219,9.074999809265137,8.789999961853027,8.850000381469727,157800,0.003401438512873556,-0.04324320200327281,-0.11676646934555868,8.873999977111817,9.371000003814697,0.03059179671297427
2023-04-28,8.789999961853027,8.789999961853027,8.654999732971191,8.760000228881836,127400,-0.010169508328647603,-0.04366808135300149,-0.0922279196715644,8.794000053405762,9.326500034332275,0.02972930961306664
2023-05-01,8.880000114440918,9.050000190734863,8.710000038146973,8.779999732971191,124300,0.00228304835237525,0.0,-0.1306931285785211,8.794000053405762,9.26050000190735,0.027274644537244597
2023-05-02,8.520000457763672,8.520000457763672,8.229999542236328,8.279999732971191,286200,-0.05694760993242054,-0.05479457572707325,-0.17282721841694637,8.697999954223633,9.173999977111816,0.02951006373673154
2023-05-03,8.319999694824219,8.5,8.319999694824219,8.449999809265137,231100,0.020531410842563158,-0.041950101855015576,-0.18040742334137683,8.623999977111817,9.080999946594238,0.028923239675581594
2023-05-04,8.130000114440918,8.130000114440918,7.804999828338623,7.929999828338623,563400,-0.061538460670301,-0.10395486027971423,-0.20858288761909982,8.439999866485596,8.976499915122986,0.0309497261446551
2023-05-05,8.239999771118164,8.319999694824219,8.180000305175781,8.300000190734863,69700,0.04665830648242997,-0.05251141850776975,-0.1539245835160561,8.347999858856202,8.900999903678894,0.03341868715355316
2023-05-08,8.390000343322754,8.399999618530273,8.300000190734863,8.350000381469727,233200,0.006024119227211244,-0.048974870680998484,-0.15741669928983504,8.261999988555909,8.822999930381775,0.033313448861093775
2023-05-09,8.949999809265137,8.989999771118164,8.881999969482422,8.989999771118164,233100,0.07664662998922966,0.08574879964304016,-0.03124999678854279,8.403999996185302,8.808499932289124,0.035672963214990194
2023-05-10,8.539999961853027,8.75,8.510000228881836,8.600000381469727,87500,-0.043381468251130983,0.017751547407151236,-0.08607858438649652,8.43400011062622,8.767999958992004,0.03669688229811364
2023-05-11,8.069999694824219,8.15999984741211,8.010000228881836,8.09000015258789,191800,-0.059302349565091284,0.020176586092409687,-0.13660616313815643,8.466000175476074,8.703999972343444,0.03873614068901766
2023-05-12,7.71999979019165,7.741000175476074,7.650000095367432,7.71999979019165,280900,-0.04573551982911661,-0.06987956472466794,-0.1599564589022907,8.350000095367431,8.630499982833863,0.03963403179591519
2023-05-15,7.400000095367432,7.400000095367432,7.093999862670898,7.289999961853027,364400,-0.055699461143113305,-0.12694615223839345,-0.186383936292853,8.138000011444092,8.546999979019166,0.04090335739512282
2023-05-16,7.360000133514404,7.409999847412109,7.199999809265137,7.21999979019165,188900,-0.009602218385140304,-0.19688543114460655,-0.1624130062591792,7.784000015258789,8.476999974250793,0.04035200531628651
2023-05-17,7.150000095367432,7.269999980926514,7.070000171661377,7.21999979019165,311400,0.0,-0.16046517791458936,-0.21179040278789407,7.507999897003174,8.37999997138977,0.036855459858757995
2023-05-18,7.460000038146973,7.519999980926514,7.400000095367432,7.489999771118164,132000,0.03739612032860551,-0.07416568234276166,-0.19027029501425252,7.387999820709228,8.291999959945679,0.03817461074768193
2023-05-19,7.309999942779541,7.440000057220459,7.309999942779541,7.409999847412109,62800,-0.010680898017452423,-0.040155434093845366,-0.19104803811698878,7.32599983215332,8.204499959945679,0.0381751059316464
2023-05-22,7.389999866485596,7.400000095367432,7.28000020980835,7.389999866485596,100000,-0.0026990528121938473,0.013717408114656493,-0.15831434040547665,7.345999813079834,8.134999966621399,0.03746206110183009
2023-05-23,7.130000114440918,7.150000095367432,7.050000190734863,7.090000152587891,181100,-0.0405953612067349,-0.018005490496047383,-0.19063927313471218,7.319999885559082,8.051499962806702,0.03813255666080528
2023-05-24,6.639999866485596,6.639999866485596,6.489999771118164,6.559999942779541,668100,-0.07475320146712505,-0.09141272390460697,-0.25623580841741955,7.18799991607666,7.938499975204468,0.04054363193944708
2023-05-25,6.230000019073486,6.480000019073486,6.150000095367432,6.440000057220459,494800,-0.018292665641127526,-0.14018688197382323,-0.27231640908122046,6.977999973297119,7.817999958992004,0.04034587560863512
2023-05-26,6.440000057220459,6.607999801635742,6.440000057220459,6.570000171661377,204900,0.02018635299469662,-0.11336028246263685,-0.25,6.810000038146972,7.708499956130981,0.041100803639986465
2023-05-30,6.28000020980835,6.309999942779541,6.039999961853027,6.079999923706055,515800,-0.07458146653768116,-0.17726657191436834,-0.30751707191128175,6.548000049591065,7.573499965667724,0.04309506267020928
2023-05-31,5.630000114440918,5.789999961853027,5.579999923706055,5.78000020980835,841400,-0.04934205882602061,-0.18476726580906822,-0.30193231929800357,6.286000061035156,7.448499989509583,0.04275921040286532
2023-06-01,5.829999923706055,5.849999904632568,5.789999961853027,5.840000152587891,314300,0.010380612560830782,-0.10975606653535719,-0.3088757059870546,6.1420001029968265,7.31800000667572,0.04234932924225029
2023-06-02,6.099999904632568,6.190000057220459,6.090000152587891,6.139999866485596,295800,0.05136981268138596,-0.04658388013498638,-0.22572509465338053,6.082000064849853,7.228500008583069,0.043667291908171646
2023-06-05,6.579999923706055,6.614999771118164,6.449999809265137,6.550000190734863,192000,0.06677529856103126,-0.003044137047785833,-0.2108433686487734,6.078000068664551,7.1410000085830685,0.04528639398715331
2023-06-06,6.650000095367432,6.660999774932861,6.5,6.550000190734863,242700,0.0,0.07730267646818012,-0.21556887526968427,6.172000122070313,7.050999999046326,0.04518857263927463
2023-06-07,6.150000095367432,6.159999847412109,6.065000057220459,6.139999866485596,320900,-0.06259546752826406,0.06228367536498469,-0.3170189073628963,6.244000053405761,6.908500003814697,0.04153772513885492
2023-06-08,6.199999809265137,6.429999828338623,6.170000076293945,6.369999885559082,315300,0.037459287308605926,0.09075337656221327,-0.25930237174356274,6.35,6.796999979019165,0.04285615026172261
2023-06-09,6.349999904632568,6.380000114440918,6.291999816894531,6.329999923706055,141500,-0.006279428975141443,0.030944635399350773,-0.21755255818120522,6.388000011444092,6.708999967575073,0.04152661232620695
2023-06-12,6.090000152587891,6.230000019073486,6.039999961853027,6.190000057220459,205400,-0.022116882807737714,-0.0549618508444677,-0.19818649929434895,6.315999984741211,6.6324999809265135,0.04082767650688945
2023-06-13,6.329999923706055,6.380000114440918,6.2210001945495605,6.300000190734863,309600,0.0177706191433864,-0.03816793781985395,-0.1358024384497416,6.265999984741211,6.582999992370605,0.03980936587861097
2023-06-14,6.460000038146973,6.480000019073486,6.369999885559082,6.400000095367432,258100,0.015873000254767344,0.04234531507093564,-0.11357336823446806,6.318000030517578,6.542000007629395,0.040111630872724346
2023-06-15,6.400000095367432,6.619999885559082,6.25,6.340000152587891,274300,-0.00937499091960503,-0.004709534303007024,-0.12188360985816604,6.31200008392334,6.4980000257492065,0.04010199606364767
2023-06-16,6.170000076293945,6.170000076293945,6.050000190734863,6.139999866485596,408700,-0.031545785692238204,-0.0300158071896498,-0.1802403132024435,6.274000072479248,6.430500030517578,0.0391539602297031
2023-06-20,6.079999923706055,6.159999847412109,5.988999843597412,6.159999847412109,268500,0.003257325954627577,-0.004846560505820219,-0.1686909616383533,6.2680000305175785,6.368000030517578,0.03924924588110359
2023-06-21,6.119999885559082,6.179999828338623,6.019999980926514,6.119999885559082,339800,-0.0064935004616650804,-0.028571476147016606,-0.17185385708680367,6.2319999694824215,6.304500031471252,0.039229123087023976
2023-06-22,6.190000057220459,6.210999965667725,6.159999847412109,6.170000076293945,164200,0.008169965959124559,-0.035937502444721714,-0.12976023363809663,6.185999965667724,6.258500027656555,0.03864995757864704
2023-06-23,6.159999847412109,6.178999900817871,6.054999828338623,6.159999847412109,131600,-0.001620782618829808,-0.02839121464410499,-0.06097562482568364,6.149999904632568,6.238500022888184,0.03512200494176697
2023-06-26,5.980000019073486,6.0,5.849999904632568,5.920000076293945,291700,-0.03896100276999048,-0.0358305855009039,-0.08074533793574978,6.105999946594238,6.212500023841858,0.035904931801028106
2023-06-27,5.650000095367432,5.71999979019165,5.579999923706055,5.659999847412109,544400,-0.04391895701538606,-0.08116883317944501,-0.13850841711913575,6.005999946594239,6.167000007629395,0.036527273797400214
2023-06-28,5.599999904632568,5.599999904632568,5.480999946594238,5.570000171661377,299100,-0.015901003211489906,-0.08986923597752006,-0.0838815392178176,5.896000003814697,6.141500020027161,0.03297973882303348
2023-06-29,5.570000171661377,5.710000038146973,5.560999870300293,5.610000133514404,385200,0.007181321475811853,-0.09076174000890924,-0.029411776837908077,5.784000015258789,6.133000016212463,0.03125325184488421
2023-06-30,5.610000133514404,5.610000133514404,5.539999961853027,5.550000190734863,721200,-0.010695176711511767,-0.09902592074470817,-0.049657526417104525,5.66200008392334,6.118500018119812,0.031203589060623118
2023-07-03,5.309999942779541,5.309999942779541,5.170000076293945,5.170000076293945,375900,-0.06846848673542172,-0.1266891875564835,-0.15798042529060463,5.51200008392334,6.070000028610229,0.03189749025845074
2023-07-05,4.949999809265137,5.079999923706055,4.880000114440918,5.050000190734863,654900,-0.023210809243372932,-0.10777379383784835,-0.2290076269191239,5.3900001525878904,5.99500002861023,0.026708303967335197
2023-07-06,5.099999904632568,5.329999923706055,4.949999809265137,5.199999809265137,459100,0.029702893636613048,-0.06642735206341643,-0.20610692246686269,5.316000080108642,5.927500009536743,0.028226924640857073
2023-07-07,5.070000171661377,5.079999923706055,5.0,5.010000228881836,231500,-0.0365383821831623,-0.10695185211282632,-0.1840390329276257,5.196000099182129,5.871000027656555,0.026257029995549186
2023-07-10,5.099999904632568,5.130000114440918,4.949999809265137,5.039999961853027,301200,0.005987970379371932,-0.09189192997384532,-0.20879120056519807,5.094000053405762,5.804500031471252,0.024133846803445852
2023-07-11,5.199999809265137,5.289999961853027,4.949999809265137,5.21999979019165,228000,0.035714251924804374,0.00967112440229334,-0.17535547344280655,5.103999996185303,5.749000024795532,0.026326225667141902
2023-07-12,5.400000095367432,5.480000019073486,5.28000020980835,5.369999885559082,452400,0.028735651608507995,0.06336627380951709,-0.13247175510198417,5.167999935150147,5.708000016212464,0.02745076469333288
2023-07-13,5.210000038146973,5.210000038146973,5.144999980926514,5.170000076293945,370600,-0.037243913133587436,-0.005769179629149024,-0.179365092099959,5.161999988555908,5.651500010490418,0.027623680573441865
2023-07-14,5.150000095367432,5.150000095367432,5.050000190734863,5.079999923706055,141900,-0.01740815304830834,0.013971994336583471,-0.20625002374872525,5.175999927520752,5.585500001907349,0.02701248905753748
2023-07-17,4.869999885559082,4.934000015258789,4.809999942779541,4.840000152587891,696400,-0.047244050142243865,-0.039682502138671416,-0.23659305424270738,5.135999965667724,5.5105000019073485,0.02818467154295048
2023-07-18,4.760000228881836,4.78000020980835,4.585000038146973,4.610000133514404,632300,-0.04752066359967122,-0.11685817647415087,-0.2491856296809548,5.014000034332275,5.434000015258789,0.028953055437643007
2023-07-19,4.599999904632568,4.599999904632568,4.480000019073486,4.5,631000,-0.02386119963743827,-0.16201115532584498,-0.26948050138499524,4.840000057220459,5.351000022888184,0.028745273411484733
2023-07-20,4.630000114440918,4.78000020980835,4.559999942779541,4.730000019073486,1202700,0.05111111534966373,-0.08510639279059118,-0.2271241654375643,4.752000045776367,5.281500029563904,0.032324531846437986
2023-07-21,4.75,4.769999980926514,4.710000038146973,4.730000019073486,537400,0.0,-0.06889762005689759,-0.23338736457283893,4.682000064849854,5.209500026702881,0.03210310163028641
2023-07-24,4.659999847412109,4.670000076293945,4.489999771118164,4.559999942779541,564100,-0.03594081936753246,-0.057851281194410076,-0.2597402506924976,4.626000022888183,5.129500031471252,0.03239519128908715
2023-07-25,4.599999904632568,4.829999923706055,4.599999904632568,4.789999961853027,875300,0.05043860130693112,0.03904551477776241,-0.19087839524967098,4.661999988555908,5.073000025749207,0.03490211333104055
2023-07-26,4.949999809265137,5.0,4.869999885559082,4.869999885559082,834400,0.01670144558312403,0.08222219679090714,-0.13957596875452827,4.735999965667725,5.033500027656555,0.03442623268159198
2023-07-27,4.880000114440918,4.949999809265137,4.730000019073486,4.800000190734863,338800,-0.014373654305780859,0.014799190566406883,-0.13824056682153463,4.75,4.99500002861023,0.03440695723229684
2023-07-28,4.71999979019165,4.800000190734863,4.699999809265137,4.760000228881836,296700,-0.0083333250549108,0.006342539045956608,-0.1515151309096463,4.75600004196167,4.952500033378601,0.03424857114432924
2023-07-31,4.909999847412109,4.949999809265137,4.889999866485596,4.949999809265137,325200,0.03991587631245408,0.08552628758321257,-0.10810817312607723,4.834000015258789,4.922500014305115,0.03584226639362868
2023-08-01,4.949999809265137,5.039999961853027,4.929999828338623,4.949999809265137,289700,0.0,0.03340289116624806,-0.042553242511074285,4.865999984741211,4.911500000953675,0.032592876257738164
2023-08-02,4.909999847412109,4.909999847412109,4.769999980926514,4.820000171661377,384300,-0.02626255406322109,-0.010266881945103945,-0.04554455651218847,4.85600004196167,4.9,0.03270598503758033
2023-08-03,4.849999904632568,4.900000095367432,4.849999904632568,4.889999866485596,91200,0.014522757745066839,0.018749931703013978,-0.059615375798129144,4.873999977111817,4.884500002861023,0.032106557836641264
2023-08-04,4.889999866485596,4.90500020980835,4.843999862670898,4.889999866485596,228400,0.0,0.02731084692285779,-0.023952167048707396,4.899999904632568,4.878499984741211,0.03109621620680758
2023-08-07,4.920000076293945,5.25,4.915999889373779,5.210000038146973,491500,0.0654397096929491,0.05252530078792761,0.03373017412314461,4.951999950408935,4.886999988555909,0.03443669339775819
2023-08-08,5.130000114440918,5.130000114440918,4.989999771118164,5.070000171661377,289800,-0.026871375328317515,0.024242498387905043,-0.028735560260389592,4.976000022888184,4.879500007629394,0.034074508543178776
2023-08-09,5.110000133514404,5.110000133514404,5.03000020980835,5.059999942779541,112700,-0.001972431665334451,0.04979248186114482,-0.05772810975530707,5.023999977111816,4.864000010490417,0.033352583767354456
2023-08-10,5.130000114440918,5.239999771118164,5.130000114440918,5.21999979019165,245700,0.03162052356155143,0.06748464881722449,0.00967112440229334,5.089999961853027,4.866499996185302,0.033124883457864567
2023-08-11,5.28000020980835,5.369999885559082,5.230999946594238,5.329999923706055,195400,0.02107282335932159,0.08997956426053721,0.04921259916429599,5.177999973297119,4.878999996185303,0.03311706987422092
2023-08-14,5.300000190734863,5.380000114440918,5.300000190734863,5.340000152587891,173400,0.0018762155769191935,0.024952037138017857,0.10330578186710504,5.203999996185303,4.903999996185303,0.030951467461858086
2023-08-15,5.53000020980835,5.609000205993652,5.53000020980835,5.590000152587891,545700,0.04681647806299116,0.102564095329432,0.2125813428830401,5.307999992370606,4.952999997138977,0.029625512415239665
2023-08-16,5.889999866485596,5.889999866485596,5.610000133514404,5.659999847412109,808000,0.0125223064245914,0.11857705759241144,0.2577777438693576,5.427999973297119,5.010999989509583,0.02852739071359777
2023-08-17,5.599999904632568,5.599999904632568,5.429999828338623,5.449999809265137,388800,-0.03710248123822646,0.04406130810688058,0.15221982817934188,5.473999977111816,5.046999979019165,0.028964207155378983
2023-08-18,5.329999923706055,5.349999904632568,5.25,5.329999923706055,328200,-0.022018328396099962,0.0,0.12684987361799127,5.473999977111816,5.076999974250794,0.029674174789828
2023-08-21,5.170000076293945,5.170000076293945,5.019999980926514,5.090000152587891,408900,-0.045028100291470086,-0.04681647806299105,0.11622811764451235,5.423999977111817,5.103499984741211,0.030416926523909687
2023-08-22,4.989999771118164,4.989999771118164,4.920000076293945,4.940000057220459,189900,-0.0294695659863915,-0.11627908365378381,0.03131526024259168,5.29399995803833,5.110999989509582,0.029499651591920348
2023-08-23,4.860000133514404,4.889999866485596,4.760000228881836,4.829999923706055,359000,-0.02226723324701685,-0.14664310001449044,-0.008213544721353827,5.127999973297119,5.1089999914169315,0.029760022859416136
2023-08-24,5.0,5.059999942779541,4.980000019073486,5.059999942779541,222400,0.04761905232019292,-0.07155961103385478,0.05416661285692004,5.05,5.121999979019165,0.03136860176910952
2023-08-25,5.019999980926514,5.019999980926514,4.900000095367432,4.940000057220459,171300,-0.023715392671163626,-0.07317070770508027,0.03781508816878909,4.972000026702881,5.130999970436096,0.03184868163480387
2023-08-28,4.940000057220459,5.050000190734863,4.940000057220459,4.96999979019165,93000,0.006072820369170451,-0.023575708997813805,0.004040400342860462,4.947999954223633,5.131999969482422,0.030622323737081274
2023-08-29,5.199999809265137,5.230000019073486,5.050000190734863,5.050000190734863,181400,0.016096660748576852,0.02226723324701685,0.02020209804504458,4.969999980926514,5.136999988555909,0.030815462843296497
2023-08-30,4.96999979019165,4.96999979019165,4.869999885559082,4.880000114440918,231600,-0.033663380172903934,0.010352006526844537,0.012448120465286205,4.980000019073486,5.139999985694885,0.031207667621153783
2023-08-31,4.880000114440918,4.929999828338623,4.880000114440918,4.889999866485596,150200,0.0020491294692979167,-0.033596853402445226,0.0,4.946000003814698,5.139999985694885,0.031049063641581102
2023-09-01,4.849999904632568,4.889999866485596,4.849999904632568,4.860000133514404,171000,-0.006134914885540077,-0.016194316352106997,-0.006134914885540077,4.9300000190734865,5.138499999046326,0.031084068482765934
2023-09-05,4.869999885559082,4.940000057220459,4.860000133514404,4.900000095367432,149700,0.008230444599618192,-0.014084446233250114,-0.05950094827442609,4.916000080108643,5.123000001907348,0.027141675552802485
2023-09-06,5.0,5.0879998207092285,4.974999904632568,5.070000171661377,143900,0.03469389244597498,0.003960392113094846,0.0,4.920000076293945,5.123000001907348,0.027742155298404333
2023-09-07,5.21999979019165,5.329999923706055,5.150000095367432,5.239999771118164,243400,0.0335304918542203,0.07377041972026466,0.035573089006745384,4.992000007629395,5.13199999332428,0.02870391966247367
2023-09-08,5.380000114440918,5.380000114440918,5.28000020980835,5.300000190734863,159300,0.011450462259065208,0.08384464937499714,0.015325747846490989,5.074000072479248,5.13600001335144,0.027958267634665895
2023-09-11,5.190000057220459,5.190000057220459,5.070000171661377,5.099999904632568,298800,-0.03773590168014018,0.04938266759770915,-0.04315197417743355,5.122000026702881,5.124500012397766,0.02882956560058087
2023-09-12,5.260000228881836,5.295000076293945,5.21999979019165,5.269999980926514,199700,0.033333348916247285,0.07551017925670811,-0.013108646003961888,5.196000003814698,5.121000003814697,0.02988015637915859
2023-09-13,5.360000133514404,5.380000114440918,5.28000020980835,5.300000190734863,287000,0.005692639452927528,0.045364893744790136,-0.05187834596368868,5.242000007629395,5.1065000057220455,0.02781546792352616
2023-09-14,5.380000114440918,5.460000038146973,5.36299991607666,5.460000038146973,204600,0.030188649368694698,0.041984785618008225,-0.03533565629981095,5.286000061035156,5.096500015258789,0.028580666946993093
2023-09-15,5.510000228881836,5.53000020980835,5.449999809265137,5.480000019073486,111100,0.003663000144099149,0.033962230539781535,0.005504625845554889,5.322000026702881,5.098000025749206,0.027327291111174247
2023-09-18,5.639999866485596,5.695000171661377,5.629000186920166,5.670000076293945,308800,0.03467154316772847,0.11176474163139094,0.06378989820913206,5.436000061035156,5.115000033378601,0.02779066301056235
2023-09-19,5.75,5.820000171661377,5.690000057220459,5.699999809265137,746900,0.005290958124783751,0.08159389561573116,0.11984275803353484,5.522000026702881,5.145500016212464,0.025339135020626808
2023-09-20,5.570000171661377,5.570000171661377,5.420000076293945,5.460000038146973,225500,-0.0421052244121225,0.030188649368694698,0.10526315281443477,5.553999996185302,5.171500015258789,0.026404638178355515
2023-09-21,5.409999847412109,5.409999847412109,5.340000152587891,5.369999885559082,242000,-0.016483544314852216,-0.016483544314852216,0.11180123610409631,5.535999965667725,5.19850001335144,0.02611637466901536
2023-09-22,5.539999961853027,5.599999904632568,5.519999980926514,5.53000020980835,174700,0.02979521930336304,0.009124122365115728,0.09288542931694765,5.546000003814697,5.222000026702881,0.024883397892326367
2023-09-25,5.610000133514404,5.650000095367432,5.554999828338623,5.590000152587891,195400,0.010849898825161297,-0.014109333797107215,0.1315789651494783,5.530000019073486,5.254500031471252,0.02398678577431309
2023-09-26,5.599999904632568,5.650000095367432,5.519999980926514,5.539999961853027,152200,-0.008944577704835255,-0.02807014960808163,0.11468816815370464,5.498000049591065,5.283000040054321,0.024233791898831854
2023-09-27,5.5,5.650000095367432,5.46999979019165,5.53000020980835,733200,-0.0018050094067749711,0.012820544170753179,0.09504950513747157,5.51200008392334,5.307000041007996,0.02416098101674312
2023-09-28,5.329999923706055,5.369999885559082,5.230000019073486,5.369999885559082,295000,-0.02893314976109429,0.0,0.1004097868088476,5.51200008392334,5.3315000295639035,0.023784574646594347
2023-09-29,5.489999771118164,5.489999771118164,5.420000076293945,5.489999771118164,184600,0.02234634788015244,-0.007233352110771807,0.1226993703506547,5.503999996185303,5.361500024795532,0.024080315015933017
2023-10-02,5.619999885559082,5.639999866485596,5.570000171661377,5.630000114440918,580600,0.025500974345986194,0.0071556280431421815,0.1584362057146087,5.511999988555909,5.400000023841858,0.0242740013005602
2023-10-03,5.690000057220459,5.710000038146973,5.550000190734863,5.590000152587891,353800,-0.007104788817042462,0.009025305248944182,0.1408163354675851,5.522000026702881,5.434500026702881,0.024496269826212287
2023-10-04,5.539999961853027,5.650000095367432,5.489999771118164,5.550000190734863,238200,-0.0071556280431422925,0.0036166329417204324,0.09467455676953085,5.526000022888184,5.458500027656555,0.02377341518237956
2023-10-05,5.690000057220459,5.75,5.670000076293945,5.75,299200,0.03603600043095767,0.07076352375030925,0.0973282922058234,5.602000045776367,5.484000039100647,0.023938794047762977
2023-10-06,5.849999904632568,5.980000019073486,5.809999942779541,5.909999847412109,553900,0.02782606041949731,0.07650274932678225,0.11509427070278422,5.686000061035156,5.514500021934509,0.02444826586895396
2023-10-09,6.050000190734863,6.079999923706055,5.920000076293945,5.96999979019165,238000,0.010152274844104081,0.06039070494486043,0.1705882160446357,5.753999996185303,5.558000016212463,0.02220796365696582
2023-10-10,5.739999771118164,5.78000020980835,5.579999923706055,5.670000076293945,237200,-0.05025121012409184,0.014311256086284585,0.0759013466442382,5.769999980926514,5.578000020980835,0.024917035312993437
2023-10-11,5.659999847412109,5.78000020980835,5.639999866485596,5.78000020980835,254900,0.019400376020153987,0.04144144345390233,0.09056603807535568,5.815999984741211,5.60200002193451,0.02515455455183531
2023-10-12,5.659999847412109,5.684999942779541,5.570000171661377,5.599999904632568,272000,-0.031141920180267513,-0.026086973107379396,0.025641001008694042,5.785999965667725,5.609000015258789,0.025611128825641954
2023-10-13,5.599999904632568,5.875,5.599999904632568,5.869999885559082,498100,0.048214283129390356,-0.006768183229402758,0.07116785860003216,5.777999973297119,5.628500008583069,0.02765750230862397
2023-10-16,5.869999885559082,5.869999885559082,5.769999980926514,5.809999942779541,140700,-0.010221455527988699,-0.026800645399515655,0.024691334144937738,5.746000003814697,5.6355000019073485,0.02683017203070392
2023-10-17,5.96999979019165,6.090000152587891,5.96999979019165,6.090000152587891,347300,0.04819280767056178,0.07407408653307601,0.06842111515316596,5.830000019073486,5.655000019073486,0.028787508348847458
2023-10-18,5.949999809265137,5.949999809265137,5.809999942779541,5.829999923706055,165900,-0.04269297575819453,0.008650469218471457,0.06776554633224019,5.839999961853027,5.673500013351441,0.028836995887100078
2023-10-19,5.690000057220459,5.730000019073486,5.599999904632568,5.670000076293945,288300,-0.027444228045615415,0.012500030866691603,0.05586595849687437,5.853999996185303,5.688500022888183,0.029340106004740425
2023-10-20,5.75,5.78000020980835,5.710000038146973,5.760000228881836,198500,0.01587304257087707,-0.01873929451819223,0.04159132194345028,5.832000064849853,5.7000000238418576,0.028834994564666223
2023-10-23,5.599999904632568,5.650000095367432,5.46999979019165,5.539999961853027,766600,-0.03819448928589997,-0.04647159786327704,-0.008944577704835255,5.778000068664551,5.697500014305115,0.030137705431873284
2023-10-24,5.449999809265137,5.449999809265137,5.320000171661377,5.409999847412109,425700,-0.023465724789903275,-0.11165850379935072,-0.023465724789903275,5.642000007629394,5.691000008583069,0.03053637330697912
2023-10-25,5.300000190734863,5.369999885559082,5.25,5.289999961853027,327200,-0.022181125497902632,-0.09262435144420322,-0.04339968152797591,5.534000015258789,5.678999996185302,0.03091126580050055
2023-10-26,5.099999904632568,5.239999771118164,5.074999809265137,5.179999828338623,393700,-0.020793976239627865,-0.08641979565467639,-0.03538176187515463,5.435999965667724,5.66949999332428,0.030586595647870765
2023-10-27,5.070000171661377,5.119999885559082,5.039999961853027,5.059999942779541,128500,-0.02316600184088602,-0.12152782261923334,-0.07832419786258815,5.295999908447266,5.648000001907349,0.030423008668524362
2023-10-30,4.980000019073486,4.980000019073486,4.860000133514404,4.940000057220459,245100,-0.023715392671163626,-0.10830323262888242,-0.12255773413762694,5.175999927520752,5.613499999046326,0.029929073463732164
2023-10-31,5.0,5.090000152587891,4.960000038146973,5.010000228881836,143000,0.01417007507096324,-0.07393708499300877,-0.10375669192737746,5.096000003814697,5.584500002861023,0.030267336633278845
2023-11-01,4.860000133514404,4.860000133514404,4.789999961853027,4.800000190734863,175000,-0.041916173363896636,-0.09262755664491962,-0.13513513049099446,4.998000049591065,5.547000002861023,0.03137374042900099
2023-11-02,5.0,5.090000152587891,4.940000057220459,5.010000228881836,237500,0.04375000620881697,-0.032818456581167665,-0.12869561236837634,4.964000129699707,5.510000014305115,0.03196939353700592
2023-11-03,5.170000076293945,5.230000019073486,5.130000114440918,5.150000095367432,132800,0.027944083850240053,0.017786591621669512,-0.12859556204176026,4.982000160217285,5.472000026702881,0.03197605014402213
2023-11-06,5.260000228881836,5.28000020980835,5.190000057220459,5.269999980926514,100400,0.023300948220763118,0.06680160321531092,-0.11725290349510464,5.048000144958496,5.437000036239624,0.03246515414582735
2023-11-07,5.199999809265137,5.230000019073486,5.159999847412109,5.199999809265137,75800,-0.013282765069207891,0.037924066208217644,-0.08289246220539959,5.086000061035156,5.413500022888184,0.030806139651141175
2023-11-08,5.28000020980835,5.400000095367432,5.275000095367432,5.400000095367432,273600,0.03846159489197354,0.12499997516473238,-0.06574396204970345,5.20600004196167,5.394500017166138,0.03184136465370704
2023-11-09,5.579999923706055,5.800000190734863,5.579999923706055,5.800000190734863,442500,0.07407409042651403,0.15768461592053562,0.035714337412192876,5.364000034332276,5.404500031471253,0.035422797370363565
2023-11-10,5.800000190734863,5.800000190734863,5.668000221252441,5.699999809265137,62200,-0.017241444513996895,0.10679605897336675,-0.02896083127908844,5.473999977111816,5.396000027656555,0.03395521455548378
2023-11-13,5.809999942779541,5.980000019073486,5.809999942779541,5.949999809265137,413200,0.04385965059044983,0.12903222595820063,0.024096362799380433,5.609999942779541,5.403000020980835,0.03530278311233238
2023-11-14,5.96999979019165,5.96999979019165,5.909999847412109,5.929999828338623,122300,-0.0033613414399392694,0.14038462420187092,-0.026272630581343548,5.755999946594239,5.395000004768372,0.033575120817081326
2023-11-15,6.119999885559082,6.210000038146973,6.070000171661377,6.150000095367432,301900,0.03709954020191675,0.13888888643602293,0.05488853788148207,5.905999946594238,5.41100001335144,0.03307222891538828
2023-11-16,6.429999828338623,6.4679999351501465,6.349999904632568,6.440000057220459,449300,0.047154464610736024,0.11034480093775789,0.13580246394455164,6.033999919891357,5.449500012397766,0.03363743622325684
2023-11-17,6.449999809265137,6.460000038146973,6.389999866485596,6.420000076293945,87000,-0.003105587072796623,0.12631584054765677,0.11458330228924885,6.177999973297119,5.482500004768371,0.033639225605412375
2023-11-20,6.409999847412109,6.460000038146973,6.400000095367432,6.420000076293945,129000,0.0,0.078991644049625,0.1588447870939289,6.272000026702881,5.526500010490418,0.0320465014645416
2023-11-21,6.5,6.639999866485596,6.449999809265137,6.550000190734863,252900,0.020249238768851097,0.10455318386913715,0.2107209566499484,6.396000099182129,5.583500027656555,0.03127765848407173
2023-11-22,6.599999904632568,6.679999828338623,6.539999961853027,6.619999885559082,111800,0.010686975997838077,0.076422728927384,0.25141775676689626,6.490000057220459,5.650000023841858,0.030343737324846944
2023-11-24,7.260000228881836,7.599999904632568,7.019999980926514,7.519999980926514,870300,0.13595167838759314,0.1677018500170928,0.4517374961648206,6.70600004196167,5.767000031471253,0.04016127583853768
2023-11-27,7.710000038146973,7.849999904632568,7.650000095367432,7.769999980926514,442000,0.033244680935384574,0.2102803564781075,0.5355731361250422,6.976000022888184,5.902500033378601,0.038966854899401
2023-11-28,7.829999923706055,7.849999904632568,7.659999847412109,7.800000190734863,325100,0.003861030872843285,0.21495328629926536,0.5789473887422609,7.252000045776367,6.045500040054321,0.037718349635469176
2023-11-29,8.300000190734863,8.75,8.255000114440918,8.710000038146973,570400,0.11666664425124518,0.32977095946767787,0.7385228822815695,7.684000015258789,6.230500030517578,0.04294934094900922
2023-11-30,9.479999542236328,9.479999542236328,8.899999618530273,9.329999923706055,840400,0.07118253534370655,0.4093655717515323,0.9437499068677462,8.226000022888183,6.457000017166138,0.04051536721478182
2023-12-01,9.619999885559082,10.149999618530273,9.619999885559082,10.039999961853027,928000,0.07609861135614526,0.3351063812923085,1.0039919168015325,8.730000019073486,6.708500003814697,0.041535881949027215
2023-12-04,9.619999885559082,9.720000267028809,8.970000267028809,9.34000015258789,1482400,-0.06972109680525751,0.20205922464805037,0.8135922290544191,9.044000053405762,6.918000006675721,0.04781668426160311
2023-12-05,7.559999942779541,8.489999771118164,7.269999980926514,8.300000190734863,813100,-0.11134903049919842,0.0641025625350522,0.5749526035625616,9.144000053405762,7.0695000171661375,0.057495744516039504
2023-12-06,7.909999847412109,8.350000381469727,7.820000171661377,8.229999542236328,394800,-0.008433812878302804,-0.055109126728863145,0.5826922777136392,9.047999954223632,7.221000003814697,0.05733792648166072
2023-12-07,7.900000095367432,8.5,7.820000171661377,8.34000015258789,305500,0.013365810020649516,-0.10610930109471184,0.5444444454255908,8.85,7.36800000667572,0.05729708827013969
2023-12-08,8.65999984741211,8.699999809265137,8.581000328063965,8.699999809265137,202600,0.04316542567035064,-0.133466151163269,0.4999999177866996,8.581999969482421,7.5129999876022335,0.05626921511569756
2023-12-11,8.800000190734863,8.800000190734863,8.510000228881836,8.600000381469727,180000,-0.011494187354914032,-0.07922909625575625,0.5087720472359925,8.434000015258789,7.658000016212464,0.056072765079301264
2023-12-12,8.770000457763672,9.489999771118164,8.699999809265137,9.4399995803833,547900,0.09767432112253238,0.137349320897727,0.5865546021839623,8.661999893188476,7.832500004768372,0.05840662479037028
2023-12-13,8.850000381469727,8.989999771118164,8.807999610900879,8.869999885559082,139300,-0.06038132628826609,0.07776432307660208,0.4957841723992331,8.789999961853027,7.979500007629395,0.061186649875790526
2023-12-14,9.170000076293945,9.25,9.109999656677246,9.239999771118164,230100,0.041713629124332297,0.1079136213505949,0.5024389638755153,8.969999885559082,8.133999991416932,0.06125485969316927
2023-12-15,9.470000267028809,9.989999771118164,9.470000267028809,9.920000076293945,351300,0.07359310844371292,0.1402299188247751,0.540372668967875,9.213999938964843,8.307999992370606,0.06209834563864712
2023-12-18,10.390000343322754,10.729999542236328,10.319999694824219,10.600000381469727,456000,0.06854841733326134,0.2325581292193155,0.6510903824768735,9.613999938964843,8.517000007629395,0.06253899934893671
2023-12-19,10.300000190734863,10.300000190734863,9.510000228881836,9.779999732971191,319300,-0.07735854896118777,0.036016966917501225,0.5233644262846899,9.681999969482423,8.684999990463258,0.06657392093211188
2023-12-20,9.890000343322754,10.119000434875488,9.809000015258789,10.039999961853027,173900,0.02658489120457741,0.13190530906305642,0.532824377021371,9.91599998474121,8.859499979019166,0.06657339735244418
2023-12-21,10.15999984741211,10.15999984741211,9.90999984741211,9.970000267028809,263200,-0.006972081184281165,0.07900438463131088,0.5060423624443624,10.06200008392334,9.026999998092652,0.06687122988111087
2023-12-22,10.149999618530273,10.609999656677246,10.09000015258789,10.4399995803833,317500,0.0471413541390564,0.05241930444456444,0.38829782006156655,10.16599998474121,9.17299997806549,0.06171145726634923
2023-12-26,10.420000076293945,10.470000267028809,10.350000381469727,10.399999618530273,193000,-0.003831414124593202,-0.018867995824705996,0.33848129267178617,10.12599983215332,9.304499959945678,0.061797500526305095
2023-12-27,10.630000114440918,10.930000305175781,10.630000114440918,10.869999885559082,267300,0.04519233502579967,0.11145196138535529,0.39358969484012074,10.343999862670898,9.45799994468689,0.062043091442281983
2023-12-28,11.100000381469727,11.6899995803833,11.09000015258789,11.649999618530273,343500,0.0717571059046127,0.1603585321508405,0.3375430043062062,10.665999794006348,9.604999923706055,0.05904617607416644
2023-12-29,11.729999542236328,11.779999732971191,11.550000190734863,11.5600004196167,169000,-0.007725253378585761,0.15947844633927288,0.23901398865444423,10.983999824523925,9.716499948501587,0.0578109995940237
2024-01-02,11.399999618530273,11.399999618530273,10.354999542236328,10.619999885559082,485700,-0.08131492213983715,0.01724140923472839,0.05776891692328334,11.019999885559082,9.74549994468689,0.05937363765453871
2024-01-03,10.600000381469727,10.600000381469727,9.930000305175781,10.140000343322754,366400,-0.045197697496120015,-0.024999931225407335,0.08565312394702707,10.968000030517578,9.785499954223633,0.05799727250905928
2024-01-04,10.479999542236328,11.0,10.414999961853027,10.899999618530273,209500,0.07495061631905986,0.0027598650678042347,0.3132529359092957,10.973999977111816,9.915499925613403,0.0529434403921438
2024-01-05,10.800000190734863,10.829999923706055,10.520000457763672,10.609999656677246,124400,-0.026605502018552385,-0.089270385914762,0.28918593521503455,10.76599998474121,10.03449993133545,0.053520429057079724
2024-01-08,9.75,9.878000259399414,9.581999778747559,9.609999656677246,250800,-0.09425070993010498,-0.16868518098238183,0.1522781152102588,10.37599983215332,10.097999906539917,0.05875606867148364
2024-01-09,9.109999656677246,9.175999641418457,9.0,9.0,436400,-0.06347551284805764,-0.15254236374916852,0.034482781300221976,10.051999855041505,10.11299991607666,0.06028823168011932
2024-01-10,9.260000228881836,9.609999656677246,9.260000228881836,9.550000190734863,221800,0.06111113230387377,-0.05818541741730898,0.1104650892007033,9.933999824523926,10.160499906539917,0.06151590498735202
2024-01-11,9.430000305175781,9.5,9.3100004196167,9.4399995803833,199600,-0.011518388288440207,-0.13394496231586428,0.0,9.641999816894531,10.160499906539917,0.057782473566388236
2024-01-12,9.569999694824219,9.600000381469727,9.430000305175781,9.5,85800,0.006355976936840424,-0.10461825566400318,0.07102594391986394,9.419999885559083,10.191999912261963,0.05591157051103925
2024-01-16,9.579999923706055,9.899999618530273,9.539999961853027,9.770000457763672,224900,0.028421100817228595,0.016649407575707098,0.057359383092427274,9.452000045776368,10.218499946594239,0.05552906469093886
2024-01-17,10.0,10.32699966430664,9.949999809265137,10.0600004196167,279900,0.02968269685418301,0.11777782440185547,0.014112937726413533,9.664000129699707,10.225499963760376,0.053473946164658843
2024-01-18,10.880000114440918,11.300000190734863,10.760000228881836,11.1899995803833,336700,0.11232595562949843,0.17172768135015515,0.055660299781212785,9.992000007629395,10.254999923706055,0.057110488063357674
2024-01-19,11.109999656677246,11.23799991607666,11.010000228881836,11.050000190734863,163800,-0.012511116612896389,0.17055091969465863,0.12985690106740333,10.314000129699707,10.318499946594239,0.053988058218313595
2024-01-22,10.8100004196167,10.8100004196167,10.430000305175781,10.430000305175781,209200,-0.05610858595992929,0.09789476896587179,0.0388446558570279,10.500000190734863,10.337999963760376,0.0555926934626127
2024-01-23,10.449999809265137,10.779999732971191,10.449999809265137,10.720000267028809,200100,0.027804405883777195,0.0972364139973223,0.07522567501630673,10.69000015258789,10.375499963760376,0.05579564258492928
2024-01-24,11.140000343322754,11.869999885559082,11.140000343322754,11.75,413200,0.09608206224948823,0.1679919989951344,0.12547897243963324,11.02800006866455,10.440999984741211,0.05873196257275804
2024-01-25,11.289999961853027,11.413999557495117,11.100000381469727,11.100000381469727,211900,-0.05531911647066157,-0.008042824154466222,0.06730776813608941,11.010000228881836,10.476000022888183,0.06036320248033647
2024-01-26,11.0600004196167,11.210000038146973,11.050000190734863,11.0600004196167,101400,-0.0036036000430957893,0.0009049980732327434,0.017479350143327466,11.012000274658202,10.485500049591064,0.05963418231113755
2024-01-29,10.680000305175781,10.949999809265137,10.630000114440918,10.75,364300,-0.02802896996883142,0.03068069851018329,-0.07725318866953013,11.076000213623047,10.440500068664551,0.057680916577138606
2024-01-30,10.850000381469727,11.0600004196167,10.8100004196167,10.979999542236328,193900,0.021395306254542223,0.02425366312790045,-0.05017308445734492,11.128000068664551,10.411500024795533,0.057907743065348974
2024-01-31,11.100000381469727,11.300000190734863,11.0,11.239999771118164,134900,0.023679438954592236,-0.0434042747984541,0.05838040416574275,11.026000022888184,10.442500019073487,0.054924913270088485
2024-02-01,11.0600004196167,11.25,11.0,11.109999656677246,137800,-0.011565846716025785,0.0009008355733224338,0.09566067855147975,11.027999877929688,10.490999984741212,0.05383505496009313
2024-02-02,11.119999885559082,11.279999732971191,11.119999885559082,11.170000076293945,65500,0.005400577990174682,0.009945719032898426,0.02477068506540725,11.049999809265136,10.504500007629394,0.05133079693794999
2024-02-05,11.789999961853027,11.970000267028809,11.770000457763672,11.8100004196167,223000,0.057296359798691965,0.09860469019690221,0.11310092382371106,11.261999893188477,10.564500045776366,0.05225031459819861
2024-02-06,12.5,12.65999984741211,12.460000038146973,12.640000343322754,251500,0.07027941525957981,0.15118405011775882,0.3152966487923019,11.594000053405761,10.716000080108643,0.048331750563237075
2024-02-07,12.1899995803833,12.199999809265137,11.649999618530273,11.800000190734863,275300,-0.06645570646931442,0.049822102403921154,0.31111113230387377,11.706000137329102,10.856000089645386,0.04858996084103608
2024-02-08,12.270000457763672,12.640000343322754,12.199999809265137,12.550000190734863,414900,0.06355932100652728,0.1296130133714415,0.3141361193804493,11.994000244140626,11.006000089645386,0.04871585980490705
2024-02-09,12.680000305175781,12.770000457763672,12.260000228881836,12.350000381469727,139100,-0.015936239539883656,0.10564013403008765,0.3082628104278229,12.230000305175782,11.151500129699707,0.04885158262791304
2024-02-12,12.449999809265137,12.5,12.229999542236328,12.5,84600,0.012145717724457494,0.05842502589899956,0.3157894736842106,12.36800022125244,11.301500129699708,0.04881706598174641
2024-02-13,12.770000457763672,12.770000457763672,12.204999923706055,12.260000228881836,90200,-0.01919998168945314,-0.03006329937654295,0.25486178653548586,12.292000198364258,11.426000118255615,0.04928339079947533
2024-02-14,12.5,12.960000038146973,12.454000473022461,12.75,129600,0.03996735415745212,0.08050845711096333,0.26739557337769915,12.482000160217286,11.56050009727478,0.049524673801311474
2024-02-15,12.739999771118164,12.899999618530273,12.739999771118164,12.789999961853027,80500,0.0031372519100414387,0.01912348744786052,0.14298484731622496,12.530000114440918,11.640500116348267,0.04367937549986515
2024-02-16,12.949999809265137,12.949999809265137,12.800000190734863,12.819999694824219,48300,0.00234556161537669,0.03805662338761473,0.16018094783142667,12.623999977111817,11.729000091552734,0.043445039866547304
2024-02-20,12.760000228881836,12.760000228881836,12.5,12.5,85400,-0.024960975229462057,0.0,0.19846592850021327,12.623999977111817,11.832500076293945,0.04152903332795109
2024-02-21,12.899999618530273,13.050000190734863,12.800000190734863,12.949999809265137,113400,0.03599998474121091,0.05628055199850768,0.20802234017615406,12.761999893188477,11.944000053405762,0.04175480832413939
2024-02-22,13.34000015258789,13.800000190734863,13.34000015258789,13.510000228881836,191600,0.04324327628298841,0.05960786108877136,0.1497872535218583,12.913999938964844,12.032000064849854,0.03749671436000603
2024-02-23,14.119999885559082,14.399999618530273,14.020000457763672,14.336999893188477,189500,0.061213889733226834,0.1209538652032427,0.2916215676102658,13.223399925231934,12.193850040435791,0.0362263597215248
2024-02-26,13.930000305175781,13.930000305175781,13.569999694824219,13.732999801635742,220300,-0.04212876445927127,0.07121685870087235,0.24168167094081183,13.405999946594239,12.327500009536744,0.038156265969920715
2024-02-27,14.1899995803833,14.5,14.1899995803833,14.449999809265137,136200,0.052210006406902654,0.15599998474121102,0.34418602876884985,13.795999908447266,12.5125,0.03799157357732833
2024-02-28,15.109999656677246,15.300000190734863,14.930000305175781,15.029999732971191,183100,0.040138403554453195,0.16061775709200465,0.3688524917652216,14.211999893188477,12.715000009536743,0.0383718078899709
2024-02-29,15.239999771118164,15.270000457763672,14.979999542236328,15.25,189600,0.01463740990934248,0.1287934671828037,0.3567615934642423,14.55999984741211,12.915500020980835,0.03833624631531548
2024-03-01,15.9399995803833,16.299999237060547,15.600000381469727,16.100000381469727,263700,0.05573772993244108,0.12296857790442295,0.44914499360883675,14.91259994506836,13.165000057220459,0.038734915067696156
2024-03-04,16.489999771118164,16.5,16.100000381469727,16.229999542236328,215900,0.008074481843877823,0.18182478531042912,0.4529990538389703,15.411999893188476,13.418000030517579,0.038688524548547557
2024-03-05,15.579999923706055,15.75,15.199999809265137,15.75,392400,-0.02957483399720351,0.08996541231103139,0.33361553263273946,15.67199993133545,13.615000009536743,0.03910378452683676
2024-03-06,15.0,15.680000305175781,14.850000381469727,15.569999694824219,273300,-0.011428590804811511,0.03592814181283277,0.2318037398669277,15.779999923706054,13.761499977111816,0.03727429176296016
2024-03-07,16.3799991607666,16.450000762939453,16.079999923706055,16.43000030517578,171400,0.05523446545971633,0.0773770691918545,0.3923728847120109,16.01599998474121,13.992999982833862,0.03370287828820596
2024-03-08,16.700000762939453,16.989999771118164,16.649999618530273,16.84000015258789,141000,0.024954342044835487,0.045962717613961424,0.34183266108793786,16.163999938964842,14.207499980926514,0.03197023777557324
2024-03-11,16.299999237060547,16.450000762939453,15.800999641418457,16.040000915527344,151600,-0.047505892506634395,-0.01170663167392827,0.29878545911579035,16.126000213623048,14.392000007629395,0.03428846131747449
2024-03-12,16.43000030517578,16.610000610351562,16.224000930786133,16.479999542236328,228800,0.027431334264018004,0.04634917728484633,0.3183999633789063,16.272000122070313,14.590999984741211,0.0344218077454813
2024-03-13,16.639999389648438,16.649999618530273,16.1200008392334,16.25,121700,-0.013956283290352367,0.04367375199126222,0.32544858863204684,16.408000183105468,14.79049997329712,0.03417085624108793
2024-03-14,16.139999389648438,16.270000457763672,15.899999618530273,16.059999465942383,163000,-0.011692340557391878,-0.022519831549658642,0.2596078012503831,16.334000015258788,14.955999946594238,0.03411587046900454
2024-03-15,16.100000381469727,16.100000381469727,15.5600004196167,15.6899995803833,204500,-0.023038598870673832,-0.06828981958339608,0.22673961119466024,16.103999900817872,15.100999927520752,0.034971415375278044
2024-03-18,16.549999237060547,16.799999237060547,16.1200008392334,16.190000534057617,262300,0.03186749311959525,0.00935159663146079,0.2628705865409622,16.133999824523926,15.269499969482421,0.035215893056796184
2024-03-19,15.729999542236328,15.819999694824219,15.050000190734863,15.489999771118164,732100,-0.04323661147922242,-0.06007280331415721,0.23919998168945322,15.935999870300293,15.41899995803833,0.036449743843560284
2024-03-20,14.859999656677246,14.859999656677246,14.420000076293945,14.680000305175781,599700,-0.05229176745713482,-0.09661536583533659,0.13359077385259166,15.621999931335449,15.505499982833863,0.0385980639177048
2024-03-21,15.390000343322754,15.470000267028809,15.079999923706055,15.270000457763672,513800,0.040190745253586346,-0.049190475370439524,0.13027388594111833,15.464000129699707,15.593499994277954,0.038452945260967306
2024-03-22,15.0,15.010000228881836,14.710000038146973,14.729999542236328,190400,-0.035363516656136906,-0.06118547251889217,0.027411568108790085,15.272000122070313,15.613149976730346,0.03731273367794279
2024-03-25,13.989999771118164,14.100000381469727,13.880999565124512,14.069999694824219,311400,-0.04480650834507138,-0.13094507531199406,0.024539423145432337,14.847999954223633,15.62999997138977,0.03748387306653727
2024-03-26,13.109999656677246,13.380000114440918,12.859999656677246,13.380000114440918,859000,-0.049040482967254384,-0.13621689398675396,-0.07404842276455603,14.426000022888184,15.57649998664856,0.03716449167154613
2024-03-27,12.949999809265137,13.489999771118164,12.920000076293945,13.350000381469727,384400,-0.0022421324898803663,-0.09059944796030639,-0.11177640594470961,14.160000038146972,15.492500019073486,0.03574550901717731
2024-03-28,13.760000228881836,13.880000114440918,13.614999771118164,13.859999656677246,476300,0.0382021918078308,-0.09233796717861553,-0.09114756349657405,13.877999877929687,15.423000001907349,0.03680988074969689
2024-04-01,13.9399995803833,14.045000076293945,13.760000228881836,13.890000343322754,241700,0.0021645517596426966,-0.05702642396593338,-0.13726707986234388,13.710000038146973,15.3125,0.03407188099187327
2024-04-02,12.899999618530273,12.970000267028809,12.640000343322754,12.699999809265137,241800,-0.08567318247977429,-0.09737028537840331,-0.2174984493243426,13.436000061035156,15.13600001335144,0.038124948720750645
2024-04-03,13.329999923706055,13.460000038146973,13.170000076293945,13.319999694824219,215900,0.04881888935988554,-0.004484336255867527,-0.15428573366195442,13.423999977111816,15.014499998092651,0.04014420633912458
2024-04-04,13.079999923706055,13.079999923706055,12.380000114440918,12.710000038146973,165400,-0.04579577107004551,-0.04794009925356235,-0.18368655830018854,13.295999908447266,14.871500015258789,0.04104350295857641
2024-04-05,12.6899995803833,12.90999984741211,12.5600004196167,12.850000381469727,114400,0.01101497583812483,-0.07287152238282624,-0.2178940874747447,13.094000053405761,14.692500019073487,0.038496769060427274
2024-04-08,12.84000015258789,12.84000015258789,12.319999694824219,12.510000228881836,169800,-0.02645915505793961,-0.09935205761922938,-0.2571258838759951,12.818000030517577,14.476000022888183,0.03764146691232407
2024-04-09,12.670000076293945,12.899999618530273,12.40999984741211,12.779999732971191,296500,0.02158269377693589,0.006299206685632441,-0.2032419573866947,12.83400001525879,14.312999963760376,0.03758169904317676
2024-04-10,13.300000190734863,13.609999656677246,13.300000190734863,13.5,337900,0.056338050240429594,0.013513536734218068,-0.1808252199642928,12.870000076293945,14.163999986648559,0.039622410784201235
2024-04-11,13.800000190734863,14.0,13.5,13.539999961853027,160200,0.0029629601372613834,0.06530290489496049,-0.16676923311673675,13.036000061035157,14.028499984741211,0.03969541191879419
2024-04-12,13.699999809265137,13.770000457763672,13.510000228881836,13.670000076293945,132200,0.009601190163011308,0.06381320392851464,-0.14881690343245568,13.2,13.909000015258789,0.039885442615752574
2024-04-15,13.489999771118164,13.6899995803833,13.199999809265137,13.5600004196167,125800,-0.008046792689343385,0.08393286742799,-0.13575520826843557,13.410000038146972,13.80250005722046,0.03971380857763552
2024-04-16,13.600000381469727,13.739999771118164,13.359999656677246,13.399999618530273,84200,-0.011799468741531816,0.048513294093390336,-0.17232864876429377,13.534000015258789,13.663000011444092,0.03867972295087553
2024-04-17,13.920000076293945,13.920000076293945,13.779999732971191,13.8100004196167,128500,0.030597075578976396,0.022962994045681473,-0.10845702881377073,13.59600009918213,13.57900004386902,0.03873276729693436
2024-04-18,13.699999809265137,13.699999809265137,13.399999618530273,13.430000305175781,135300,-0.027516299992369264,-0.008124051476156136,-0.08514986199007657,13.57400016784668,13.51650004386902,0.03751786375098898
2024-04-19,13.5,13.699000358581543,13.5,13.609999656677246,89200,0.013402780894360422,-0.004389204044025541,-0.10870993787314776,13.56200008392334,13.433500003814697,0.03632531212347536
2024-04-22,13.15999984741211,13.395000457763672,12.899999618530273,13.029999732971191,594900,-0.04261571920183693,-0.03908559515077725,-0.11541071704656958,13.455999946594238,13.34850001335144,0.036677768050419085
2024-04-23,13.039999961853027,13.399999618530273,13.039999961853027,13.399999618530273,180500,0.028396001008567318,0.0,-0.04761905407435163,13.455999946594238,13.315000009536742,0.036194555989097994
2024-04-24,13.100000381469727,13.260000228881836,12.869999885559082,13.15999984741211,423400,-0.0179104311903322,-0.04706738250936493,-0.01644247123670528,13.32599983215332,13.303999996185302,0.034694634527096126
2024-04-25,12.829999923706055,13.114999771118164,12.770000457763672,13.020000457763672,149800,-0.010638251616390981,-0.030528655107632363,-0.024719094702357225,13.243999862670899,13.2875,0.034770735492506415
2024-04-26,12.819999694824219,12.918999671936035,12.65999984741211,12.819999694824219,119300,-0.015361041160347644,-0.05804555340054274,-0.07503607414246893,13.085999870300293,13.235500001907349,0.03366440107503732
2024-04-29,12.5,12.649999618530273,12.430000305175781,12.600000381469727,147700,-0.01716063327546813,-0.0330007183663551,-0.09287256515246667,13.0,13.171000003814697,0.03377504382531524
2024-04-30,12.960000038146973,12.960000038146973,12.640000343322754,12.710000038146973,289000,0.008730131218013026,-0.05149250746463685,0.000787419608820894,12.86200008392334,13.17150001525879,0.027890182127111595
2024-05-01,12.550000190734863,12.770000457763672,12.510000228881836,12.6899995803833,77900,-0.001573600134039621,-0.03571430641932971,-0.047297306972590936,12.768000030517578,13.140000009536744,0.025456495899136414
2024-05-02,13.100000381469727,13.510000228881836,13.079999923706055,13.460000038146973,227000,0.06067773705477264,0.03379412940964488,0.05900865442557035,12.855999946594238,13.177500009536743,0.026930905436434355
2024-05-03,13.520000457763672,13.75,13.420000076293945,13.449999809265137,77900,-0.000742959053008474,0.04914197577518409,0.04669256108821873,12.981999969482422,13.207499980926514,0.026879870747516365
2024-05-06,13.529999732971191,13.75,13.510000228881836,13.569999694824219,67500,0.008921924703405582,0.07698407015773023,0.084732169987908,13.17599983215332,13.260499954223633,0.02601550159900561
2024-05-07,14.210000038146973,14.600000381469727,14.149999618530273,14.600000381469727,209500,0.0759027789100366,0.14870183616445543,0.14241006936824152,13.553999900817871,13.351499986648559,0.030374876271775243
2024-05-08,14.210000038146973,14.239999771118164,13.760000228881836,13.930000305175781,255300,-0.04589041498548918,0.09771479635896307,0.03185187445746518,13.802000045776367,13.373000001907348,0.03025573959502588
2024-05-09,13.720000267028809,13.8100004196167,13.538999557495117,13.65999984741211,157700,-0.0193826598599105,0.01485882679779471,0.008862620819583666,13.842000007629395,13.378999996185303,0.03062847785146969
2024-05-10,13.59000015258789,13.8100004196167,13.59000015258789,13.739999771118164,52400,0.005856509853564118,0.021561335759518574,0.005120679914670134,13.9,13.382499980926514,0.030583768979948276
2024-05-13,13.329999923706055,13.329999923706055,13.050000190734863,13.270000457763672,155500,-0.03420664637436477,-0.02210753454732728,-0.021386427203460623,13.84000015258789,13.367999982833862,0.03152219029661858
2024-05-14,12.859999656677246,13.0,12.699999809265137,12.949999809265137,389200,-0.02411459212206113,-0.11301373486940214,-0.03358207627430465,13.510000038146973,13.345499992370605,0.031870511264819136
2024-05-15,12.5600004196167,12.619999885559082,12.40999984741211,12.619999885559082,366800,-0.025482619966523457,-0.09404166481819531,-0.0861694784865652,13.247999954223634,13.285999965667724,0.031386119744632034
2024-05-16,12.6899995803833,12.84000015258789,12.619999885559082,12.75,189200,0.0103011185118691,-0.06661785194562131,-0.05063293296528937,13.065999984741211,13.251999950408935,0.03103424000522796
2024-05-17,12.960000038146973,12.960000038146973,12.649999618530273,12.729999542236328,525700,-0.0015686633540135109,-0.07350802370498455,-0.06465834949592952,12.863999938964843,13.20799994468689,0.030819305774762763
2024-05-20,12.729999542236328,12.850000381469727,12.640000343322754,12.829999923706055,90100,0.007855489793062498,-0.03315753721773185,-0.015349179843730631,12.775999832153321,13.197999954223633,0.029430597465521225
2024-05-21,12.800000190734863,12.800000190734863,12.3100004196167,12.380000114440918,506700,-0.03507403054879754,-0.04401542109803047,-0.0761193681437754,12.661999893188476,13.146999979019165,0.029587127540568324
2024-05-22,12.289999961853027,12.293000221252441,12.0,12.140000343322754,357600,-0.019386087956349107,-0.0380348293652194,-0.07750756199970144,12.565999984741211,13.096000003814698,0.02962665545791042
2024-05-23,12.270000457763672,12.390000343322754,12.100000381469727,12.100000381469727,111500,-0.0032948896805450323,-0.05098036223766855,-0.07066052564885739,12.436000061035156,13.05,0.029580525714000862
2024-05-24,12.390000343322754,12.390000343322754,12.210000038146973,12.260000228881836,71200,0.01322312746842047,-0.03692060724708601,-0.04368170665155868,12.342000198364257,13.02200002670288,0.02965499586912257
2024-05-28,12.039999961853027,12.180000305175781,11.989999771118164,12.0,63000,-0.021207196087103863,-0.06469212226357535,-0.04761907645273733,12.176000213623047,12.992000007629395,0.029778712633022383
2024-05-29,12.010000228881836,12.289999961853027,11.899999618530273,12.079999923706055,42200,0.006666660308837891,-0.024232648462169326,-0.04956727872148514,12.116000175476074,12.960500001907349,0.02974304977192912
2024-05-30,12.199999809265137,12.300000190734863,12.010000228881836,12.15999984741211,43200,0.006622510282393357,0.0016474055620891992,-0.04176514976332113,12.120000076293945,12.934000015258789,0.029807454782578315
2024-05-31,12.350000381469727,12.350000381469727,11.9399995803833,11.9399995803833,28800,-0.018092127449790163,-0.013223206284477151,-0.11292722536819022,12.08799991607666,12.857999992370605,0.02610318042014713
2024-06-03,12.260000228881836,12.260000228881836,12.020000457763672,12.119999885559082,108900,0.015075402973339314,-0.011419277382470505,-0.09888475409418773,12.05999984741211,12.791499996185303,0.026496517670638292
2024-06-04,12.010000228881836,12.260000228881836,11.989999771118164,12.25,34700,0.010726082150859684,0.02083333333333326,-0.09727337689828275,12.109999847412109,12.725500011444092,0.026548940614958112
2024-06-05,12.3100004196167,12.329999923706055,12.010000228881836,12.0600004196167,62000,-0.015510169827208209,-0.0016555880973233572,-0.1739725955813527,12.105999946594238,12.59850001335144,0.01861079791251431
2024-06-06,12.220000267028809,12.220000267028809,12.0600004196167,12.0600004196167,28300,0.0,-0.008223637257420813,-0.13424263062393982,12.086000061035156,12.505000019073487,0.016586713498219156
2024-06-07,11.800000190734863,11.949999809265137,11.800000190734863,11.84000015258789,37800,-0.018242144226708112,-0.00837516175123687,-0.13323570389124262,12.066000175476074,12.414000034332275,0.01654398596390915
2024-06-10,11.579999923706055,11.800000190734863,11.460000038146973,11.460000038146973,264000,-0.032094603846593794,-0.054455433468980075,-0.16593884795863023,11.934000205993652,12.300000047683715,0.01715772278318077
2024-06-11,11.350000381469727,11.600000381469727,11.289999961853027,11.420000076293945,120700,-0.0034903980558358416,-0.0677550958127392,-0.13941223192553664,11.768000221252441,12.20750002861023,0.01611540726480474
2024-06-12,11.90999984741211,12.0,11.84000015258789,11.9399995803833,75400,0.04553410688400872,-0.009950317998182356,-0.07799229681526532,11.744000053405761,12.157000017166137,0.01947759533902383
2024-06-13,12.100000381469727,12.300000190734863,11.934000015258789,12.119999885559082,41500,0.015075402973339314,0.004975079921621495,-0.03961965170634785,11.755999946594239,12.132000017166138,0.0192188077420959
2024-06-14,11.960000038146973,11.960000038146973,11.710000038146973,11.770000457763672,41500,-0.028877840849852898,-0.005912136310988081,-0.07686270919500615,11.742000007629395,12.083000040054321,0.019900360151474394
2024-06-17,11.819999694824219,11.979999542236328,11.770000457763672,11.960000038146973,45800,0.016142699489699153,0.043630017306775404,-0.06048700171077037,11.842000007629395,12.044500064849853,0.020393000967443762
2024-06-18,11.680000305175781,11.869999885559082,11.680000305175781,11.869999885559082,36900,-0.007525096346223337,0.03940453644998332,-0.07482463319217769,11.931999969482423,11.996500062942506,0.020254905657626734
2024-06-20,11.8100004196167,12.109999656677246,11.8100004196167,11.920000076293945,46900,0.004212316025014706,-0.001675000401357929,-0.03715670709973551,11.92800006866455,11.973500061035157,0.01891115056745144
2024-06-21,11.920000076293945,12.0,11.779999732971191,11.779999732971191,19500,-0.011744995170023698,-0.028052818135171687,-0.029654085681271813,11.860000038146973,11.955500030517578,0.018610302084464854
2024-06-24,11.529999732971191,11.585000038146973,11.430000305175781,11.4399995803833,76200,-0.02886249238497518,-0.028037456630912616,-0.0545455190313191,11.793999862670898,11.922499990463256,0.019603304581703115
2024-06-25,11.199999809265137,11.461999893188477,11.199999809265137,11.399999618530273,26200,-0.0034965002902287434,-0.04682277741058127,-0.07014686739773401,11.681999778747558,11.87949995994568,0.019245423196755578
2024-06-26,11.800000190734863,11.968000411987305,11.729999542236328,11.800000190734863,61900,0.03508777066574664,-0.005897194229073199,-0.016666650772094727,11.667999839782714,11.869499969482423,0.02058259754420564
2024-06-27,12.0,12.039999961853027,11.850000381469727,11.920000076293945,84000,0.010169481662661628,0.0,-0.013245020564786825,11.667999839782714,11.861499977111816,0.020662787460003752
2024-06-28,11.949999809265137,12.300000190734863,11.949999809265137,12.239999771118164,76400,0.026845611810072167,0.03904924011665911,0.006578941176802688,11.759999847412109,11.86549997329712,0.021505487587635957
2024-07-01,12.479999542236328,12.5,12.331999778747559,12.5,125600,0.02124184916206784,0.09265738273577662,0.04690120932137609,11.97199993133545,11.893499994277954,0.021509808082714226
2024-07-02,12.050000190734863,12.1899995803833,11.710000038146973,11.859999656677246,81500,-0.05120002746582031,0.040350881889439805,-0.02145216430171959,12.063999938964844,11.880499982833863,0.024385567035769176
2024-07-03,11.5,12.001999855041504,11.489999771118164,12.0,27700,0.011804413775335476,0.016949136104436047,-0.020408163265306145,12.103999900817872,11.867999982833862,0.024413569582285754
2024-07-05,11.5600004196167,11.5600004196167,11.300000190734863,11.329999923706055,37800,-0.05583333969116211,-0.04949665677949622,-0.06053071894783946,11.985999870300294,11.83149995803833,0.02720266897728033
2024-07-08,11.350000381469727,11.626999855041504,11.350000381469727,11.520000457763672,54900,0.01676968537837986,-0.05882347441324487,-0.04477611468194209,11.842000007629395,11.804499959945678,0.027548558927908008
2024-07-09,11.460000038146973,11.65999984741211,11.460000038146973,11.65999984741211,19100,0.012152724312965324,-0.0672000122070312,-0.01520272828175917,11.673999977111816,11.79549994468689,0.027439149211152133
2024-07-10,11.770000457763672,12.0,11.770000457763672,11.979999542236328,44300,0.027444228045615304,0.010118034488434624,0.045375174725866385,11.697999954223633,11.821499919891357,0.027047007863688268
2024-07-11,11.859999656677246,12.045000076293945,11.859999656677246,11.9399995803833,20400,-0.0033388951069659445,-0.005000034968058231,0.04553410688400872,11.685999870300293,11.847499895095826,0.027045241600023393
2024-07-12,12.029999732971191,12.289999961853027,12.020000457763672,12.079999923706055,19200,0.011725322298399954,0.06619594042809784,0.011725322298399954,11.835999870300293,11.854499912261963,0.025213708077731413
2024-07-15,11.800000190734863,11.869999885559082,11.65999984741211,11.720000267028809,60900,-0.029801296270770217,0.017361093864397548,-0.033003269167260596,11.87599983215332,11.834499931335449,0.025873060624094366
2024-07-16,11.710000038146973,11.710000038146973,11.460000038146973,11.600000381469727,23400,-0.010238897851962525,-0.00514575186342725,-0.014443506345134471,11.863999938964843,11.825999927520751,0.025155210097187134
2024-07-17,11.630000114440918,11.850000381469727,11.609999656677246,11.6899995803833,39900,0.007758551375337985,-0.024207009426887915,-0.02257528903867001,11.805999946594238,11.812499904632569,0.024933511797979386
2024-07-18,11.789999961853027,11.84000015258789,11.710000038146973,11.800000190734863,34100,0.009409804473915706,-0.011725242426176341,-0.005897194229073199,11.77800006866455,11.808999919891358,0.02498209752690875
2024-07-19,11.850000381469727,11.850000381469727,11.710000038146973,11.760000228881836,26300,-0.0033898272208872093,-0.02649004112957354,-0.013422805905036084,11.714000129699707,11.800999927520753,0.024972549661173984
2024-07-22,11.760000228881836,11.8149995803833,11.699999809265137,11.770000457763672,35200,0.0008503595822453303,0.004266227781199561,-0.0008488349265011186,11.724000167846679,11.800499963760377,0.024829126644095808
2024-07-23,11.590999603271484,11.765000343322754,11.489999771118164,11.489999771118164,28800,-0.02378935223072276,-0.00948281092535841,0.0043706462035715266,11.702000045776368,11.80299997329712,0.024540237087352694
2024-07-24,11.680000305175781,11.930000305175781,11.579999923706055,11.640000343322754,19100,0.013054880347486142,-0.004277094855028807,0.021052695861705883,11.692000198364259,11.815000009536742,0.024676766138541233
2024-07-25,11.460000038146973,11.475000381469727,11.300000190734863,11.359999656677246,23200,-0.024055041098527963,-0.03728818024961533,-0.03728818024961533,11.604000091552734,11.792999982833862,0.023952321402731822
2024-07-26,11.199999809265137,11.260000228881836,11.010000228881836,11.0600004196167,105500,-0.026408384342178404,-0.059523792146362386,-0.07214762174268619,11.464000129699707,11.75,0.02439700490921344
2024-07-29,11.140000343322754,11.510000228881836,11.109999656677246,11.229999542236328,39500,0.015370625331813548,-0.0458794302910287,-0.08251636011179186,11.355999946594238,11.699499988555909,0.02377401712862667
2024-07-30,10.899999618530273,10.989999771118164,10.779999732971191,10.829999923706055,58500,-0.0356188454884494,-0.05744124112788218,-0.13360000610351563,11.223999977111816,11.615999984741212,0.02399246602702795
2024-07-31,11.0,11.010000228881836,10.699999809265137,10.720000267028809,10900,-0.010156939746275073,-0.07903780491052137,-0.09612136784562308,11.039999961853027,11.559000015258789,0.02164094835895674
2024-08-01,11.0,11.039999961853027,10.699999809265137,10.890000343322754,164100,0.0158582156771776,-0.04137318024285619,-0.09249997138977051,10.946000099182129,11.503500032424927,0.021823012449906178
2024-08-02,11.010000228881836,11.010000228881836,10.760000228881836,10.9399995803833,347100,0.004591298024265278,-0.010849985052492128,-0.03442191932470773,10.92199993133545,11.48400001525879,0.018248475306781375
2024-08-05,11.0,11.0,10.600000381469727,10.770000457763672,47400,-0.015539225698368186,-0.04096162985070373,-0.06510416407965958,10.830000114440917,11.446500015258788,0.01796546637389409
2024-08-06,10.9399995803833,10.979999542236328,10.904999732971191,10.979999542236328,14700,0.01949852140640118,0.013850380386608796,-0.05831906638718387,10.860000038146973,11.4125,0.018366601571713492
2024-08-07,10.770000457763672,10.890000343322754,10.75,10.770000457763672,37000,-0.019125600476107563,0.004664196780726604,-0.10100159688710497,10.870000076293945,11.352000045776368,0.017242961612143084
2024-08-08,10.779999732971191,10.899999618530273,10.765000343322754,10.899999618530273,5900,0.012070487951826525,0.000918207060815357,-0.08710217742064952,10.871999931335449,11.300000047683715,0.017667988643027713
2024-08-09,10.899999618530273,10.899999618530273,10.65999984741211,10.710000038146973,7000,-0.01743115477364754,-0.02102372495961924,-0.11341058726917408,10.826000022888184,11.231500053405762,0.017469472792192707
2024-08-12,10.460000038146973,10.619999885559082,10.460000038146973,10.579999923706055,14800,-0.012138199250969373,-0.017641645866472877,-0.09726965165093471,10.78799991607666,11.174500036239625,0.016621018564695014
2024-08-13,10.732000350952148,10.899999618530273,10.732000350952148,10.829999923706055,28600,0.023629489773420387,-0.01366116801310202,-0.06637934762430697,10.757999992370605,11.13600001335144,0.017743524148146995
2024-08-14,10.899999618530273,11.069999694824219,10.899999618530273,10.899999618530273,11300,0.0064634991059413505,0.012070487951826525,-0.06757912662192966,10.783999824523926,11.096500015258789,0.017703445652887277
2024-08-15,10.819999694824219,10.819999694824219,10.60099983215332,10.770000457763672,15700,-0.011926528928092761,-0.011926528928092761,-0.08728811155273775,10.757999992370605,11.045000028610229,0.017536606227206618
2024-08-16,10.829999923706055,10.829999923706055,10.649999618530273,10.6899995803833,23100,-0.00742812200371834,-0.001867456367174003,-0.09098644793141075,10.75399990081787,10.991499996185302,0.017547491740034688
2024-08-19,10.5600004196167,10.720000267028809,10.420000076293945,10.449999809265137,24400,-0.022450868151442815,-0.012287345498900537,-0.11214958344609427,10.727999877929687,10.925499963760377,0.017935026898261267
2024-08-20,10.699999809265137,10.779999732971191,10.609999656677246,10.6899995803833,12100,0.022966485693652894,-0.01292708627045358,-0.06962577951879367,10.699999809265137,10.885499954223633,0.018501828342337316
2024-08-21,10.8149995803833,10.8149995803833,10.699999809265137,10.800000190734863,22000,0.010290048144942832,-0.00917425975184516,-0.07216495943402212,10.679999923706054,10.843499946594239,0.018382046614987553
2024-08-22,10.739999771118164,10.739999771118164,10.479999542236328,10.592000007629395,4200,-0.01925927587333831,-0.016527431993372255,-0.06760560495232337,10.644399833679199,10.805099964141846,0.01813041479629961
2024-08-23,10.600000381469727,10.609999656677246,10.40999984741211,10.40999984741211,10100,-0.01718279457007088,-0.02619267951001658,-0.0587703930871204,10.588399887084961,10.772599935531616,0.017622791278838826
2024-08-26,10.40999984741211,10.65999984741211,10.40999984741211,10.65999984741211,11700,0.024015370188708474,0.020095697797121836,-0.050756876051546995,10.630399894714355,10.744099950790405,0.018190746036255093
2024-08-27,10.479999542236328,10.75,10.479999542236328,10.6899995803833,13900,0.0028142339024961327,0.0,-0.01292708627045358,10.630399894714355,10.737099933624268,0.016448264395917386
2024-08-28,10.8100004196167,10.8100004196167,10.630000114440918,10.694999694824219,8800,0.00046773757129914273,-0.009722267968173104,-0.002332142871440346,10.609399795532227,10.735849905014039,0.016291533295189085
2024-08-29,10.829999923706055,11.168000221252441,10.829999923706055,11.140000343322754,15900,0.04160828996693566,0.05173719177668401,0.022956840414912305,10.718999862670898,10.748349905014038,0.018480441640442956
2024-08-30,11.130000114440918,11.145000457763672,10.880000114440918,11.109999656677246,16600,-0.002693059759507954,0.06724301820611012,0.015539312871526656,10.858999824523925,10.756849908828736,0.018483873811224755
2024-09-03,10.9399995803833,10.9399995803833,10.489999771118164,10.5,19700,-0.05490546134361296,-0.015009366763823362,-0.025069679321047644,10.826999855041503,10.743349885940551,0.022077007286073133
2024-09-04,10.5,10.699999809265137,10.5,10.619999885559082,36300,0.011428560529436416,-0.006548147574549135,-0.03278685534479753,10.81299991607666,10.72534990310669,0.02175332491269643
2024-09-05,10.72599983215332,10.800000190734863,10.710000038146973,10.739999771118164,23900,0.011299424374030087,0.0042075808862083175,-0.0027855789573232315,10.82199993133545,10.723849868774414,0.021513917333027804
2024-09-06,10.75,10.885000228881836,10.6899995803833,10.739999771118164,20500,0.0,-0.03590669298716387,-0.014678885597399938,10.74199981689453,10.715849876403809,0.02132840948248678
2024-09-09,10.5600004196167,10.729999542236328,10.541000366210938,10.569999694824219,8900,-0.01582868528089798,-0.04860485855447172,-0.01307192743455643,10.633999824523926,10.70884985923767,0.021264456932284754
2024-09-10,10.3100004196167,10.600000381469727,10.3100004196167,10.5600004196167,5500,-0.0009460052503517113,0.0057143256777809626,-0.0018903123094116125,10.645999908447266,10.707849884033203,0.02108696750734426
2024-09-11,10.619999885559082,10.75,10.619999885559082,10.75,20000,0.0179923837910414,0.012241065521826355,-0.0073868812806674455,10.67199993133545,10.7038498878479,0.020791774295590832
2024-09-12,10.579999923706055,10.654999732971191,10.574999809265137,10.619999885559082,7200,-0.012093033901480754,-0.01117317394007622,-0.02568804979545003,10.647999954223632,10.689849901199342,0.020894257908454367
2024-09-13,10.319999694824219,10.449999809265137,10.25,10.270000457763672,18900,-0.03295663197429355,-0.043761575732841895,-0.04642525336566439,10.554000091552734,10.664849901199341,0.021969719644270375
2024-09-16,10.270000457763672,10.569999694824219,10.270000457763672,10.369999885559082,3800,0.009737042194561507,-0.01892145837649073,-0.029934490868590347,10.514000129699706,10.64884991645813,0.02208735789691075
2024-09-17,10.300000190734863,10.430000305175781,10.300000190734863,10.350000381469727,7800,-0.0019285925082029864,-0.01988636645855313,-0.009569323408671226,10.472000122070312,10.643849945068359,0.0215217521889865
2024-09-18,10.4399995803833,10.699999809265137,10.420000076293945,10.680000305175781,29200,0.031884049424468985,-0.006511599518531974,-0.0009353859307785761,10.458000183105469,10.643349981307983,0.022112513055904913
2024-09-19,10.710000038146973,10.819999694824219,10.529999732971191,10.569999694824219,24200,-0.010299682322879145,-0.004708115939139779,-0.02129634183784168,10.448000144958495,10.63184995651245,0.02209669054182461
2024-09-20,10.630000114440918,10.630000114440918,10.369999885559082,10.399999618530273,2900,-0.01608326217617473,0.012658145566909695,-0.018126924939654843,10.473999977111816,10.622249937057495,0.02196840858724156
2024-09-23,10.489999771118164,10.680000305175781,10.489999771118164,10.619999885559082,24000,0.021153872605612634,0.02410800412333103,0.020172914622969662,10.523999977111817,10.632749938964844,0.022124965785113207
2024-09-24,10.770000457763672,10.800000190734863,10.460000038146973,10.739999771118164,30100,0.011299424374030087,0.03768109906031292,0.007504683381911681,10.601999855041504,10.636749935150146,0.021612603757268166
2024-09-25,10.65999984741211,10.65999984741211,10.479999542236328,10.649999618530273,28400,-0.008379902654180427,-0.0028090529764281946,-0.0037418113585737656,10.595999717712402,10.634749937057496,0.021696959856323684
2024-09-26,10.6899995803833,10.770000457763672,10.59000015258789,10.720000267028809,41800,0.006572831080363439,0.014191161450840983,0.00233759447573334,10.62599983215332,10.635999965667725,0.021746217050557487
2024-09-27,10.569999694824219,10.569999694824219,10.430000305175781,10.449999809265137,27000,-0.025186609238630697,0.004807710823928835,-0.06193900473900782,10.635999870300292,10.601499938964844,0.020145432361794252
2024-09-30,10.649999618530273,10.920000076293945,10.640000343322754,10.739999771118164,48900,0.027751193028339394,0.011299424374030087,-0.033303321061464386,10.65999984741211,10.58299994468689,0.021287414792519832
2024-10-01,10.279999732971191,10.369999885559082,10.109999656677246,10.1899995803833,252800,-0.05121044715605261,-0.05121044715605261,-0.029523849487304688,10.549999809265136,10.567499923706055,0.020809967699385482
2024-10-02,10.199999809265137,10.239999771118164,10.020000457763672,10.079999923706055,34400,-0.01079486371020133,-0.05352110002261956,-0.05084745458305617,10.435999870300293,10.540499925613403,0.020688084743122555
2024-10-03,10.142999649047852,10.350000381469727,10.109999656677246,10.350000381469727,60600,0.026785759901514217,-0.034514913837929595,-0.03631279310612445,10.361999893188477,10.520999956130982,0.02150166489721368
2024-10-04,10.380000114440918,10.449999809265137,10.220000267028809,10.260000228881836,14100,-0.008695666596208462,-0.018181778358966505,-0.04469269576030488,10.323999977111816,10.496999979019165,0.021554894606472225
2024-10-07,10.0600004196167,10.300000190734863,10.0600004196167,10.220000267028809,16900,-0.003898631672582975,-0.048417087073663656,-0.03311252960270128,10.220000076293946,10.479500007629394,0.02131761776403597
2024-10-08,9.920000076293945,9.920000076293945,9.619999885559082,9.789999961853027,51600,-0.04207439275349378,-0.03925413493640473,-0.07291670711804965,10.140000152587891,10.440999984741211,0.02316833728670113
2024-10-09,9.5,9.529999732971191,9.329999923706055,9.329999923706055,107200,-0.046986725223633674,-0.07440476246791994,-0.1320930303529252,9.990000152587891,10.369999980926513,0.02450989169348043
2024-10-10,9.420000076293945,9.619999885559082,9.399999618530273,9.539999961853027,147700,0.022508042857899202,-0.07826090722343304,-0.10169490916611235,9.82800006866455,10.315999984741211,0.025322117621484265
2024-10-11,9.460000038146973,9.569999694824219,9.40999984741211,9.40999984741211,16900,-0.013626846431943451,-0.08284603923077705,-0.0837391014623996,9.657999992370605,10.272999954223632,0.024557883188567886
2024-10-14,9.279999732971191,9.279999732971191,8.989999771118164,9.039999961853027,25200,-0.039319860952052754,-0.1154599094270704,-0.12825457457894174,9.42199993133545,10.20649995803833,0.02553628181639994
2024-10-15,8.699999809265137,8.699999809265137,8.420000076293945,8.520000457763672,57600,-0.05752206927916459,-0.12972415822655148,-0.1768115803147623,9.168000030517579,10.114999961853027,0.027923585547617324
2024-10-16,8.010000228881836,8.1899995803833,8.010000228881836,8.100000381469727,80000,-0.04929578095400555,-0.13183274944205448,-0.24157301966140632,8.922000122070312,9.985999965667725,0.027518251733658593
2024-10-17,8.270000457763672,8.59000015258789,8.204000473022461,8.420000076293945,254000,0.03950613330294139,-0.11740040776074967,-0.20340583544037916,8.698000144958495,9.878499984741211,0.029955912348471263
2024-10-18,8.345000267028809,8.45300006866455,8.201000213623047,8.220000267028809,20600,-0.023752946253317142,-0.12646116893514814,-0.2096153299484007,8.460000228881835,9.769500017166138,0.030074952855664836
2024-10-21,8.0,8.020000457763672,7.909999847412109,7.929999828338623,286600,-0.035279857575358564,-0.12278762590690051,-0.2532956766674057,8.238000202178956,9.635000014305115,0.029516090715924526
2024-10-22,7.815000057220459,8.029999732971191,7.775000095367432,7.929999828338623,66400,0.0,-0.06924889644664556,-0.26163873395380766,8.120000076293945,9.494500017166137,0.02911008019194075
2024-10-23,7.96999979019165,8.100000381469727,7.965000152587891,8.0600004196167,30200,0.01639351754000118,-0.004938266662867674,-0.2431924217543775,8.11200008392334,9.36500005722046,0.029906866138201413
2024-10-24,7.880000114440918,7.9679999351501465,7.829999923706055,7.929999828338623,49100,-0.016129104777919956,-0.058194803267863526,-0.2602612284694906,8.014000034332275,9.22550003528595,0.029537192009819396
2024-10-25,7.760000228881836,7.900000095367432,7.760000228881836,7.809999942779541,29800,-0.015132394471214283,-0.04987838332485428,-0.2526315707819372,7.931999969482422,9.09350004196167,0.02943185181137314
2024-10-28,7.630000114440918,7.639999866485596,7.5,7.53000020980835,38200,-0.03585143854323014,-0.050441314904047796,-0.2988826470873951,7.852000045776367,8.933000063896179,0.028084059723069585
2024-10-29,7.900000095367432,7.920000076293945,7.75,7.869999885559082,32400,0.04515267812447865,-0.007566197235607142,-0.2276741698096273,7.840000057220459,8.817000079154969,0.030136588678967787
2024-10-30,7.539999961853027,7.699999809265137,7.420000076293945,7.480000019073486,74900,-0.049555256944948556,-0.07196034371556459,-0.2579365004277343,7.723999977111816,8.68700008392334,0.03125348639069945
2024-10-31,7.599999904632568,7.630000114440918,7.440000057220459,7.480000019073486,66600,0.0,-0.05674650933244896,-0.2772947107842225,7.634000015258789,8.543500065803528,0.029944974832654504
2024-11-01,7.400000095367432,7.53000020980835,7.400000095367432,7.46999979019165,23400,-0.0013369289914887394,-0.04353395071433075,-0.27192986125247365,7.565999984741211,8.404000043869019,0.030080186752079123
2024-11-04,7.519999980926514,7.789999961853027,7.519999980926514,7.78000020980835,46000,0.04149938799512953,0.03320053028343306,-0.23874755317690644,7.615999984741211,8.282000041007995,0.032594463326408786
2024-11-05,7.800000190734863,8.0600004196167,7.760000228881836,7.849999904632568,68200,0.008997389837595238,-0.002541293674376277,-0.19816139578955227,7.611999988555908,8.185000038146972,0.03219826378059614
2024-11-06,7.769999980926514,7.769999980926514,7.650000095367432,7.650000095367432,33800,-0.025477683018455766,0.022727282869045018,-0.1800642917552453,7.646000003814697,8.101000046730041,0.03126051590118339
2024-11-07,7.800000190734863,7.915999889373779,7.800000190734863,7.889999866485596,32600,0.03137251870931346,0.05481281368537938,-0.17295598553094116,7.727999973297119,8.01850004196167,0.03179516767675823
2024-11-08,8.100000381469727,8.180000305175781,8.020000457763672,8.149999618530273,49700,0.032953074327552345,0.09103076940262889,-0.13390013276443935,7.863999938964843,7.9555000305175785,0.03311455511426953
2024-11-11,8.5,8.609999656677246,8.430000305175781,8.460000038146973,97200,0.03803686308301968,0.08740357455020864,-0.06415928386654168,7.999999904632569,7.926500034332276,0.03361044771741285
2024-11-12,8.550000190734863,8.649999618530273,8.279999732971191,8.300000190734863,132400,-0.0189125114291554,0.0573248779069071,-0.02582162619819317,8.089999961853028,7.915500020980835,0.03133177549132469
2024-11-13,8.350000381469727,8.510000228881836,8.350000381469727,8.489999771118164,25800,0.022891515182781985,0.10980387781425072,0.04814807052856862,8.257999897003174,7.934999990463257,0.029564099718883054
2024-11-14,8.5,8.5,8.270000457763672,8.449999809265137,44000,-0.004711420839974778,0.07097591283344085,0.0035629136222521396,8.369999885559082,7.936499977111817,0.028298448605958045
2024-11-15,8.390000343322754,8.550000190734863,8.350000381469727,8.5,38100,0.005917182469050486,0.04294483409225536,0.03406322674882345,8.439999961853028,7.950499963760376,0.027728886977392612
2024-11-18,8.020000457763672,8.104999542236328,7.880000114440918,7.989999771118164,149100,-0.0600000269272748,-0.05555558686873896,0.007566197235607142,8.345999908447265,7.953499960899353,0.029942611052731525
2024-11-19,7.699999809265137,7.820000171661377,7.5,7.800000190734863,102400,-0.02377967281927862,-0.06024096247107813,-0.016393397278420263,8.245999908447265,7.946999979019165,0.030444203624352777
2024-11-20,7.75,7.75,7.6570000648498535,7.664000034332275,28600,-0.017435917061147554,-0.09729090212650282,-0.04913155889181153,8.080799961090088,7.927199959754944,0.030402759925154132
2024-11-21,7.5,7.570000171661377,7.409999847412109,7.5,77500,-0.021398751774218128,-0.11242601546848485,-0.05422444358724665,7.8907999992370605,7.905699968338013,0.030553429088870102
2024-11-22,7.320000171661377,7.320000171661377,7.199999809265137,7.230000019073486,359200,-0.03599999745686844,-0.14941176246194277,-0.07426375517995654,7.636800003051758,7.87669997215271,0.03135901236882607
2024-11-25,7.25,7.5,7.25,7.451000213623047,72800,0.030567108432439705,-0.06745927070529645,-0.01049136706296494,7.529000091552734,7.872749972343445,0.031256212153268646
2024-11-26,7.25,7.409999847412109,7.25,7.409999847412109,31900,-0.005502666089845842,-0.05000004279307724,-0.0584498150998759,7.451000022888183,7.849749970436096,0.029396651917943252
2024-11-27,6.989999771118164,6.989999771118164,6.699999809265137,6.800000190734863,428300,-0.08232114294715998,-0.11273484338817441,-0.09090906772789709,7.2782000541687015,7.815749979019165,0.03286054346835322
2024-11-29,6.570000171661377,6.690000057220459,6.510000228881836,6.650000095367432,205700,-0.022058836935300308,-0.11333332061767576,-0.11096255636224761,7.1082000732421875,7.7742499828338625,0.03308047921442638
2024-12-02,6.400000095367432,6.440000057220459,6.263999938964844,6.349999904632568,214500,-0.045112809989860225,-0.12171509157944493,-0.14993305448678562,6.9322000503540036,7.718249988555908,0.034230268956661834
2024-12-03,6.269999980926514,6.460000038146973,6.224999904632568,6.349999904632568,192300,0.0,-0.1477654378505403,-0.18380466151825559,6.711999988555908,7.646749973297119,0.03230588828561357
2024-12-04,6.349999904632568,6.46999979019165,6.306000232696533,6.440000057220459,195600,0.01417325258890667,-0.13090415791714438,-0.17961781713908276,6.5180000305175785,7.576249980926514,0.032482943345561226
2024-12-05,6.53000020980835,6.690000057220459,6.53000020980835,6.619999885559082,120900,0.02795028365516994,-0.026470632371604186,-0.13464054862327146,6.4819999694824215,7.524749970436096,0.033273272983829184
2024-12-06,6.480000019073486,6.510000228881836,6.460000038146973,6.489999771118164,58400,-0.019637479862273266,-0.02406019879018173,-0.1774398123014198,6.449999904632568,7.454749965667725,0.032139553894274885
2024-12-09,6.21999979019165,6.28000020980835,6.199999809265137,6.199999809265137,266200,-0.0446841251279525,-0.023622062617355444,-0.23926379147693622,6.419999885559082,7.357249975204468,0.03145921913480483
2024-12-10,6.150000095367432,6.150000095367432,6.005000114440918,6.019999980926514,101500,-0.029032231270335718,-0.05196849270270176,-0.28841608111326933,6.353999900817871,7.2352499723434445,0.029215877529127486
2024-12-11,5.889999866485596,5.889999866485596,5.710000038146973,5.710000038146973,484200,-0.05149500726939038,-0.1133540392216329,-0.31204820398426736,6.207999897003174,7.10574996471405,0.03025027410201007
2024-12-12,5.710000038146973,5.929999828338623,5.710000038146973,5.900000095367432,520800,0.03327496601595792,-0.10876129949220448,-0.3050647521289179,6.063999938964844,6.9762499809265135,0.031068559767056293
2024-12-13,6.0,6.138999938964844,6.0,6.099999904632568,149400,0.03389827220887209,-0.06009243146990162,-0.2781065038671212,5.985999965667725,6.858749985694885,0.03304583907465373
2024-12-16,6.199999809265137,6.25,6.050000190734863,6.070000171661377,161500,-0.004917989088558561,-0.02096768412952066,-0.2858823327457204,5.960000038146973,6.7372499942779545,0.032761525974985425
2024-12-17,5.900000095367432,5.96999979019165,5.775000095367432,5.849999904632568,211300,-0.03624386504236188,-0.028239215420691965,-0.2678347844540817,5.926000022888184,6.630250000953675,0.0314951734299088
2024-12-18,5.940000057220459,6.110000133514404,5.940000057220459,6.059999942779541,89800,0.035897443003490626,0.06129595486765549,-0.22307694941112444,5.996000003814697,6.543249988555909,0.033388399890520615
2024-12-19,6.010000228881836,6.03000020980835,5.989999771118164,6.010000228881836,56400,-0.008250777948814902,0.018644090124807722,-0.21581416989053337,6.0180000305175785,6.460549998283386,0.033372918304296124
2024-12-20,6.059999942779541,6.260000228881836,6.059999942779541,6.21999979019165,103200,0.03494168940304432,0.0196721126942887,-0.17066669464111328,6.042000007629395,6.396549987792969,0.034842845406218265
2024-12-23,6.289999961853027,6.320000171661377,6.223999977111816,6.25,121800,0.004823185019339871,0.0296540071249054,-0.13554633699697716,6.0779999732971195,6.347549986839295,0.034353407060534656
2024-12-24,6.190000057220459,6.190000057220459,6.119999885559082,6.130000114440918,77300,-0.01919998168945314,0.047863284508196324,-0.17729164693444466,6.134000015258789,6.281499981880188,0.033299193160189026
2024-12-26,6.099999904632568,6.130000114440918,6.050000190734863,6.065000057220459,72900,-0.010603598043551932,0.0008251014006817048,-0.18151144640865036,6.1350000381469725,6.214249992370606,0.033289119472047414
2024-12-27,6.076000213623047,6.099999904632568,6.050000190734863,6.099999904632568,37000,0.005770790945078597,0.01497498707541256,-0.10294121565703185,6.152999973297119,6.17924997806549,0.028640300030943193
2024-12-30,5.960000038146973,5.989999771118164,5.880000114440918,5.920000076293945,71700,-0.029508169041433052,-0.04823146688377322,-0.10977443738414738,6.093000030517578,6.142749977111817,0.028920547411922307
2024-12-31,5.949999809265137,6.119999885559082,5.949999809265137,6.079999923706055,32600,0.02702700090373522,-0.027200012207031277,-0.04251968267425299,6.059000015258789,6.1292499780654905,0.028196157224203416
2025-01-02,6.210000038146973,6.269999980926514,6.119999885559082,6.25,44200,0.027960539214994196,0.019575837409266716,-0.015748016714081325,6.082999992370605,6.124249982833862,0.028972118127664207
2025-01-03,6.28000020980835,6.380000114440918,6.260000228881836,6.260000228881836,123000,0.0016000366210937589,0.03215171802500261,-0.02795028365517005,6.122000026702881,6.115249991416931,0.028775159626172206
2025-01-06,5.989999771118164,6.0,5.699999809265137,5.820000171661377,393300,-0.07028754650685565,-0.04590159628667356,-0.12084588032136234,6.066000080108642,6.0752500057220455,0.03179546761677422
2025-01-07,5.679999828338623,5.71999979019165,5.5,5.630000114440918,380100,-0.03264605697876144,-0.04898647941142831,-0.13251150801336264,6.008000087738037,6.032250022888183,0.03222077463347908
2025-01-08,5.599999904632568,5.630000114440918,5.5,5.550000190734863,181500,-0.014209577634084813,-0.08717100980621906,-0.1048386513752676,5.902000141143799,5.99975004196167,0.03102246138371874
2025-01-10,6.070000171661377,6.96999979019165,6.010000228881836,6.699999809265137,173700,0.2072071313529098,0.07199996948242182,0.11295678247393726,5.992000102996826,6.033750033378601,0.05618470721705716
2025-01-13,6.050000190734863,6.050000190734863,5.769999980926514,5.840000152587891,247900,-0.12835816136710787,-0.06709266149163795,0.022767095196571274,5.908000087738037,6.040250039100647,0.06263693973200672
2025-01-14,5.914999961853027,6.150000095367432,5.9070000648498535,6.130000114440918,132700,0.049657526417104414,0.05326459340825895,0.03898305345013098,5.970000076293945,6.051750040054321,0.06315988868073813
2025-01-15,5.949999809265137,6.139999866485596,5.840000152587891,5.889999866485596,161000,-0.03915175260599668,0.04618112731077573,-0.03442623630001873,6.022000026702881,6.0412500381469725,0.06343494652685815
2025-01-16,5.800000190734863,5.800000190734863,5.71999979019165,5.730000019073486,102500,-0.027164660617823966,0.03243240038786199,-0.05601320312563218,6.057999992370606,6.024250030517578,0.06372151472106045
2025-01-17,5.699999809265137,5.730000019073486,5.639999866485596,5.71999979019165,99700,-0.0017452406367448603,-0.14626866372716718,-0.02222224214704205,5.861999988555908,6.017750024795532,0.06318296893650402
2025-01-21,5.53000020980835,5.619999885559082,5.458000183105469,5.610000133514404,329800,-0.019230709914687005,-0.03938356388082731,-0.07425739496933648,5.815999984741211,5.995250034332275,0.0627672212399371
2025-01-22,5.420000076293945,5.440000057220459,5.235000133514404,5.28000020980835,727000,-0.05882351441216904,-0.13866229833016763,-0.12146422483735964,5.646000003814697,5.958750033378601,0.06403526850104986
2025-01-23,5.179999828338623,5.249000072479248,5.099999904632568,5.139999866485596,420600,-0.026515215484780308,-0.12733446808166138,-0.17363343410543386,5.496000003814697,5.904750037193298,0.06351048098632893
2025-01-24,5.130000114440918,5.210000038146973,5.059999942779541,5.139999866485596,659200,0.0,-0.10296686747363937,-0.17760002136230468,5.377999973297119,5.849250030517578,0.06346969013736273
2025-01-27,5.28000020980835,5.349999904632568,5.150000095367432,5.320000171661377,351400,0.03501951553529015,-0.06993000580457565,-0.13213701919374543,5.298000049591065,5.808750033378601,0.06411676700230688
2025-01-28,5.320000171661377,5.329999923706055,5.260000228881836,5.28000020980835,354300,-0.007518789579387564,-0.05882351441216904,-0.12943113602737022,5.232000064849854,5.769500041007996,0.06410679372391109
2025-01-29,5.289999961853027,5.389999866485596,5.260000228881836,5.320000171661377,421400,0.00757575004991895,0.00757575004991895,-0.12786881068290357,5.240000057220459,5.730500054359436,0.06412409070900123
2025-01-30,5.449999809265137,5.539999961853027,5.409999847412109,5.489999771118164,490800,0.03195481089687591,0.06809336842879654,-0.07263518574901295,5.310000038146972,5.709000039100647,0.06435785864558892
2025-01-31,5.710000038146973,5.78000020980835,5.690000057220459,5.769999980926514,388200,0.05100186183638433,0.12256811883376018,-0.05098683333380394,5.436000061035156,5.69350004196167,0.06514316202111996
2025-02-03,5.659999847412109,5.659999847412109,5.440000057220459,5.46999979019165,265500,-0.051993100819159976,0.028195416107182236,-0.12480003356933589,5.465999984741211,5.654500031471253,0.0657433335096685
2025-02-04,5.880000114440918,5.920000076293945,5.800000190734863,5.869999885559082,210300,0.07312616283545004,0.11174235839133573,-0.062300372054845066,5.583999919891357,5.635000014305115,0.06800939988449191
2025-02-05,6.0,6.0,5.869999885559082,5.989999771118164,177900,0.020442911055977397,0.12593977027026182,0.0292095523097311,5.717999839782715,5.6434999942779545,0.06615245237001002
2025-02-06,5.869999885559082,5.869999885559082,5.7210001945495605,5.800000190734863,198300,-0.03171946371340728,0.05646638115497771,0.03019539482031197,5.779999923706055,5.651999998092651,0.06612617502420035
2025-02-07,5.840000152587891,5.860000133514404,5.789999961853027,5.860000133514404,103200,0.010344817380417926,0.01559794677389914,0.055855843626285484,5.7979999542236325,5.667499995231628,0.06600833974290582
2025-02-10,5.75,5.800000190734863,5.699999809265137,5.78000020980835,131500,-0.013651863802616737,0.0566728393980136,-0.13731337696227397,5.860000038146973,5.621500015258789,0.045696977917442164
2025-02-11,5.699999809265137,5.699999809265137,5.550000190734863,5.679999828338623,194000,-0.017301103432493137,-0.032367983121751376,-0.027397315080268658,5.822000026702881,5.613499999046326,0.03575540261858699
2025-02-12,5.5,5.53000020980835,5.400000095367432,5.510000228881836,359700,-0.02992950785114923,-0.08013348256718311,-0.1011419044020081,5.726000118255615,5.582500004768372,0.03424281697805751
2025-02-13,5.599999904632568,5.619999885559082,5.5,5.5,237100,-0.0018149234966302608,-0.051724169115389795,-0.06621390073448308,5.666000080108643,5.563000011444092,0.033273439679809044
2025-02-14,5.610000133514404,5.730000019073486,5.604000091552734,5.639999866485596,174000,0.02545452117919922,-0.03754270682872296,-0.01570683286008845,5.622000026702881,5.558500003814697,0.03333385853747884
2025-02-18,6.0,6.110000133514404,5.960000038146973,6.079999923706055,434800,0.07801419638944651,0.05190306280415391,0.06293708858726066,5.681999969482422,5.576500010490418,0.03764049021154839
2025-02-19,6.050000190734863,6.1539998054504395,5.909999847412109,5.989999771118164,313700,-0.014802656861388819,0.0545774563641519,0.06773611917290778,5.74399995803833,5.5954999923706055,0.037511177853260046
2025-02-20,6.260000228881836,6.480000019073486,6.21999979019165,6.449999809265137,504900,0.07679466706575577,0.1705988278287347,0.22159082442522382,5.93199987411499,5.653999972343445,0.037824203156300494
2025-02-21,6.300000190734863,6.34499979019165,6.25,6.320000171661377,229100,-0.02015498317023534,0.1490909403020686,0.22957204977178147,6.095999908447266,5.712999987602234,0.03752014525624362
2025-02-24,6.21999979019165,6.21999979019165,6.050000190734863,6.090000152587891,304100,-0.03639240709277147,0.07978728665869617,0.18482496318659325,6.185999965667724,5.7605000019073485,0.03893946166240249
2025-02-25,6.309999942779541,6.340000152587891,6.210000038146973,6.260000228881836,166700,0.027914625949837735,0.029605313722777638,0.17669173437769037,6.222000026702881,5.807500004768372,0.03872353948876615
2025-02-26,6.349999904632568,6.420000076293945,6.21999979019165,6.400000095367432,332500,0.022364195106523654,0.0684474691011101,0.21212118201785746,6.3040000915527346,5.863499999046326,0.03863442133596198
2025-02-27,6.28000020980835,6.28000020980835,6.139999866485596,6.170000076293945,117300,-0.035937502444721714,-0.04341081259707702,0.15977441300854744,6.248000144958496,5.905999994277954,0.040000600198893364
2025-02-28,6.440000057220459,6.440000057220459,6.340000152587891,6.400000095367432,110000,0.03727715011822785,0.012658215432457043,0.16575598582655782,6.264000129699707,5.951500010490418,0.04018433650890173
2025-03-03,6.300000190734863,6.349999904632568,6.150000095367432,6.150000095367432,118100,-0.03906249941792339,0.009852207106110678,0.06585790566673455,6.276000118255615,5.970500016212464,0.0402115281437186
2025-03-04,5.96999979019165,6.079999923706055,5.877999782562256,6.0,168600,-0.02439025903112113,-0.04153358136989671,0.09689218101227381,6.224000072479248,5.997000026702881,0.038633153682340736
2025-03-05,6.230000019073486,6.289999961853027,6.110000133514404,6.289999961853027,340500,0.04833332697550463,-0.017187520605511653,0.07155026992882862,6.2020000457763675,6.0180000305175785,0.036692221743633714
2025-03-06,6.409999847412109,6.5,6.400000095367432,6.5,172400,0.033386333771154186,0.0534845898906815,0.08514194463594005,6.2680000305175785,6.04350004196167,0.037107642955146444
2025-03-07,6.599999904632568,6.599999904632568,6.53000020980835,6.570000171661377,148800,0.010769257178673275,0.026562511525116683,0.13275861303531333,6.302000045776367,6.082000041007996,0.0361136164891934
2025-03-10,6.570000171661377,6.699999809265137,6.519999980926514,6.550000190734863,282000,-0.003044137047785833,0.06504066490482452,0.11774744735485987,6.382000064849853,6.116500043869019,0.03616968634407751
2025-03-11,6.539999961853027,6.699999809265137,6.53000020980835,6.679999828338623,194300,0.019847272338655353,0.11333330472310377,0.15570927091023679,6.5180000305175785,6.161500024795532,0.0359775524885835
2025-03-12,7.050000190734863,7.199999809265137,7.010000228881836,7.139999866485596,435700,0.06886228292933638,0.13513512079293544,0.25704226800549335,6.688000011444092,6.2345000267028805,0.03791209388791747
2025-03-13,7.059999942779541,7.09499979019165,6.78000020980835,6.849999904632568,178300,-0.040616241915389484,0.0538461391742413,0.243194123427952,6.757999992370605,6.301500010490417,0.038605708548169554
2025-03-14,6.980000019073486,6.995999813079834,6.896999835968018,6.949999809265137,117300,0.01459852642697701,0.05783860390793083,0.2636363289572976,6.833999919891357,6.374000000953674,0.03847887877350338
2025-03-17,6.960000038146973,6.960000038146973,6.659999847412109,6.860000133514404,200900,-0.012949593988585861,0.047328234160671334,0.21631210920382826,6.895999908447266,6.435000014305115,0.03875358345253445
2025-03-18,6.650000095367432,6.760000228881836,6.539999961853027,6.730000019073486,385300,-0.018950453631305986,0.007485058685592572,0.10690791176379233,6.905999946594238,6.467500019073486,0.035822581023935145
2025-03-19,6.559999942779541,6.559999942779541,6.380000114440918,6.5,158600,-0.03417533706116549,-0.08963583731838531,0.08514194463594005,6.777999973297119,6.493000030517578,0.036658100888409685
2025-03-20,6.670000076293945,6.849999904632568,6.622000217437744,6.775000095367432,111000,0.04230770697960495,-0.010948877417416458,0.05038764274619778,6.763000011444092,6.509250044822693,0.03378833292056444
2025-03-21,6.769999980926514,6.953999996185303,6.769999980926514,6.909999847412109,125300,0.019926162382932988,-0.005755390352630396,0.09335437653882783,6.755000019073487,6.538750028610229,0.03353038312437907
2025-03-24,6.829999923706055,6.829999923706055,6.670000076293945,6.75,91000,-0.023154826475434986,-0.016035004573396572,0.10837435646559856,6.732999992370606,6.571750020980835,0.03279277512890583
2025-03-25,6.670000076293945,6.724999904632568,6.5,6.510000228881836,156500,-0.03555552164713538,-0.03268941895514843,0.0399361007762542,6.689000034332276,6.584250020980835,0.03358779265540354
2025-03-26,6.489999771118164,6.507999897003174,6.369999885559082,6.400000095367432,112400,-0.016897101328258834,-0.015384600712702867,0.0,6.669000053405762,6.584250020980835,0.03351244922588938
2025-03-27,6.380000114440918,6.480000019073486,6.340000152587891,6.349999904632568,73900,-0.007812529685906622,-0.06273065457600024,0.02917339159041643,6.584000015258789,6.593250012397766,0.032475772964676616
2025-03-28,6.429999828338623,6.442999839782715,6.159999847412109,6.360000133514404,158100,0.001574839217641566,-0.07959475051272069,-0.006249993946403354,6.474000072479248,6.591250014305115,0.03139407288404607
2025-03-31,6.260000228881836,6.300000190734863,6.210000038146973,6.25,107000,-0.01729561811402358,-0.07407407407407407,0.016260146842582035,6.374000072479248,6.596250009536743,0.030322142453968283
2025-04-01,6.400000095367432,6.550000190734863,6.369999885559082,6.5,69300,0.040000000000000036,-0.001536133414783869,0.08333333333333326,6.372000026702881,6.621250009536743,0.03087118186287269
2025-04-02,6.449999809265137,6.539999961853027,6.340000152587891,6.369999885559082,66900,-0.020000017606295106,-0.004687532712704945,0.01271858890162636,6.365999984741211,6.625250005722046,0.02951111022255151
2025-04-03,6.190000057220459,6.190000057220459,5.929999828338623,6.019999980926514,419500,-0.05494504096083663,-0.05196849270270176,-0.07384615678053641,6.3,6.601250004768372,0.030988376717033788
2025-04-04,5.760000228881836,5.849999904632568,5.559999942779541,5.619999885559082,611800,-0.06644519877654043,-0.11635223780198467,-0.14459669121470742,6.1519999504089355,6.553749990463257,0.03381444459712937
2025-04-07,5.269999980926514,5.546999931335449,5.25,5.380000114440918,592500,-0.04270458647781428,-0.13919998168945313,-0.17862596064484693,5.977999973297119,6.49524998664856,0.034706816262263976
2025-04-08,5.449999809265137,5.449999809265137,5.315000057220459,5.360000133514404,245500,-0.0037174684946251757,-0.17538459484393776,-0.19760474981217402,5.75,6.429250001907349,0.034062126043034734
2025-04-09,5.21999979019165,5.449999809265137,5.109000205993652,5.329999923706055,435900,-0.005597053929302653,-0.16326530306707354,-0.25350139728650267,5.542000007629395,6.338750004768372,0.028569455068532576
2025-04-10,5.570000171661377,5.639999866485596,5.449999809265137,5.599999904632568,284600,0.05065665755934523,-0.06976745475492585,-0.18248175436537462,5.457999992370605,6.276250004768372,0.031275999123186946
2025-04-11,5.599999904632568,5.710000038146973,5.53000020980835,5.630000114440918,83200,0.005357180414151896,0.001779400193144598,-0.18992801885613142,5.460000038146973,6.210250020027161,0.030967088449773694
2025-04-14,5.820000171661377,5.869999885559082,5.710000038146973,5.75,220800,0.021314366451127276,0.0687732114662849,-0.1618075964884489,5.534000015258789,6.154750013351441,0.031734701050345884
2025-04-15,5.760000228881836,5.760000228881836,5.681000232696533,5.690000057220459,57700,-0.01043477265731152,0.061567148411558525,-0.15453194040201557,5.6,6.102750015258789,0.03164135365266328
2025-04-16,5.71999979019165,5.75,5.690000057220459,5.71999979019165,182100,0.005272360750352201,0.07317070770508027,-0.12000003227820766,5.677999973297119,6.063750004768371,0.03114149076980598
2025-04-17,5.760000228881836,5.769999980926514,5.71999979019165,5.739999771118164,36700,0.0034965002902287434,0.024999976583889083,-0.15276757338453384,5.705999946594238,6.011999988555909,0.029122670003449747
2025-04-21,5.75,5.769999980926514,5.699999809265137,5.730000019073486,76000,-0.001742117150421052,0.0177619720426061,-0.17076698326998507,5.725999927520752,5.952999997138977,0.028429845909428743
2025-04-22,5.739999771118164,5.739999771118164,5.590000152587891,5.599999904632568,78600,-0.022687628971760132,-0.026086973107379396,-0.17037038449887876,5.6959999084472654,5.895499992370605,0.028417733327910515
2025-04-23,5.908999919891357,6.03000020980835,5.880000114440918,5.880000114440918,174800,0.05000003831727229,0.03339192536199609,-0.09677420772520118,5.733999919891358,5.86399998664856,0.030554426155529866
2025-04-24,5.949999809265137,5.96999979019165,5.809999942779541,5.829999923706055,43100,-0.008503433632946034,0.019230793277829505,-0.08906252549495508,5.755999946594239,5.83549997806549,0.030434477732748197
2025-04-25,5.900000095367432,6.0,5.900000095367432,5.920000076293945,116000,0.015437419170784228,0.03135893943436807,-0.06771650941678309,5.792000007629395,5.813999986648559,0.03073223711028295
2025-04-28,5.929999828338623,5.929999828338623,5.78000020980835,5.78000020980835,73600,-0.02364862579076832,0.008726036748416544,-0.09119495464311556,5.802000045776367,5.784999990463257,0.031048461715480678
2025-04-29,5.75,5.764999866485596,5.570000171661377,5.570000171661377,87600,-0.036332185211795265,-0.005357095264657774,-0.10879997253417972,5.7960000991821286,5.750999999046326,0.03175136277123612
2025-04-30,5.650000095367432,5.800000190734863,5.650000095367432,5.764999866485596,35000,0.03500892079255635,-0.01955786491787448,-0.11307694361760068,5.773000049591064,5.714249992370606,0.031394512405750856
2025-05-01,5.880000114440918,5.949999809265137,5.800000190734863,5.949999809265137,67300,0.032090190297318966,0.020583171034211478,-0.06593407909568316,5.7970000267028805,5.693249988555908,0.03227750845250433
2025-05-02,5.829999923706055,5.940000057220459,5.78000020980835,5.840000152587891,107100,-0.018487337849315333,-0.01351350045186761,-0.029900303805469486,5.78100004196167,5.684249997138977,0.03014280739131665
2025-05-05,5.840000152587891,5.914000034332275,5.840000152587891,5.914000034332275,25900,0.012671212296389012,0.02318335980274444,0.05231319479714647,5.807800006866455,5.698950004577637,0.026023504066092235
2025-05-06,5.71999979019165,5.71999979019165,5.599999904632568,5.619999885559082,66000,-0.049712571367339864,0.008976609040712402,0.04460962193550144,5.8177999496459964,5.710949993133545,0.026707672448787616
2025-05-07,5.668000221252441,5.668000221252441,5.570000171661377,5.619999885559082,20100,0.0,-0.025151775244516505,0.048507415217954986,5.7887999534606935,5.723949980735779,0.026674878295433312
2025-05-08,5.480000019073486,5.53000020980835,5.389999866485596,5.420000076293945,250500,-0.03558715539817858,-0.0890755882287414,0.016885582340742555,5.682800006866455,5.728449988365173,0.02797743975208629
2025-05-09,5.429999828338623,5.46999979019165,5.389999866485596,5.429999828338623,137000,0.001844972675999479,-0.070205533139855,-0.03035715699804098,5.600799942016602,5.719949984550476,0.02545187053114673
2025-05-12,5.590000152587891,5.590000152587891,5.525000095367432,5.539999961853027,237900,0.02025785211637121,-0.06323978192561419,-0.015985817186227158,5.525999927520752,5.715449976921081,0.025869567037167036
2025-05-13,5.369999885559082,5.425000190734863,5.300000190734863,5.300000190734863,414300,-0.04332125862287706,-0.056939448637085666,-0.07826083639393677,5.461999988555908,5.692949986457824,0.027014643701774532
2025-05-14,5.409999847412109,5.480000019073486,5.359000205993652,5.460000038146973,126400,0.030188649368694698,-0.02846972431854289,-0.04042179556424119,5.4300000190734865,5.68144998550415,0.027992605044356304
2025-05-15,5.53000020980835,5.550000190734863,5.480000019073486,5.550000190734863,107700,0.016483544314852328,0.023985260629333593,-0.029720210785373347,5.45600004196167,5.672950005531311,0.02825038441337321
2025-05-16,5.599999904632568,5.605000019073486,5.46999979019165,5.504000186920166,86900,-0.008288288690780465,0.013628059101464807,-0.04111491177847637,5.470800113677979,5.661150026321411,0.028271763723231896
2025-05-19,5.360000133514404,5.369999885559082,5.300000190734863,5.309999942779541,286600,-0.035247136183180316,-0.041516249216102086,-0.07329844239020744,5.424800109863281,5.640150022506714,0.029249148262849602
2025-05-20,5.400000095367432,5.400000095367432,5.349999904632568,5.360000133514404,31200,0.009416231878279557,0.011320743513260512,-0.04285710271523857,5.436800098419189,5.6281500339508055,0.029014437764790728
2025-05-21,5.289999961853027,5.369999885559082,5.261000156402588,5.340000152587891,96100,-0.0037313396321504433,-0.021978000864594893,-0.09183672641890273,5.412800121307373,5.601150035858154,0.026330394442770768
2025-05-22,5.25,5.271999835968018,5.199999809265137,5.210000038146973,145800,-0.024344590023638313,-0.06126128664923014,-0.10634646546701088,5.344800090789795,5.5701500415802006,0.026693771995865232
2025-05-23,5.199999809265137,5.210000038146973,5.150000095367432,5.150000095367432,112100,-0.011516303712136078,-0.06431687491471905,-0.1300675626694504,5.274000072479248,5.531650042533874,0.02627060720132242
2025-05-27,5.039999961853027,5.150000095367432,5.03000020980835,5.150000095367432,217800,0.0,-0.03013179833074664,-0.1089965556353859,5.242000102996826,5.500150036811829,0.02599422637575483
2025-05-28,5.119999885559082,5.179999828338623,5.119999885559082,5.166999816894531,79400,0.0033009167402524575,-0.036007520860513176,-0.07235194656136645,5.203400039672852,5.480000019073486,0.025006385647901027
2025-05-29,5.239999771118164,5.239999771118164,5.109000205993652,5.190000057220459,170700,0.004451372390361641,-0.028089904696863788,-0.09973977841835802,5.173400020599365,5.45125002861023,0.023415922444009352
2025-05-30,5.230000019073486,5.230000019073486,5.120999813079834,5.190000057220459,53500,0.0,-0.0038387679040453593,-0.12773105485839376,5.169400024414062,5.413250041007996,0.02178499812848313
2025-06-02,5.210000038146973,5.239999771118164,5.099999904632568,5.099999904632568,45500,-0.017341069671604314,-0.00970877472018683,-0.1267123679144776,5.15939998626709,5.3762500286102295,0.02175351077349373
2025-06-03,5.21999979019165,5.230000019073486,5.159999847412109,5.199999809265137,92800,0.01960782480441492,0.009708682130449064,-0.12073050742681535,5.169399929046631,5.340550017356873,0.022127734628896747
2025-06-04,5.360000133514404,5.46999979019165,5.360000133514404,5.420000076293945,100000,0.042307745211225045,0.04896463486841629,-0.03558715539817858,5.219999980926514,5.330550026893616,0.022165785125834402
2025-06-05,5.449999809265137,5.53000020980835,5.420000076293945,5.489999771118164,100600,0.012915072663999494,0.057803412445118996,-0.02313169343205168,5.279999923706055,5.32405002117157,0.022400990919553446
2025-06-06,5.380000114440918,5.480000019073486,5.334000110626221,5.409999847412109,167100,-0.014571935708798889,0.042389169126420656,-0.0018450606533337854,5.323999881744385,5.323550009727478,0.02114759128508883
2025-06-09,5.420000076293945,5.420000076293945,5.3470001220703125,5.372000217437744,34500,-0.007023961376365406,0.05333339566498907,-0.010681328312053484,5.37839994430542,5.320650029182434,0.021202445679631164
2025-06-10,5.400000095367432,5.519999980926514,5.400000095367432,5.519999980926514,200100,0.027550215468785,0.06153849680748347,-0.0036101048852397177,5.442399978637695,5.319650030136108,0.021633324277219895
2025-06-11,5.650000095367432,5.710000038146973,5.650000095367432,5.650000095367432,149100,0.02355074545110747,0.04243542727600014,0.06603771547865533,5.488399982452393,5.337150025367737,0.019655905984401256
2025-06-12,5.739999771118164,5.78000020980835,5.699999809265137,5.730000019073486,57400,0.014159278293047972,0.04371589398198483,0.049450545611744445,5.536400032043457,5.350650024414063,0.018814262380539955
2025-06-13,5.820000171661377,5.889999866485596,5.760000228881836,5.869999885559082,225300,0.024432786390851113,0.08502773588191781,0.057657600689532185,5.628400039672852,5.366650009155274,0.01920329858640706
2025-06-16,5.639999866485596,5.75,5.539999961853027,5.679999828338623,266200,-0.032367983121751376,0.05733425138388837,0.03197667795083059,5.689999961853028,5.375449991226196,0.020647603691615984
2025-06-17,5.519999980926514,5.630000114440918,5.519999980926514,5.630000114440918,108200,-0.008802766797323947,0.0199275604881326,0.06026368646133573,5.711999988555908,5.391449999809265,0.018926875887454904
2025-06-18,5.599999904632568,5.690000057220459,5.599999904632568,5.619999885559082,45300,-0.0017762395521423446,-0.005309771557870824,0.048507415217954986,5.705999946594238,5.404449987411499,0.018895720284481683
2025-06-20,5.639999866485596,5.760000228881836,5.619999885559082,5.730000019073486,80700,0.019572977892233778,0.0,0.07303368077556938,5.705999946594238,5.423949980735779,0.01920465304326799
2025-06-23,5.659999847412109,5.864999771118164,5.659999847412109,5.78000020980835,181900,0.008726036748416544,-0.015332142675529292,0.10940502255046192,5.688000011444092,5.452449989318848,0.018051519476837037
2025-06-24,5.739999771118164,5.739999771118164,5.679999828338623,5.735000133514404,97100,-0.00778548004506685,0.009683152612324664,0.11359223831339271,5.699000072479248,5.481699991226196,0.0178864801248307
2025-06-25,5.75,5.840000152587891,5.739999771118164,5.800000190734863,104100,0.0113339242732724,0.03019539482031197,0.12621360841374063,5.733000087738037,5.514199995994568,0.017881087784702328
2025-06-26,5.699999809265137,5.699999809265137,5.610000133514404,5.659999847412109,42900,-0.024137989434275475,0.007117431079635805,0.09541320843589296,5.741000080108643,5.538849997520447,0.019117980264452557
2025-06-27,5.679999828338623,5.710000038146973,5.559000015258789,5.584000110626221,97300,-0.013427515695188186,-0.025479914129367343,0.07591523103311326,5.7118000984191895,5.558550000190735,0.019545412434424793
2025-06-30,5.599999904632568,5.630000114440918,5.550000190734863,5.550000190734863,138900,-0.006088810748168916,-0.03979238939873886,0.06936418681028012,5.665800094604492,5.576550006866455,0.019655581609116467
2025-07-01,5.630000114440918,5.670000076293945,5.510000228881836,5.630000114440918,137800,0.014414400172383157,-0.018308634111424582,0.10392161170962488,5.644800090789795,5.603050017356873,0.01915615135770101
2025-07-02,5.630000114440918,5.769999980926514,5.610000133514404,5.769999980926514,166200,0.02486676085964845,-0.005172449796859158,0.10961542164785754,5.638800048828125,5.631550025939942,0.019399891751666485
2025-07-03,5.920000076293945,5.98799991607666,5.869999885559082,5.929999828338623,96700,0.027729609695148927,0.04770317812816982,0.09409589388666628,5.692800045013428,5.657050013542175,0.01817508596271998
2025-07-07,6.039999961853027,6.099999904632568,5.945000171661377,6.070000171661377,245000,0.02360882755067073,0.08703439316025618,0.10564670759996808,5.790000057220459,5.686050033569336,0.018583327764750808
2025-07-08,6.199999809265137,6.318999767303467,6.150000095367432,6.179999828338623,187200,0.01812185396481447,0.11351344431581767,0.14232902082147847,5.915999984741211,5.724550032615662,0.01818643707734675
2025-07-09,6.210000038146973,6.360000133514404,6.139999866485596,6.25,70300,0.011326888932971846,0.11012431135992085,0.16344001247658757,6.039999961853027,5.768450021743774,0.017911377540327622
2025-07-10,6.71999979019165,6.855000019073486,6.619999885559082,6.659999847412109,2067500,0.06559997558593755,0.1542460778903998,0.2065217156566459,6.2179999351501465,5.825450015068054,0.021737288818412533
2025-07-11,7.0,7.090000152587891,6.96999979019165,7.090000152587891,1083700,0.06456461186599993,0.19561557467603818,0.2548672624627297,6.45,5.897450017929077,0.024831778090491814
2025-07-14,7.230000019073486,7.300000190734863,7.210000038146973,7.260000228881836,203800,0.023977443248981434,0.196046132383346,0.26701574253323357,6.688000011444092,5.973950028419495,0.02497949132609074
2025-07-15,7.0,7.050000190734863,6.769999980926514,6.78000020980835,270300,-0.0661157030221492,0.09708744306406003,0.15502561192343123,6.808000087738037,6.019450044631958,0.030286595364312684
2025-07-16,7.139999866485596,7.364999771118164,7.139999866485596,7.25,370300,0.06932150083295285,0.15999999999999992,0.27640848927993633,7.008000087738037,6.097950053215027,0.0317139442980367
2025-07-17,7.420000076293945,7.650000095367432,7.309999942779541,7.610000133514404,418800,0.04965519082957304,0.1426426888690453,0.35168738522665355,7.198000144958496,6.196950054168701,0.03231110168044914
2025-07-18,7.329999923706055,7.460000038146973,7.269999980926514,7.400000095367432,602300,-0.027595273910986373,0.0437235452902478,0.31672602242967374,7.260000133514405,6.285950064659119,0.03353752647456768
2025-07-21,7.289999961853027,7.380000114440918,7.179999828338623,7.349999904632568,355000,-0.00675678244466027,0.012396649161620532,0.28272249217566814,7.278000068664551,6.366950058937073,0.03383852054221961
2025-07-22,7.650000095367432,7.739999771118164,7.53000020980835,7.670000076293945,655500,0.04353743888618111,0.13126841282365587,0.32698958440838255,7.45600004196167,6.461450052261353,0.03449246891320709
2025-07-23,7.619999885559082,7.650000095367432,7.429999828338623,7.519999980926514,264900,-0.019556726711260963,0.03724137667951921,0.3112466967491181,7.5100000381469725,6.550700044631958,0.03499504330791122
2025-07-24,7.519999980926514,7.519999980926514,7.300000190734863,7.420000076293945,129500,-0.013297859692314451,-0.02496715556990592,0.27931031591118405,7.472000026702881,6.631700038909912,0.035531250002666555
2025-07-25,7.179999828338623,7.195000171661377,7.090000152587891,7.150000095367432,135100,-0.036388137217024163,-0.0337837833483956,0.26325093429756663,7.4220000267028805,6.706200051307678,0.03630214611751613
2025-07-28,7.25,7.348999977111816,7.239999771118164,7.245999813079834,34500,0.013426533766706106,-0.014149672503694144,0.29763604396978205,7.401200008392334,6.789300036430359,0.035790586490777605
2025-07-29,7.090000152587891,7.090000152587891,6.860000133514404,6.940000057220459,160200,-0.04223016336641516,-0.09517601197029113,0.2504504177866611,7.255200004577636,6.858800029754638,0.03770446229727853
2025-07-30,6.980000019073486,7.199999809265137,6.945000171661377,7.019999980926514,73700,0.01152736643320651,-0.06648936187076915,0.2468916231316327,7.155200004577637,6.9283000230789185,0.03769989788135106
2025-07-31,7.389999866485596,7.409999847412109,7.300000190734863,7.400000095367432,85200,0.05413107058025446,-0.0026954151914918567,0.2824956880119749,7.151200008392334,7.0098000288009645,0.0387873440853144
2025-08-01,7.510000228881836,7.510000228881836,7.380000114440918,7.460000038146973,148500,0.008108100271120522,0.04335663477548679,0.2580101608935461,7.2131999969482425,7.086300039291382,0.038649180528543374
2025-08-04,7.320000171661377,7.360000133514404,7.260000228881836,7.309999942779541,54500,-0.02010725128691704,0.008832477415218865,0.20428331730652527,7.226000022888184,7.14830002784729,0.03920505470504566
2025-08-05,7.650000095367432,7.920000076293945,7.650000095367432,7.769999980926514,215900,0.06292750229106892,0.11959652980730362,0.257281585235146,7.392000007629394,7.227800035476685,0.04093195097478403
2025-08-06,7.820000171661377,7.900000095367432,7.630000114440918,7.730000019073486,98200,-0.0051480002511219425,0.10113960684844114,0.23680000305175786,7.534000015258789,7.301800036430359,0.04111797793393255
2025-08-07,7.789999961853027,7.789999961853027,7.610000133514404,7.75,133400,0.002587319647757269,0.04729728380026321,0.1636636903244726,7.603999996185303,7.356300044059753,0.03911826305948211
2025-08-08,7.900000095367432,7.929999828338623,7.800000190734863,7.800000190734863,81200,0.006451637514175879,0.045576427727786584,0.10014104694875336,7.6720000267028805,7.391800045967102,0.03681153099120561
2025-08-11,7.739999771118164,7.949999809265137,7.650000095367432,7.900000095367432,108500,0.012820500280416924,0.08071137581480614,0.08815424880284972,7.790000057220459,7.423800039291382,0.036599477917989835
2025-08-12,7.849999904632568,8.09000015258789,7.829999923706055,8.020000457763672,106800,0.015189919107293282,0.03217509362301785,0.18289088636921647,7.840000152587891,7.485800051689148,0.03259701435824884
2025-08-13,8.180000305175781,8.289999961853027,7.980000019073486,8.166999816894531,489200,0.018329096102302378,0.056532962062453285,0.1264827333647629,7.9274001121521,7.531650042533874,0.029468948633259127
2025-08-14,8.170000076293945,8.220000267028809,8.010000228881836,8.130000114440918,334400,-0.004530390998304434,0.04903227283108613,0.0683311395273749,8.003400135040284,7.5576500415802,0.027719945862220364
2025-08-15,8.130000114440918,8.130000114440918,7.940000057220459,8.020000457763672,174700,-0.013530092881777311,0.028205161749884633,0.0837838316764854,8.047400188446044,7.588650059700012,0.02705541148576112
2025-08-18,7.96999979019165,8.199999809265137,7.949999809265137,8.079999923706055,214100,0.007481229740367468,0.02278478812224005,0.09931973177487818,8.08340015411377,7.625150060653686,0.026934148991599634
2025-08-19,7.889999866485596,7.929999828338623,7.739999771118164,7.7729997634887695,350500,-0.03799506969258404,-0.030798089797588024,0.013428903020896943,8.034000015258789,7.630300045013428,0.026978238113953106
2025-08-20,7.849999904632568,8.119999885559082,7.849999904632568,8.039999961853027,72400,0.034349698506155546,-0.01555036829788925,0.06914893380923193,8.008600044250489,7.656300044059753,0.02750306187184239
2025-08-21,8.0600004196167,8.15999984741211,8.03499984741211,8.15999984741211,234700,0.014925358971198843,0.003690004003555236,0.09973042634896712,8.014599990844726,7.693300032615662,0.027308098910864435
2025-08-22,8.4399995803833,8.4399995803833,8.319999694824219,8.40999984741211,159300,0.030637255474861957,0.04862835004839727,0.17622373919421985,8.092599868774414,7.756300020217895,0.026029327819344302
2025-08-25,8.420000076293945,8.550000190734863,8.420000076293945,8.5,126300,0.010701564116625484,0.051980207952935675,0.1730610294326198,8.176599884033203,7.819000029563904,0.026009128380255216
2025-08-26,8.619999885559082,8.65999984741211,8.550000190734863,8.600000381469727,115100,0.01176475076114425,0.10639401043925578,0.23919312832313078,8.342000007629395,7.902000045776367,0.023127303730500523
2025-08-27,8.390000343322754,8.399999618530273,8.260000228881836,8.300000190734863,87000,-0.034883741561368864,0.03233833707903555,0.18233621271882283,8.394000053405762,7.966000056266784,0.025301129792381322
2025-08-28,8.274999618530273,8.369999885559082,8.119999885559082,8.350000381469727,92200,0.006024119227211244,0.023284379609133765,0.12837841538637496,8.432000160217285,8.013500070571899,0.022931560503115768
2025-08-29,8.210000038146973,8.579999923706055,8.130000114440918,8.369999885559082,687800,0.002395150080919617,-0.0047562381187600256,0.12198389313120561,8.42400016784668,8.059000062942506,0.022943498957042535
2025-09-02,7.920000076293945,8.050000190734863,7.730000019073486,8.020000457763672,1075800,-0.04181594176593373,-0.05647053438074445,0.09712729419176469,8.328000259399413,8.094500088691712,0.024691506042851273
2025-09-03,8.050000190734863,8.149999618530273,8.010000228881836,8.140000343322754,839900,0.014962578392737846,-0.05348837415613683,0.0476190943763839,8.236000251770019,8.113000106811523,0.020782130819861522
2025-09-04,8.34000015258789,8.369999885559082,8.039999961853027,8.062999725341797,523800,-0.009459534979518902,-0.028554272282743542,0.04307887521948861,8.188600158691406,8.129650092124939,0.020888123647644086
2025-09-05,8.050000190734863,8.100000381469727,8.029999732971191,8.039999961853027,74400,-0.002852507041080754,-0.03712579706039898,0.03741934991651963,8.126600074768067,8.14415009021759,0.02091985609947978
2025-09-08,8.170000076293945,8.388999938964844,8.149999618530273,8.149999618530273,294200,0.013681549402880133,-0.026284381127457235,0.04487172041497556,8.082600021362305,8.16165006160736,0.02106193503189627
2025-09-09,8.539999961853027,8.545000076293945,8.329999923706055,8.390000343322754,285800,0.029447943070672222,0.04613464643894227,0.06202534709368668,8.156599998474121,8.186150074005127,0.02180940501142467
2025-09-10,8.319999694824219,8.40999984741211,8.15999984741211,8.220000267028809,187900,-0.020262225189208838,0.009828000040771334,0.024937630654563003,8.172599983215331,8.196150064468384,0.022223914802201553
2025-09-11,8.135000228881836,8.199000358581543,8.09000015258789,8.114999771118164,119300,-0.012773782542539691,0.00644921834896417,-0.006367092805462993,8.182999992370606,8.193550062179565,0.02206967591871118
2025-09-12,8.170000076293945,8.28499984741211,8.09000015258789,8.100000381469727,1149300,-0.001848353674860359,0.007462738793704071,-0.003690004003555236,8.195000076293946,8.192050075531006,0.022049392118594552
2025-09-15,8.210000038146973,8.239999771118164,8.121000289916992,8.210000038146973,192600,0.013580203888494902,0.007362015021482815,0.02369071939383427,8.207000160217286,8.201550054550172,0.022004034246807722
2025-09-16,8.130000114440918,8.130000114440918,7.980000019073486,8.039999961853027,109300,-0.02070646473861837,-0.041716372723187956,-0.0049504903750891005,8.13700008392334,8.19955005645752,0.022491553828670702
2025-09-17,8.09000015258789,8.180000305175781,8.0600004196167,8.140000343322754,70500,0.012437858450770278,-0.009732350499663811,0.04721479364477199,8.12100009918213,8.21790008544922,0.020769504001471803
2025-09-18,8.199999809265137,8.260000228881836,8.1899995803833,8.199999809265137,106700,0.007370941451077417,0.010474435064002474,0.019900478628265272,8.138000106811523,8.225900077819825,0.01942573968776629
2025-09-19,8.199999809265137,8.25,8.149999618530273,8.15999984741211,60300,-0.004878044241882984,0.007407341125519329,0.0,8.15,8.225900077819825,0.01919079133598008
2025-09-22,8.152000427246094,8.152000427246094,8.024999618530273,8.0600004196167,70100,-0.012254832066831978,-0.018270355399916505,-0.041617055189734686,8.120000076293945,8.208400106430053,0.0179650364320588
2025-09-23,8.199999809265137,8.3100004196167,8.199999809265137,8.25,227500,0.023573147703674247,0.02611940785365041,-0.02941176470588236,8.16200008392334,8.195900106430054,0.018659931631075426
2025-09-24,8.319999694824219,8.414999961853027,8.305000305175781,8.380000114440918,241900,0.01575758962920215,0.029484000122314002,-0.02558142526398477,8.210000038146973,8.184900093078614,0.018827950880142066
2025-09-25,8.289999961853027,8.289999961853027,8.09000015258789,8.199999809265137,62800,-0.02147974972763944,0.0,-0.0120482384544226,8.210000038146973,8.179900074005127,0.01777198954212129
2025-09-26,8.079999923706055,8.100000381469727,8.029999732971191,8.050000190734863,75100,-0.018292636831624076,-0.013480350335071556,-0.035928164913695326,8.188000106811524,8.164900064468384,0.01813351773213554
2025-09-29,7.900000095367432,7.945000171661377,7.739999771118164,7.769999980926514,275700,-0.034782633934669405,-0.03598020143824965,-0.07168457739978695,8.130000019073487,8.134900069236755,0.019545376256678466
2025-09-30,7.610000133514404,7.690000057220459,7.460000038146973,7.510000228881836,249400,-0.03346200163229274,-0.0896969419537168,-0.0635910473531377,7.982000064849854,8.109400057792664,0.018757497632751956
2025-10-01,7.440000057220459,7.650000095367432,7.409999847412109,7.579999923706055,163200,0.009320864539393181,-0.09546541525175578,-0.06879611744440128,7.822000026702881,8.081400036811829,0.018512192827923723
2025-10-02,7.71999979019165,7.789999961853027,7.671000003814697,7.78000020980835,53200,0.026385262284344346,-0.05121946453977133,-0.035098539646973737,7.738000106811524,8.067250061035157,0.01959740211138534
2025-10-03,7.789999961853027,7.820000171661377,7.699999809265137,7.71999979019165,45300,-0.0077121359895410135,-0.04099383760549802,-0.03980101656463497,7.6720000267028805,8.051250052452087,0.019643795658498154
2025-10-06,7.75,7.900000095367432,7.75,7.866000175476074,45300,0.018911967519729567,0.012355237424094945,-0.03484655906099465,7.691200065612793,8.037050080299377,0.019894596254720544
2025-10-07,7.940000057220459,8.010000228881836,7.889999866485596,8.0,40500,0.017035319289935735,0.06524630575026236,-0.046483948434297595,7.789200019836426,8.017550063133239,0.019051335325265876
2025-10-08,7.800000190734863,7.800000190734863,7.599999904632568,7.599999904632568,83100,-0.050000011920928955,0.002638519937706807,-0.0754258323911643,7.7932000160217285,7.986550045013428,0.02153364260292773
2025-10-09,7.679999828338623,7.699999809265137,7.650000095367432,7.699999809265137,71900,0.013157882353605599,-0.010282827556014063,-0.05113986119014324,7.777199935913086,7.965800046920776,0.02173769021847024
2025-10-10,8.149999618530273,8.199999809265137,8.01200008392334,8.180000305175781,354300,0.06233772828579509,0.05958556055513986,0.009876533325735348,7.869200038909912,7.969800043106079,0.02611911984807468
2025-10-13,8.850000381469727,8.880000114440918,8.579999923706055,8.640000343322754,303100,0.056234721391870135,0.09839818847955151,0.05237518918122119,8.024000072479248,7.991300058364868,0.028818290630151355
2025-10-14,8.220000267028809,8.319999694824219,8.069999694824219,8.199999809265137,83800,-0.05092598571453333,0.02499997615814209,0.019900478628265272,8.064000034332276,7.9993000507354735,0.030844755150002512
2025-10-15,8.289999961853027,8.529999732971191,8.25,8.520000457763672,46000,0.03902447023681255,0.12105270587836703,0.04668305877316481,8.248000144958496,8.01830005645752,0.03189872852378915
2025-10-16,8.59000015258789,8.59000015258789,8.329999923706055,8.329999923706055,37700,-0.022300530968221155,0.08181819870733786,0.01585367286155681,8.37400016784668,8.024800062179565,0.03235994921371835
2025-10-17,8.260000228881836,8.274999618530273,8.140000343322754,8.15999984741211,25800,-0.020408172611160347,-0.0024450436451716184,0.0,8.370000076293945,8.024800062179565,0.03270010001898389
2025-10-20,8.1899995803833,8.369999885559082,8.100000381469727,8.239999771118164,14700,0.00980391240220757,-0.046296360684027316,0.022332424581936294,8.289999961853027,8.033800029754639,0.03261894560545725
2025-10-21,8.359999656677246,8.40999984741211,8.359999656677246,8.380000114440918,55400,0.01699033339945788,0.021951257239347655,0.01575758962920215,8.326000022888184,8.040300035476685,0.03241824611500016
2025-10-22,8.359999656677246,8.359999656677246,8.031000137329102,8.229999542236328,44500,-0.017899829374238285,-0.034037664312926985,-0.017899829374238285,8.267999839782714,8.032800006866456,0.03250062532693721
2025-10-23,7.900000095367432,7.925000190734863,7.570000171661377,7.820000171661377,69400,-0.04981766626727446,-0.0612244605901241,-0.04634142029788835,8.16599988937378,8.013800024986267,0.034048685573720934
2025-10-24,7.909999847412109,7.909999847412109,7.789999961853027,7.849999904632568,17300,0.0038362829044309432,-0.03799018977651769,-0.024844755448886202,8.103999900817872,8.003800010681152,0.03384415227347085
2025-10-27,7.920000076293945,8.0,7.829999923706055,7.96999979019165,38400,0.015286609811073548,-0.03276698888668472,0.025740001255609712,8.049999904632568,8.013800001144409,0.03303352245356087
2025-10-28,7.940000057220459,7.978000164031982,7.869999885559082,7.953000068664551,15300,-0.0021329638613065693,-0.050954658704662203,0.0589879928470618,7.964599895477295,8.035949993133546,0.03200055277033398
2025-10-29,8.109999656677246,8.199999809265137,8.109999656677246,8.199999809265137,29700,0.03105742970803993,-0.0036451682429911036,0.08179418097618507,7.958599948883057,8.0669499874115,0.032577696879488034
2025-10-30,8.140000343322754,8.369999885559082,8.140000343322754,8.25,56900,0.006097584377790843,0.05498718911757616,0.06041128245717986,8.044599914550782,8.090449976921082,0.032171845329156984
2025-10-31,8.079999923706055,8.12399959564209,8.050000190734863,8.100000381469727,16300,-0.018181771943063474,0.031847194888451336,0.04922287585562768,8.094600009918214,8.109450006484986,0.03244667016916658
2025-11-03,8.0,8.0,7.920000076293945,7.920000076293945,43700,-0.022222258851686716,-0.0062734899892014084,0.006864975796241124,8.084600067138672,8.11215000152588,0.0326814985972014
2025-11-04,8.100000381469727,8.279999732971191,8.09000015258789,8.180000305175781,107200,0.032828311411267075,0.028542717785911886,0.022500038146972656,8.130000114440918,8.121150016784668,0.03327852641076058
2025-11-05,8.3100004196167,8.380000114440918,8.279999732971191,8.300000190734863,49400,0.01466991211273605,0.012195168755581687,0.09210530195870281,8.150000190734863,8.156150031089783,0.03106524822667448
2025-11-06,8.470000267028809,8.600000381469727,8.430000305175781,8.5,79600,0.024096362008327654,0.030303030303030276,0.1038961312404516,8.200000190734864,8.196150040626526,0.03131410091686901
2025-11-07,8.369999885559082,8.420000076293945,8.300000190734863,8.350000381469727,40100,-0.017647013944738,0.030864196077313943,0.020782404639567043,8.250000190734863,8.204650044441223,0.028657012244308923
2025-11-10,8.350000381469727,8.449000358581543,8.34000015258789,8.369999885559082,12200,0.002395150080919617,0.05681815718816363,-0.03125005174014095,8.34000015258789,8.191150021553039,0.025602805838622674
2025-11-11,8.437999725341797,8.519000053405762,8.390000343322754,8.420000076293945,23000,0.005973738520729244,0.029339824225471878,0.02682930148123064,8.388000106811523,8.20215003490448,0.022803195908532345
2025-11-12,8.369999885559082,8.479999542236328,8.3149995803833,8.479999542236328,27200,0.007125827244504279,0.021686668357236316,-0.004694942884761688,8.423999977111816,8.200149989128112,0.021097570293199513
2025-11-13,8.649999618530273,8.720000267028809,8.630000114440918,8.699999809265137,60300,0.025943429116128236,0.023529389325310124,0.044417753775256585,8.463999938964843,8.218649983406067,0.02117419082912623
2025-11-14,8.539999961853027,8.75,8.539999961853027,8.600000381469727,23300,-0.011494187354914032,0.02994011839266486,0.05392163508399572,8.513999938964844,8.240650010108947,0.020758797866883456
2025-11-17,8.460000038146973,8.90999984741211,8.460000038146973,8.800000190734863,110900,0.02325579074346007,0.05137399176285151,0.0679612178606539,8.6,8.268650031089782,0.02120949269519494
2025-11-18,8.930000305175781,8.989999771118164,8.880000114440918,8.989999771118164,84400,0.02159086093922391,0.0676959251376994,0.07279232080511044,8.713999938964843,8.299150013923645,0.021387609347409287
2025-11-19,8.989999771118164,8.989999771118164,8.6899995803833,8.899999618530273,41300,-0.010011140698471532,0.04952831355733589,0.0814094913195933,8.797999954223632,8.332650017738342,0.02103743182456663
2025-11-20,8.963000297546387,8.989999771118164,8.850000381469727,8.920000076293945,52300,0.0022472425416770747,0.025287387569194797,0.14066494635368665,8.842000007629395,8.38765001296997,0.016805844452219568
2025-11-21,8.90999984741211,8.979999542236328,8.819999694824219,8.949999809265137,34600,0.003363198734820605,0.0406976060779658,0.14012737808868225,8.911999893188476,8.4426500082016,0.01681047254834881
2025-11-24,9.039999961853027,9.194999694824219,9.039999961853027,9.1899995803833,47300,0.026815617456182883,0.04431811149948062,0.15307400530838833,8.989999771118164,8.503649997711182,0.017310220476265785
2025-11-25,9.199999809265137,9.300000190734863,9.09000015258789,9.229999542236328,61800,0.004352553175128504,0.026696304474801202,0.16056827141285424,9.037999725341797,8.56749997138977,0.017184728389208342
2025-11-26,9.229999542236328,9.260000228881836,9.100000381469727,9.199999809265137,74300,-0.0032502420865692105,0.03370788804420255,0.12195122234882305,9.097999763488769,8.61749997138977,0.01641643799153721
2025-11-28,9.199999809265137,9.229999542236328,8.770000457763672,8.770000457763672,155100,-0.04673906091480795,-0.016816100588263105,0.0630303585168086,9.067999839782715,8.643499994277954,0.020198313857562794
2025-12-01,9.210000038146973,9.4399995803833,9.180000305175781,9.34000015258789,199700,0.0649942605555538,0.04357545828314113,0.15308638428646204,9.145999908447266,8.705499982833862,0.02379479354366225
2025-12-02,9.270000457763672,9.329999923706055,9.029999732971191,9.25,124500,-0.009635990483678247,0.006528881649219498,0.16792928167854382,9.157999992370605,8.771999979019165,0.02312678432899227
2025-12-03,9.399999618530273,9.489999771118164,9.300000190734863,9.300000190734863,78800,0.005405426025390625,0.007584035966438973,0.1369192963049668,9.172000122070312,8.82799997329712,0.022380912223443808
2025-12-04,9.100000381469727,9.336000442504883,9.086000442504883,9.270000457763672,29900,-0.0032257776726799525,0.0076087662988904015,0.11686749936603635,9.18600025177002,8.87649998664856,0.022402075825526408
2025-12-05,9.029999732971191,9.100000381469727,8.880000114440918,9.0,67300,-0.029126261535137754,0.02622571610389368,0.05882352941176472,9.232000160217286,8.90149998664856,0.023256350206272872
2025-12-08,9.229999542236328,9.319999694824219,9.210000038146973,9.25,46600,0.02777777777777768,-0.009635990483678247,0.10778438052859829,9.214000129699707,8.946499967575074,0.023339787196609382
2025-12-09,8.970000267028809,8.970000267028809,8.710000038146973,8.829999923706055,144500,-0.04540541365339945,-0.04540541365339945,0.05495818929945506,9.130000114440918,8.969499969482422,0.025962450760754603
2025-12-10,9.0,9.072999954223633,8.880000114440918,9.012999534606934,106400,0.020724757925487225,-0.03086028497223625,0.07042748847266012,9.072599983215332,8.999149942398072,0.02625926894753721
2025-12-11,8.859999656677246,8.890000343322754,8.609999656677246,8.84000015258789,87500,-0.019194429263508006,-0.04638622264744918,0.042452904455773544,8.986599922180176,9.01714997291565,0.0267356266778642
2025-12-12,8.710000038146973,8.734999656677246,8.64799976348877,8.680000305175781,70400,-0.018099529937821268,-0.03555552164713538,-0.0022987936238868523,8.922599983215331,9.016149997711182,0.026508926185580425
2025-12-15,8.8100004196167,8.920000076293945,8.8100004196167,8.920000076293945,43600,0.027649742244254982,-0.03567566742768158,0.037209265189536156,8.85659999847412,9.032149982452392,0.027038481268614602
2025-12-16,8.800000190734863,8.869999885559082,8.748000144958496,8.770000457763672,16000,-0.016816100588263105,-0.006794956564076693,-0.003409060491018745,8.844600105285645,9.030649995803833,0.026878323987875184
2025-12-17,8.520000457763672,8.520000457763672,8.270000457763672,8.420000076293945,129300,-0.0399088213456007,-0.06579379661965656,-0.06340374964807405,8.726000213623047,9.002150011062621,0.027800887305829566
2025-12-18,8.489999771118164,8.668000221252441,8.489999771118164,8.656000137329102,25200,0.02802851055780886,-0.020814481004836072,-0.027415673220159698,8.68920021057129,8.989950037002563,0.028579403431280487
2025-12-19,8.699999809265137,8.800000190734863,8.699999809265137,8.699999809265137,18000,0.005083141316771345,0.0023040902518667306,-0.02466370685505792,8.69320011138916,8.978950023651123,0.028603398474365778
2025-12-22,8.732000350952148,9.050000190734863,8.732000350952148,8.880000114440918,96300,0.020689690703681318,-0.00448430061781413,-0.007821195119105395,8.685200119018555,8.975450038909912,0.02899772094929849
2025-12-23,8.880000114440918,8.899999618530273,8.739999771118164,8.739999771118164,14000,-0.015765804225056357,-0.0034208306818216405,-0.048966249163459485,8.679199981689454,8.952950048446656,0.02848436625121371
2025-12-24,8.729999542236328,8.859000205993652,8.729999542236328,8.770000457763672,19100,0.0034325729326272203,0.041567740890541494,-0.049837389738505156,8.749200057983398,8.929950094223022,0.0284740994339065
2025-12-26,8.75,8.800000190734863,8.699999809265137,8.75,33100,-0.0022805537878810567,0.010859503371022816,-0.04891302376027773,8.768000030517578,8.907450103759766,0.028472987132182558
2025-12-29,8.670000076293945,8.848999977111816,8.670000076293945,8.739999771118164,9700,-0.0011428833007812722,0.004597696865513701,-0.0034208306818216405,8.776000022888184,8.90595006942749,0.02646716596510012
2025-12-30,8.649999618530273,8.722999572753906,8.649999618530273,8.680000305175781,12100,-0.006864927633139617,-0.022522500753112684,-0.0706637940716992,8.736000061035156,8.872950077056885,0.02163972348034405
2025-12-31,8.600000381469727,8.819999694824219,8.59000015258789,8.770000457763672,77900,0.010368680809172748,0.0034325729326272203,-0.05189184240392741,8.742000198364257,8.848950099945068,0.02179969184618588
2026-01-02,8.5,8.576000213623047,8.449999809265137,8.460000038146973,30700,-0.035347822512628246,-0.035347822512628246,-0.09032259520002395,8.680000114440919,8.806950092315674,0.022905028640284136
2026-01-05,8.65999984741211,8.720000267028809,8.609999656677246,8.720000267028809,22400,0.03073288743610747,-0.0034285409109933163,-0.0593311934816827,8.67400016784668,8.779450082778931,0.024222957453598964
2026-01-06,8.800000190734863,8.899999618530273,8.760000228881836,8.8100004196167,21500,0.010321118099983373,0.008009227726739399,-0.02111106448703337,8.688000297546386,8.769950103759765,0.023561182745847394
2026-01-07,8.619999885559082,8.789999961853027,8.609999656677246,8.789999961853027,18600,-0.0022701994110168044,0.012672771061039478,-0.04972973385372681,8.710000228881835,8.746950101852416,0.022580537811612844
2026-01-08,8.932000160217285,9.149999618530273,8.869999885559082,9.140000343322754,19200,0.0398180185425101,0.04218926639069198,0.0351076355940203,8.784000205993653,8.762450122833252,0.02205374943785841
2026-01-09,9.039999961853027,9.039999961853027,8.850000381469727,8.850000381469727,18400,-0.031728659842435114,0.046099331154161316,-0.018084895323842387,8.862000274658204,8.754300165176392,0.0228104442625726
2026-01-12,8.84000015258789,8.84000015258789,8.520000457763672,8.729999542236328,39600,-0.013559416278066894,0.0011467058373069161,-0.0124435077435332,8.864000129699708,8.748800134658813,0.02260338461609263
2026-01-13,8.609999656677246,8.789999961853027,8.609999656677246,8.720999717712402,8700,-0.0010309077887558082,-0.01010223583033254,0.004723434457965858,8.846199989318848,8.750850105285645,0.02221820613387156
2026-01-14,8.970000267028809,9.09000015258789,8.890000343322754,9.039999961853027,42200,0.03657840321823813,0.028441410817400925,0.01345290185344239,8.896199989318848,8.756850099563598,0.022873116784299923
2026-01-15,9.220000267028809,9.5,9.220000267028809,9.479999542236328,63600,0.04867252015929324,0.03719903568296479,0.08095770209956221,8.964199829101563,8.792350053787231,0.024806746704606034
2026-01-16,9.630000114440918,9.800000190734863,9.600000381469727,9.800000190734863,108200,0.03375534429857652,0.1073446065894259,0.16389549904236156,9.15419979095459,8.861350059509277,0.023339613760215098
2026-01-20,10.0,10.239999771118164,9.979999542236328,10.239999771118164,119400,0.04489791549180633,0.17296681650169088,0.18299440950307355,9.456199836730956,8.94055004119873,0.024387588122986237
2026-01-21,10.399999618530273,10.399999618530273,10.029999732971191,10.069999694824219,68800,-0.016601570321654657,0.15468409824300178,0.1574712546660162,9.72599983215332,9.009050035476685,0.02503123294297187
2026-01-22,9.800000190734863,10.039999961853027,9.800000190734863,10.0,51200,-0.00695131052091269,0.10619469493340472,0.1261261116131862,9.917999839782714,9.065050029754639,0.025035504625614127
2026-01-23,10.390000343322754,10.470000267028809,10.149999618530273,10.359999656677246,26000,0.035999965667724565,0.09282702077360283,0.18535468283562961,10.093999862670898,9.146050024032593,0.02531377874721909
2026-01-26,10.449999809265137,11.0,10.319999694824219,10.979999542236328,127700,0.05984555078237652,0.12040809474851466,0.2519953214502113,10.329999732971192,9.256549978256226,0.02770917564828411
2026-01-27,11.020000457763672,11.399999618530273,11.020000457763672,11.260000228881836,86400,0.025500974345986194,0.09960942192992772,0.28685716901506697,10.533999824523926,9.382049989700317,0.027669838214494726
2026-01-28,11.09000015258789,11.170000076293945,10.850000381469727,11.010000228881836,59500,-0.022202486227198448,0.09334662984555586,0.25972545963502425,10.72199993133545,9.4955500125885,0.028622672451908516
2026-01-29,11.289999961853027,11.479999542236328,10.930000305175781,11.479999542236328,82800,0.042688401778736784,0.14799995422363277,0.32258054592359175,11.017999839782714,9.635549974441528,0.02904563807974173
2026-01-30,11.5,11.550000190734863,11.413999557495117,11.529999732971191,84100,0.004355417485071067,0.11293437404120521,0.3147091369606738,11.251999855041504,9.773549938201905,0.029121398617956026
2026-02-02,11.149999618530273,11.460000038146973,10.899999618530273,11.199999809265137,184000,-0.028620982770917736,0.020036455027392597,0.3238770400429356,11.295999908447266,9.910549926757813,0.028552631326398157
2026-02-03,10.970000267028809,10.970000267028809,10.5,10.550000190734863,125600,-0.05803568121425906,-0.06305506427307406,0.2098623701452702,11.15399990081787,10.002049922943115,0.03252166236829159
2026-02-04,10.5,10.850000381469727,10.5,10.850000381469727,30100,0.028436036522381025,-0.014532229253946038,0.23155503571948555,11.121999931335449,10.104049921035767,0.03278020418685788
2026-02-05,10.725000381469727,10.850000381469727,10.649999618530273,10.710000038146973,32200,-0.012903256995442591,-0.0670731302084493,0.2184300437572686,10.968000030517578,10.200049924850465,0.03309112381269886
2026-02-06,10.710000038146973,10.87399959564209,10.609999656677246,10.649999618530273,22900,-0.0056022800563014785,-0.07632264829325797,0.16520779195710333,10.792000007629394,10.27554988861084,0.03252293334569142
2026-02-09,10.699999809265137,11.0,10.699999809265137,10.949999809265137,128900,0.02816903300286344,-0.022321428951560196,0.23728806070928798,10.742000007629395,10.38054986000061,0.03139325384556472
2026-02-10,11.100000381469727,11.180000305175781,11.029999732971191,11.180000305175781,135500,0.02100461186456215,0.05971564957829978,0.2806415683169494,10.868000030517578,10.503049898147584,0.0309078955183248
2026-02-11,11.430000305175781,11.529999732971191,11.173999786376953,11.4399995803833,64400,0.023255748489304784,0.054377804439639466,0.3117761668021377,10.985999870300294,10.638999891281127,0.030808789711575198
2026-02-12,11.449999809265137,11.449999809265137,11.1899995803833,11.300000190734863,44000,-0.012237709334229407,0.055088716198545606,0.25000002637373675,11.103999900817872,10.75199990272522,0.030868888876344487
2026-02-13,11.399999618530273,11.569999694824219,11.399999618530273,11.489999771118164,29500,0.01681412187400544,0.07887325658926292,0.21202535083748297,11.271999931335449,10.85249991416931,0.029657242771749963
2026-02-17,11.5,11.800000190734863,11.420000076293945,11.680000305175781,110900,0.016536165173406836,0.06666671311655814,0.19183674263785333,11.418000030517579,10.946499919891357,0.029179813401263074
2026-02-18,11.460000038146973,11.819000244140625,11.460000038146973,11.760000228881836,85800,0.006849308357518069,0.05187834596368868,0.14843754802132136,11.534000015258789,11.022499942779541,0.027945336744885245
2026-02-19,11.84000015258789,11.869999885559082,11.600000381469727,11.65999984741211,55900,-0.008503433632946034,0.019230793277829505,0.1578947567798954,11.57800006866455,11.101999950408935,0.02763753791568995
2026-02-20,11.770000457763672,12.100000381469727,11.65999984741211,11.729999542236328,89300,0.006003404437415538,0.0380530393135774,0.1729999542236329,11.663999938964844,11.188499927520752,0.027426597725929834
2026-02-23,11.850000381469727,11.979999542236328,11.609999656677246,11.770000457763672,90500,0.003410137859197082,0.024369076781822985,0.1361004679355997,11.720000076293946,11.258999967575074,0.026655772468978177
2026-02-24,11.720000267028809,11.989999771118164,11.699999809265137,11.869999885559082,79200,0.008496127774527684,0.01626708693655643,0.08105650094967909,11.757999992370605,11.303499984741212,0.023565061825566464
2026-02-25,11.960000038146973,11.960000038146973,11.25,11.680000305175781,74800,-0.016006704483161105,-0.006802714468455484,0.03730018363735432,11.742000007629395,11.324499988555909,0.02341494338351183
2026-02-26,11.670000076293945,11.90999984741211,11.670000076293945,11.90999984741211,52200,0.019691741115315464,0.021440823608199766,0.08174383286290587,11.792000007629394,11.369499969482423,0.022997057012797646
2026-02-27,11.989999771118164,12.069999694824219,11.845999717712402,12.069999694824219,61500,0.01343407636120797,0.028985521385883173,0.051393743563944216,11.860000038146973,11.398999977111817,0.02128622464178204
2026-03-02,12.59000015258789,12.649999618530273,11.989999771118164,12.220000267028809,306200,0.012427553935143276,0.03823277755000509,0.059843933220960155,11.95,11.433500003814697,0.021394970038987438
2026-03-03,12.479999542236328,12.619999885559082,12.3100004196167,12.5,207500,0.0229132346033305,0.05307498909139574,0.11607144757801202,12.076000022888184,11.49850001335144,0.020452152051290477
2026-03-04,11.800000190734863,12.180000305175781,11.520000457763672,11.90999984741211,1277700,-0.047200012207031294,0.019691741115315464,0.12890991773361438,12.121999931335449,11.566499996185303,0.018747152253993815
2026-03-05,11.300000190734863,11.640000343322754,11.0,11.520000457763672,631100,-0.0327455411120916,-0.0327455411120916,0.061751156934354734,12.044000053405762,11.6,0.019892946874686047
2026-03-06,10.15999984741211,10.640000343322754,9.729999542236328,10.460000038146973,1109400,-0.09201392165764488,-0.13338854162255165,-0.0233426703183518,11.722000122070312,11.5875,0.029028820833295027
2026-03-09,10.199999809265137,10.390000343322754,9.579999923706055,10.260000228881836,1267400,-0.01912044058659179,-0.16039279830748565,-0.036619662311523915,11.330000114440917,11.568000030517577,0.029303454407784105
2026-03-10,9.850000381469727,10.229999542236328,9.850000381469727,10.229999542236328,203900,-0.0029240434674705496,-0.1816000366210937,-0.06575345018906698,10.876000022888183,11.532000017166137,0.028462583924997013
2026-03-11,10.350000381469727,10.800000190734863,10.350000381469727,10.699999809265137,245800,0.04594333216617752,-0.10159530257339933,-0.04293385356066837,10.634000015258788,11.507999992370605,0.03007024742888727
2026-03-12,10.739999771118164,10.739999771118164,10.270000457763672,10.399999618530273,76300,-0.028037401503044235,-0.09722229120907688,-0.09090909090909094,10.40999984741211,11.455999994277954,0.03001270363321536
2026-03-13,10.630000114440918,10.640000343322754,10.220000267028809,10.489999771118164,217400,0.008653861143180341,0.002868043294625755,-0.07168145185349972,10.415999794006348,11.41549997329712,0.030085861072291442
2026-03-16,10.75,10.819999694824219,10.569999694824219,10.670000076293945,140400,0.017159228703833795,0.039960997881653304,-0.0713663804315654,10.49799976348877,11.374499988555907,0.030098082145185254
2026-03-17,10.630000114440918,10.65999984741211,10.149999618530273,10.430000305175781,86900,-0.022492949334778634,0.019550417584450086,-0.10702054514896586,10.53799991607666,11.311999988555907,0.030012717947219804
2026-03-18,10.550000190734863,10.699999809265137,10.550000190734863,10.699999809265137,56800,0.025886816509043786,0.0,-0.09013608834916542,10.53799991607666,11.258999967575074,0.030708907844518202
2026-03-19,10.260000228881836,10.260000228881836,9.930000305175781,10.020000457763672,104800,-0.06355134239466553,-0.0365383821831623,-0.14065175052403012,10.46200008392334,11.17699999809265,0.03345429721844716
2026-03-20,10.107999801635742,10.369000434875488,9.970999717712402,10.010000228881836,164200,-0.0009980267889196925,-0.045757821993275716,-0.1466325132546914,10.366000175476074,11.091000032424926,0.03334748723967422
2026-03-23,9.850000381469727,10.069999694824219,9.770000457763672,9.989999771118164,79200,-0.0019980476829525307,-0.06373011249424176,-0.15123199808130783,10.230000114440918,11.001999998092652,0.03327746466312331
2026-03-24,9.899999618530273,9.90999984741211,9.630999565124512,9.800000190734863,266400,-0.019018977451091046,-0.060402693768694005,-0.17438919248369655,10.104000091552734,10.898500013351441,0.03314444432993303
2026-03-25,9.979999542236328,10.180000305175781,9.949999809265137,10.0,50700,0.020408143405366452,-0.06542054408814157,-0.14383563880827288,9.964000129699707,10.814499998092652,0.03373422724785152
2026-03-26,10.130000114440918,10.149999618530273,9.9399995803833,10.0,34200,0.0,-0.001996053577839385,-0.16036942669038978,9.960000038146973,10.719000005722046,0.03319168523253139
2026-03-27,9.890000343322754,10.100000381469727,9.850000381469727,9.930000305175781,71800,-0.006999969482421875,-0.007992000187495574,-0.1772990425646902,9.944000053405762,10.612000036239625,0.03280411020609247
2026-03-30,9.789999961853027,10.020000457763672,9.5,9.9399995803833,167900,0.0010069763242914753,-0.005005024212254461,-0.18657943018194967,9.934000015258789,10.498000001907348,0.03250613382186454
2026-03-31,9.930000305175781,10.199999809265137,9.930000305175781,9.970000267028809,60200,0.0030181778583486807,0.017346946222987603,-0.20239997863769532,9.968000030517578,10.371500015258789,0.0317493621856942
2026-04-01,10.225000381469727,10.350000381469727,10.225000381469727,10.324999809265137,29400,0.03560677359361031,0.03249998092651363,-0.13308144907250963,10.032999992370605,10.29225001335144,0.032142869176879287
2026-04-02,10.550000190734863,10.550000190734863,10.319999694824219,10.449999809265137,29300,0.012106537753911795,0.04499998092651358,-0.09288199704692113,10.122999954223634,10.238749980926514,0.03178616994286752
2026-04-06,10.40999984741211,10.699999809265137,9.8100004196167,9.9399995803833,192300,-0.04880385054453895,0.0010069763242914753,-0.04971323669859107,10.124999809265137,10.21274995803833,0.02655308079600267
2026-04-07,10.404999732971191,10.449999809265137,10.25,10.4399995803833,35900,0.050301812988680084,0.050301812988680084,0.01754379605126788,10.224999809265137,10.221749925613404,0.02867834313465022
2026-04-08,10.59000015258789,10.65999984741211,10.520000457763672,10.600000381469727,43900,0.015325747846490989,0.06318957849222473,0.036168216597252556,10.35099983215332,10.240249967575073,0.02882804177997329
2026-04-09,10.300000190734863,10.444999694824219,10.180999755859375,10.300000190734863,17000,-0.028301903767787184,-0.00242127060456121,-0.03738314258509734,10.345999908447265,10.22024998664856,0.02765173062660379
2026-04-10,10.569999694824219,10.75,10.569999694824219,10.699999809265137,22900,0.03883491370127201,0.023923445412730615,0.02884617324411587,10.395999908447266,10.235249996185303,0.028313743283210208
2026-04-13,11.039999961853027,11.0600004196167,10.791000366210938,11.0600004196167,94300,0.033644917455029955,0.1126761455245664,0.05433752725790364,10.620000076293945,10.263750028610229,0.029170306774074905
2026-04-14,11.279999732971191,11.470000267028809,11.279999732971191,11.420000076293945,53800,0.03254969647548367,0.09386978307471017,0.07029053370546001,10.816000175476074,10.30125002861023,0.029758979045406753
2026-04-15,11.470000267028809,11.470000267028809,11.300000190734863,11.399999618530273,95700,-0.0017513535577980965,0.07547162342173652,0.09300089021791691,10.976000022888183,10.349749994277953,0.029148654961016294
2026-04-16,11.399999618530273,11.399999618530273,11.100000381469727,11.130000114440918,23100,-0.02368416781790772,0.08058251537244265,0.0401869451253114,11.142000007629395,10.371250009536743,0.02937359031263458
2026-04-17,11.449999809265137,11.680000305175781,11.34000015258789,11.4399995803833,604500,0.027852602224160528,0.06915885834665136,0.14171647282903943,11.289999961853027,10.442249965667724,0.02541927143094418
2026-04-20,11.579999923706055,11.579999923706055,11.300000190734863,11.303999900817871,20600,-0.011888084314149339,0.02206143507629532,0.12927069354129084,11.338799858093262,10.506949949264527,0.025713532550205125
2026-04-21,11.312999725341797,11.350000381469727,11.199999809265137,11.350000381469727,27400,0.004069398536400204,-0.0061295704340254,0.13613620035141794,11.324799919128418,10.574949979782104,0.025644806376946005
2026-04-22,11.385000228881836,11.470000267028809,11.3149995803833,11.399999618530273,34600,0.004405218976219372,0.0,0.16326524455663627,11.324799919128418,10.654949951171876,0.024932732228680306
2026-04-23,11.350000381469727,11.454999923706055,11.239999771118164,11.34000015258789,20900,-0.005263111223693051,0.018867927761698988,0.13400001525878902,11.366799926757812,10.72194995880127,0.024914885330229102
2026-04-24,10.920000076293945,11.100000381469727,10.5,10.899999618530273,54900,-0.03880075204030797,-0.0472027955996599,0.08999996185302739,11.258799934387207,10.766949939727784,0.026888453569331876
2026-04-27,11.050000190734863,11.279999732971191,11.050000190734863,11.270000457763672,28200,0.033945032310312095,-0.0030077356115103537,0.13494462350514191,11.252000045776366,10.833949947357178,0.02750550396862922
2026-04-28,11.239999771118164,11.449999809265137,11.199999809265137,11.449999809265137,26400,0.015971547842969835,0.00881052197660459,0.15191149825215677,11.271999931335449,10.90944995880127,0.02754574676113778
2026-04-29,11.449999809265137,11.899999618530273,11.289999961853027,11.850000381469727,514900,0.03493454837273591,0.03947375245592055,0.18856570351940238,11.36200008392334,11.003449964523316,0.02819198991721447
2026-04-30,11.779999732971191,11.779999732971191,11.604999542236328,11.720000267028809,126300,-0.010970473439326112,0.0335097098172612,0.13510900566912065,11.438000106811524,11.073199987411499,0.027804128214513054
2026-05-01,11.699999809265137,11.8100004196167,11.59000015258789,11.729999542236328,24600,0.0008531804590183878,0.07614678465630709,0.12248801496018435,11.604000091552734,11.137199974060058,0.027803334084833972
2026-05-04,11.829999923706055,11.829999923706055,11.569999694824219,11.789999961853027,81000,0.0051151254866341755,0.04614014933168331,0.18611674643535436,11.707999992370606,11.229699993133545,0.02462567345270367
2026-05-05,12.0,12.180000305175781,11.942000389099121,12.180000305175781,104500,0.03307890963397919,0.06375550288830056,0.16666674279009852,11.854000091552734,11.31670002937317,0.023369183194704553
2026-05-06,12.1899995803833,12.300000190734863,12.020000457763672,12.109999656677246,129400,-0.005747179535684377,0.021940866399809522,0.14245275668548163,11.905999946594239,11.392199993133545,0.023496029004110533
2026-05-07,12.050000190734863,12.15999984741211,11.979999542236328,12.100000381469727,217500,-0.0008257040042115582,0.03242321721697827,0.17475729683519936,11.981999969482422,11.482200002670288,0.022087909807496756
2026-05-08,11.890000343322754,12.15999984741211,11.890000343322754,12.105999946594238,36900,0.0004958318128402972,0.03205459667786359,0.131401884335703,12.057200050354004,11.552500009536743,0.020933368557701306
2026-05-11,12.5,12.6850004196167,12.5,12.649999618530273,72900,0.04493636827489644,0.07294314329599705,0.1437612241038846,12.229199981689453,11.631999969482422,0.021839510915685353
2026-05-12,13.010000228881836,13.34000015258789,12.949999809265137,13.289999961853027,123500,0.050592914041297954,0.09113297445530955,0.1637477997430925,12.451199913024903,11.725499963760376,0.02327739242887131
2026-05-13,13.260000228881836,13.329999923706055,12.581000328063965,13.329999923706055,182100,0.003009778929107698,0.10074321235476846,0.16929827804894293,12.695199966430664,11.821999979019164,0.023198070487387423
2026-05-14,13.119999885559082,13.14799976348877,12.949999809265137,12.949999809265137,20900,-0.02850713553007045,0.0702478843799974,0.1635219834780426,12.865199851989747,11.912999963760376,0.023568024801630994
2026-05-15,12.710000038146973,13.199999809265137,12.710000038146973,13.180000305175781,95600,0.01776065631646495,0.08871636901697566,0.15209797103280853,13.079999923706055,12.0,0.023223025213649967
2026-05-18,12.8100004196167,12.899999618530273,12.628999710083008,12.850000381469727,71400,-0.02503792989871656,0.015810337468032953,0.13676579035886216,13.120000076293945,12.077300024032592,0.023970723014785564
2026-05-19,12.8100004196167,12.8100004196167,12.5600004196167,12.649999618530273,50800,-0.01556426124530419,-0.04815653462451319,0.11453737386502261,12.992000007629395,12.14229998588562,0.024480766635678546
2026-05-20,12.220000267028809,12.380000114440918,12.039999961853027,12.109999656677246,109800,-0.042687745307281366,-0.0915229012761779,0.06228070718466472,12.747999954223634,12.17779998779297,0.02677141292954513
2026-05-21,12.300000190734863,12.579999923706055,12.300000190734863,12.5,53400,0.03220481869359215,-0.03474902053227691,0.10229275412729044,12.657999992370605,12.235799980163574,0.027438543738171093
2026-05-22,12.529999732971191,12.755000114440918,12.529999732971191,12.675000190734863,44300,0.014000015258789134,-0.038315637537778,0.16284409489217277,12.556999969482423,12.324550008773803,0.025446102153493143
2026-05-26,13.039999961853027,13.039999961853027,12.729999542236328,12.880000114440918,112000,0.01617356375709611,0.002334609500436402,0.14285710659116702,12.56299991607666,12.405049991607665,0.02478975818580539
2026-05-27,12.8100004196167,12.89799976348877,12.75,12.875,39500,-0.0003882076394791101,0.017786591956899134,0.1244541672028483,12.607999992370605,12.47630000114441,0.024747648721610185
2026-05-28,12.899999618530273,13.149999618530273,12.899999618530273,13.149999618530273,86000,0.02135919367225414,0.08587943776526785,0.10970457343557571,12.815999984741211,12.541299962997437,0.024094780861802476
2026-05-29,13.0,13.149999618530273,12.869999885559082,12.9399995803833,67600,-0.015969585113223217,0.03519996643066414,0.10409550218071617,12.90399990081787,12.602299928665161,0.024299614181006235
2026-06-01,13.0,13.199999809265137,12.930000305175781,13.03499984741211,59500,0.007341597380947862,0.028402339349895778,0.1112532272892981,12.97599983215332,12.66754994392395,0.024281232899661293
2026-06-02,12.949999809265137,13.0,12.579999923706055,12.9399995803833,194800,-0.007288091150048581,0.004658343587676805,0.09754025634021524,12.987999725341798,12.725049924850463,0.024451181880257758
2026-06-03,12.34000015258789,12.789999961853027,12.34000015258789,12.619999885559082,52200,-0.024729498083549406,-0.01980583413133341,0.036124759389072114,12.936999702453614,12.747049903869629,0.02436729099752005
2026-06-04,12.449999809265137,12.760000228881836,12.3100004196167,12.65999984741211,57200,0.0031695691137683113,-0.03726234108993298,0.045417027772713725,12.83899974822998,12.774549913406371,0.02429847208026671
2026-06-05,12.630000114440918,12.800000190734863,12.630000114440918,12.699999809265137,22800,0.003159554686819721,-0.018547123562662082,0.049586728006576486,12.790999794006348,12.804549884796142,0.024286081526703925
2026-06-08,12.5,12.586000442504883,12.119999885559082,12.369999885559082,194900,-0.02598424635135088,-0.05101649172516498,0.021807363301625804,12.657999801635743,12.817749881744385,0.02512014544400537
2026-06-09,12.369999885559082,12.53600025177002,12.369999885559082,12.369999885559082,25800,0.0,-0.044049436886251736,-0.022134366910259495,12.543999862670898,12.803749895095825,0.022933516098623135
2026-06-10,12.489999771118164,12.770000457763672,12.399999618530273,12.5,103100,0.010509306034245158,-0.009508707341304823,-0.0594431876689695,12.519999885559082,12.764249897003173,0.019726764247884932
2026-06-11,12.5,12.630000114440918,12.399999618530273,12.520000457763672,26900,0.0016000366210937589,-0.011058403739006017,-0.060765151581275045,12.492000007629395,12.723749923706055,0.019707144986990246
2026-06-12,12.520000457763672,12.579999923706055,12.319999694824219,12.319999694824219,46900,-0.01597450124815547,-0.029921269302987996,-0.0486486582023099,12.41599998474121,12.69224991798401,0.01903946649862901
2026-06-15,12.09000015258789,12.310999870300293,11.850000381469727,11.989999771118164,201100,-0.026785708756526305,-0.030719492154930084,-0.09028835405946878,12.339999961853028,12.632749891281128,0.019172191024982358
2026-06-16,11.90999984741211,12.329999923706055,11.399999618530273,12.130000114440918,56600,0.011676425854485029,-0.019401760172879534,-0.05603114752176053,12.292000007629394,12.596749877929687,0.018861871339037235
2026-06-17,11.989999771118164,12.21500015258789,11.880000114440918,11.880000114440918,20100,-0.020610057513715252,-0.04959999084472655,-0.06086952785053257,12.168000030517579,12.558249902725219,0.019075406957861578
2026-06-18,11.739999771118164,11.800000190734863,11.1850004196167,11.569999694824219,101000,-0.026094311164178596,-0.075878652412537,-0.044591245017524095,11.977999877929687,12.531249904632569,0.01755701458083435
2026-06-22,11.550000190734863,11.6899995803833,11.550000190734863,11.579999923706055,42400,0.0008643240402426144,-0.06006491797471769,-0.07360000610351558,11.829999923706055,12.485249900817871,0.015623206278705634
2026-06-23,11.699999809265137,11.899999618530273,11.699999809265137,11.770000457763672,42400,0.01640764553621943,-0.01834856693529152,-0.07140037233551488,11.786000061035157,12.439999914169311,0.01577529193209033
2026-06-24,11.699999809265137,11.859999656677246,11.574999809265137,11.699999809265137,33100,-0.005947378570606787,-0.03544932408235191,-0.0916149297120562,11.7,12.380999898910522,0.015077611740104439
2026-06-25,11.430000305175781,11.5649995803833,11.319999694824219,11.399999618530273,71700,-0.025641042361154165,-0.04040408175814514,-0.11456313642483318,11.603999900817872,12.307249879837036,0.01574166733346466
2026-06-26,11.295000076293945,11.295000076293945,11.220000267028809,11.270000457763672,29000,-0.011403435536549766,-0.02592906179545973,-0.14296571979495787,11.544000053405762,12.213249921798706,0.01439789328798877
2026-06-29,11.579999923706055,11.654999732971191,11.550000190734863,11.630000114440918,28400,0.03194318030654997,0.004317805791389073,-0.10123643805431859,11.554000091552734,12.147749948501588,0.01672703219765364
2026-06-30,11.949999809265137,11.98799991607666,11.800000190734863,11.869999885559082,120000,0.02063626558525633,0.008496127774527684,-0.08937475838055486,11.573999977111816,12.089499950408936,0.01749763652353791
2026-07-01,11.920000076293945,12.119999885559082,11.920000076293945,12.052000045776367,6600,0.015332785338836086,0.030085490790562552,-0.06862438666173665,11.644400024414063,12.045099973678589,0.018032531971843065
2026-07-02,12.149999618530273,12.430000305175781,12.149999618530273,12.270000457763672,46200,0.0180883182176641,0.07631586564435011,-0.027733710853350302,11.818400192260743,12.027600002288818,0.017907440469331678
2026-07-06,12.779999732971191,13.0,12.777999877929688,12.960000038146973,97700,0.05623468252983743,0.1499555911037338,0.02369669781601047,12.156400108337403,12.042600011825561,0.02204934127091945
2026-07-07,12.869999885559082,12.979999542236328,12.739999771118164,12.760000228881836,24800,-0.015432084002812485,0.09716251963211953,0.004724442560457787,12.382400131225586,12.045600032806396,0.022360983578560215
2026-07-08,12.678000450134277,12.920000076293945,12.260000228881836,12.835000038146973,14300,0.005877727893403684,0.08129740201277502,0.03759095851979266,12.575400161743165,12.068850040435791,0.021495226973874865
2026-07-09,13.0,13.0,12.859999656677246,12.949999809265137,33400,0.008959857481602773,0.07451043478907682,0.04688762563232962,12.755000114440918,12.097850036621093,0.02154325846491212
2026-07-10,12.979999542236328,12.979999542236328,12.880000114440918,12.890000343322754,7500,-0.004633163461474021,0.05052973613923428,0.0312000274658204,12.879000091552735,12.11735005378723,0.021513475020673835
2026-07-13,13.029999732971191,13.949999809265137,13.029999732971191,13.329999923706055,138300,0.03413495490023233,0.028549373801698197,0.0646964406011743,12.95300006866455,12.15785002708435,0.022698568667607638
2026-07-14,13.520000457763672,13.520000457763672,13.069999694824219,13.100000381469727,18000,-0.017254279336288425,0.026645779505419798,0.06331174561418185,13.021000099182128,12.196850061416626,0.022757733975731203
2026-07-15,12.880000114440918,12.989999771118164,12.84000015258789,12.84000015258789,30900,-0.019847345138219397,0.00038956871258721826,0.0708924435109024,13.022000122070313,12.239350080490112,0.02232342553058506
2026-07-16,12.649999618530273,12.812000274658203,12.300000190734863,12.649999618530273,21000,-0.014797549205583405,-0.023166038235786446,0.04286887874554002,12.96200008392334,12.26535005569458,0.02260646401185491
2026-07-17,12.449999809265137,12.920000076293945,12.449999809265137,12.65999984741211,13000,0.0007905319512568898,-0.017843327368861517,0.06565654254691888,12.91599998474121,12.30435004234314,0.02196018846574016
2026-07-20,12.300000190734863,12.520000457763672,11.317999839782715,12.1899995803833,169500,-0.037124824067425566,-0.08552140659021146,0.053586854097881664,12.68799991607666,12.335350036621094,0.022860277383883798
2026-07-21,12.6899995803833,12.6899995803833,12.510000228881836,12.619999885559082,23700,0.03527484167167305,-0.036641258162833146,0.08981001456865179,12.591999816894532,12.387350034713744,0.023970185066733023
2026-07-22,12.510000228881836,12.75,12.510000228881836,12.510000228881836,8700,-0.008716296170740656,-0.025700928332118678,0.06287168584008418,12.525999832153321,12.424350023269653,0.023976043483801415
2026-07-23,12.729999542236328,12.899999618530273,12.670000076293945,12.680000305175781,26900,0.013589134547053572,0.0023715958537706694,0.08376072751168673,12.531999969482422,12.473350048065186,0.02397641563562324
2026-07-24,12.880000114440918,12.880000114440918,12.550000190734863,12.569999694824219,6700,-0.00867512679054605,-0.0071090168777757645,0.1026315890741043,12.513999938964844,12.531850051879882,0.023147100089780468
2026-07-27,12.399999618530273,12.710000038146973,12.380000114440918,12.380000114440918,6300,-0.015115321002078796,0.015586590697129754,0.0984915360773202,12.552000045776367,12.587350034713745,0.023301170753029826
2026-07-28,12.529999732971191,12.829999923706055,12.529999732971191,12.609999656677246,19400,0.018578315033134896,-0.0007924111705641668,0.0842647921404116,12.55,12.636350011825561,0.022669792922500927
2026-07-29,12.75,12.989999771118164,12.734000205993652,12.779999732971191,8500,0.013481370414148097,0.02158269377693589,0.07666384635093437,12.603999900817872,12.681850004196168,0.02245377069062352
2026-07-30,13.130000114440918,13.489999771118164,13.130000114440918,13.359999656677246,36700,0.045383406559055706,0.05362770781826387,0.10852967191609575,12.739999771118164,12.747249984741211,0.024194424784308728
2026-07-31,13.5600004196167,13.5600004196167,13.289999961853027,13.420000076293945,11400,0.004491049487917564,0.06762135259396396,0.09372449679108419,12.90999984741211,12.804749965667725,0.024010640204152334
2026-08-03,13.789999961853027,14.0,13.789999961853027,13.949999809265137,39500,0.039493273469306533,0.12681742167294963,0.0763888710034073,13.223999786376954,12.854249954223633,0.02235650079406943
2026-08-04,14.0,14.100000381469727,13.729999542236328,13.90999984741211,53700,-0.0028673808171997273,0.10309280143766597,0.09012536033716412,13.483999824523925,12.911749935150146,0.02195695280244725
2026-08-05,14.0600004196167,14.15999984741211,13.932999610900879,13.970000267028809,66600,0.004313473779646415,0.09311428473566608,0.08843009158617021,13.72199993133545,12.968499946594239,0.021954764637285858
2026-08-06,13.949999809265137,14.0,13.640000343322754,13.9399995803833,10300,-0.0021475079507560224,0.043413169057693324,0.07644785989957037,13.83799991607666,13.017999935150147,0.02197576593059918
2026-08-07,14.119999885559082,14.119999885559082,13.729999542236328,13.760000228881836,15100,-0.012912435933984168,0.025335331643439485,0.06749417086010845,13.905999946594239,13.0614999294281,0.022221917045750016
2026-08-10,13.899999618530273,14.119999885559082,13.748000144958496,13.800000190734863,106200,0.002906973923522793,-0.010752660973561312,0.0352588349376477,13.876000022888183,13.084999942779541,0.021021011991365145
2026-08-11,13.960000038146973,14.0,13.75,13.789999961853027,16300,-0.0007246542567840297,-0.008626878998953202,0.05267172215959026,13.852000045776368,13.119499921798706,0.0205461243905087
2026-08-12,13.729999542236328,13.9399995803833,13.630000114440918,13.670000076293945,17300,-0.008701949665774866,-0.021474601646422786,0.0646417378382016,13.792000007629394,13.16099991798401,0.020045475555340385
2026-08-13,13.770000457763672,14.164999961853027,13.770000457763672,13.890000343322754,19300,0.016093655142718433,-0.0035867459516216726,0.0980237756668445,13.782000160217285,13.222999954223633,0.019763655447786903
2026-08-14,13.930000305175781,14.3100004196167,13.930000305175781,14.286999702453613,20800,0.028581666617575552,0.03829937970971975,0.1285149979977358,13.887400054931641,13.304349946975709,0.020427527750886645
2026-08-17,14.1899995803833,14.345999717712402,14.0,14.0,28200,-0.020088171654705445,0.014492739601511984,0.1484824021265294,13.927400016784668,13.394849967956542,0.01881469455013356
2026-08-18,13.609999656677246,13.819999694824219,12.65999984741211,13.819999694824219,17100,-0.012857164655412978,0.0021754701272065358,0.09508714898153703,13.933399963378907,13.4548499584198,0.018086984518024877
2026-08-19,13.670000076293945,14.005000114440918,13.670000076293945,14.005000114440918,21100,0.013386427185377192,0.02450622064939978,0.11950438514841721,14.000399971008301,13.529599952697755,0.01789801031465721
2026-08-20,14.109999656677246,14.289999961853027,14.109999656677246,14.1899995803833,21000,0.013209529770130013,0.021598216677133797,0.11908511347520712,14.06039981842041,13.60509991645813,0.017889526391439044
2026-08-21,14.402000427246094,14.800000190734863,14.402000427246094,14.75,45900,0.039464442295746194,0.03240710486379261,0.17342882721575648,14.152999877929688,13.71409993171692,0.01904203595467518
2026-08-24,14.800000190734863,14.800000190734863,14.526000022888184,14.6899995803833,27500,-0.004067825058759245,0.04928568431309288,0.1865912313884257,14.290999794006348,13.829599905014039,0.018482154639611257
2026-08-25,14.729999542236328,15.149999618530273,14.699999809265137,15.0649995803833,75100,0.025527570504547015,0.09008682438866855,0.19468675579273964,14.539999771118165,13.95234990119934,0.018740156417519322
2026-08-26,15.369999885559082,15.369999885559082,14.90999984741211,15.0600004196167,34400,-0.00033183942289061186,0.07533026037521728,0.17840381332429311,14.75099983215332,14.066349935531616,0.018824468157710886
