date,price,return_1d,change_7d
2019-01-02,46.31,,
2019-01-03,46.92,0.01317210105808675,
2019-01-04,47.76,0.01790281329923271,
2019-01-07,48.27,0.010678391959799027,
2019-01-08,49.58,0.027139009736896424,
2019-01-09,52.19,0.05264219443323914,
2019-01-10,52.42,0.004406974516190987,
2019-01-11,51.44,-0.018695154521175206,0.11077521053768069
2019-01-14,50.31,-0.02196734059097971,0.07225063938618925
2019-01-15,51.8,0.029616378453587666,0.08458961474036841
2019-01-16,52.08,0.00540540540540535,0.07893101305158479
2019-01-17,51.83,-0.00480030721966207,0.04538120209762009
2019-01-18,53.6,0.034150106116149104,0.02701666986012663
2019-01-22,52.59,-0.01884328358208953,0.0032430370087752625
2019-01-23,52.44,-0.0028522532800914213,0.019440124416796323
2019-01-24,52.94,0.009534706331044918,0.052275889485191795
2019-01-25,53.53,0.01114469210426905,0.03339768339768345
2019-01-28,51.79,-0.03250513730618354,-0.0055683563748080145
2019-01-29,53.07,0.02471519598378058,0.02392436812656773
2019-01-30,54.18,0.02091577162238556,0.010820895522388074
2019-01-31,53.84,-0.00627537836840153,0.023768777334093993
2019-02-01,55.29,0.02693164933135206,0.05434782608695654
2019-02-04,54.57,-0.01302224633749316,0.030789573101624557
2019-02-05,53.69,-0.016126076598863892,0.0029889781430971762
2019-02-06,53.94,0.00465636058856389,0.04151380575400654
2019-02-07,52.68,-0.023359288097886455,-0.007348784624081395
2019-02-08,52.75,0.0013287775246773048,-0.026393503137689178
2019-02-11,52.43,-0.006066350710900448,-0.026188707280832113
2019-02-12,53.14,0.013541865344268489,-0.03888587448001446
2019-02-13,53.84,0.013172751223184065,-0.013377313542239255
2019-02-14,54.4,0.010401188707280795,0.013224064071521768
2019-02-15,55.58,0.02169117647058827,0.03040415276232844
2019-02-19,56.12,0.0097157250809643,0.06529992406985574
2019-02-20,56.9,0.013898788310762633,0.07867298578199056
2019-02-21,56.95,0.0008787346221441616,0.08621018500858302
2019-02-22,57.01,0.0010535557506583526,0.0728264960481746
2019-02-25,55.32,-0.029643922118926413,0.0274888558692421
2019-02-26,55.4,0.001446131597975464,0.018382352941176405
2019-02-27,56.92,0.02743682310469331,0.024109391867578323
2019-02-28,57.21,0.005094869992972484,0.01942266571632212
2019-03-01,55.76,-0.025345219367243543,-0.02003514938488582
2019-03-04,56.6,0.015064562410330051,-0.006145741878841093
2019-03-05,56.55,-0.0008833922261485272,-0.00806875986669009
2019-03-06,56.22,-0.005835543766578244,0.01626898047722336
2019-03-07,56.6,0.0067591604411241235,0.02166064981949467
2019-03-08,55.77,-0.01466431095406362,-0.0202037947997189
2019-03-11,56.79,0.018289402904787533,-0.007341373885684344
2019-03-12,56.89,0.0017608733932030773,0.020265423242467717
2019-03-13,58.27,0.02425733872385316,0.029505300353356967
2019-03-14,58.59,0.005491676677535695,0.036074270557029386
2019-03-15,58.51,-0.0013654207202594693,0.04073283528993232
2019-03-18,59.09,0.00991283541275001,0.04399293286219086
2019-03-19,59.12,0.000507700118463239,0.060068136991213716
2019-03-20,60.12,0.01691474966170503,0.058637083993660744
2019-03-21,59.98,-0.0023286759813706537,0.05431534540340999
2019-03-22,58.87,-0.018506168722907668,0.010296893770379123
2019-03-25,58.71,-0.0027178528962119586,0.0020481310803890374
2019-03-26,59.87,0.019758133197070205,0.023243889933344697
2019-03-27,59.39,-0.008017370970435866,0.005077001184633501
2019-03-28,59.29,-0.0016837851490150157,0.0028755074424899885
2019-03-29,60.19,0.015179625569236022,0.0011643379906853824
2019-04-01,61.59,0.02325967768732351,0.026842280760253523
2019-04-02,62.53,0.015262217892515029,0.06217088500084933
2019-04-03,62.46,-0.001119462657924175,0.06387327542156362
2019-04-04,62.12,-0.005443483829650986,0.037581426423918485
2019-04-05,63.1,0.01577591757887964,0.06246842902845606
2019-04-08,64.37,0.02012678288431058,0.08568055321302093
2019-04-09,64.05,-0.004971259903681968,0.06413025419504903
2019-04-10,64.62,0.008899297423887731,0.049196298100340874
2019-04-11,63.61,-0.015629835964097838,0.01727170957940194
2019-04-12,63.86,0.003930199654142541,0.022414345180915785
2019-04-15,63.43,-0.006733479486376481,0.021088216355441114
2019-04-16,64.01,0.00914393819959014,0.014421553090332884
2019-04-17,63.74,-0.004218090923293283,-0.009787167935373708
2019-04-18,64.02,0.004392845936617373,-0.0004683840749414303
2019-04-22,65.66,0.025616994689159567,0.016094088517486727
2019-04-23,66.24,0.008833384099908637,0.04134570036157825
2019-04-24,65.96,-0.004227053140096637,0.03288443470090807
2019-04-25,65.23,-0.011067313523347333,0.028377739240107225
2019-04-26,63.29,-0.029740916756093916,-0.011248242462115421
2019-04-29,63.39,0.0015800284405118603,-0.005491057420771939
2019-04-30,63.83,0.006941157911342533,-0.0029678225554513604
2019-05-01,63.55,-0.004386652044493178,-0.03213524215656416
2019-05-02,61.75,-0.028324154209284025,-0.06778381642512066
2019-05-03,61.98,0.003724696356275148,-0.06033959975742875
2019-05-06,62.3,0.00516295579219106,-0.04491798252337886
2019-05-07,61.41,-0.014285714285714346,-0.02970453468162426
2019-05-08,62.13,0.01172447484123107,-0.019876952200662545
2019-05-09,61.58,-0.008852406244970301,-0.03524988250039163
2019-05-10,61.65,0.0011367327054239151,-0.02989771833202204
2019-05-13,60.97,-0.011030008110300082,-0.012631578947368438
2019-05-14,61.82,0.013941282597998983,-0.0025814778960954188
2019-05-15,62.03,0.0033969589129732025,-0.004333868378812111
2019-05-16,62.93,0.014509108495889045,0.02475166910926574
2019-05-17,62.77,-0.002542507548069284,0.010300981812328969
2019-05-20,63.12,0.005575912059901045,0.025008119519324357
2019-05-21,63.02,-0.0015842839036754874,0.022222222222222365
2019-05-22,61.42,-0.025388765471278996,0.0073806790224701935
2019-05-23,57.65,-0.06138065776619994,-0.06745389841475258
2019-05-24,58.4,0.013009540329575131,-0.05852007093341938
2019-05-28,58.91,0.008732876712328697,-0.06388050214524077
2019-05-29,58.84,-0.0011882532676963375,-0.06260952684403376
2019-05-30,56.47,-0.04027872195785187,-0.10535487959442336
2019-05-31,53.49,-0.05277138303523987,-0.15122183433830527
2019-06-03,53.25,-0.0044868199663489206,-0.1330185607294041
2019-06-04,53.5,0.0046948356807512415,-0.07198612315698172
2019-06-05,51.57,-0.036074766355140175,-0.11695205479452053
2019-06-06,52.59,0.019778941244909864,-0.10728229502631126
2019-06-07,53.95,0.025860429739494206,-0.08310673011556768
2019-06-10,53.33,-0.011492122335495902,-0.055604745882769646
2019-06-11,53.3,-0.000562535158447397,-0.0035520658066929833
2019-06-12,51.13,-0.040712945590994254,-0.03981220657276996
2019-06-13,52.38,0.024447486798357065,-0.020934579439252254
2019-06-14,52.47,0.0017182130584192379,0.017452006980802848
2019-06-17,51.94,-0.010101010101010166,-0.012359764213728974
2019-06-18,53.86,0.036965729688101634,-0.0016682113067655324
2019-06-19,53.74,-0.002227998514667595,0.007687980498781277
2019-06-20,56.88,0.05842947525120956,0.06716697936210148
2019-06-21,57.35,0.008263009845288272,0.12165069430862507
2019-06-24,57.73,0.0066259808195290315,0.10213822069492151
2019-06-25,57.63,-0.0017322016282694808,0.09834190966266454
2019-06-26,59.17,0.026722193302099573,0.13919907585675784
2019-06-27,59.18,0.00016900456312307632,0.09877460081693279
2019-06-28,58.2,-0.016559648529908655,0.08299218459248237
2019-07-01,58.91,0.012199312714776589,0.03568917018284101
2019-07-02,56.0,-0.04939738584281106,-0.023539668700959027
2019-07-03,57.06,0.018928571428571406,-0.011605750909405743
2019-07-08,57.35,0.005082369435681633,-0.004858580600381801
2019-07-09,57.57,0.0038360941586748076,-0.02704073009971275
2019-07-10,60.28,0.047073128365468175,0.018587360594795488
2019-07-11,59.93,-0.0058062375580624215,0.029725085910652815
2019-07-12,59.99,0.0010011680293675607,0.01833305041588873
2019-07-15,59.3,-0.011501916986164429,0.05892857142857144
2019-07-16,57.44,-0.031365935919055676,0.00665965650192768
2019-07-17,56.5,-0.016364902506963763,-0.01482127288578905
2019-07-18,55.08,-0.02513274336283189,-0.0432516935904117
2019-07-19,55.42,0.006172839506172867,-0.0806237558062376
2019-07-22,55.87,0.008119812342114674,-0.06774570332054064
2019-07-23,56.58,0.012708072310721352,-0.0568428071345225
2019-07-24,55.9,-0.012018381053375715,-0.05733558178752107
2019-07-25,55.88,-0.00035778175313050387,-0.027158774373258976
2019-07-26,56.04,0.0028632784538296097,-0.00814159292035399
2019-07-29,56.85,0.014453961456102782,0.03213507625272327
2019-07-30,58.04,0.020932277924362364,0.04727535185853471
2019-07-31,58.53,0.008442453480358436,0.04761052443171665
2019-08-01,53.64,-0.08354689902614043,-0.051961823966065745
2019-08-02,55.67,0.03784489187173756,-0.004114490161001738
2019-08-05,54.63,-0.01868151607688162,-0.022369362920544034
2019-08-06,53.6,-0.018854109463664726,-0.043540328336902134
2019-08-07,51.14,-0.04589552238805972,-0.10043975373790681
2019-08-08,52.6,0.028549080954243244,-0.09372846312887662
2019-08-09,54.41,0.034410646387832644,-0.07039125234922272
2019-08-12,54.98,0.010476015438338537,0.024981357196122156
2019-08-13,57.05,0.037650054565296465,0.024788934794323536
2019-08-14,55.16,-0.03312883435582825,0.009701629141497303
2019-08-15,54.51,-0.011783901377809936,0.016977611940298454
2019-08-16,54.83,0.005870482480278882,0.07215486898709411
2019-08-19,56.24,0.025715848987780454,0.06920152091254761
2019-08-20,56.18,-0.001066856330014243,0.032530784782209166
2019-08-21,55.65,-0.009433962264150941,0.01218624954528913
2019-08-22,55.33,-0.0057502246181491135,-0.03014899211218225
2019-08-23,54.08,-0.02259172239291518,-0.019579405366207392
2019-08-26,53.54,-0.009985207100591698,-0.017794900018345272
2019-08-27,54.99,0.02708255509899149,0.002918110523436157
2019-08-28,55.76,0.014002545917439546,-0.008534850640113834
2019-08-29,56.67,0.016319942611190852,0.008721965112139518
2019-08-30,55.07,-0.02823363331568729,-0.01042228212039531
2019-09-03,53.91,-0.02106410023606331,-0.025664196638351733
2019-09-04,56.22,0.04284919309961044,0.039571005917159674
2019-09-05,56.33,0.001956599075062293,0.05211057153530074
2019-09-06,56.45,0.002130303568258496,0.02655028186943076
2019-09-09,57.88,0.02533215234720987,0.03802008608321383
2019-09-10,57.37,-0.008811333794056742,0.012352214575613196
2019-09-11,55.66,-0.02980651908663068,0.010713637189032177
2019-09-12,55.13,-0.009522098454904704,0.022630309775552027
2019-09-13,54.76,-0.006711409395973256,-0.02596940590537178
2019-09-16,63.1,0.15230094959824703,0.1201846263092492
2019-09-17,59.26,-0.060855784469096674,0.04977856510186007
2019-09-18,58.19,-0.018056024299696216,0.005355908776779383
2019-09-19,58.19,0.0,0.01429318459124973
2019-09-20,57.92,-0.004639972503866607,0.04060366510959401
2019-09-23,58.69,0.013294198895027476,0.0645746417558497
2019-09-24,57.22,-0.0250468563639461,0.044923301680058536
2019-09-25,56.38,-0.01468018175463115,-0.10649762282091912
2019-09-26,56.24,-0.0024831500532103146,-0.05096186297671268
2019-09-27,55.95,-0.005156472261735434,-0.03849458669874539
2019-09-30,54.09,-0.03324396782841821,-0.0704588417253823
2019-10-01,53.6,-0.009058975781105594,-0.074585635359116
2019-10-02,52.67,-0.017350746268656736,-0.10257284034758896
2019-10-03,52.41,-0.004936396430605727,-0.08406151695211472
2019-10-04,52.84,0.008204541118107311,-0.06278822277403329
2019-10-07,52.76,-0.0015140045420137804,-0.0618776671408251
2019-10-08,52.64,-0.0022744503411674666,-0.0591599642537981
2019-10-09,52.63,-0.0001899696048631716,-0.026992050286559488
2019-10-10,53.57,0.017860535816074385,-0.0005597014925373678
2019-10-11,54.76,0.02221392570468539,0.039681032846022424
2019-10-14,53.57,-0.021731190650109533,0.02213318069070791
2019-10-15,52.81,-0.01418704498786627,-0.0005677517032551815
2019-10-16,53.42,0.011550842643438752,0.012509476876421566
2019-10-17,53.89,0.008798202920254461,0.02374620060790278
2019-10-18,53.75,-0.00259788457969945,0.02128063841915262
2019-10-21,53.28,-0.008744186046511615,-0.0054134776927384776
2019-10-22,54.21,0.01745495495495497,-0.010043827611395106
2019-10-23,55.9,0.031175059952038398,0.043494493186484906
2019-10-24,56.11,0.0037567084078711233,0.062488165120242245
2019-10-25,56.52,0.007307075387631423,0.05803070011231748
2019-10-28,55.6,-0.016277423920736056,0.031731304509185376
2019-10-29,55.34,-0.004676258992805771,0.029581395348837303
2019-10-30,54.85,-0.008854354897000372,0.029466966966966934
2019-10-31,54.02,-0.015132178669097551,-0.0035048883969747147
2019-11-01,56.04,0.03739355794150301,0.002504472271914082
2019-11-04,56.33,0.005174875089221986,0.003920869720192455
2019-11-05,57.04,0.012604296112195934,0.009200283085633254
2019-11-06,56.15,-0.015603085553997253,0.009892086330935301
2019-11-07,56.91,0.013535173642030163,0.028370075894470492
2019-11-08,57.02,0.0019328764716219915,0.039562443026435856
2019-11-12,56.67,-0.006138197123816247,0.0490559052202888
2019-11-13,56.88,0.0037056643726840477,0.014989293361884481
2019-11-14,56.57,-0.005450070323488099,0.004260607136516992
2019-11-15,57.54,0.017146897648930404,0.008765778401121915
2019-11-18,56.82,-0.012513034410844615,0.011932324131789906
2019-11-19,54.93,-0.033262935586061304,-0.034791776489193404
2019-11-20,56.71,0.03240487893682875,-0.005436688881094387
2019-11-21,58.36,0.029095397637101117,0.029821775189694755
2019-11-22,57.68,-0.011651816312542862,0.014064697609001309
2019-11-25,57.79,0.0019070735090152002,0.021566201166696164
2019-11-26,58.25,0.00795985464613258,0.012339242266249606
2019-11-27,58.12,-0.0022317596566524545,0.02287926786342842
2019-11-29,58.12,0.0,0.058073912251956905
2019-12-02,55.97,-0.03699242945629733,-0.01304884500088166
2019-12-03,56.15,0.0032160085760228885,-0.03786840301576422
2019-12-04,58.46,0.04113980409617102,0.013522884882108288
2019-12-05,58.42,-0.0006842285323297448,0.010901540058833703
2019-12-06,59.2,0.013351591920575112,0.016309012875536544
2019-12-09,58.99,-0.0035472972972973027,0.01496902959394375
2019-12-10,59.22,0.003898965926428133,0.01892635925671038
2019-12-11,58.74,-0.008105369807497431,0.049490798642129796
2019-12-12,59.18,0.0074906367041198685,0.0539626001780944
2019-12-13,60.11,0.015714768502872678,0.028224426958604054
2019-12-16,60.21,0.0016636167027117565,0.030640191715165965
2019-12-17,60.88,0.011127719647899159,0.02837837837837842
2019-12-18,60.93,0.0008212877792377338,0.032886929988133584
2019-12-19,61.3,0.006072542261611691,0.03512326916582231
2019-12-20,60.43,-0.01419249592169658,0.028770854613551222
2019-12-23,60.51,0.0013238457719675356,0.022473808719161825
2019-12-24,61.17,0.010907288051561714,0.017634337048743953
2019-12-26,61.72,0.0089913356220368,0.02507889054974255
2019-12-27,61.76,0.0006480881399870686,0.014454664914586024
2019-12-30,61.66,-0.0016191709844559643,0.011980961759396003
2019-12-31,61.14,-0.008433344145312938,-0.002610114192495905
2020-01-02,61.17,0.0004906771344455052,0.012245573390700093
2020-01-03,63.0,0.029916625796959195,0.04115022310361938
2020-01-06,63.27,0.004285714285714226,0.034330554193231944
2020-01-07,62.7,-0.009009009009009028,0.015878159429682404
2020-01-08,59.65,-0.04864433811802238,-0.034164507772020736
2020-01-09,59.56,-0.001508801341156718,-0.03405773597145634
2020-01-10,59.02,-0.00906648757555406,-0.034674517500817736
2020-01-13,58.17,-0.014401897661809548,-0.04904364884747425
2020-01-14,58.34,0.002922468626439745,-0.0739682539682539
2020-01-15,57.86,-0.008227631127871171,-0.08550655919076977
2020-01-16,58.52,0.011406844106463865,-0.06666666666666665
2020-01-17,58.55,0.0005126452494872424,-0.018440905280804665
2020-01-21,58.25,-0.005123825789923098,-0.021994627266621936
2020-01-22,56.76,-0.025579399141630987,-0.03829210437139963
2020-01-23,55.51,-0.022022551092318543,-0.04572803850782192
2020-01-24,54.09,-0.02558097640064838,-0.07284881727802539
2020-01-27,53.09,-0.018487705675725663,-0.08244037331489795
2020-01-28,53.33,0.004520625353173768,-0.08868762816131248
2020-01-29,53.29,-0.0007500468779298997,-0.08983774551665236
2020-01-30,52.19,-0.020641771439294465,-0.10403433476394852
2020-01-31,51.58,-0.011688062847288738,-0.09126145172656797
2020-02-03,50.06,-0.029468786351298903,-0.09818050801657352
2020-02-04,49.59,-0.009388733519776205,-0.08319467554076543
2020-02-05,50.87,0.02581165557572085,-0.0418157845168583
2020-02-06,50.94,0.0013760566149008113,-0.04481530095630981
2020-02-07,50.34,-0.011778563015311994,-0.05535747795083501
2020-02-10,49.59,-0.014898688915375491,-0.0498179727917224
2020-02-11,50.0,0.008267795926597987,-0.03063202791779751
2020-02-12,51.13,0.022599999999999953,0.021374350779065132
2020-02-13,51.41,0.005476237042831844,0.03670094777172794
2020-02-14,52.03,0.012059910523244621,0.022803223904069192
2020-02-18,52.1,0.0013453776667307071,0.02277188849627021
2020-02-19,53.31,0.023224568138195734,0.05899880810488667
2020-02-20,53.77,0.008628775089101426,0.08429118773946365
2020-02-21,53.36,-0.007625069741491575,0.06719999999999993
2020-02-24,51.36,-0.03748125937031488,0.00449833757089757
2020-02-25,49.78,-0.030763239875389425,-0.031705893794981455
2020-02-26,48.67,-0.022298111691442357,-0.06457812800307516
2020-02-27,47.17,-0.03081980686254371,-0.09462571976967371
2020-02-28,44.83,-0.04960780156879374,-0.15906959294691436
2020-03-02,46.78,0.043497657818425184,-0.12999814022689238
2020-03-03,47.27,0.010474561778537783,-0.11413043478260865
2020-03-04,46.78,-0.010365982652845385,-0.08917445482866038
2020-03-05,45.9,-0.018811457887986327,-0.07794294897549225
2020-03-06,41.14,-0.10370370370370363,-0.15471543044996916
2020-03-09,31.05,-0.24526008750607675,-0.34174263302946795
2020-03-10,34.47,0.11014492753623184,-0.23109524871737674
2020-03-11,33.13,-0.03887438352190298,-0.2917913638306968
2020-03-12,31.56,-0.047389073347419375,-0.3323460968902052
2020-03-13,31.72,0.005069708491761693,-0.3219324497648568
2020-03-16,28.96,-0.08701134930643117,-0.3690631808278867
2020-03-17,26.96,-0.06906077348066297,-0.3446767136606709
2020-03-18,20.48,-0.24035608308605338,-0.3404186795491143
2020-03-19,25.09,0.22509765625,-0.27212068465332173
2020-03-20,19.48,-0.223595057791949,-0.41201328101418655
2020-03-23,23.33,0.19763860369609842,-0.26077313054499374
2020-03-24,21.03,-0.09858551221603074,-0.3370113493064312
2020-03-25,20.75,-0.013314312886352875,-0.28349447513812154
2020-03-26,16.6,-0.19999999999999996,-0.38427299703264095
2020-03-27,15.48,-0.06746987951807237,-0.244140625
2020-03-30,14.1,-0.08914728682170547,-0.4380231167795935
2020-03-31,20.51,0.45460992907801434,0.05287474332648867
2020-04-01,20.28,-0.011214041930765473,-0.13073296185169303
2020-04-02,25.18,0.2416173570019724,0.1973371374227293
2020-04-03,28.36,0.12629070691024613,0.36674698795180727
2020-04-06,26.21,-0.07581100141043717,0.5789156626506022
2020-04-07,23.54,-0.10186951545211753,0.520671834625323
2020-04-08,24.97,0.06074766355140193,0.7709219858156029
2020-04-09,22.9,-0.08289947937525033,0.11652852267186731
2020-04-13,22.36,-0.02358078602620084,0.10256410256410242
2020-04-14,20.15,-0.09883720930232565,-0.19976171564733924
2020-04-15,19.96,-0.009429280397022177,-0.29619181946403383
2020-04-16,19.82,-0.007014028056112287,-0.24380007630675316
2020-04-17,18.31,-0.07618567103935425,-0.22217502124044186
2020-04-20,-36.98,-3.0196613872200984,-2.480977172607129
2020-04-21,8.91,-1.2409410492157924,-0.6109170305676855
2020-04-22,13.64,0.5308641975308643,-0.38998211091234347
2020-04-23,15.06,0.10410557184750724,-0.2526054590570719
2020-04-24,15.99,0.06175298804780871,-0.19889779559118237
2020-04-27,12.17,-0.23889931207004378,-0.3859737638748739
2020-04-28,12.4,0.01889893179950697,-0.32277444019661383
2020-04-29,15.04,0.2129032258064516,-1.406706327744727
2020-04-30,19.23,0.27859042553191493,1.1582491582491583
2020-05-01,19.72,0.02548101924076951,0.4457478005865101
2020-05-04,20.47,0.038032454361054846,0.3592297476759627
2020-05-05,24.56,0.19980459208597945,0.5359599749843651
2020-05-06,23.88,-0.027687296416938123,0.9622021364009861
2020-05-07,23.68,-0.008375209380234505,0.9096774193548387
2020-05-08,24.73,0.04434121621621623,0.6442819148936172
2020-05-11,24.02,-0.028710068742418104,0.24908996359854396
2020-05-12,25.76,0.07243963363863459,0.3062880324543613
2020-05-13,25.37,-0.015139751552795011,0.2393746946751345
2020-05-14,27.4,0.08001576665352772,0.11563517915309451
2020-05-15,29.44,0.07445255474452561,0.23283082077051942
2020-05-18,31.83,0.08118206521739113,0.34417229729729715
2020-05-19,32.3,0.014765944077913984,0.30610594419733106
2020-05-20,33.56,0.03900928792569669,0.3971690258118237
2020-05-21,34.3,0.022050059594755478,0.3315217391304346
2020-05-22,33.49,-0.023615160349854114,0.3200630666141111
2020-05-26,34.7,0.036130188115855555,0.26642335766423364
2020-05-27,32.8,-0.05475504322766589,0.11413043478260865
2020-05-28,33.67,0.026524390243902518,0.05780710021991853
2020-05-29,35.57,0.056430056430056386,0.10123839009287927
2020-06-01,35.49,-0.0022490863086870316,0.05750893921334921
2020-06-02,36.88,0.039165962242885266,0.07521865889212842
2020-06-03,37.33,0.012201735357917354,0.1146610928635412
2020-06-04,37.42,0.002410929547281171,0.0783861671469741
2020-06-05,39.49,0.055318011758417995,0.20396341463414647
2020-06-08,38.17,-0.03342618384401119,0.13365013365013367
2020-06-09,38.98,0.021220854073879858,0.0958673039077873
2020-06-10,39.54,0.014366341713699438,0.11411665257819092
2020-06-11,36.43,-0.0786545270612038,-0.012201735357917687
2020-06-12,36.24,-0.005215481745813877,-0.029199035628180936
2020-06-15,37.07,0.02290286975717426,-0.009353287012292877
2020-06-16,38.26,0.032101429727542374,-0.03114712585464685
2020-06-17,37.91,-0.009147935180345068,-0.006811632171862869
2020-06-18,38.79,0.023212872592983436,-0.004874294510005095
2020-06-19,39.72,0.023975251353441696,0.004552352048558417
2020-06-22,40.6,0.022155085599194324,0.11446609936865215
2020-06-23,40.4,-0.0049261083743843415,0.11479028697571736
2020-06-24,37.91,-0.06163366336633669,0.022659832748853415
2020-06-25,38.66,0.019783698232656244,0.010454783063251316
2020-06-26,38.53,-0.0033626487325399967,0.016354523872329274
2020-06-29,39.67,0.02958733454451079,0.022686259345192195
2020-06-30,39.27,-0.010083186286866663,-0.01132930513595154
2020-07-01,39.88,0.01553348612172134,-0.017733990147783207
2020-07-02,40.57,0.01730190571715129,0.004207920792079323
2020-07-06,40.51,-0.0014789253142717396,0.06858348720654184
2020-07-07,40.59,0.0019748210318442094,0.04992240041386453
2020-07-08,40.91,0.007883715200788233,0.061770049312224184
2020-07-09,39.64,-0.031043754583231387,-0.0007562389715149997
2020-07-10,40.56,0.023208879919273562,0.032849503437738736
2020-07-13,40.06,-0.012327416173570027,0.004513540621865486
2020-07-14,40.3,0.0059910134797802606,-0.006655163914222384
2020-07-15,41.2,0.022332506203474045,0.017032831399654613
2020-07-16,40.74,-0.011165048543689382,0.003695491500369519
2020-07-17,40.55,-0.004663721158566614,-0.008799804448790027
2020-07-20,40.83,0.006905055487053113,0.030020181634712317
2020-07-21,41.76,0.022777369581190365,0.029585798816567976
2020-07-22,41.88,0.00287356321839094,0.04543185222166746
2020-07-23,40.99,-0.021251193887297015,0.017121588089330064
2020-07-24,41.23,0.005855086606489257,0.0007281553398057472
2020-07-27,41.46,0.005578462284744123,0.01767304860088359
2020-07-28,40.89,-0.01374819102749636,0.00838471023427867
2020-07-29,41.13,0.005869405722670695,0.0073475385745775945
2020-07-30,39.85,-0.031120836372477534,-0.04573754789272022
2020-07-31,40.1,0.006273525721455453,-0.04250238777459414
2020-08-03,40.83,0.018204488778054806,-0.003903391070993023
2020-08-04,41.67,0.020573108008817176,0.01067184089255413
2020-08-05,42.25,0.013918886489080906,0.019054510371442346
2020-08-06,41.93,-0.007573964497041397,0.025434091464905828
2020-08-07,41.16,-0.018363939899833093,0.0007293946024797826
2020-08-10,41.94,0.01895043731778423,0.05244667503136746
2020-08-11,41.53,-0.009775870290891664,0.03566084788029933
2020-08-12,42.6,0.02576450758487847,0.04335047759000732
2020-08-13,42.26,-0.007981220657277022,0.014158867290616772
2020-08-14,42.05,-0.004969238050165692,-0.004733727810650956
2020-08-17,42.89,0.019976218787158162,0.022895301693298453
2020-08-18,42.89,0.0,0.04203109815354722
2020-08-19,42.91,0.0004663091629748539,0.023128278493085297
2020-08-20,42.62,-0.0067583313912840115,0.026246087165904042
2020-08-21,42.32,-0.007038948850304982,-0.0065727699530516714
2020-08-24,42.44,0.002835538752362865,0.004259346900141958
2020-08-25,43.17,0.017200754005655128,0.02663495838287755
2020-08-26,43.21,0.0009265693768820693,0.007460946607600771
2020-08-27,42.88,-0.007637121036797034,-0.00023315458148742696
2020-08-28,42.96,0.001865671641791078,0.0011652295502215804
2020-08-31,42.61,-0.008147113594040967,-0.0002346316283434735
2020-09-01,42.76,0.0035203003989674464,0.010396975425330801
2020-09-02,42.76,0.0,0.007540056550424223
2020-09-03,41.39,-0.03203928905519171,-0.041232337271253194
2020-09-04,39.69,-0.04107272287992281,-0.08146262439250185
2020-09-08,36.87,-0.07105064247921389,-0.14015858208955234
2020-09-09,38.05,0.03200433957146731,-0.11429236499068907
2020-09-10,37.25,-0.021024967148488782,-0.1257920675897677
2020-09-11,37.33,0.0021476510067113264,-0.12698783910196443
2020-09-14,37.23,-0.0026788106080900542,-0.1293264733395697
2020-09-15,38.29,0.02847166263765777,-0.07489731819280021
2020-09-16,40.17,0.04909898145729952,0.012093726379440728
2020-09-17,40.99,0.0204132437142146,0.11174396528342845
2020-09-18,41.09,0.0024396194193705423,0.07989487516425764
2020-09-21,39.26,-0.04453638354830869,0.05395973154362421
2020-09-22,39.55,0.007386653082017247,0.05946959549959807
2020-09-23,39.92,0.00935524652338815,0.07225355895782992
2020-09-24,40.11,0.004759519038076032,0.04753199268738584
2020-09-25,40.06,-0.001246571927200124,-0.002738361961662883
2020-09-28,40.47,0.010234648027958038,-0.01268602098072713
2020-09-29,39.03,-0.0355819125277983,-0.050133852518861044
2020-09-30,40.05,0.02613374327440421,0.02012226184411614
2020-10-01,38.51,-0.038451935081148525,-0.0262958280657396
2020-10-02,36.9,-0.04180732277330568,-0.07565130260521047
2020-10-05,39.12,0.060162601626016166,-0.024682124158563967
2020-10-06,40.52,0.03578732106339477,0.011482775836245684
2020-10-07,39.82,-0.01727541954590328,-0.01606127996046447
2020-10-08,41.04,0.030637870416875934,0.051498847040737816
2020-10-09,40.44,-0.014619883040935755,0.009737827715355918
2020-10-12,39.22,-0.030168150346191913,0.018436769670215458
2020-10-13,40.03,0.02065272819989805,0.08482384823848244
2020-10-14,40.86,0.02073444916312761,0.04447852760736204
2020-10-15,40.84,-0.0004894762604013003,0.007897334649555887
2020-10-16,40.7,-0.003428011753183191,0.02209944751381232
2020-10-19,40.69,-0.0002457002457003643,-0.008528265107212496
2020-10-20,41.37,0.016711722782010385,0.022997032640949655
2020-10-21,39.88,-0.03601643703166535,0.01682814890362061
2020-10-22,40.46,0.014543630892678072,0.010741943542343257
2020-10-23,39.73,-0.018042511122095983,-0.027655408712677465
2020-10-26,38.39,-0.03372766171658692,-0.05999020568070523
2020-10-27,39.34,0.024746027611357135,-0.03341523341523345
2020-10-28,37.27,-0.05261820030503306,-0.08405013516834592
2020-10-29,35.94,-0.03568553796619278,-0.1312545322697607
2020-10-30,35.64,-0.008347245409014992,-0.10631895687061188
2020-11-02,36.6,0.026936026936027035,-0.09540286702916456
2020-11-03,37.44,0.022950819672131084,-0.05763906367983884
2020-11-04,38.97,0.04086538461538458,0.015108101067986324
2020-11-05,38.56,-0.01052091352322293,-0.019827147941027023
2020-11-06,36.97,-0.04123443983402497,-0.008049369466058609
2020-11-09,40.05,0.08331079253448737,0.11435726210350583
2020-11-10,41.18,0.028214731585518127,0.15544332210998868
2020-11-11,41.23,0.0012141816415736084,0.12650273224043707
2020-11-12,40.9,-0.008003880669415486,0.09241452991453003
2020-11-13,39.93,-0.023716381418092847,0.024634334103156297
2020-11-16,41.14,0.030303030303030276,0.06690871369294604
2020-11-17,41.24,0.002430724355858116,0.1154990532864486
2020-11-18,41.64,0.009699321047526688,0.03970037453183539
2020-11-19,41.57,-0.001681075888568695,0.009470616804273968
2020-11-20,41.99,0.010103439980755358,0.018433179723502446
2020-11-23,42.91,0.02190997856632526,0.049144254278728594
2020-11-24,44.71,0.04194826380797023,0.11970949161031808
2020-11-25,45.58,0.01945873406396781,0.1079241614000972
2020-11-30,45.2,-0.008336989907854253,0.09602327837051416
2020-12-01,44.54,-0.014601769911504525,0.06964457252641698
2020-12-02,45.23,0.015491692860350126,0.08804426268943932
2020-12-03,45.65,0.009285872208711021,0.08716361038342457
2020-12-04,46.23,0.01270536692223434,0.07737124213470059
2020-12-07,45.72,-0.011031797534068799,0.022590024602997083
2020-12-08,45.64,-0.0017497812773402677,0.0013163668275559814
2020-12-09,45.48,-0.0035056967572305586,0.00619469026548658
2020-12-10,46.76,0.028144239226033374,0.049842837898518066
2020-12-11,46.59,-0.0036355859709151783,0.030068538580588333
2020-12-14,47.02,0.009229448379480587,0.030010952902519206
2020-12-15,47.58,0.011909825606124969,0.029201817001946795
2020-12-16,47.86,0.005884825556956796,0.04680664916885391
2020-12-17,48.34,0.0100292519849563,0.05915863277826472
2020-12-18,49.04,0.014480761274306975,0.07827616534740556
2020-12-21,47.79,-0.025489396411092935,0.02202737382378106
2020-12-22,47.02,-0.01611215735509508,0.009229448379480587
2020-12-23,47.94,0.019566142067205305,0.019566142067205305
2020-12-24,48.18,0.005006257822277815,0.012610340479193072
2020-12-28,47.5,-0.01411374014113742,-0.007521938988717114
2020-12-29,47.85,0.007368421052631691,-0.010136532892014882
2020-12-30,48.24,0.008150470219435713,-0.01631321370309946
2020-12-31,48.35,0.002280265339966725,0.011717932621887472
2021-01-04,47.47,-0.018200620475698037,0.009570395576350421
2021-01-05,49.78,0.04866231303981472,0.038381309970796806
2021-01-06,50.45,0.013459220570510189,0.047114985471149895
2021-01-07,50.63,0.00356788899900895,0.06589473684210523
2021-01-08,52.14,0.029824214892356204,0.08965517241379306
2021-01-11,52.15,0.0001917913310318653,0.08105306799336653
2021-01-12,53.08,0.017833173537871616,0.09782833505687694
2021-01-13,52.81,-0.005086661642803247,0.11249210027385725
2021-01-14,53.47,0.012497633024048493,0.07412615508236242
2021-01-15,52.25,-0.02281653263512251,0.03567888999008906
2021-01-19,52.87,0.011866028708134024,0.0442425439462768
2021-01-20,53.16,0.005485152260261028,0.019562715765247374
2021-01-21,53.0,-0.0030097817908201208,0.016299137104506256
2021-01-22,52.28,-0.013584905660377289,-0.015071590052750494
2021-01-25,52.78,0.009563886763580776,-0.0005680742283659113
2021-01-26,52.61,-0.003220917014020497,-0.016083785300168296
2021-01-27,52.81,0.0038015586390420797,0.010717703349282237
2021-01-28,52.26,-0.010414694186707152,-0.011537734064686944
2021-01-29,52.16,-0.0019135093761959432,-0.018811136192626088
2021-02-01,53.55,0.026648773006134885,0.01037735849056598
2021-02-02,54.77,0.022782446311858218,0.047628156082631934
2021-02-03,55.67,0.016432353478181394,0.05475558923834778
2021-02-04,56.19,0.00934075803844081,0.06804789963885183
2021-02-05,56.8,0.010856024203594883,0.07555387237265654
2021-02-08,57.95,0.020246478873239493,0.1088786835055493
2021-02-09,58.34,0.006729939603106194,0.1184815950920246
2021-02-10,58.69,0.005999314364072639,0.09598506069094315
2021-02-11,58.22,-0.008008178565343305,0.0629906883330289
2021-02-12,59.5,0.02198557196839568,0.06879827555236218
2021-02-16,60.07,0.00957983193277312,0.06905143263925972
2021-02-17,61.09,0.016980189778591726,0.07552816901408455
2021-02-18,60.4,-0.01129481093468665,0.04227782571182037
2021-02-19,59.12,-0.021192052980132492,0.013369900582790528
2021-02-22,61.67,0.04313261163734783,0.05077525983983655
2021-02-23,61.66,-0.00016215339711378451,0.059086224665063414
2021-02-24,63.21,0.02513785274083702,0.0623529411764705
2021-02-25,63.43,0.0034804619522226243,0.055934742800066495
2021-02-26,61.55,-0.02963897209522315,0.0075298739564575445
2021-03-01,60.54,-0.01640942323314376,0.0023178807947019653
2021-03-02,59.7,-0.013875123885034646,0.009810554803789007
2021-03-03,61.33,0.027303182579564433,-0.005513215501864788
2021-03-04,63.81,0.040436980270667,0.034868634446967306
2021-03-05,66.08,0.03557436138536274,0.04540420819490576
2021-03-08,65.03,-0.01588983050847448,0.025224657102317583
2021-03-09,64.02,-0.015531293249269607,0.04012997562956944
2021-03-10,64.45,0.00671665104654795,0.0645853980839115
2021-03-11,66.02,0.02435996896819237,0.10586264656616406
2021-03-12,65.59,-0.006513177824901462,0.06946029675525844
2021-03-15,65.36,-0.003506632108553176,0.02429086350101861
2021-03-16,64.82,-0.008261933904528895,-0.019067796610169552
2021-03-17,64.55,-0.004165381055229789,-0.0073812086729202475
2021-03-18,59.95,-0.07126258714175049,-0.06357388316151191
2021-03-19,61.43,0.02468723936613837,-0.04685802948021722
2021-03-22,61.48,0.0008139345596613889,-0.06876704029082092
2021-03-23,57.75,-0.060670136629798255,-0.11953041622198513
2021-03-24,61.12,0.05835497835497838,-0.06487148102815177
2021-03-25,58.47,-0.043357329842931946,-0.09796359148410971
2021-03-26,60.93,0.04207285787583381,-0.05608055770720366
2021-03-29,61.49,0.009190874774331226,0.025688073394495303
2021-03-30,60.55,-0.015287038542852627,-0.014325248250040779
2021-03-31,59.19,-0.022460776218001688,-0.037247885491216604
2021-04-01,61.41,0.037506335529650325,0.06337662337662331
2021-04-05,58.73,-0.04364110079791561,-0.03910340314136129
2021-04-06,59.34,0.010386514558147653,0.014879425346331576
2021-04-07,59.77,0.007246376811594235,-0.019038240603971746
2021-04-08,59.61,-0.0026769282248619852,-0.03057407708570503
2021-04-09,59.29,-0.005368226807582643,-0.020809248554913284
2021-04-12,59.7,0.006915162759318694,0.0086163203243792
2021-04-13,60.2,0.008375209380234505,-0.019703631330402094
2021-04-14,63.15,0.04900332225913617,0.07525966286395369
2021-04-15,63.42,0.004275534441805284,0.06875631951466121
2021-04-16,63.16,-0.004099653106275691,0.05671741676426301
2021-04-19,63.33,0.002691576947435159,0.06240563663814802
2021-04-20,62.61,-0.0113690194220748,0.05599595209984831
2021-04-21,61.34,-0.02028429963264644,0.02747068676716924
2021-04-22,61.45,0.001793283338767493,0.020764119601328845
2021-04-23,62.18,0.011879576891781873,-0.015360253365003906
2021-04-26,62.02,-0.002573174654229571,-0.02207505518763797
2021-04-27,63.03,0.016285069332473423,-0.0020582647245090957
2021-04-28,63.81,0.012375059495478347,0.007579346281383348
2021-04-29,65.0,0.018649114558846547,0.03817281584411436
2021-04-30,63.5,-0.023076923076923106,0.035213563743071274
2021-05-03,64.46,0.015118110236220339,0.048982912937347356
2021-05-04,65.72,0.01954700589512881,0.056931489224831155
2021-05-05,65.63,-0.0013694461351186904,0.058207029990325676
2021-05-06,64.73,-0.013713240895931622,0.02697128351578626
2021-05-07,64.96,0.003553221072145618,0.018022253565271873
2021-05-10,64.92,-0.0006157635467979317,-0.0012307692307692575
2021-05-11,65.31,0.00600739371534198,0.028503937007874125
2021-05-12,65.96,0.009952534068289554,0.02327024511324849
2021-05-13,63.82,-0.032443905397210315,-0.02891052951917228
2021-05-14,65.32,0.023503603885929092,-0.004723449641932054
2021-05-17,66.24,0.014084507042253502,0.023327668778000854
2021-05-18,65.49,-0.011322463768115965,0.008158866995073843
2021-05-19,63.28,-0.033745610016796324,-0.025261860751694454
2021-05-20,61.95,-0.021017699115044253,-0.05144694533762062
2021-05-21,63.61,0.026795803066989476,-0.035627653123104785
2021-05-24,66.13,0.039616412513755694,0.036195549984330944
2021-05-25,66.27,0.0021170421896266056,0.014543784445805397
2021-05-26,66.41,0.0021125697902519835,0.002566425120772875
2021-05-27,66.87,0.006926667670531739,0.021071919377004367
2021-05-28,66.31,-0.008374457903394639,0.047882427307206044
2021-06-01,67.8,0.022470215653747516,0.09443099273607736
2021-06-02,68.79,0.014601769911504636,0.08143373683383137
2021-06-03,68.81,0.00029073993312977997,0.040526236201421595
2021-06-04,69.57,0.011044906263624421,0.04979628791308288
2021-06-07,69.21,-0.005174644243208237,0.04216232495106165
2021-06-08,70.11,0.013003901170351106,0.048452220726783235
2021-06-09,69.9,-0.002995293110825803,0.05413964711204944
2021-06-10,70.34,0.006294706723891208,0.037463126843657824
2021-06-11,71.0,0.009382996872334237,0.03212676261084457
2021-06-14,70.94,-0.0008450704225352323,0.030954803080947446
2021-06-15,72.06,0.015787989850577944,0.03579128934885745
2021-06-16,72.03,-0.00041631973355538143,0.040745557000433585
2021-06-17,71.06,-0.013466611134249629,0.013550135501354976
2021-06-18,71.64,0.00816211652124954,0.02489270386266096
2021-06-21,73.64,0.027917364600781758,0.04691498436167185
2021-06-22,73.15,-0.0066539923954371805,0.03028169014084514
2021-06-23,73.11,-0.0005468215994532954,0.030589230335494877
2021-06-24,73.31,0.0027356038845576247,0.01734665556480719
2021-06-25,74.21,0.012276633474287202,0.03026516729140627
2021-06-28,72.98,-0.016574585635358963,0.027019420208274747
2021-06-29,73.14,0.0021923814743765035,0.020938023450586263
2021-06-30,73.52,0.005195515449822219,-0.0016295491580663457
2021-07-01,75.33,0.02461915125136027,0.029801777170198163
2021-07-02,75.37,0.0005309969467677256,0.030912323895500027
2021-07-06,73.62,-0.023218787315908207,0.004228618196699063
2021-07-07,72.22,-0.019016571583808872,-0.02681579301980863
2021-07-08,72.98,0.010523400720022336,0.0
2021-07-09,74.56,0.021649767059468417,0.019414820891441087
2021-07-12,74.21,-0.004694206008583834,0.009385201305767144
2021-07-13,75.24,0.013879531060503991,-0.0011947431302270495
2021-07-14,73.06,-0.02897395002658154,-0.030648799256998815
2021-07-15,71.67,-0.019025458527237915,-0.026487367563162167
2021-07-16,71.76,0.0012557555462537895,-0.006369426751592244
2021-07-19,66.45,-0.07399665551839463,-0.0894765689229926
2021-07-20,67.32,0.013092550790067659,-0.0971030042918456
2021-07-21,70.26,0.0436720142602498,-0.053227327853388906
2021-07-22,72.15,0.02690008539709643,-0.04106858054226459
2021-07-23,72.24,0.001247401247401081,-0.011223651793046963
2021-07-26,72.15,-0.001245847176079562,0.006697362913352878
2021-07-27,71.68,-0.006514206514206533,-0.0011148272017836858
2021-07-28,72.37,0.009626116071428603,0.08908954100827682
2021-07-29,73.62,0.01727235042144537,0.09358288770053491
2021-07-30,73.93,0.004210812279271892,0.052234557358383116
2021-08-02,71.31,-0.035438928716353346,-0.011642411642411643
2021-08-03,70.64,-0.00939559669050627,-0.022148394241417457
2021-08-04,68.19,-0.0346828992072481,-0.054885654885655
2021-08-05,69.1,0.013345065258835609,-0.035993303571428714
2021-08-06,68.26,-0.012156295224312386,-0.056791488185712335
2021-08-09,66.56,-0.024904775857017336,-0.09589785384406413
2021-08-10,68.33,0.026592548076922906,-0.07574732855403776
2021-08-11,69.3,0.014195814429972087,-0.028186790071518808
2021-08-12,69.12,-0.0025974025974024872,-0.021517553793884425
2021-08-13,68.36,-0.01099537037037046,0.002493034169233077
2021-08-16,67.44,-0.01345816266822708,-0.02402315484804629
2021-08-17,66.5,-0.01393831553973901,-0.02578376794608861
2021-08-18,65.36,-0.017142857142857126,-0.018028846153846145
2021-08-19,63.69,-0.025550795593635267,-0.06790575150007316
2021-08-20,62.25,-0.02260951483749407,-0.10173160173160167
2021-08-23,65.65,0.05461847389558239,-0.05020254629629628
2021-08-24,67.5,0.02817974105102805,-0.012580456407255691
2021-08-25,68.54,0.015407407407407536,0.016310794780545868
2021-08-26,67.42,-0.016340822877152106,0.013834586466165533
2021-08-27,68.84,0.02106199940670428,0.05324357405140767
2021-08-30,69.28,0.006391632771644451,0.08776888051499454
2021-08-31,68.43,-0.012269053117782813,0.09927710843373494
2021-09-01,68.63,0.002922694724535768,0.04539223153084526
2021-09-02,70.07,0.020982077808538557,0.03807407407407393
2021-09-03,69.34,-0.010418153275295938,0.011672016340822822
2021-09-07,68.49,-0.012258436688780017,0.015870661524769902
2021-09-08,69.36,0.012702584318878829,0.007553747821034129
2021-09-09,68.26,-0.01585928489042665,-0.014722863741339465
2021-09-10,69.82,0.022853794315850884,0.02031272833552511
2021-09-13,70.54,0.010312231452306087,0.02783039487104788
2021-09-14,70.53,-0.00014176353841799383,0.006564863707720914
2021-09-15,72.59,0.0292074294626401,0.04687049322180559
2021-09-16,72.69,0.0013776002204159976,0.06132282084975915
2021-09-17,72.09,-0.008254230293025078,0.039359861591695466
2021-09-20,70.41,-0.02330420307948411,0.03149721652505111
2021-09-21,70.51,0.0014202528049993557,0.00988255514179337
2021-09-22,72.37,0.026379236987661425,0.025942727530479104
2021-09-23,73.43,0.014646953157385623,0.04111725506876507
2021-09-24,74.18,0.010213809069862467,0.02190384350461505
2021-09-27,75.54,0.018333782690752143,0.039207593891869674
2021-09-28,75.44,-0.001323801959226989,0.04646969066444706
2021-09-29,75.06,-0.005037115588547136,0.06604175543246704
2021-09-30,75.22,0.0021316280309084945,0.06679903559778744
2021-10-01,76.01,0.010502525923956396,0.050297084427248784
2021-10-04,77.68,0.021970793316668846,0.057878251395887315
2021-10-05,79.17,0.01918125643666313,0.06726880560798043
2021-10-06,77.66,-0.019072881141846687,0.02806460153561008
2021-10-07,78.46,0.010301313417460767,0.04003181336161177
2021-10-08,79.55,0.013892429263318906,0.05981881161737279
2021-10-11,80.64,0.013702074167190492,0.0720553044403085
2021-10-12,80.75,0.0013640873015872135,0.06236021576108408
2021-10-13,80.67,-0.000990712074303346,0.03849124613800203
2021-10-14,81.43,0.009421098301723108,0.028546166477201096
2021-10-15,82.39,0.011789266854967284,0.060906515580736675
2021-10-18,82.62,0.002791600922442017,0.05302064746367585
2021-10-19,83.19,0.006899055918663688,0.045757385292269026
2021-10-20,84.4,0.014545017429979712,0.04662698412698418
2021-10-21,82.64,-0.020853080568720483,0.02340557275541788
2021-10-22,84.53,0.022870280735721282,0.04784926242717247
2021-10-25,84.64,0.0013013131432626501,0.039420361046297314
2021-10-26,85.64,0.011814744801512234,0.03944653477363769
2021-10-27,82.66,-0.034796823914058916,0.0004841442749938807
2021-10-28,82.78,0.001451729978224181,-0.004928476980406216
2021-10-29,83.5,0.008697753080454174,-0.010663507109004766
2021-11-01,84.08,0.006946107784431055,0.01742497579864466
2021-11-02,83.91,-0.002021883920076184,-0.00733467408020827
2021-11-03,80.82,-0.03682516982481232,-0.04513232514177701
2021-11-04,78.88,-0.024003959415986098,-0.07893507706679126
2021-11-05,81.25,0.030045638945233266,-0.017057827244132517
2021-11-08,81.96,0.008738461538461362,-0.009905774341628537
2021-11-09,84.12,0.026354319180087904,0.007425149700598821
2021-11-10,81.23,-0.03435568235853548,-0.03389628924833488
2021-11-11,81.47,0.0029545734334603946,-0.02907877487784527
2021-11-12,80.87,-0.007364674113170433,0.0006186587478347327
2021-11-15,80.85,-0.00024731049833082164,0.024974645030426013
2021-11-16,80.76,-0.001113172541743812,-0.006030769230769173
2021-11-17,78.32,-0.0302129767211492,-0.044411908247925846
2021-11-18,78.92,0.007660878447395492,-0.06181645268663816
2021-11-19,76.11,-0.03560567663456671,-0.06303089991382504
2021-11-22,76.74,0.008277493102089029,-0.058058180925494085
2021-11-23,78.32,0.02058900182434198,-0.0315320885371585
2021-11-24,78.32,0.0,-0.03129251700680269
2021-11-29,69.88,-0.10776302349336053,-0.1347201584943042
2021-11-30,66.14,-0.05352032054951339,-0.15551583248212453
2021-12-01,65.44,-0.010583610523132836,-0.17080587937151548
2021-12-02,66.6,0.017726161369193028,-0.12495072920772576
2021-12-03,66.39,-0.00315315315315301,-0.13487099296325245
2021-12-06,69.62,0.04865190540744102,-0.11108273748723174
2021-12-07,71.94,0.033323757540936416,-0.08146067415730329
2021-12-08,72.43,0.0068112315818738,0.036491127647395594
2021-12-09,70.87,-0.021538036725113896,0.07151496824916848
2021-12-10,71.71,0.011852688020318691,0.09581295843520787
2021-12-13,71.19,-0.007251429368288931,0.06891891891891899
2021-12-14,70.57,-0.008709088355106087,0.0629612893508058
2021-12-15,70.89,0.004534504747059742,0.01824188451594355
2021-12-16,72.34,0.02045422485540982,0.005560189046427633
2021-12-17,70.93,-0.01949129112524184,-0.020709650697224857
2021-12-20,68.69,-0.031580431411250665,-0.030760547481303857
2021-12-21,71.1,0.03508516523511429,-0.008506484451262009
2021-12-22,72.82,0.024191279887482375,0.022896474223907726
2021-12-23,73.89,0.014693765449052654,0.04704548675074416
2021-12-27,75.49,0.021653809717147032,0.06488926505854131
2021-12-28,76.01,0.006888329580077013,0.05073265136853755
2021-12-29,76.58,0.007499013287725287,0.07965599887212726
2021-12-30,76.83,0.0032645599373204437,0.1185034211675644
2021-12-31,75.33,-0.019523623584537297,0.059493670886076044
2022-01-03,75.99,0.008761449621664585,0.04353199670420227
2022-01-04,77.0,0.013291222529280278,0.04208959263770473
2022-01-05,77.83,0.010779220779220777,0.03099748311034589
2022-01-06,79.47,0.021071566234099892,0.045520326272858735
2022-01-07,79.0,-0.005914181452120304,0.031600940193261984
2022-01-10,78.11,-0.011265822784810142,0.016660158792138446
2022-01-11,81.17,0.03917552170016636,0.07752555422806329
2022-01-12,82.51,0.016508562276703165,0.08580076325832353
2022-01-13,81.97,-0.0065446612531815385,0.06454545454545446
2022-01-14,83.82,0.02256923264609001,0.07696261081845046
2022-01-18,85.42,0.0190885230255311,0.07487102051088468
2022-01-19,86.84,0.016623741512526324,0.09924050632911396
2022-01-20,86.29,-0.006333486872408978,0.10472410702854962
2022-01-21,85.16,-0.013095376057480679,0.0491560921522729
2022-01-24,84.48,-0.007984969469234326,0.02387589383105082
2022-01-25,86.61,0.02521306818181812,0.05660607539343654
2022-01-26,88.33,0.01985913866759037,0.0538057742782152
2022-01-27,87.61,-0.008151250990603431,0.025638023881994876
2022-01-28,87.67,0.0006848533272458823,0.00955780746199908
2022-01-31,89.16,0.016995551499942918,0.033259937420326624
2022-02-01,88.22,-0.010542844324809342,0.03593236261155486
2022-02-02,88.16,-0.0006801178871004288,0.043560606060605966
2022-02-03,90.17,0.02279945553539031,0.041103798637570854
2022-02-04,92.27,0.023289342353332465,0.04460545680969097
2022-02-07,91.25,-0.011054513926519904,0.04154776851957531
2022-02-08,89.32,-0.021150684931506958,0.01882057716436636
2022-02-09,89.57,0.002798925212718295,0.004598474652310447
2022-02-10,89.83,0.002902757619738905,0.018249829970528264
2022-02-11,93.1,0.036402092842034994,0.056034482758620774
2022-02-14,95.52,0.025993555316863537,0.059332372185871174
2022-02-15,92.07,-0.03611809045226133,-0.0021675517502980357
2022-02-16,93.83,0.019115890083632125,0.028273972602739672
2022-02-17,91.78,-0.021848023020355933,0.027541424093148414
2022-02-18,91.26,-0.005665722379603388,0.018867924528302105
2022-02-22,92.11,0.009314047775586198,0.025381275743070253
2022-02-23,92.14,0.00032569753555522496,-0.010311493018259843
2022-02-24,92.77,0.006837421315389669,-0.028789782244556084
2022-02-25,91.68,-0.011749487981028262,-0.0042359074617137615
2022-02-28,96.13,0.04853839441535768,0.024512416071618803
2022-03-01,103.66,0.07833142619369604,0.12943996513401612
2022-03-02,110.74,0.06830021223229799,0.21345605960990555
2022-03-03,107.69,-0.02754199024742643,0.1691455867983933
2022-03-04,115.77,0.07503017921812605,0.2564575645756457
2022-03-07,119.26,0.03014597909648442,0.28554489597930366
2022-03-08,123.64,0.03672647995975176,0.3486038394415356
2022-03-09,108.81,-0.11994500161759947,0.1319047123686674
2022-03-10,105.93,-0.02646815550041348,0.021898514373914768
2022-03-11,109.31,0.031907863683564575,-0.012913129853711292
2022-03-14,103.22,-0.05571310950507735,-0.04150803231497813
2022-03-15,96.42,-0.06587870567719434,-0.16714174656646796
2022-03-16,94.85,-0.01628292885293514,-0.20467885292637944
2022-03-17,102.97,0.08560885608856084,-0.1671789065027499
2022-03-18,104.69,0.016703894338156777,-0.03786416689642502
2022-03-21,112.14,0.0711624797019772,0.0586236193712828
2022-03-22,111.03,-0.009898341359015461,0.015735065410301008
2022-03-23,114.89,0.03476537872647034,0.11305948459600845
2022-03-24,114.2,-0.006005744625293685,0.18440157643642396
2022-03-25,116.2,0.017513134851138368,0.22509225092250928
2022-03-28,107.55,-0.07444061962134252,0.04447897445858007
2022-03-29,104.25,-0.030683403068340276,-0.004202884707230847
2022-03-30,107.81,0.034148681055155894,-0.03861244872480829
2022-03-31,100.53,-0.06752620350616823,-0.09456903539583894
2022-04-01,99.32,-0.012036208097085499,-0.13552093306641144
2022-04-04,103.29,0.03997180829641578,-0.09553415061295967
2022-04-05,101.98,-0.012682737922354526,-0.12237521514629945
2022-04-06,96.39,-0.0548146695430477,-0.10376569037656902
2022-04-07,96.05,-0.003527336860670194,-0.0786570743405276
2022-04-08,98.35,0.02394586153045286,-0.08774696224840006
2022-04-11,94.22,-0.04199288256227751,-0.06276733313438776
2022-04-12,100.52,0.06686478454680533,0.012082158679017407
2022-04-13,104.26,0.03720652606446495,0.009391034950140265
2022-04-14,106.84,0.024745827738346327,0.04765640321631692
2022-04-18,108.24,0.013103706476974786,0.12293806411453456
2022-04-19,102.54,-0.05266075388026592,0.06756897449245192
2022-04-20,102.56,0.00019504583577134582,0.042806304016268504
2022-04-21,103.89,0.01296801872074882,0.102632137550414
2022-04-22,102.86,-0.009914332467032438,0.023278949462793408
2022-04-25,99.6,-0.03169356406766488,-0.04469595242662583
2022-04-26,102.62,0.030321285140562315,-0.03949831523773861
2022-04-27,101.96,-0.00643149483531491,-0.05801921655580189
2022-04-28,105.47,0.034425264809729406,0.028574214940511045
2022-04-29,104.59,-0.00834360481653551,0.019793291731669216
2022-05-02,105.18,0.0056410746725308325,0.0124169794975455
2022-05-03,102.53,-0.025194903974139593,-0.003208244215438416
2022-05-04,107.84,0.05178972008192728,0.0827309236947793
2022-05-05,108.17,0.0030600890207714837,0.0540830247515105
2022-05-06,109.72,0.014329296477766373,0.07610827775598272
2022-05-09,103.08,-0.060517681370761967,-0.0226604721721817
2022-05-10,99.74,-0.03240201785021346,-0.046371546036906075
2022-05-11,105.5,0.05775015039101672,0.003042403498763946
2022-05-12,106.15,0.006161137440758413,0.03530673949088081
2022-05-13,110.52,0.041168158266603694,0.024851632047477645
2022-05-16,114.07,0.0321208830980817,0.05454377368956265
2022-05-17,112.31,-0.015429122468659462,0.023605541378053152
2022-05-18,109.67,-0.02350636630754166,0.06393092743500195
2022-05-19,112.21,0.02316039026169414,0.12502506516944045
2022-05-20,112.63,0.0037429819089207506,0.0675829383886255
2022-05-23,110.32,-0.02050963331261657,0.039284032030145966
2022-05-24,112.55,0.02021392313270498,0.018367716250452526
2022-05-25,112.88,0.002932030208796066,-0.010432190760059634
2022-05-26,116.19,0.02932317505315374,0.034547235330780746
2022-05-27,114.96,-0.010586108959462992,0.04823561593872516
2022-05-31,114.38,-0.005045233124565063,0.01933873986275736
2022-06-01,115.26,0.007693652736492584,0.02335079463730816
2022-06-02,116.88,0.014055179593961409,0.059463379260333626
2022-06-03,118.97,0.017881587953456624,0.05704131497112397
2022-06-06,118.41,-0.004707069008993869,0.04899007795889432
2022-06-07,119.55,0.009627565239422431,0.028918151303898743
2022-06-08,121.94,0.019991635299038135,0.06071677105080031
2022-06-09,121.52,-0.003444316877152742,0.062423500611995086
2022-06-10,120.73,-0.00650098749177086,0.047457921221585986
2022-06-13,120.92,0.0015737596289240319,0.03456536618754291
2022-06-14,118.92,-0.016539861065167027,-0.00042027401866018277
2022-06-15,115.32,-0.030272452068617617,-0.02609576893843424
2022-06-16,117.56,0.019424210891432647,-0.01664575491426179
2022-06-17,109.56,-0.06805035726437558,-0.10152534033131044
2022-06-21,110.49,0.008488499452354858,-0.09076695194206719
2022-06-22,106.22,-0.038646031315051066,-0.1201855379773048
2022-06-23,105.75,-0.004424778761061954,-0.12545484617929215
2022-06-24,109.07,0.03139479905437348,-0.0828287924655231
2022-06-27,111.44,0.02172916475657849,-0.03364550815123135
2022-06-28,113.66,0.019921033740129213,-0.03317454916638318
2022-06-29,111.65,-0.01768432166109446,0.01907630522088355
2022-06-30,107.76,-0.03484102104791764,-0.024708118381753907
2022-07-01,110.3,0.023570898292501807,0.03841084541517614
2022-07-05,101.55,-0.0793291024478695,-0.039716312056737646
2022-07-06,100.31,-0.012210733628754245,-0.08031539378380848
2022-07-07,104.62,0.04296680291097599,-0.06119885139985637
2022-07-08,106.78,0.02064614796406028,-0.06053140946683089
2022-07-11,106.09,-0.006461884247986438,-0.04979847738468435
2022-07-12,97.69,-0.0791780563672354,-0.09344840386043063
2022-07-13,98.44,0.007677346708977462,-0.10752493200362645
2022-07-14,97.79,-0.006603006907760944,-0.037026095519448465
2022-07-15,99.59,0.0184067900603333,-0.007177748978167697
2022-07-18,104.48,0.04910131539311169,-0.0013381762569298905
2022-07-19,106.12,0.015696784073506942,-0.0061809327589436025
2022-07-20,104.45,-0.015736901620806654,-0.015458572909793578
2022-07-21,98.44,-0.05753949258018198,0.007677346708977462
2022-07-22,97.71,-0.007415684681024048,-0.007415684681024048
2022-07-25,99.83,0.021696858049329748,0.020861028735044362
2022-07-26,97.74,-0.020935590503856627,-0.0185761622652878
2022-07-27,100.03,0.02342950685492129,-0.04259188361408883
2022-07-28,99.11,-0.00919724082775164,-0.06605729362985302
2022-07-29,101.31,0.02219755826859049,-0.03006223073240788
2022-08-01,96.59,-0.04658967525417035,-0.018793173506704508
2022-08-02,97.14,0.0056941712392586386,-0.005833589192508426
2022-08-03,93.25,-0.040045295449866125,-0.06591205048582593
2022-08-04,91.29,-0.021018766756032092,-0.06599140577041118
2022-08-05,91.77,0.005257969109431437,-0.08257522743177048
2022-08-08,93.52,0.019069412662090057,-0.0564019776006458
2022-08-09,93.18,-0.0036355859709151783,-0.0802487414865265
2022-08-10,94.68,0.016097875080489432,-0.019774303758153033
2022-08-11,97.02,0.024714828897338226,-0.001235330450895633
2022-08-12,94.86,-0.02226345083487935,0.01726541554959793
2022-08-15,92.24,-0.027619650010541896,0.010406397195749761
2022-08-16,89.23,-0.03263226366001726,-0.027677890378119074
2022-08-17,90.85,0.01815532892524918,-0.02855004277159967
2022-08-18,93.2,0.025866813428728763,0.0002146383344063807
2022-08-19,93.55,0.00375536480686689,-0.011934938741022472
2022-08-22,93.42,-0.0013896312132548605,-0.03710575139146566
2022-08-23,96.46,0.032541211731963005,0.016866961838498673
2022-08-24,95.52,-0.009744972009122943,0.03555941023417164
2022-08-25,93.33,-0.022927135678391886,0.04594867197131003
2022-08-26,93.63,0.0032144005143039944,0.030599889928453416
2022-08-29,97.4,0.04026487236996701,0.04506437768240357
2022-08-30,92.08,-0.054620123203285464,-0.01571352218065203
2022-08-31,90.09,-0.0216116420503909,-0.035645472061657024
2022-09-01,87.09,-0.03330003330003328,-0.09713871034625743
2022-09-02,87.29,0.0022964749110117033,-0.08615996649916235
2022-09-06,87.35,0.0006873639592162029,-0.06407371691846142
2022-09-07,82.5,-0.055523755008586084,-0.11887215636014092
2022-09-08,84.04,0.01866666666666683,-0.1371663244353183
2022-09-09,87.27,0.03843407900999507,-0.05223718505647268
2022-09-12,88.18,0.010427409189870618,-0.021201021201021186
2022-09-13,87.84,-0.003855749603084657,0.008611780916293554
2022-09-14,88.88,0.011839708561020013,0.018215144919234705
2022-09-15,85.72,-0.035553555355535504,-0.018660560961648476
2022-09-16,85.57,-0.0017498833411107029,0.03721212121212103
2022-09-19,86.15,0.006778076428655133,0.02510709186101856
2022-09-20,84.69,-0.016947185142193955,-0.029563423856995508
2022-09-21,83.38,-0.015468178061164295,-0.05443411204354742
2022-09-22,84.02,0.007675701607100072,-0.04348816029143909
2022-09-23,79.07,-0.05891454415615338,-0.11037353735373545
2022-09-26,77.17,-0.024029341090173184,-0.09974335044330374
2022-09-27,78.91,0.02254762213295325,-0.07783101554283045
2022-09-28,82.61,0.04688886072741094,-0.04109112013929195
2022-09-29,81.78,-0.010047209780898125,-0.034360609280906784
2022-09-30,79.91,-0.022866226461237482,-0.04161669465099538
2022-10-03,84.05,0.051808284319859954,0.00035705784337070057
2022-10-04,86.87,0.03355145746579424,0.09864676868597466
2022-10-05,88.22,0.015540462760446516,0.14319035894777765
2022-10-06,88.9,0.007708002720471674,0.12659992396400965
2022-10-07,93.07,0.04690663667041606,0.12661905338336754
2022-10-10,91.6,-0.015794563231975922,0.12007825874296896
2022-10-11,89.75,-0.02019650655021832,0.12313853084720305
2022-10-12,87.83,-0.021392757660167128,0.04497323022010713
2022-10-13,89.59,0.020038711146533217,0.03131115459882583
2022-10-14,86.1,-0.03895524054023891,-0.024030832010881964
2022-10-17,86.0,-0.0011614401858303092,-0.032620922384701934
2022-10-18,83.29,-0.0315116279069767,-0.10508219619641113
2022-10-19,86.0,0.03253691919798296,-0.06113537117903922
2022-10-20,86.02,0.00023255813953482196,-0.041559888579387194
2022-10-21,85.47,-0.006393861892583064,-0.02687008994648754
2022-10-24,86.12,0.0076050076050075965,-0.03873200133943522
2022-10-25,86.93,0.00940548072457048,0.009639953542392776
2022-10-26,89.39,0.028298631082479986,0.03941860465116287
2022-10-27,89.06,-0.0036916881082894593,0.06927602353223672
2022-10-28,87.85,-0.013586346283404493,0.021511627906976694
2022-10-31,86.54,-0.014911781445645866,0.006045105789351357
2022-11-01,88.36,0.02103073723133808,0.0338130338130338
2022-11-02,90.06,0.019239474875509366,0.045750116117045936
2022-11-03,88.14,-0.02131912058627583,0.013919245369837796
2022-11-04,92.58,0.05037440435670515,0.03568631838013192
2022-11-07,91.8,-0.008425145819831559,0.030765775881428148
2022-11-08,88.8,-0.0326797385620915,0.01081388730791133
2022-11-09,85.79,-0.0338963963963963,-0.008666512595331688
2022-11-10,86.52,0.00850915025061183,-0.020823902218198298
2022-11-11,89.14,0.030282015718908983,-0.01021541194759057
2022-11-14,85.85,-0.03690823423827694,-0.025981393238030503
2022-11-15,86.87,0.011881188118811892,-0.0616763879887664
2022-11-16,85.62,-0.014389317370783972,-0.06732026143790837
2022-11-17,81.69,-0.045900490539593664,-0.08006756756756761
2022-11-18,80.07,-0.019831068674256436,-0.06667443758013769
2022-11-21,79.74,-0.004121393780442073,-0.07836338418862687
2022-11-22,80.83,0.013669425633308308,-0.09322414179941663
2022-11-23,77.93,-0.03587776815538779,-0.09225393127548032
2022-11-25,76.45,-0.01899140254074172,-0.11994934960285486
2022-11-28,77.1,0.008502289077828573,-0.09950946040644726
2022-11-29,77.96,0.011154345006485045,-0.04566042355245448
2022-11-30,80.48,0.032324268855823624,0.005120519545397828
2022-12-01,81.06,0.007206759443340038,0.01655379984951111
2022-12-02,79.86,-0.014803849000740277,-0.012000494865767597
2022-12-05,76.83,-0.03794139744552971,-0.014115231618118895
2022-12-06,74.21,-0.03410126252765855,-0.029300196206671125
2022-12-07,71.93,-0.03072362215334845,-0.0670557717250323
2022-12-08,71.3,-0.008758515223133756,-0.08542842483324775
2022-12-09,71.05,-0.003506311360448766,-0.11717196819085496
2022-12-12,72.96,0.026882477128782556,-0.09992598075499637
2022-12-13,75.44,0.033991228070175517,-0.055346856999749616
2022-12-14,77.14,0.022534464475079563,0.004034882207471169
2022-12-15,75.89,-0.016204303863106007,0.022638458428783315
2022-12-16,74.19,-0.02240084332586645,0.03141943556235205
2022-12-19,75.05,0.01159185874107016,0.05259467040673216
2022-12-20,75.92,0.011592271818787525,0.06854327938071791
2022-12-21,78.17,0.029636459430979922,0.0714089912280702
2022-12-22,77.68,-0.006268389407701136,0.02969247083775195
2022-12-23,79.57,0.024330587023686734,0.031501166709878126
2022-12-27,79.45,-0.0015081060701268578,0.046910001317696626
2022-12-28,78.89,-0.007048458149779724,0.06335085591050005
2022-12-29,78.43,-0.005830903790087438,0.045036642238507785
2022-12-30,80.16,0.02205788601300518,0.05584826132771337
2023-01-03,76.87,-0.04104291417165662,-0.016630420877574492
2023-01-04,72.82,-0.05268635358397311,-0.062564366632338
2023-01-05,73.61,0.01084866794836592,-0.0749026014829709
2023-01-06,73.77,0.002173617714984255,-0.0714915040906231
2023-01-09,74.69,0.01247119425240606,-0.05323868677905952
2023-01-10,75.11,0.005623242736644718,-0.04233074078796384
2023-01-11,77.46,0.03128744508054848,-0.03368263473053901
2023-01-12,78.32,0.011102504518461176,0.018863015480681478
2023-01-13,79.9,0.020173646578141025,0.09722603680307618
2023-01-17,80.25,0.00438047559449295,0.09020513517185158
2023-01-18,79.53,-0.008971962616822426,0.07808052053680359
2023-01-19,80.31,0.009807619766126097,0.0752443432855805
2023-01-20,81.27,0.011953679491968572,0.08201304753028893
2023-01-23,81.62,0.004306632213609163,0.053705138135812236
2023-01-24,79.86,-0.021563342318059342,0.0196629213483146
2023-01-25,79.78,-0.0010017530678687603,-0.001501877346683389
2023-01-26,80.64,0.01077964402105791,0.004859813084112208
2023-01-27,79.73,-0.01128472222222221,0.0025147742990065947
2023-01-30,77.97,-0.022074501442368,-0.029137093761673505
2023-01-31,78.95,0.012568936770552819,-0.028546819244493538
2023-02-01,76.34,-0.03305889803673212,-0.06469002695417791
2023-02-02,75.87,-0.006156667539952809,-0.049962434259954835
2023-02-03,73.4,-0.03255568735995784,-0.07996991727249936
2023-02-06,74.11,0.009673024523160656,-0.08097718253968256
2023-02-07,77.17,0.0412899743624342,-0.032108365734353495
2023-02-08,78.47,0.016845924582091554,0.00641272284211869
2023-02-09,78.04,-0.005479801197909917,-0.011526282457251402
2023-02-10,79.74,0.021783700666324846,0.04453759496987142
2023-02-13,80.14,0.005016302984700349,0.056280479768024305
2023-02-14,79.08,-0.01322685300723736,0.07738419618528591
2023-02-15,78.57,-0.006449165402124479,0.06018081230603145
2023-02-16,78.45,-0.0015273004963725079,0.0165867565115978
2023-02-17,76.31,-0.02727852135117914,-0.02752644322671083
2023-02-21,76.28,-0.0003931332721792691,-0.022552537160430597
2023-02-22,73.95,-0.03054535920293655,-0.07261098570353641
2023-02-23,75.26,0.017714672075726856,-0.0608934364861492
2023-02-24,76.19,0.012357161838958186,-0.036545270612038494
2023-02-27,75.57,-0.008137550859692921,-0.03818251240931658
2023-02-28,76.88,0.017334921265052206,-0.020012746972594142
2023-03-01,77.57,0.008975026014568233,0.01651159743152908
2023-03-02,78.05,0.006187959262601517,0.023203985317252096
2023-03-03,79.62,0.020115310698270328,0.07667342799188637
2023-03-06,80.39,0.009670936950514797,0.06816369917618914
2023-03-07,77.45,-0.03657171289961436,0.01653760336002108
2023-03-08,76.56,-0.011491284699806315,0.013100436681222849
2023-03-09,75.6,-0.012539184952978122,-0.01664932362122795
2023-03-10,76.55,0.01256613756613767,-0.013149413433028223
2023-03-13,74.68,-0.024428478118876384,-0.04317745035233811
2023-03-14,71.18,-0.046866630958757316,-0.1060035167043456
2023-03-15,67.38,-0.053385782523180825,-0.16183604925985828
2023-03-16,68.15,0.011427723360047715,-0.12007746933505481
2023-03-17,66.61,-0.02259721203228182,-0.12996342737722055
2023-03-20,67.56,0.01426212280438377,-0.1063492063492063
2023-03-21,69.4,0.027235050325636445,-0.09340300457217499
2023-03-22,70.71,0.018876080691642372,-0.05316014997321927
2023-03-23,69.77,-0.01329373497383679,-0.019808935094127733
2023-03-24,69.22,-0.007883044288376051,0.027307806470762808
2023-03-27,72.87,0.05273042473273626,0.06925898752751292
2023-03-28,73.12,0.0034307671195279443,0.0977330731121453
2023-03-29,72.95,-0.0023249452954048344,0.07978093546477205
2023-03-30,74.32,0.018779986291980633,0.07089337175792498
2023-03-31,75.68,0.01829924650161474,0.07028708810634998
2023-04-03,80.4,0.06236786469344602,0.1523577468826145
2023-04-04,80.7,0.003731343283582156,0.16584802080323602
2023-04-05,80.69,-0.00012391573729875205,0.10731439549883337
2023-04-06,80.7,0.0001239310943115246,0.10366520787746158
2023-04-10,79.79,-0.01127633209417589,0.09376285126799178
2023-04-11,81.54,0.021932573004135758,0.09714747039827798
2023-04-12,83.26,0.021093941623743007,0.10015856236786469
2023-04-13,82.16,-0.013211626231083407,0.021890547263681448
2023-04-14,82.58,0.005111976630963966,0.023296158612143625
2023-04-17,80.93,-0.0199806248486315,0.0029743462634777007
2023-04-18,80.85,-0.000988508587668524,0.0018587360594795044
2023-04-19,79.18,-0.020655534941249054,-0.0076450683042987855
2023-04-20,77.27,-0.024122253094215895,-0.05236693647289681
2023-04-21,77.86,0.007635563608127338,-0.06485707422531839
2023-04-24,78.64,0.01001798099152329,-0.04284323271665036
2023-04-25,77.05,-0.02021871820956256,-0.066965366916929
2023-04-26,74.33,-0.03530175210902009,-0.08155195848263941
2023-04-27,74.77,0.005919547961791949,-0.07520098948670373
2023-04-28,76.78,0.026882439481075382,-0.03031068451629204
2023-05-01,75.65,-0.014717374316228105,-0.02096544583926474
2023-05-02,71.71,-0.052081956378057015,-0.07898792704854873
2023-05-03,68.62,-0.043090224515409115,-0.1274160732451678
2023-05-04,68.52,-0.0014573010784029172,-0.11070733290071388
2023-05-05,71.32,0.040863981319322784,-0.04049508946589542
2023-05-08,73.13,0.02537857543466071,-0.021933930720877348
2023-05-09,73.68,0.007520853274989969,-0.0403750976816879
2023-05-10,72.53,-0.015608034744842625,-0.04124256444150698
2023-05-11,70.81,-0.02371432510685234,-0.012550550829730778
2023-05-12,70.02,-0.01115661629713327,0.020402215097639065
2023-05-15,71.07,0.014995715509854346,0.03721541155866892
2023-05-16,70.85,-0.0030955396088363507,-0.006590016825574807
2023-05-17,72.78,0.02724064925899805,-0.004785997538629738
2023-05-18,71.82,-0.013190436933223526,-0.025244299674267334
2023-05-19,71.57,-0.0034809245335560846,-0.013235902385219989
2023-05-22,71.81,0.0033533603465141226,0.014122299110295167
2023-05-23,72.87,0.01476117532377108,0.04070265638389037
2023-05-24,74.37,0.020584602717167666,0.04643309413254548
2023-05-25,71.68,-0.036170498857066025,0.011714890613973461
2023-05-26,72.35,0.009347098214285587,-0.005908216543006439
2023-05-30,69.45,-0.040082930200414535,-0.032999164578111806
2023-05-31,68.11,-0.019294456443484598,-0.04834427832890864
2023-06-01,70.09,0.029070621054177126,-0.0239520958083832
2023-06-02,71.76,0.02382650877443293,-0.015232606010703975
2023-06-05,72.14,0.005295429208472591,-0.029985209089686715
2023-06-06,71.71,-0.005960632104241803,0.00041852678571419055
2023-06-07,72.52,0.0112954957467577,0.0023496890117484792
2023-06-08,71.28,-0.01709873138444562,0.026349892008639353
2023-06-09,70.16,-0.015712682379349086,0.03009837028336504
2023-06-12,67.08,-0.043899657924743374,-0.042944785276073705
2023-06-13,69.39,0.034436493738819296,-0.03302675585284287
2023-06-14,68.22,-0.016861219195849597,-0.05433878569448303
2023-06-15,70.61,0.03503371445323955,-0.01533956212522658
2023-06-16,71.81,0.01699475994901567,-0.009790402647545382
2023-06-20,70.94,-0.012115304275170602,-0.004769921436588165
2023-06-21,72.55,0.022695235410205905,0.034064994298745654
2023-06-22,69.22,-0.045899379738111645,0.03190220632081098
2023-06-23,68.91,-0.004478474429355672,-0.006917423259835798
2023-06-26,69.09,0.0026121027427079557,0.012752858399296407
2023-06-27,67.68,-0.020408163265306034,-0.04149553887551327
2023-06-28,69.54,0.027482269503546153,-0.03161119621222663
2023-06-29,69.85,0.0044578659764162865,-0.01536509726529467
2023-06-30,70.66,0.011596277738010086,-0.02605099931082011
2023-07-03,69.71,-0.013444664590999245,0.007078878936723321
2023-07-05,71.78,0.029694448429206766,0.04164852706428679
2023-07-06,71.76,-0.00027862914460852206,0.038645245332175504
2023-07-07,73.91,0.02996098104793754,0.09205082742316772
2023-07-10,73.05,-0.01163577323772158,0.0504745470232959
2023-07-11,74.87,0.024914442162902173,0.07186828919112398
2023-07-12,75.77,0.012020836115934186,0.07231814322105867
2023-07-13,76.86,0.014385640754916329,0.1025677808061971
2023-07-14,75.44,-0.01847514962269059,0.050989133463360314
2023-07-17,74.17,-0.01683457051961823,0.03358416945373466
2023-07-18,75.76,0.021437238775785294,0.025030442429982536
2023-07-19,75.4,-0.0047518479408659164,0.03216974674880224
2023-07-20,75.65,0.003315649867374093,0.010418057967143124
2023-07-21,77.06,0.018638466622604044,0.017025207865910108
2023-07-24,78.81,0.02270957695302367,0.02537080405932879
2023-07-25,79.76,0.012054307828955668,0.05726405090137865
2023-07-26,79.11,-0.00814944834503517,0.06660374814615078
2023-07-27,80.17,0.01339906459360396,0.0582101372756072
2023-07-28,80.55,0.004739927653735654,0.0683023872679045
2023-07-31,81.8,0.015518311607697122,0.0812954395241241
2023-08-01,81.37,-0.005256723716381306,0.055930443810018105
2023-08-02,79.5,-0.022981442792183948,0.008755234107346688
2023-08-03,81.56,0.025911949685534674,0.022567703109327875
2023-08-04,82.76,0.01471309465424242,0.046138288459107724
2023-08-07,81.94,-0.009908168197196754,0.02207808407134837
2023-08-08,82.94,0.012204051745179356,0.029671011793916735
2023-08-09,84.35,0.017000241138172223,0.031173594132029248
2023-08-10,82.81,-0.018257261410788317,0.017696939904141562
2023-08-11,83.17,0.004347301050597663,0.04616352201257867
2023-08-14,82.5,-0.008055789347120368,0.011525257479156448
2023-08-15,81.06,-0.01745454545454539,-0.020541324311261544
2023-08-16,79.4,-0.0204786577843572,-0.030998291432755565
2023-08-17,80.43,0.012972292191435697,-0.03026284060766804
2023-08-18,81.25,0.010195200795722892,-0.036751630112625944
2023-08-21,80.71,-0.006646153846153968,-0.025359256128486996
2023-08-22,80.25,-0.005699417668194706,-0.03510881327401705
2023-08-23,78.91,-0.01669781931464176,-0.04351515151515151
2023-08-24,79.52,0.007730325687492101,-0.01899827288428335
2023-08-25,80.47,0.01194668008048283,0.013476070528967155
2023-08-28,80.65,0.0022368584565677363,0.002735297774462353
2023-08-29,81.14,0.006075635461872286,-0.00135384615384615
2023-08-30,81.64,0.0061621888094651744,0.011522735720480792
2023-08-31,83.55,0.023395394414502668,0.04112149532710285
2023-09-01,85.52,0.023578695391980764,0.08376631605626672
2023-09-05,86.74,0.014265668849391844,0.09079476861166991
2023-09-06,87.55,0.009338252248097811,0.08798309929166148
2023-09-07,86.87,-0.007766990291262044,0.07712337259764412
2023-09-08,87.51,0.0073673304938413064,0.07850628543258575
2023-09-11,87.3,-0.0023997257456291887,0.06932876041156288
2023-09-12,88.87,0.017983963344788245,0.06367444643925801
2023-09-13,88.59,-0.0031506695172723864,0.03589803554724047
2023-09-14,90.13,0.017383451856868737,0.039082314964260956
2023-09-15,90.83,0.007766559414179586,0.037464306110793766
2023-09-18,91.47,0.0070461301332158666,0.05295268792448482
2023-09-19,91.16,-0.0033890893189023608,0.041709518912124155
2023-09-20,89.2,-0.021500658183413734,0.02176403207331057
2023-09-21,89.56,0.004035874439461962,0.007764149881849924
2023-09-22,90.0,0.004912907548012546,0.01591601760921102
2023-09-25,89.68,-0.003555555555555534,-0.004992788194829512
2023-09-26,91.43,0.01951382694023196,0.0066057469998899165
2023-09-27,93.67,0.02449961719348126,0.024051601618016782
2023-09-28,91.65,-0.021565068858759417,0.005375164545853517
2023-09-29,90.77,-0.009601745771958603,0.017600896860986426
2023-10-02,88.81,-0.02159303734714102,-0.008374274229566825
2023-10-03,89.26,0.005066996959801839,-0.00822222222222213
2023-10-04,84.32,-0.05534393905444779,-0.05976806422836767
2023-10-05,82.3,-0.023956356736242856,-0.09985781472164512
2023-10-06,82.83,0.006439854191980565,-0.11572541902423406
2023-10-10,85.89,0.03694313654473014,-0.062847790507365
2023-10-11,83.7,-0.025497729654208823,-0.07788917043075894
2023-10-12,82.87,-0.009916367980884133,-0.06688435986938401
2023-10-13,87.67,0.05792204657897915,-0.01781313018149233
2023-10-16,86.65,-0.011634538610699185,0.02763282732447836
2023-10-17,86.66,0.00011540680900168354,0.05297691373025515
2023-10-18,88.35,0.019501500115393533,0.0666425208257877
2023-10-19,89.35,0.011318619128466434,0.0402840842938641
2023-10-20,89.12,-0.0025741466144374447,0.06475507765830346
2023-10-23,85.49,-0.04073159784560154,0.031615783757692695
2023-10-24,84.58,-0.010644519826880305,-0.035245808144177104
2023-10-25,86.07,0.017616457791439943,-0.006693594922100532
2023-10-26,83.8,-0.026373881724177983,-0.03300253865681979
2023-10-27,86.04,0.026730310262530033,-0.026146010186757107
2023-10-30,83.03,-0.034983728498372946,-0.0707330721880246
2023-10-31,81.64,-0.016740937010718993,-0.08393177737881508
2023-11-01,81.05,-0.007226849583537476,-0.05193589893554795
2023-11-02,83.04,0.024552745219000638,-0.01820761409316618
2023-11-03,81.19,-0.02227842003853575,-0.05669803648193328
2023-11-06,81.54,0.00431087572361144,-0.026968973747016567
2023-11-07,77.96,-0.043904831984302284,-0.09390980939098104
2023-11-08,75.85,-0.027065161621344314,-0.08647476815608823
2023-11-09,76.34,0.006460118655240654,-0.06491915727584519
2023-11-13,78.86,0.03301021744825783,-0.027020357803824724
2023-11-14,78.9,0.0005072279989857265,-0.04985549132947975
2023-11-15,77.15,-0.02217997465145749,-0.049759822638255846
2023-11-16,73.5,-0.0473104342190539,-0.09860191317144962
2023-11-17,76.47,0.04040816326530616,-0.019112365315546387
2023-11-20,78.1,0.02131554858114293,0.029663810151615122
2023-11-21,78.35,0.003201024327784907,0.026329578202777038
2023-11-22,76.8,-0.01978302488832162,-0.026122241947755587
2023-11-24,74.83,-0.025651041666666652,-0.05158428390367564
2023-11-27,74.46,-0.004944540959508248,-0.0348671419313028
2023-11-28,76.09,0.021890948160086188,0.03523809523809529
2023-11-29,77.56,0.01931922723091084,0.014253955799659934
2023-11-30,75.66,-0.02449716348633324,-0.031241997439180547
2023-12-01,73.7,-0.025905366111551587,-0.05934907466496475
2023-12-04,72.73,-0.0131614654002713,-0.05299479166666654
2023-12-05,71.95,-0.010724597827581506,-0.03848723773887475
2023-12-06,68.98,-0.04127866574009731,-0.07359656191243613
2023-12-07,69.0,0.0002899391127861861,-0.09317912997765809
2023-12-08,70.87,0.027101449275362288,-0.086255801959773
2023-12-11,70.95,0.0011288274305065737,-0.06225218080888173
2023-12-12,68.27,-0.037773079633544815,-0.07367706919945738
2023-12-13,69.09,0.012011132268932245,-0.05004812319538021
2023-12-14,71.21,0.03068461427124025,-0.010284920083391325
2023-12-15,71.05,-0.0022468754388428325,0.030008698173383586
2023-12-18,72.16,0.015622800844475648,0.04579710144927529
2023-12-19,73.23,0.014828159645232875,0.03330040919994359
2023-12-20,73.87,0.008739587600710141,0.041155743481325
2023-12-21,73.59,-0.003790442669554639,0.07792588252526733
2023-12-22,73.29,-0.0040766408479412375,0.06079027355623112
2023-12-26,75.84,0.03479328694228401,0.06501895801151547
2023-12-27,74.31,-0.020174050632911444,0.045883180858550476
2023-12-28,72.02,-0.030816848338043434,-0.0019401330376940251
2023-12-29,71.89,-0.0018050541516244634,-0.01829851153898676
2024-01-02,70.62,-0.01766587842537204,-0.04399620955733041
2024-01-03,72.97,0.033276692155196796,-0.00842505775241209
2024-01-04,72.38,-0.008085514595039145,-0.012416427889207382
2024-01-05,74.0,0.022381873445703304,-0.02426160337552752
2024-01-08,71.06,-0.03972972972972966,-0.043735701789799464
2024-01-09,72.43,0.0192794821277793,0.005692863093585299
2024-01-10,71.57,-0.011873533066409148,-0.0044512449575742075
2024-01-11,72.15,0.008103954170742167,0.02166525063721325
2024-01-12,72.94,0.01094941094941082,-0.0004111278607646929
2024-01-16,72.63,-0.004250068549492725,0.0034539928156949173
2024-01-17,72.79,0.002202946440864828,-0.01635135135135124
2024-01-18,74.32,0.021019370792691117,0.04587672389529951
2024-01-19,73.69,-0.008476856835306745,0.017396106585668702
2024-01-22,75.26,0.021305468856018583,0.05155791532765153
2024-01-23,74.72,-0.007175126229072681,0.03562023562023553
2024-01-24,75.48,0.010171306209850073,0.03482314230874706
2024-01-25,77.91,0.03219395866454677,0.07269723254853377
2024-01-26,78.45,0.006931074316519181,0.07775793378211282
2024-01-29,77.25,-0.015296367112810794,0.03942411194833162
2024-01-30,78.3,0.013592233009708687,0.06255937033518788
2024-01-31,76.28,-0.025798212005108456,0.013553016210470226
2024-02-01,74.36,-0.025170424750917686,-0.004817987152034298
2024-02-02,72.72,-0.022054868208714384,-0.03656597774244841
2024-02-05,73.21,0.006738173817381732,-0.060326017199332616
2024-02-06,73.83,0.008468788416883033,-0.058891013384321234
2024-02-07,74.26,0.005824190708384247,-0.03870550161812292
2024-02-08,76.67,0.03245354161055736,-0.020817369093231064
2024-02-09,77.26,0.007695317594887285,0.012847404299947573
2024-02-12,77.34,0.0010354646647683374,0.04007530930607861
2024-02-13,78.28,0.012154124644427222,0.07645764576457648
2024-02-14,77.09,-0.015201839550332163,0.052998224286299855
2024-02-15,78.47,0.017901154494746274,0.06284708113233095
2024-02-16,79.65,0.015037593984962516,0.07258281712900616
2024-02-20,78.72,-0.01167608286252364,0.026737967914438387
2024-02-21,78.89,0.0021595528455284896,0.021097592544654376
2024-02-22,79.64,0.009506908353403398,0.029738815619343217
2024-02-23,77.6,-0.025615268709191397,-0.008686765457332712
2024-02-26,78.53,0.011984536082474406,0.01867946555973532
2024-02-27,79.8,0.01617216350439321,0.016949152542372836
2024-02-28,79.44,-0.004511278195488688,-0.0026365348399247646
2024-02-29,79.22,-0.0027693856998992628,0.006351626016260159
2024-03-01,80.9,0.021206765968190044,0.025478514387121454
2024-03-04,79.67,-0.01520395550061815,0.0003766951280763653
2024-03-05,79.11,-0.007028994602736316,0.01945876288659809
2024-03-06,80.08,0.012261408165844978,0.019737679867566582
2024-03-07,79.81,-0.003371628371628299,0.0001253132832081949
2024-03-08,78.96,-0.0106502944493172,-0.006042296072507614
2024-03-11,78.87,-0.0011398176291791406,-0.004418076243372759
2024-03-12,78.51,-0.004564473183719997,-0.029542645241038334
2024-03-13,80.67,0.02751241880015276,0.012551776076314747
2024-03-14,82.16,0.01847031114416753,0.03855391227404881
2024-03-15,81.94,-0.002677702044790675,0.023226773226773245
2024-03-18,83.68,0.021235050036612302,0.04849016413983209
2024-03-19,84.39,0.008484703632887003,0.06876899696048633
2024-03-20,82.79,-0.01895959236876399,0.049702041333840485
2024-03-21,81.99,-0.009663002778113383,0.04432556362246842
2024-03-22,81.1,-0.01085498231491644,0.005330358249659106
2024-03-25,82.41,0.016152897657213394,0.003042843232716752
2024-03-26,82.41,0.0,0.005735904320234297
2024-03-27,82.15,-0.0031549569227034002,-0.01828393881453161
2024-03-28,83.96,0.022032866707242693,-0.0050953904491054525
2024-04-01,84.54,0.00690805145307305,0.021137818577122935
2024-04-02,85.95,0.016678495386799108,0.04829857299670692
2024-04-03,86.22,0.003141361256544517,0.06313193588162758
2024-04-04,87.37,0.01333797262816061,0.06018687052542182
2024-04-05,87.69,0.0036625844111251027,0.06406989443028754
2024-04-08,87.24,-0.0051317139924734745,0.06195982958003632
2024-04-09,86.04,-0.013755158184318939,0.024773701762744293
2024-04-10,86.98,0.010925151092515017,0.02886207712325528
2024-04-11,85.79,-0.01368130604736717,-0.0018615474112856356
2024-04-12,86.46,0.007809768038232745,0.0027835768963115903
2024-04-15,86.21,-0.002891510525098284,-0.013276868490328608
2024-04-16,86.15,-0.0006959749449018116,-0.01756186566313145
2024-04-17,83.58,-0.029831688914683796,-0.04195323246217331
2024-04-18,83.5,-0.0009571667863125244,-0.029521152952115326
2024-04-19,83.79,0.0034730538922156384,-0.03667509772361455
2024-04-22,83.82,0.00035803795202271615,-0.022963049306446104
2024-04-23,84.17,0.004175614411835005,-0.026486236409900443
2024-04-24,84.09,-0.0009504574076274475,-0.024591114719869966
2024-04-25,84.92,0.00987037697704829,-0.014277423099245512
2024-04-26,85.38,0.005416862929816135,0.02153625269203152
2024-04-29,84.26,-0.013117826188802861,0.00910179640718578
2024-04-30,83.49,-0.009138381201044488,-0.003580379520229271
2024-05-01,80.7,-0.033417175709665736,-0.03722261989978515
2024-05-02,80.59,-0.0013630731102850513,-0.04253296899132708
2024-05-03,79.65,-0.011663978161062127,-0.05280057081698175
2024-05-06,80.1,0.005649717514124131,-0.05675930287329256
2024-05-07,79.97,-0.001622971285892616,-0.063363785429843
2024-05-08,80.57,0.007502813555082977,-0.043793021599810245
2024-05-09,80.86,0.0035993545984858155,-0.03150077853635158
2024-05-10,79.81,-0.012985406876082073,-0.011028500619578718
2024-05-13,80.71,0.011276782358100368,0.0014890184886460212
2024-05-14,79.62,-0.013505141865939652,-0.00037664783427493465
2024-05-15,80.23,0.007661391610148227,0.001622971285892838
2024-05-16,80.85,0.007727782624953106,0.011004126547455195
2024-05-17,81.66,0.010018552875695752,0.01352860866327421
2024-05-20,81.39,-0.0033063923585597843,0.006554538708879454
2024-05-21,80.66,-0.008969160830568867,0.010650294449316977
2024-05-22,79.15,-0.018720555417803042,-0.019328459918225627
2024-05-23,77.47,-0.021225521162350103,-0.027003265511178154
2024-05-24,78.48,0.01303730476313425,-0.02181228966720683
2024-05-28,80.9,0.030835881753312977,0.0006184291898578831
2024-05-29,80.24,-0.008158220024721996,-0.017389174626500137
2024-05-30,78.96,-0.015952143569292088,-0.02985624769627726
2024-05-31,77.97,-0.012537993920972546,-0.03334986362509296
2024-06-03,75.26,-0.03475695780428367,-0.04914718888186986
2024-06-04,74.27,-0.013154398086633101,-0.04130631212082103
2024-06-05,75.08,0.01090615322472055,-0.043323139653414944
2024-06-06,76.52,0.01917954182205639,-0.054140914709517984
2024-06-07,76.53,0.00013068478829070251,-0.04623629112662009
2024-06-10,78.75,0.029008232065856454,-0.0026595744680850686
2024-06-11,78.88,0.0016507936507936805,0.011671155572656078
2024-06-12,79.56,0.008620689655172598,0.0571352644166887
2024-06-13,79.61,0.0006284565108094498,0.07189982496297298
2024-06-14,79.41,-0.0025122472051249956,0.0576718167288226
2024-06-17,81.33,0.0241783150736683,0.06285938316779927
2024-06-18,82.67,0.016476085085454395,0.0802299751731348
2024-06-20,83.34,0.008104511914842183,0.058285714285714274
2024-06-21,81.71,-0.019558435325174095,0.0358772819472617
2024-06-24,82.63,0.01125933178313554,0.038587229763700215
2024-06-25,81.97,-0.007987413772237661,0.02964451702047488
2024-06-26,82.19,0.00268390874710267,0.03500818536708228
2024-06-27,83.04,0.010341890740966253,0.021025451862781264
2024-06-28,82.83,-0.0025289017341041387,0.0019354058304099642
2024-07-01,84.7,0.02257636122177953,0.016318694504439568
2024-07-02,84.09,-0.007201889020070795,0.02912740178680706
2024-07-03,85.19,0.01308122249970256,0.030981483722618997
2024-07-05,84.44,-0.00880385021716168,0.030132975478833757
2024-07-08,83.63,-0.009592610137375668,0.017520379608224834
2024-07-09,82.78,-0.01016381681214873,-0.003131021194605066
2024-07-10,83.39,0.007368929693162496,0.006760835446094404
2024-07-11,83.92,0.006355678138865617,-0.009208972845336505
2024-07-12,83.49,-0.005123927550047758,-0.0071352122725651945
2024-07-15,83.22,-0.0032339202299676018,-0.023124779903744508
2024-07-16,81.92,-0.015621244893054498,-0.02984367598294646
2024-07-17,84.16,0.02734375,0.006337438718163391
2024-07-18,84.17,0.00011882129277562825,0.016791495530321443
2024-07-19,81.43,-0.03255316621123905,-0.02350401726825746
2024-07-22,81.25,-0.0022104875353065045,-0.031816015252621566
2024-07-23,78.24,-0.03704615384615395,-0.06288178224937113
2024-07-24,78.78,0.006901840490797673,-0.05335255948089401
2024-07-25,79.43,0.008250825082508406,-0.03039550781249989
2024-07-26,78.58,-0.010701246380460883,-0.06630228136882133
2024-07-29,77.27,-0.016670908628149683,-0.0819769514078651
2024-07-30,76.17,-0.014235796557525493,-0.06459535797617588
2024-07-31,79.36,0.04188000525141122,-0.023261538461538445
2024-08-01,77.74,-0.02041330645161299,-0.0063905930470348205
2024-08-02,74.99,-0.03537432467198354,-0.04810865701954814
2024-08-05,74.46,-0.007067609014535292,-0.06257081707163559
2024-08-06,74.6,0.0018802041364491817,-0.050649020106897535
2024-08-07,76.68,0.02788203753351226,-0.007635563608127227
2024-08-08,77.64,0.012519561815336422,0.019298936589208227
2024-08-09,78.28,0.008243173621844457,-0.013608870967741882
2024-08-12,81.45,0.04049565661727139,0.047723179830203355
2024-08-13,79.81,-0.020135052179251045,0.06427523669822643
2024-08-14,78.47,-0.01678987595539405,0.05385441847972072
2024-08-15,79.66,0.015165031222122982,0.06782841823056307
2024-08-16,78.05,-0.020210896309314608,0.01786645800730291
2024-08-19,75.82,-0.02857142857142858,-0.023441524987120155
2024-08-20,75.27,-0.007254022685307282,-0.038451711803781374
2024-08-21,72.76,-0.03334661883884671,-0.10669122160834865
2024-08-22,73.72,0.01319406267179768,-0.0763062272898134
2024-08-23,75.82,0.0284861638632663,-0.033770867847585095
2024-08-26,78.4,0.034027960960169024,-0.01581722319859391
2024-08-27,76.5,-0.02423469387755106,-0.01985906470211396
2024-08-28,75.49,-0.013202614379084987,-0.004352413611184325
2024-08-29,76.9,0.01867797059213161,0.021655373986980253
2024-08-30,74.52,-0.030949284785435793,0.02418911489829556
2024-09-03,71.28,-0.04347826086956519,-0.03309820944112851
2024-09-04,70.11,-0.016414141414141437,-0.07530994460564489
2024-09-05,70.09,-0.0002852660105547855,-0.10599489795918371
2024-09-06,68.58,-0.021543729490654973,-0.10352941176470587
2024-09-09,69.65,0.015602216389618118,-0.07736123989932431
2024-09-10,66.73,-0.04192390524048817,-0.13224967490247075
2024-09-11,68.25,0.02277836055747029,-0.08413848631239929
2024-09-12,69.89,0.024029304029304033,-0.01950056116722787
2024-09-13,69.59,-0.004292459579338881,-0.0074169162744258665
2024-09-16,71.1,0.021698519902284774,0.014410044228848395
2024-09-17,72.16,0.014908579465541472,0.05220180810731989
2024-09-18,71.87,-0.004018847006651782,0.03187365398420683
2024-09-19,72.86,0.013774871295394453,0.09186273040611415
2024-09-20,72.72,-0.0019214932747735336,0.06549450549450553
2024-09-23,71.33,-0.01911441144114412,0.020603805980826895
2024-09-24,72.34,0.01415954016542842,0.03951717200747229
2024-09-25,70.42,-0.026541332596074163,-0.00956399437412081
2024-09-26,68.28,-0.03038909400738432,-0.05376940133037689
2024-09-27,68.72,0.006444053895723556,-0.04382913593989157
2024-09-30,68.75,0.00043655413271248555,-0.05640955256656599
2024-10-01,70.41,0.02414545454545447,-0.03176567656765683
2024-10-02,70.74,0.0046868342564976295,-0.008271414552081913
2024-10-03,74.33,0.05074922250494773,0.027508985346972548
2024-10-04,74.93,0.008072110856989223,0.06404430559500152
2024-10-07,77.76,0.03776858401174432,0.13884007029876977
2024-10-08,74.26,-0.04501028806584362,0.08061699650756693
2024-10-09,73.85,-0.005521141933746421,0.07418181818181813
2024-10-10,76.46,0.03534190927555847,0.08592529470245691
2024-10-11,76.11,-0.004577556892492729,0.07591178965224765
2024-10-15,71.22,-0.06424911312573911,-0.04184044127539355
2024-10-16,70.97,-0.003510249929794984,-0.05284932603763526
2024-10-17,71.26,0.004086233619839508,-0.08359053497942381
2024-10-18,69.78,-0.020769014875105296,-0.06032857527605717
2024-10-21,71.16,0.019776440240756532,-0.03642518618821933
2024-10-22,72.84,0.02360876897133224,-0.04734501700235405
2024-10-23,71.37,-0.020181219110378845,-0.06227828143476544
2024-10-24,70.58,-0.011069076642847175,-0.008986239820275244
2024-10-25,72.02,0.02040238027769914,0.014794983795969996
2024-10-28,67.65,-0.06067758955845581,-0.05065955655346621
2024-10-29,67.48,-0.0025129342202513394,-0.032960733734594405
2024-10-30,68.91,0.021191464137522154,-0.03161888701517712
2024-10-31,69.58,0.00972282687563486,-0.04475562877539818
2024-11-01,69.81,0.0033055475711412097,-0.021857923497267784
2024-11-04,71.83,0.028935682566967325,0.017710399546613687
2024-11-05,72.26,0.0059863566754838615,0.0033324076645377954
2024-11-06,71.98,-0.0038748962081373017,0.06400591278640055
2024-11-07,72.69,0.009863851069741525,0.07720806164789562
2024-11-08,70.69,-0.027514100976750555,0.025830793789000106
2024-11-12,68.43,-0.03197057575328888,-0.016527737855705493
2024-11-13,68.76,0.0048224462954844505,-0.015040825096691024
2024-11-14,68.99,0.003344968004653781,-0.03953779757761389
2024-11-15,67.33,-0.024061458182345175,-0.06822585109327439
2024-11-18,69.46,0.03163522946680519,-0.03500972492359
2024-11-19,69.75,0.004175064785488125,-0.04044572843582328
2024-11-20,69.25,-0.007168458781361964,-0.02037063233837877
2024-11-21,70.39,0.01646209386281594,0.028642408300452837
2024-11-22,71.68,0.01832646682767458,0.0424665503199535
2024-11-25,69.41,-0.03166852678571441,0.006087838817219859
2024-11-26,69.05,-0.0051865725399797835,0.025545819099955347
2024-11-27,69.03,-0.0002896451846488013,-0.006190613302620163
2024-11-29,68.26,-0.011154570476604286,-0.021362007168458708
2024-12-02,68.35,0.0013184881336065768,-0.012996389891696825
2024-12-03,70.15,0.02633504023408939,-0.0034095752237532917
2024-12-04,68.81,-0.019101924447612273,-0.04003906250000011
2024-12-05,68.58,-0.0033425374218863935,-0.011957931133842359
2024-12-06,68.58,0.0,-0.006806661839246941
2024-12-09,68.65,0.001020705745115258,-0.005504852962480045
2024-12-10,68.85,0.0029133284777858037,0.008643422209200002
2024-12-11,70.57,0.024981844589687663,0.03247988295537674
2024-12-12,70.25,-0.00453450474705952,0.0014255167498218313
2024-12-13,71.54,0.018362989323843504,0.03967446592065116
2024-12-16,71.03,-0.007128878948839845,0.035724701079031806
2024-12-17,70.31,-0.01013656201604951,0.025226013414989756
2024-12-18,70.8,0.006969136680415211,0.031318281136198056
2024-12-19,70.1,-0.009887005649717562,0.018155410312272968
2024-12-20,69.71,-0.005563480741797466,-0.012186481507722835
2024-12-23,69.5,-0.0030124802754266655,-0.010676156583629859
2024-12-24,70.87,0.019712230215827464,-0.009365389991613071
2024-12-26,70.38,-0.006914068011852792,-0.009151062931155973
2024-12-27,71.28,0.01278772378516635,0.013796046081638424
2024-12-30,71.73,0.0063131313131312705,0.01313559322033897
2024-12-31,72.44,0.00989822947162966,0.033380884450784576
2025-01-02,73.79,0.01863611264494769,0.058528188208291754
2025-01-03,74.64,0.011519176040113654,0.073956834532374
2025-01-06,74.31,-0.004421221864951752,0.048539579511782005
2025-01-07,74.99,0.009150854528327201,0.0655015629440181
2025-01-08,73.99,-0.013335111348179773,0.03801907968574625
2025-01-10,77.27,0.0443303149074199,0.07723407221525158
2025-01-13,79.57,0.029765756438462576,0.0984262838210932
2025-01-14,78.2,-0.017217544300615728,0.059764195690472866
2025-01-15,80.73,0.032352941176470695,0.08159163987138274
2025-01-16,79.35,-0.017094017094017255,0.06782398062171979
2025-01-17,78.56,-0.009955891619407575,0.047606347513001745
2025-01-21,76.79,-0.02253054989816694,0.037842951750236775
2025-01-22,76.12,-0.008725094413335133,-0.014882878219231177
2025-01-23,75.03,-0.01431949553336842,-0.057056679653135545
2025-01-24,74.97,-0.000799680127948843,-0.04130434782608705
2025-01-27,73.51,-0.01947445644924628,-0.08943391552087199
2025-01-28,74.15,0.008706298462794138,-0.06553245116572137
2025-01-29,72.94,-0.016318273769386438,-0.07153767820773937
2025-01-30,73.1,0.002193583767480023,-0.048053131918218694
2025-01-31,72.84,-0.003556771545827564,-0.04308985811875987
2025-02-03,73.52,0.009335529928610642,-0.020125283220045365
2025-02-04,73.04,-0.006528835690968293,-0.025743630785647453
2025-02-05,71.39,-0.02259036144578319,-0.028839613658005803
2025-02-06,70.97,-0.005883176915534416,-0.04288604180714772
2025-02-07,71.32,0.004931661265323406,-0.022210035645736315
2025-02-10,72.73,0.019770050476724865,-0.0050615595075238495
2025-02-11,73.67,0.012924515330674957,0.011394838001098195
2025-02-12,71.72,-0.026469390525315606,-0.024483133841131655
2025-02-13,71.66,-0.0008365867261572735,-0.018893756845564158
2025-02-14,71.05,-0.00851241975997763,-0.004762571788765935
2025-02-18,72.21,0.01632653061224487,0.017472171340002784
2025-02-19,72.58,0.005123944052070506,0.017666853617498646
2025-02-20,72.88,0.004133370074400622,0.0020624226591501316
2025-02-21,70.72,-0.029637760702524663,-0.04004343694855439
2025-02-24,71.06,0.004807692307692291,-0.009202453987730008
2025-02-25,69.15,-0.026878694061356567,-0.035026514094334216
2025-02-26,68.87,-0.004049168474331233,-0.03068261787473603
2025-02-27,70.62,0.025410193117467728,-0.022019110926464358
2025-02-28,69.97,-0.009204191447182208,-0.03596031964728574
2025-03-03,68.63,-0.01915106474203232,-0.0583150384193194
2025-03-04,68.47,-0.00233134197872642,-0.031815610859728505
2025-03-05,66.58,-0.02760332992551484,-0.06304531381930767
2025-03-06,66.62,0.0006007810153199067,-0.036587129428778065
2025-03-07,67.29,0.010057039927949596,-0.022941774357485123
2025-03-10,66.31,-0.014563828206271445,-0.06103086944208447
2025-03-11,66.52,0.0031669431458301034,-0.04930684579105338
2025-03-12,67.65,0.01698737221888158,-0.014279469619699725
2025-03-13,66.82,-0.012269031781227069,-0.02409814517306863
2025-03-14,67.43,0.009129003292427607,0.01276659657554835
2025-03-17,67.84,0.006080379652973367,0.018312818973281297
2025-03-18,67.49,-0.0051591981132076414,0.0029722098380144946
2025-03-19,67.4,-0.001333530893465551,0.016437942995023436
2025-03-20,68.55,0.017062314540059242,0.030517137702946506
2025-03-21,68.52,-0.0004376367614880028,0.012860310421285881
2025-03-24,69.46,0.01371862230005827,0.03950912900329251
2025-03-25,69.48,0.000287935502447656,0.030401898264867278
2025-03-26,70.05,0.008203799654576738,0.032576650943396235
2025-03-27,70.3,0.0035688793718773315,0.041635797895984705
2025-03-28,69.74,-0.007965860597439534,0.03471810089020755
2025-03-31,71.87,0.030542013191855677,0.04843180160466831
2025-04-01,71.61,-0.0036176429664672716,0.045096322241681364
2025-04-02,72.12,0.00712191034771692,0.038295421825511156
2025-04-03,67.43,-0.06503050471436489,-0.02950489349453078
2025-04-04,62.42,-0.07429927332048059,-0.10892219842969297
2025-04-07,61.05,-0.021948093559756576,-0.13157894736842102
2025-04-08,60.04,-0.016543816543816536,-0.1390880412962432
2025-04-09,62.63,0.043137908061292585,-0.12856546542368164
2025-04-10,60.57,-0.03289158550215554,-0.15416841223292832
2025-04-11,61.91,0.022123163282152802,-0.1415696062118692
2025-04-14,61.99,0.0012921983524472047,-0.08067625685896496
2025-04-15,61.74,-0.004032908533634472,-0.01089394424863821
2025-04-16,62.88,0.01846452866861026,0.029975429975430012
2025-04-17,65.07,0.034828244274808906,0.08377748167888055
2025-04-21,63.48,-0.024435223605348,0.013571770716908738
2025-04-22,64.6,0.017643352236925036,0.06653458807990753
2025-04-23,62.64,-0.030340557275541746,0.0117913099660798
2025-04-24,63.55,0.014527458492975764,0.0251653492498789
2025-04-25,63.85,0.004720692368214152,0.03417557499190149
2025-04-28,63.3,-0.008613938919342257,0.006679389312977069
2025-04-29,61.84,-0.02306477093206938,-0.04963885046872585
2025-04-30,59.55,-0.0370310478654593,-0.061909262759924366
2025-05-01,60.59,0.017464315701091637,-0.06207430340557263
2025-05-02,59.67,-0.015184023766298127,-0.04741379310344829
2025-05-05,58.5,-0.019607843137254943,-0.07946498819826908
2025-05-06,60.42,0.03282051282051279,-0.05371965544244317
2025-05-07,59.42,-0.01655081098973854,-0.0612954186413901
2025-05-08,61.25,0.03079771120834729,-0.009540750323415281
2025-05-09,62.37,0.01828571428571424,0.04735516372795967
2025-05-12,63.32,0.01523168189834867,0.04505694008912364
2025-05-13,65.04,0.02716361339229323,0.08999497234791365
2025-05-14,64.48,-0.008610086100861003,0.10222222222222221
2025-05-15,63.03,-0.022487593052109234,0.04319761668321753
2025-05-16,63.84,0.01285102332222765,0.07438572871087179
2025-05-19,63.98,0.002192982456140191,0.044571428571428484
2025-05-20,63.97,-0.00015629884338852484,0.0256533589866923
2025-05-21,62.93,-0.01625762075973114,-0.006159191408717679
2025-05-22,62.55,-0.006038455426664591,-0.03828413284132859
2025-05-23,62.89,0.005435651478816972,-0.02465880893300254
2025-05-27,61.61,-0.02035299729686757,-0.022528954466127238
2025-05-28,62.54,0.015094952118162697,-0.02036340852130336
2025-05-29,61.66,-0.014070994563479378,-0.036261331666145646
2025-05-30,61.46,-0.003243593902043429,-0.03923714241050491
2025-06-02,63.27,0.029450048812235563,0.005402828539647242
2025-06-03,64.1,0.01311838153943401,0.02478017585931247
2025-06-04,63.57,-0.00826833073322919,0.01081252981396097
2025-06-05,64.06,0.007708038382885141,0.03976627170913827
2025-06-06,65.3,0.019356852950358938,0.04413175567636718
2025-06-09,65.99,0.010566615620214437,0.07022380797924099
2025-06-10,65.66,-0.005000757690559188,0.06833712984054663
2025-06-11,68.91,0.04949741090466042,0.08914177335229967
2025-06-12,68.73,-0.0026121027427077337,0.07223088923556964
2025-06-13,73.84,0.07434890149861784,0.16155419222903888
2025-06-16,72.53,-0.017741061755146337,0.13221979394317818
2025-06-17,75.62,0.042603060802426596,0.15803981623277186
2025-06-18,75.89,0.003570483998942109,0.1500227307167754
2025-06-20,75.72,-0.0022400843325867115,0.15321352421565648
2025-06-23,69.36,-0.08399366085578441,0.006530256856769778
2025-06-24,65.45,-0.056372549019607754,-0.047722973956059955
2025-06-25,65.98,0.008097784568372735,-0.10644637053087758
2025-06-26,66.44,0.006971809639284565,-0.08396525575623881
2025-06-27,66.66,0.0033112582781456013,-0.11848717270563358
2025-06-30,66.3,-0.005400540054005365,-0.12636711029121106
2025-07-01,66.64,0.00512820512820511,-0.11991547807712621
2025-07-02,68.66,0.030312124849939837,-0.010092272202998909
2025-07-03,68.13,-0.007719196038450393,0.04094728800611147
2025-07-07,69.16,0.015118156465580457,0.048196423158532786
2025-07-08,69.55,0.005639097744360999,0.04680915111378692
2025-07-09,69.61,0.0008626887131559791,0.04425442544254432
2025-07-10,67.78,-0.026289326246228928,0.022322775263951877
2025-07-11,69.63,0.02729418707583342,0.04486794717887155
2025-07-14,68.19,-0.02068074105988793,-0.006845324788814389
2025-07-15,67.76,-0.0063059099574717115,-0.0054307940701598945
2025-07-16,67.13,-0.009297520661157188,-0.029352226720647745
2025-07-17,68.76,0.02428124534485332,-0.011358734723220576
2025-07-18,68.53,-0.003344968004653892,-0.015515012210889245
2025-07-21,68.39,-0.002042900919305368,0.008999704927707297
2025-07-22,67.56,-0.012136277233513626,-0.029728565273588914
2025-07-23,66.05,-0.022350503256364784,-0.03138290071858041
2025-07-24,67.16,0.016805450416351286,-0.008854781582054438
2025-07-25,66.38,-0.011614055985705751,-0.011172352152539866
2025-07-28,67.81,0.021542633323290206,-0.013816172193135579
2025-07-29,70.27,0.03627783512756211,0.0253903399970814
2025-07-30,71.09,0.011669275651060351,0.03947945606082759
2025-07-31,70.36,-0.010268673512449089,0.0414446417998815
2025-08-01,68.39,-0.027998862990335383,0.035427706283118976
2025-08-04,67.33,-0.015499342009065664,0.0025312686122691552
2025-08-05,66.2,-0.016783009059854415,-0.002711660138595806
2025-08-06,65.38,-0.012386706948640636,-0.03583542250405558
2025-08-07,64.9,-0.007341694707861612,-0.07641952469047941
2025-08-08,64.94,0.0006163328197226203,-0.08651005767337183
2025-08-11,65.03,0.0013858946720048948,-0.07575326890278566
2025-08-12,64.22,-0.012455789635552827,-0.06097382658283379
2025-08-13,63.68,-0.008408595453129886,-0.05421060448537052
2025-08-14,64.99,0.020571608040200973,-0.01827794561933549
2025-08-15,63.78,-0.018618248961378536,-0.024472315692872337
2025-08-18,64.51,0.011445594230166334,-0.006009244992295826
2025-08-19,63.38,-0.01751666408308794,-0.024022174314751954
2025-08-20,64.19,0.012780056800252293,-0.012917115177610405
2025-08-21,64.56,0.005764137716155249,0.005294300840859689
2025-08-22,64.08,-0.0074349442379182396,0.006281407035175768
2025-08-25,65.18,0.017166042446941532,0.0029235266964149353
2025-08-26,63.6,-0.024240564590365277,-0.002822201317027262
2025-08-27,64.49,0.013993710691823757,-0.0003100294527981218
2025-08-28,64.96,0.007287951620406297,0.024928999684442843
2025-08-29,64.36,-0.009236453201970307,0.0026483875993146277
2025-09-02,65.95,0.024704785581106226,0.021530359355638184
2025-09-03,64.36,-0.0241091736163761,0.004369538077403368
2025-09-04,63.81,-0.008545680546923506,-0.021018717397974895
2025-09-05,62.22,-0.024917724494593396,-0.02169811320754722
2025-09-08,62.6,0.006107360977177789,-0.029306869282059167
2025-09-09,62.97,0.0059105431309902645,-0.030634236453201846
2025-09-10,64.01,0.016515801175162936,-0.00543816034804212
2025-09-11,62.71,-0.02030932666770824,-0.04912812736921912
2025-09-12,63.02,0.004943390208898224,-0.020820385332504632
2025-09-15,63.66,0.010155506188511465,-0.002350728725905138
2025-09-16,64.89,0.01932139491046181,0.042912246865959514
2025-09-17,64.41,-0.0073971336107259145,0.0289137380191693
2025-09-18,63.91,-0.0077627697562490106,0.014927743369858693
2025-09-19,63.02,-0.013925833202941496,-0.015466333385408593
2025-09-22,62.99,-0.0004760393525864437,0.004464997608037091
2025-09-23,63.76,0.012224162565486418,0.0117423040304665
2025-09-24,65.4,0.025721455457967446,0.027332704995287616
2025-09-25,65.51,0.0016819571865442917,0.009554630913854334
2025-09-26,66.5,0.01511219661120422,0.03244837758112107
2025-09-29,64.27,-0.033533834586466194,0.005632921295571913
2025-09-30,63.17,-0.01711529484985208,0.0023801967629324405
2025-10-01,62.59,-0.009181573531739762,-0.0063502143197332606
2025-10-02,61.28,-0.02092986100015981,-0.038895859473023764
2025-10-03,61.65,0.006037859007832935,-0.05733944954128456
2025-10-06,62.49,0.013625304136253069,-0.04609983208670432
2025-10-07,62.52,0.00048007681228989796,-0.059849624060150375
2025-10-08,63.37,0.013595649392194487,-0.014003423058969955
2025-10-09,62.36,-0.015938141076219048,-0.012822542346050403
2025-10-10,59.75,-0.04185375240538802,-0.045374660488896046
2025-10-14,59.52,-0.003849372384937211,-0.028720626631853707
2025-10-15,59.08,-0.007392473118279619,-0.04168694241686943
2025-10-16,58.29,-0.013371699390656744,-0.06721075372059537
2025-10-17,58.3,0.00017155601303819878,-0.06749840051183631
2025-10-20,58.34,0.0006861063464838058,-0.07937509862711056
2025-10-21,58.66,0.005485087418580559,-0.05933290570878769
2025-10-22,59.3,0.010910330719399841,-0.007531380753138084
2025-10-23,62.44,0.052951096121416574,0.04905913978494625
2025-10-24,62.27,-0.002722613709160715,0.05399458361543674
2025-10-27,62.13,-0.0022482736470210707,0.06587750900669076
2025-10-28,60.97,-0.01867052953484638,0.04579759862778743
2025-10-29,61.26,0.004756437592258411,0.05005142269454921
2025-10-30,61.36,0.0016323865491347789,0.04602795772246848
2025-10-31,61.75,0.006355932203389925,0.04131534569983142
2025-11-03,61.79,0.0006477732793521707,-0.010409993593850086
2025-11-04,61.38,-0.006635377892862837,-0.014292596756062315
2025-11-05,60.4,-0.01596611274030635,-0.02784484146145183
2025-11-06,60.24,-0.0026490066225165476,-0.011973101525340257
2025-11-07,60.54,0.004980079681274896,-0.01175318315377083
2025-11-10,60.94,0.006607201850016509,-0.00684485006518909
2025-11-12,59.3,-0.026911716442402422,-0.03967611336032395
2025-11-13,59.54,0.004047217537942682,-0.0364136591681502
2025-11-14,60.87,0.022337924084648852,-0.008308895405669703
2025-11-17,60.66,-0.003449975357318835,0.004304635761589459
2025-11-18,61.51,0.014012528849324024,0.02108233731739695
2025-11-19,60.27,-0.0201593236872053,-0.004459861248761077
2025-11-20,60.07,-0.003318400530944121,-0.014276337381030513
2025-11-21,58.86,-0.020143166305976345,-0.00741989881956151
2025-11-24,59.11,0.004247366632687655,-0.007222035606315069
2025-11-25,58.25,-0.0145491456606327,-0.04304254969607357
2025-11-26,58.81,0.009613733905579513,-0.030497856907352405
2025-11-28,58.58,-0.0039108995068866115,-0.04763453097057391
2025-12-01,59.47,0.015192898600204785,-0.013273602123776373
2025-12-02,58.81,-0.011098032621489784,-0.020975528550024936
2025-12-03,59.09,0.004761095051861952,0.003907577302072696
2025-12-04,59.82,0.012354036215941777,0.012011503975638549
2025-12-05,60.23,0.006853895018388512,0.03399141630901292
2025-12-08,59.04,-0.019757595882450518,0.0039108995068866115
2025-12-09,58.4,-0.01084010840108407,-0.003072721065209949
2025-12-10,58.67,0.0046232876712328785,-0.013452160753321007
2025-12-11,57.76,-0.015510482358956912,-0.017854106444482265
2025-12-12,57.61,-0.002596952908587191,-0.02504653917752586
2025-12-15,56.97,-0.011109182433605258,-0.04764292878635912
2025-12-16,55.44,-0.026856240126382325,-0.07952847418230113
2025-12-17,56.07,0.011363636363636465,-0.05030487804878048
2025-12-18,56.22,0.002675227394328461,-0.0373287671232877
2025-12-19,56.8,0.010316613304873767,-0.03187318902335101
2025-12-22,58.18,0.024295774647887347,0.007271468144044446
2025-12-23,58.55,0.00635957373667928,0.016316611699357608
2025-12-24,58.72,0.0029035012809564,0.030717921713182328
2025-12-26,56.6,-0.03610354223433243,0.02092352092352101
2025-12-29,57.89,0.02279151943462887,0.03245942571785276
2025-12-30,57.79,-0.0017274140611505118,0.02792600498043396
2025-12-31,57.26,-0.009171136874891905,0.008098591549295708
2026-01-02,57.21,-0.0008732099196646637,-0.016672396012375357
2026-01-05,58.1,0.01555672085299764,-0.0076857386848846465
2026-01-06,56.97,-0.01944922547332195,-0.029802452316076256
2026-01-07,56.01,-0.01685097419694581,-0.010424028268551266
2026-01-08,57.74,0.03088734154615258,-0.0025911210917256566
2026-01-09,58.96,0.02112919986144779,0.020245717252119766
2026-01-12,59.39,0.0072930800542740926,0.037198742577715826
2026-01-13,60.85,0.024583263175618875,0.06362524034259742
2026-01-14,61.84,0.01626951520131481,0.06437177280550777
2026-01-15,59.13,-0.043822768434670145,0.03791469194312813
2026-01-16,59.4,0.004566210045662045,0.06052490626673812
2026-01-20,60.3,0.015151515151515138,0.04433668167648075
2026-01-21,60.38,0.001326699834162559,0.024084124830393572
2026-01-22,59.24,-0.018880423981450845,-0.0025256777235224126
2026-01-23,60.7,0.02464550979068192,-0.0024650780608052036
2026-01-26,60.46,-0.003953871499176365,-0.02231565329883578
2026-01-27,62.04,0.026132980482963974,0.04921359715880258
2026-01-28,62.75,0.011444229529335992,0.056397306397306446
2026-01-29,64.77,0.03219123505976085,0.07412935323383074
2026-01-30,64.5,-0.004168596572487249,0.0682345147399801
2026-02-02,61.6,-0.04496124031007753,0.03983794733288315
2026-02-03,62.62,0.01655844155844144,0.03163097199341003
2026-02-04,64.56,0.030980517406579366,0.0678134303671849
2026-02-05,62.9,-0.02571251548946718,0.013862024500322256
2026-02-06,63.77,0.013831478537360997,0.016254980079681403
2026-02-09,64.53,0.011917829700486049,-0.0037054191755441224
2026-02-10,64.2,-0.005113900511390046,-0.0046511627906976605
2026-02-11,64.8,0.009345794392523255,0.051948051948051965
2026-02-12,63.08,-0.02654320987654324,0.0073458958799106355
2026-02-13,63.05,-0.00047558655675339345,-0.0233890954151178
2026-02-17,62.53,-0.008247422680412342,-0.00588235294117645
2026-02-18,65.33,0.04477850631696789,0.024462913595734603
2026-02-19,66.66,0.020358181539874565,0.033007903300790176
2026-02-20,66.69,0.0004500450045004101,0.03878504672897187
2026-02-23,66.36,-0.004948268106162779,0.024074074074074137
2026-02-24,65.62,-0.011151295961422503,0.04026632847178191
2026-02-25,65.3,-0.004876562023773401,0.03568596352101516
2026-02-26,65.1,-0.003062787136294043,0.0411002718695026
2026-02-27,66.96,0.02857142857142847,0.02495025256390626
2026-03-02,71.13,0.06227598566308257,0.0670567056705671
2026-03-03,74.48,0.047096864895262325,0.11680911680911699
2026-03-04,74.58,0.0013426423200859627,0.12386980108499102
2026-03-05,80.88,0.0844730490748189,0.23255105150868616
2026-03-06,90.77,0.12227992087042527,0.3900459418070443
2026-03-09,94.65,0.04274540046270814,0.45391705069124444
2026-03-10,83.71,-0.11558372952984697,0.25014934289127844
2026-03-11,86.8,0.036913152550472006,0.22030085758470408
2026-03-12,95.61,0.10149769585253465,0.28370032223415675
2026-03-13,98.48,0.03001778056688642,0.3204612496647896
2026-03-16,93.39,-0.05168562144597888,0.15467359050445117
2026-03-17,96.01,0.02805439554556166,0.05772832433623454
2026-03-18,96.12,0.0011457139881261291,0.015530903328050627
2026-03-19,96.11,-0.00010403662089064625,0.14813045036435324
2026-03-20,98.71,0.02705233586515443,0.13721198156682024
2026-03-23,89.33,-0.0950258332489109,-0.06568350590942373
2026-03-24,93.18,0.04309862308295087,-0.05381803411860275
2026-03-25,91.51,-0.01792230092294489,-0.020130634971624373
2026-03-26,96.18,0.05103267402469669,0.0017706488907405227
2026-03-27,101.26,0.052817633603659875,0.05347482313774443
2026-03-30,104.69,0.03387319770886821,0.08927270835500978
2026-03-31,102.86,-0.017480179577801125,0.04204234626684222
2026-04-01,101.9,-0.009333074081275483,0.1407142057539461
2026-04-02,113.23,0.11118743866535818,0.2151749302425412
2026-04-06,114.01,0.006888633754305484,0.24587476778494155
2026-04-07,114.58,0.004999561441978662,0.1913079642337283
2026-04-08,96.17,-0.16067376505498343,-0.05026664033181916
2026-04-09,99.62,0.03587397317250707,-0.048428694240137515
2026-04-10,98.34,-0.012848825537040809,-0.043943223799338904
2026-04-13,100.72,0.02420174903396366,-0.011579980372914633
2026-04-14,93.07,-0.07595313741064347,-0.17804468780358573
2026-04-15,93.04,-0.00032233802514225474,-0.18393123410227175
2026-04-16,96.46,0.03675838349097149,-0.15814278233548618
2026-04-17,85.91,-0.1093717603151565,-0.1066860767391079
2026-04-20,91.06,0.059946455593062664,-0.08592652077896001
2026-04-21,93.64,0.02833296727432466,-0.04779336994102101
2026-04-22,94.76,0.011960700555318393,-0.05917394757744232
2026-04-23,99.27,0.04759392148585895,0.06661652519608907
2026-04-24,98.42,-0.008562506295960448,0.057824591573516715
2026-04-27,99.89,0.014935988620199181,0.035558780841799864
2026-04-28,103.45,0.035639203123435825,0.2041671516703527
2026-04-29,110.47,0.06785886901884974,0.2131561607731165
2026-04-30,108.64,-0.01656558341631209,0.16018795386586926
2026-05-01,105.38,-0.030007363770250373,0.11207260447446177
2026-05-04,109.76,0.04156386411083712,0.10567140122897167
2026-05-05,105.66,-0.03735422740524785,0.07356228408859988
2026-05-06,98.75,-0.06539844785159943,-0.011412553809190151
2026-05-07,98.38,-0.003746835443037999,-0.04900918318028036
2026-05-08,98.87,0.004980687131530992,-0.10500588395039367
2026-05-11,101.56,0.02720744411853948,-0.06516936671575846
2026-05-12,105.78,0.041551792044111746,0.003795786676788815
2026-05-13,104.52,-0.011911514463981865,-0.047740524781341165
2026-05-14,104.66,0.0013394565633371158,-0.009464319515426811
2026-05-15,108.99,0.04137206191477172,0.10369620253164546
2026-05-18,112.25,0.029911001009266913,0.14098393982516777
2026-05-19,112.09,-0.0014253897550110528,0.1337109335491049
2026-05-20,101.69,-0.09278258542242845,0.0012800315084677827
2026-05-21,100.2,-0.0146523748647851,-0.052750992626205306
2026-05-22,100.35,0.0014970059880239361,-0.03989667049368539
2026-05-26,97.63,-0.027105132037867463,-0.06716988343206576
2026-05-27,92.35,-0.05408173717095155,-0.15267455729883472
2026-05-28,92.65,0.003248511099079643,-0.17461024498886413
2026-05-29,91.16,-0.01608202914193213,-0.18672495316263726
2026-06-01,95.96,0.052654673102237703,-0.0563477234733013
2026-06-02,97.47,0.015735723218007536,-0.027245508982035926
2026-06-03,99.76,0.023494408535959854,-0.005879422022919689
2026-06-04,96.83,-0.029370489174017744,-0.008194202601659262
2026-06-05,94.32,-0.025921718475679034,0.021331889550622707
2026-06-08,95.0,0.007209499575911771,0.025364274150026844
2026-06-09,91.9,-0.032631578947368345,0.008117595436595071
2026-06-10,93.68,0.019368879216539625,-0.023759899958315844
2026-06-11,91.58,-0.022416737830913802,-0.060428849902534165
2026-06-12,88.62,-0.03232146756933818,-0.11166800320769843
2026-06-15,84.65,-0.044798013992326746,-0.12578746256325513
2026-06-16,79.8,-0.05729474305965754,-0.1539440203562341
2026-06-17,80.65,0.010651629072681912,-0.15105263157894733
2026-06-18,80.35,-0.0037197768133913067,-0.12568008705114264
2026-06-22,78.94,-0.01754822650902299,-0.15734415029888993
2026-06-23,74.62,-0.054725107676716456,-0.18519327364053284
2026-06-24,71.42,-0.042883945322969796,-0.19408711351839314
2026-06-25,72.67,0.01750210025203014,-0.14152392203189612
2026-06-26,70.3,-0.032613182881519265,-0.11904761904761907
2026-06-29,71.87,0.022332859174964526,-0.10886546807191566
2026-06-30,70.56,-0.01822735494643113,-0.12184194150591154
2026-07-01,69.74,-0.011621315192743897,-0.11654421079300736
2026-07-02,69.73,-0.00014338973329497406,-0.0655320289466631
2026-07-06,69.6,-0.0018643338591711744,-0.025483057966956157
2026-07-07,71.53,0.027729885057471426,-0.015687353791110525
2026-07-08,74.56,0.04235984901439949,0.06059743954480812
2026-07-09,73.15,-0.018910944206008584,0.017809934604146482
2026-07-10,72.45,-0.009569377990430672,0.02678571428571419
2026-07-13,79.2,0.0931677018633541,0.13564668769716093
2026-07-14,80.44,0.015656565656565702,0.15359242793632566
2026-07-15,80.73,0.003605171556439579,0.15991379310344844
2026-07-16,80.03,-0.008670878236095692,0.11883125961135188
2026-07-17,83.43,0.04248406847432218,0.11896459227467826
2026-07-20,84.38,0.011386791322066214,0.1535201640464796
2026-07-21,86.04,0.01967290827210255,0.18757763975155273
2026-07-22,87.66,0.018828451882844988,0.1068181818181817
2026-07-23,93.08,0.06182979694273327,0.15713575335653895
2026-07-24,91.74,-0.014396218306832909,0.1363805276848753
2026-07-27,84.25,-0.08164377588838012,0.05273022616518808
2026-07-28,80.91,-0.03964391691394664,-0.030204962243797318
2026-07-29,86.08,0.0638981584476579,0.0201469542545627
2026-07-30,85.15,-0.010803903345724786,-0.010344026034402654
2026-07-31,86.16,0.01186142102172627,-0.017111567419575646
2026-08-03,81.96,-0.04874651810584962,-0.11946712505371726
2026-08-04,77.33,-0.05649097120546598,-0.15707434052757796
2026-08-05,76.78,-0.007112375533428139,-0.08866468842729969
2026-08-06,78.88,0.027350872623078892,-0.02508960573476704
2026-08-07,79.77,0.011282961460446161,-0.0733039033457249
2026-08-10,83.76,0.05001880406167736,-0.01632413388138576
2026-08-11,84.77,0.012058261700095496,-0.01613277623026932
2026-08-12,84.97,0.0023593252329834336,0.03672523182040033
2026-08-13,82.77,-0.025891491114511056,0.0703478598215439
2026-08-14,83.99,0.014739639966171225,0.0939046626725708
2026-08-17,86.04,0.02440766757947399,0.09077079107505082
2026-08-18,86.48,0.005113900511390046,0.08411683590322183
2026-08-19,87.28,0.009250693802035137,0.042024832855778405
2026-08-20,89.75,0.028299725022914668,0.05874719830128594
2026-08-21,87.21,-0.02830083565459618,0.026362245498411152
2026-08-24,86.34,-0.009975920192638377,0.04313156940920626
2026-08-25,83.9,-0.02826036599490389,-0.001071556137635321
