report_date,capesize_5tc_usd_per_day,source,source_context
2019-04-08,4881.0,https://www.drycargomag.com/dry-bulk-week-14-the-baltic-briefing,"cy Policy Publications Dry Cargo Magazine Dry Cargo Handling Directory Advertising Magazine Advertising Online Banner Advertising Newsletter Banner Advertising Online Lead-Generating Content Media kit DCi Media Pack Editorial Programme Advertising Rates News Latest News Dry Bulk Trade & Commodities Shipping & Transport Ports & Terminals Engineering & Equipment Breakbulk Regional Focus Events Subscribe Dry Bulk Week 14: The Baltic Briefing 08 April 2019 Dry Bulk | Trade & Commodities | Shipping & Transport Bulk report – Week 14 Capesize The Capesize market over the past week looked to have found a floor on Tuesday with the BCI 5TC at $3460 before firming into the rest of the week, ending at $4881. Iron ore cargo trades from West Australia to China dominated early week business, while the Atlantic basin became active mid-week. A slim but constant trickle of business was heard out of Brazil heading to China, but details were hard to confirm. Thursday saw a flurry of North Atlantic fronthaul tenders by Korean and Japanese charterers. The North Atlantic tonnage situation is currently tight, with little activity. These tender fixtures gave an immediate lift to rates, lifting the bid offers in the Atlantic basin. Ending the week, holidays in the East made for a quiet market, while most eyes were fixed on tracking Cyclone Wallace’s arrival in what is hoped to be the last cyclone in the Pil"
2019-04-15,5737.0,https://www.drycargomag.com/dry-bulk-week-15-the-baltic-briefing,"zine Dry Cargo Handling Directory Advertising Magazine Advertising Online Banner Advertising Newsletter Banner Advertising Online Lead-Generating Content Media kit DCi Media Pack Editorial Programme Advertising Rates News Latest News Dry Bulk Trade & Commodities Shipping & Transport Ports & Terminals Engineering & Equipment Breakbulk Regional Focus Events Subscribe Dry Bulk Week 15: The Baltic Briefing 15 April 2019 Dry Bulk | Trade & Commodities | Shipping & Transport Bulk report – Week 15 Capesize The market saw a steep ascent from the depths of last week. The Baltic Capesize Index (BCI) 5TC opened on Monday at $5,099, although by Friday’s close most gains were lost, and it finished up at $5,737, a modest gain of $638. Improved sentiment stemmed from Atlantic-tightness combined with an open Colombia coal arbitrage. This in turn provided an influx of fronthaul cargo with minimal candidates, a much-needed injection in recent market times. The improved sentiment lent itself to escalations in the Pacific market. This led to West Australia to China iron ore cargoes lifting from $4.60 per metric ton (pmt) to above $5.00. The week ended on a wimper as the Pacific remained firm to holding, while the Atlantic rates and sentiment softened as the arbitrage closed. The ice premium season is also coming to an end at the beginning of May. Panamax An uneventful week started very slowly in the Pac"
2019-05-13,11621.0,https://www.drycargomag.com/dry-bulk-week-19-the-baltic-briefing,"g Online Banner Advertising Newsletter Banner Advertising Online Lead-Generating Content Media kit DCi Media Pack Editorial Programme Advertising Rates News Latest News Dry Bulk Trade & Commodities Shipping & Transport Ports & Terminals Engineering & Equipment Breakbulk Regional Focus Events Subscribe Dry Bulk Week 19: The Baltic Briefing 13 May 2019 Dry Bulk | Trade & Commodities | Shipping & Transport Dry Bulk Report – Week 19 Capesize The market continued its rollercoaster ride last week opening with negative sentiment, but turning around in dramatic fashion by the week’s end. The BCI 5TC reduced from $11,182 at the end of the previous week to a low of $9,898 on Tuesday, but rebounded to $11,621 by Friday. Reasonable cargo volumes were reported out of West Australia to China with rates for C5 lingering around $6.50-$6.75, whilst time charter rates in the Pacific lifted from low to mid-teens level by Friday. In the Atlantic Basin sentiment was given a much needed boost mid-week, with an influx of fronthaul cargoes fixing at stronger levels. Early in the week it was heard that the Vale Brucutu mine had been ordered to close once again on the authority of a Brazilian high court ruling. The saga continues with no clear resolution date in sight. Closing Singapore iron ore week saw improved sentiment, with rates on an upward tangent. Panamax Last week appeared to be one of consolidation."
2019-05-20,11909.0,https://www.drycargomag.com/dry-bulk-week-20-the-baltic-briefing,"Cargo Magazine Dry Cargo Handling Directory Advertising Magazine Advertising Online Banner Advertising Newsletter Banner Advertising Online Lead-Generating Content Media kit DCi Media Pack Editorial Programme Advertising Rates News Latest News Dry Bulk Trade & Commodities Shipping & Transport Ports & Terminals Engineering & Equipment Breakbulk Regional Focus Events Subscribe Dry Bulk Week 20: The Baltic Briefing 20 May 2019 Dry Bulk | Shipping & Transport Capesize The market continues to ebb and flow with a generally positive up trend. The Capesize 5TC opened with upward momentum from last week’s $11,621 and nudged to over $12,000. It then dropped to $11,705, however, by close it rallied to $11,909. West Australia to China ore run followed a similar pattern from high $6.00s, before losing 50 cents, ending the week marked around $6.50. News was heard overnight Thursday that Brazilian miner, Vale, advised prosecutors that another dam in the State of Minas Gerais is at risk of rupturing within the following week. This prediction was based on current movements at the dam. The mine hasn’t been active since 2016, as such, iron ore market flows would not be expected to be affected. Vale has raised its level of alert for the surrounding area. While getting ahead of possible incidents with warnings and evacuations is good to hear, the market is now questioning when these dam sagas will end and"
2019-05-27,12243.0,https://www.drycargomag.com/dry-bulk-market-capesize-market-in-full-swing,"s the market took a breather. With Vale still absent on Brazil to China C3, this route continued to take a minor role in the spot market. That said, several trades were still heard to be transacted by Brazilian charterers, usually to operators and owners. The West Australia to China route C5 started the week at $6.50 and was seen to strengthen throughout the week, closing at $7.036 on solid fixing. The Atlantic saw some activity on Colombia to Europe, but volumes were still thin. There is some disagreement amongst analysts as to the direction of this market, with a ceiling being proposed against rates that continue to gradually lift on reasonable volume. The Capesize 5TC closed on Friday at $12,243, a gain of $334 from the previous week. Panamax Last week was a continuation of the previous week, with a slow but steady rise in index values. The North Atlantic again witnessed a tightening of tonnage supply, with fronthaul trades prevalent. Although transatlantic volume was thinner, the positive sentiment endured. South America remained the market’s driving force, with the 10-30 June window soaking up numerous vessels throughout the week. However, rates were generally unchanged, that said, the constant demand had a positive impact on the Pacific market. The week in Asia started slowly due to the holiday in Singapore. However, the optimism was eventually realised, with rates picking up to"
2019-06-10,15007.0,https://www.drycargomag.com/dry-bulk-week-23-the-baltic-briefing,"e Advertising Rates News Latest News Dry Bulk Trade & Commodities Shipping & Transport Ports & Terminals Engineering & Equipment Breakbulk Regional Focus Events Subscribe Dry Bulk Week 23: The Baltic Briefing 10 June 2019 Dry Bulk | Trade & Commodities | Shipping & Transport Bulk report – Week 23 Capesize The market continued in an unusually steady ascent last week. With no major news in the market, each day improved on the last, breaking with the recent boom bust volatility. Owners appear to be less inclined to overplay their hand, while taking the smaller improvements as they come, in what appears to be a sustainable market. The Cape 5TC opened the week at $12,987 and closed out Friday at $15,007. The West Australia C5 route opened the week at $7.223 to close at $7.732, with timecharter rates in the Pacific pushing up respectively, if not more so. The Atlantic, while still minimal on activity, lifted up on the C3 Brazil to China route, with a return of Vale having market requirements. Fronthaul levels lifted approximately $4,500 to close Friday at $29,227 as tonnage tightness takes its toll coming into the later stages of Q2. Panamax Despite being a disrupted week, with several holidays in the East, rates in the Pacific appeared to resist the negative sentiment emanating from other areas. There was a surprising volume of fixing spread across the various load areas. The North Pacific"
2019-06-17,14203.0,https://www.drycargomag.com/dry-bulk-week-24-the-baltic-briefing,"rket closed on a quiet Friday last week after a few hectic days of mid-week trading. Trade routes from Brazil to the Far East were especially busy, marking possibly the highest volume of trading out of the region this year. While Vale was heard to be present in the Brazilian trade from early on, many other traders, operators, owners and charterers were active at week’s end, pushing rates up on closing. The 5TC average opened the week at $15,007 and largely softened throughout. This was until Thursday, when the market was thought to have found a floor. Solid activity Thursday in European hours had paper markets rallying, with C3 pushing from $16.85 to $17.14. The 5TC average closed Friday at $14,203. The Pacific market saw declines throughout the week, with C5 opening at $7.732, reaching a low of $7.123, and closing out at $7.314. Constant period activity was seen this week, with rates reaching levels at mid to high teens. Panamax The week began with another holiday in most of Europe, a lack of transatlantic enquiry lead to rumours of some very poor voyage fixtures being concluded. Most owners turned their attention to the fronthaul market. However, by the end of the week, prompt tonnage had begun achieving better numbers within the Atlantic and the fronthaul appeared softer. South American activity continued and rates were generally steady, if a little off. With a full week for the As"
2019-06-24,17947.0,https://www.drycargomag.com/dry-bulk-week-25-the-baltic-briefing,"hina which is primarily serviced by the ballaster fleet. Those vessels in the Atlantic already have been steadily picked off for longer north Atlantic fronthauls, exacerbating the fundamentals situation. The addition of a small uptick in transatlantic business has ignited the market. Meanwhile the Pacific reached heights earlier in the week on West Australia to China C5 route of $8.00, closing the week trading last at $7.40 and looks to be steady there. With a charging Atlantic market those vessels looking to make a choice on their next business will increasingly favour the West which will likely trigger a response from the East. The C5TC market opened Monday at $14,203 and closed Friday at $17,947. Panamax Rates everywhere slipped throughout last week. Initially transatlantic rates held firm due to limited available tonnage, however enquiry was also thin and the recently active North coast South American front haul market had slowed, giving north Atlantic tonnage fewer options. The South American market was hit much harder with pressure on first half June positions seeing rates tumble to around $14,500 plus $450,000 ballast bonus for modern Kamsarmaxes. This compares to around $15,500 plus $550,000 ballast bonus the previous week, as the dwindling cargo volume took effect. In the East the Indonesian market was very busy to various destinations. However, there was limited support from"
2019-07-01,19360.0,https://www.drycargomag.com/dry-bulk-week-26-the-baltic-briefing,"ally able to achieve lower than last done, albeit with minimal trade volumes heard. Several trades on Asian vessels for Brazil rounds were heard at healthy levels, which highlighted the options owners now have to choose from. Further west, Brazil to China voyage rates initially maintained their level before being seen to soften towards the end of the week. The North Atlantic was an animal of its own, as consecutively higher fronthaul fixtures were heard throughout the week. Many of these stemmed from the Black Sea, which, while at a higher headline rate, were largely viewed lower on the case of being a shorter duration back to the East. The C5TC opened the week at $17,947 to close Friday at $19,360. The West Australian C5 market opened the week at $7.45 to close the week out at $7.205. Panamax It was a strong week in the Atlantic with sources commenting they had rarely seen so few available ships on early positions. The index increased over $2,500 during the week for transatlantic rounds, with a modern Kamsarmax agreeing $12,500 for a round, admittedly from a good delivery in Aughinish, via the US East Coast to Jorf Lasfar. Fronthaul rates also increased by over $1,500 on the week before, with a modern Kamsarmax fixed at $19,000 delivery Gibraltar for a long trip via the US Gulf and the Cape of Good Hope to the East. Several vessels were also fixed basis delivery dropping outward pilo"
2019-07-15,27389.0,https://www.drycargomag.com/dry-bulk-week-28-the-baltic-briefing,"ean hours, ballaster tonnage was being secured for an ever-tightening window at the end of July. The C3 opened the week at $22.195 to close at $23.864. The lift in voyage rates across the indices on Friday was thought to have been substantially affected by the bunker market, which has been highly volatile this week, particularly in Asia, pushing vessel operating costs up. Trading activity on the West Australian C5 route was relatively mild, with sporadic trading from charterers. The route opened the week at $9.15 to close at $9.509. The Atlantic basin remains tight, although rumours for more competitive offers are being heard in trading. The C5TC continued its rise, closing out on Friday at $27,389 surpassing highs of 2018 while still looking stable and supported. Panamax Last Monday started very slowly with little appearing to trade anywhere. However, the market quickly continued its rapid rise as the Atlantic remained starved of early tonnage. In addition, Vale started taking multiple larger units to cover Brazilian iron ore stems to China. Talk of up to 10 vessels being taken in quick succession fanned the flames on an already bullish market, which then saw Panamaxes being taken for two laden legs with minimum durations at $20,000, redelivery in the Atlantic. The East rose steadily, but unspectacularly, until the end of the week. This was driven by Atlantic gains and the paper mark"
2019-07-22,32765.0,https://www.drycargomag.com/dry-bulk-week-29-the-baltic-briefing,"Cargo Magazine Dry Cargo Handling Directory Advertising Magazine Advertising Online Banner Advertising Newsletter Banner Advertising Online Lead-Generating Content Media kit DCi Media Pack Editorial Programme Advertising Rates News Latest News Dry Bulk Trade & Commodities Shipping & Transport Ports & Terminals Engineering & Equipment Breakbulk Regional Focus Events Subscribe Dry Bulk Week 29: The Baltic Briefing 22 July 2019 Dry Bulk | Trade & Commodities | Shipping & Transport Dry Bulk Week 29 Capesize Another week of gains as the Atlantic basin continues to be pressurised on tonnage and Brazilian cargoes keep up a steady flow. The Capesize 5TC opened the week at $26,705 to close Friday at $32,765, an increase of more than 22%. The Brazilian iron ore market was strong early in the week, with most charterers, owners, operators and traders all present at some stage. Vessels traded hands regularly and at levels that lifted at a startling rate. Brazil to China C3 rate levels varied wildly on date-specific terms with usually only the trade participants knowing the true value at that time. The Pacific took a back-step to this activity but was equally affected by it. Vessels booked in on period and trip charters in the Pacific were equally seen traded for Pacific or Atlantic cargoes, as the transatlantic C8 and Pacific round voyage C10 both lifted to attract vessels. The West Australia C5 r"
2019-07-29,27145.0,https://www.drycargomag.com/dry-bulk-week-30-the-baltic-briefing,"y Publications Dry Cargo Magazine Dry Cargo Handling Directory Advertising Magazine Advertising Online Banner Advertising Newsletter Banner Advertising Online Lead-Generating Content Media kit DCi Media Pack Editorial Programme Advertising Rates News Latest News Dry Bulk Trade & Commodities Shipping & Transport Ports & Terminals Engineering & Equipment Breakbulk Regional Focus Events Subscribe Dry Bulk Week 30: The Baltic Briefing 29 July 2019 Dry Bulk | Trade & Commodities | Shipping & Transport Capesize The market was a white knuckled ride this past week as a large downside movement shed value quickly leaving many in bewilderment. The 5TC opened the week at $32,765 and closed on Friday at $27,145. It became apparent on Monday that the market was sliding. Tuesday brought about a modest decline on all routes before the storm clouds gathered. Wednesday it dropped throughout the day, with most activity centred on C3 and C5 routes. Thursday erosion continued on all routes, but by the end of the trading day a floor had been found to close the week with a small rebound. The West Australia to China rollercoaster opened the week at $10.90, rising quickly to $11.145, then plummeted to $9.336 to close out the week at $9.77. The Brazil to China C3 big dipper opened the week at $27.518, reached a low of $22.614, before closing out at $23.145. Rate levels are still considered high for recent time"
2019-08-19,29624.0,https://www.drycargomag.com/dry-bulk-week-33-the-baltic-briefing,"ad-Generating Content Media kit DCi Media Pack Editorial Programme Advertising Rates News Latest News Dry Bulk Trade & Commodities Shipping & Transport Ports & Terminals Engineering & Equipment Breakbulk Regional Focus Events Subscribe Dry Bulk Week 33: The Baltic Briefing 19 August 2019 Dry Bulk | Shipping & Transport Bulk report – Week 33 Capesize The Capesize market was buoyant in both basins this week, posting gains across the board. After bottoming out the previous week, rates were seen to quickly rise. This was helped along the way by typhoon Lekima off the eastern coast of China and a tightening vessel situation in the Atlantic. The Capesize 5TC opened the week at $24,022 to close at $29,624. In the Pacific, most major charterers were present at some stage of the week, but struggled to get repeat trades at last done levels. In the Atlantic, Vale was particularly busy for the Brazil to China trade, taking both prompt August dates and C3 September laycan dates. Black Sea trade to the Far East was rumoured once again this past week, which also contributed to the tightening vessel situation. With Singapore off on Monday it was a late start to the Pacific market, however it was quick to gather momentum. Combined with the weather situation, the West Australia to China C5 trade opened at $9.164 and was pushed to $10.498 by index time Friday. Panamax It was a strong week overall, with "
2019-08-27,30437.0,https://www.drycargomag.com/dry-bulk-week-34-the-baltic-briefing,"ewsletter Banner Advertising Online Lead-Generating Content Media kit DCi Media Pack Editorial Programme Advertising Rates News Latest News Dry Bulk Trade & Commodities Shipping & Transport Ports & Terminals Engineering & Equipment Breakbulk Regional Focus Events Subscribe Dry Bulk Week 34: The Baltic Briefing 27 August 2019 Dry Bulk | Shipping & Transport Dry Bulk Report – Week 34 Capesize A tale of two halves this week as the market tide turned mid-week bringing a raft of higher fixtures to both basins. Pockets of pressure in the market released to the upside from Wednesday onwards. The Capesize 5TC routes opened the week at $29,624, dropped down to $28,431, before closing the week out at $30,437. The big play of the week came from Brazil, once again rising over $2 per metric tonne from Wednesday to Friday, to settle at $24.055. Several transatlantic trades were heard following the mid-week dip as trading activity was slow but steady. In the Pacific, the usual presence of Rio Tinto was the constant as they traded rates to the low and were again in at the high on Friday. Other miners were infrequent and generally quiet. C5 opened the week at $10.498, traded down quickly to $9.573, before closing out the week up at $10.577. Turbulent weather is once again heading towards South East China which should affect upcoming vessel schedules. Traders will also be casting a wary eye towards the"
2019-09-02,34583.0,https://www.drycargomag.com/dry-bulk-week-35-the-baltic-briefing,"Dry Bulk Week 35: The Baltic Briefing About Us About Us Contact Us Privacy Policy Publications Dry Cargo Magazine Dry Cargo Handling Directory Advertising Magazine Advertising Online Banner Advertising Newsletter Banner Advertising Online Lead-Generating Content Media kit DCi Media Pack Editorial Programme Advertising Rates News Latest News Dry Bulk Trade & Commodities Shipping & Transport Ports & Terminals Engineering & Equipment Breakbulk Regional Focus Events Subscribe Dry Bulk Week 35: The Baltic Briefing 02 September 2019 Dry Bulk | Trade & Commodities | Shipping & Transport Bulk report – Week 35 Capesize The market continued to firm all week, with the 5TC closing on Friday at $34,583, up $4,146 for the week. This marks a new high for the year and a remarkable lift from the lows of 3 April 2019, when it was a mere $3,540. Over the week, signals had been apparent that the Atlantic was coming to the boil as healthy demand struggled to find tonnage. Coming to a head at the end of the week, Brazil to China leapt almost $2 to settle on the index at $28.118. Transatlantic rates bounded up to $37,500 giving the basin a significant premium over its Pacific rival at $30,188. The Pacific, with a much greater supply of vessels, was a source of stability this week, resistant to pressures from the vessel drain to the Atlantic basin. West Australia to China C5 closed the week out at $"
2019-09-09,37921.0,https://www.drycargomag.com/dry-bulk-week-36-the-baltic-briefing,"out Us Contact Us Privacy Policy Publications Dry Cargo Magazine Dry Cargo Handling Directory Advertising Magazine Advertising Online Banner Advertising Newsletter Banner Advertising Online Lead-Generating Content Media kit DCi Media Pack Editorial Programme Advertising Rates News Latest News Dry Bulk Trade & Commodities Shipping & Transport Ports & Terminals Engineering & Equipment Breakbulk Regional Focus Events Subscribe Dry Bulk Week 36: The Baltic Briefing 09 September 2019 Dry Bulk | Shipping & Transport Bulk Report – Week 36 Capesize The market reached new heights this week as the 5TC topped $38,014, a level not seen in the sector since 2013. Fridays 5TC closed down $732 to settle at $37,921. While this week’s surge in rates was driven by a tightening of tonnage that is able to arrive within September, a wider sector story is emerging of vessel delays being caused by docking issues. The upcoming IMO regulations, which will apply from 1 January 2020, have vessels preparing tanks to receive cleaner fuels while others are installing scrubber units to process high sulphur fuel on the go. These unusual dockings are causing delays and disruptions to tonnage flows, which is further aggravating a tight tonnage situation in parts of the market. The Pacific Basin this week experienced a surge early on due to sentiment from the West, but was otherwise relatively steady, while not particul"
2019-09-23,31470.0,https://www.drycargomag.com/dry-bulk-week-38-the-baltic-briefing,"ded sideways at the beginning of this past week, it was unable to build any upward momentum and broke to the downside midweek. Brazil to China C3 opened the week at $25.89 to close out Friday at $23.705, while West Australia to China C5 opened at $10.923 to close at $9.145. Trade activity was moderate throughout the week in the Atlantic, while quieter in the Pacific. Bunker pricing for traders was a wild ride this week as fuel markets absorbed possible scenarios of war risk footing in the Persian Gulf. Prices lifted drastically leaving many to back off trades and wait for the situation to calm. Rates did reduce but are still at elevated levels. The 5TC opened the week at $33,996 to close at $31,470. While there was some talk of a floor being reached, Fridays drop of -$1301 momentum looks still to the downside. Panamax The week began with small increases in the Atlantic indices, but this was soon reversed, and the losses accelerated as the week wore on. There was healthy fixing volume for both transatlantic and fronthaul trips, but the earlier tonnage was forced to reduce their offers to find cover. Brokers felt October positions looked more balanced. The Pacific drifted lower all week, with vessels in the North forced to ballast South. The South American market was not providing its normal support, with charterers concentrating on taking tonnage delivery Arrival Pilot Station (APS) be"
2019-10-07,23675.0,https://www.drycargomag.com/dry-bulk-week-40-the-baltic-briefing,"ome heavy losses on a few days throughout the week before the tide appeared to turn on Friday. Stronger fronthaul numbers were being heard fixed late on Friday, while bids were heard to be lifting on C14 Brazil to China due to a lack of offers in the market. The West Australia to Qingdao C5 market lifted today to settle at $9.168. The Pacific had reasonable activity throughout the week but remains now within a range of $8.50 to $9.50. Being in the seasonal high Q4 period forward rates are elevated from today’s level, yet this is tempered on the spot by the weak demand. The Capesize 5TC opened the week at $24,916, reached a low of $23,425 Thursday, before closing up Friday +$250 to settle at $23,675. Panamax It was a week with continuous fall in the Atlantic basin whilst brokers were seeing signs of improvement in the Pacific as North Pacific grain lending support. The Baltic Panamax Index (BPI) stopped falling on Friday and returned to the positive territory in the last day of the week, with a strong push from the East. A Kamsarmax open Ghent went for a trip via the Baltic back to Skaw-Gibraltar in the mid $15,000s. More fixtures reported from East Coast South America, with the rates largely based on APS instead of DOP or retro Singapore delivery. 82,000dwt vessels were reportedly fixed for trips from East Coast South America to Singapore-Japan in the range of $16,000s to $17,000s plu"
2019-10-21,25117.0,https://www.drycargomag.com/dry-bulk-week-42-the-baltic-briefing,"Banner Advertising Online Lead-Generating Content Media kit DCi Media Pack Editorial Programme Advertising Rates News Latest News Dry Bulk Trade & Commodities Shipping & Transport Ports & Terminals Engineering & Equipment Breakbulk Regional Focus Events Subscribe Dry Bulk Week 42: The Baltic Briefing 21 October 2019 Dry Bulk | Shipping & Transport Bulk report – Week 42 Capesize The market traded in a relatively stable supported manner in the Pacific this week while the Atlantic experienced weakening turbulence. Fixture activity was strong in both basins with trade executed generally on a voyage priced basis. The 5TC opened the week at $26,382 before closing on a slightly down note Friday at $25,117. The Brazil to China C3 was the big mover this past week opening at $23.782 to close down at $20.945. The Pacific C5 market continued to trade in a limited range opening at $9.227 to end out the week on a positive at $9.114. Discussions continue to be heard regarding vessels cleaning fuel tanks in preparation for IMO 2020. Vessels going out on timecharter are needing to consider what fuel the vessel is being returned with, whilst ideally having a good indication of where that will be for bunkering considerations. Some have been heard to give favorable prices for bunkers on delivery to entice trade. While traders are well versed in bunker planning, the IMO’s hard deadline is problematic for "
2019-11-25,18930.0,https://www.drycargomag.com/dry-bulk-week-47-the-baltic-briefing,"icy Publications Dry Cargo Magazine Dry Cargo Handling Directory Advertising Magazine Advertising Online Banner Advertising Newsletter Banner Advertising Online Lead-Generating Content Media kit DCi Media Pack Editorial Programme Advertising Rates News Latest News Dry Bulk Trade & Commodities Shipping & Transport Ports & Terminals Engineering & Equipment Breakbulk Regional Focus Events Subscribe Dry Bulk Week 47: The Baltic Briefing 25 November 2019 Dry Bulk Bulk report – Week 47 Capesize After a week of value being eroded on the Capesize market, Friday brought improved sentiment across most of the routes. The 5TC average opened the week at $20,970 and closed out Friday up $580 to settle at $18,930, illustrating clearly the deteriorating condition of the market. While the Pacific Basin maintained its usual constant flow, improved sentiment built in the Atlantic Basin. Bids were heard to be firmly up across all routes. The Brazil to China C3 route opened the week at $19.04, reaching a midweek low of $18.225. However, with Fridays jump of 72.5 cents, the route settled at almost parity at $19.03 pushing into the weekend. While this current lift is encouraging for a possible last market push before the end of the year, trade activity overall hasn’t been reassuring. But as eyes drift to the New Year, and improved clarity post IMO changes, traders are sure to have plans in mind which will h"
2019-12-09,23704.0,https://www.drycargomag.com/dry-bulk-week-49-the-baltic-briefing,"trong trading activity from major iron ore charterers. With the steady flow of cargo in the Asia region, the Pacific C10 now trades at a solid 35% premium over the Atlantic C8. The C5 West Australia to China market had a significant jump mid-week, but fell away after a wild trading Friday, to leave the route largely unchanged week on week. Bad weather causing vessel delays in China is expected to cause disruption to upcoming schedules. The North Atlantic sentiment weakened throughout the week, as fixtures out of Brazil, to China, initially jumped in strength. But as a series of fixtures eased the pressure, levels were seen to decline. The Capesize 5TC closed the week down -$525 to settle at $23,704. Panamax Another week of upward momentum in the Panamax market, with East Coast South America (ECSA) grain trips to the Far East witnessing the largest gains. In the Pacific healthy coal enquiry from Australia and Indonesia kept rates relatively stable on the week. There has been slower trade volume on North Atlantic trades. However, an 83,000dwt vessel agreed $14,000 delivery from North France, for a trip via the US East Coast to Italy, with redelivery basis Gibraltar – whilst a 73,000dwt ship achieved $12,000 delivery arrival pilot station (APS), North Brazil, for a trip to Skaw-Cape Passero range. On the ECSA trips to the Far East the high saw an 82,000dwt vessel agreeing to $14,500 plus"
2019-12-23,14451.0,https://www.drycargomag.com/dry-bulk-week-51-the-baltic-briefing,"ration of weakening freight levels and increasing IMO bunker costs. A week out from Christmas there was a definite holiday feel, with some traders already absent. Opening Monday, trade was sparse in both Basins, but by mid-week there was signs the Atlantic had bottomed out and improved sentiment was found. The Pacific continued its rout, with the C10 opening the week at $17,000 to close at around $11,200. The two Basins are once again diverging with each other, with the Atlantic C8 at $17,300. Throughout the week the West Australia C5 was volatile, but as the week closed more activity was rumoured and settled at $7.20. The Brazil to China C3 closed in the upper $18.00’s. The C5TC settled at $14,451 on Friday, with two days left to price for the year. Panamax Negative values spread across most areas of the market this week, with the Pacific witnessing the biggest losses. In the Atlantic, cargo demand from the South Atlantic weakened a little, but steady enquiry was seen further north. For transatlantic trips from the US Gulf at start of the week we saw a 75,000dwt ship achieving $13,400 plus $340,000 ballast bonus. By the end of the week, an 81,000dwt ship was fixing $12,500 plus $250,000 ballast bonus, both delivery Arrival Pilot Station (APS) US Gulf, with redelivery Skaw-Gibraltar range. From East Coast South America, highest fixed was $15,000 plus $500,000 ballast bonus on an 81,00"
2020-01-13,9438.0,https://www.drycargomag.com/dry-bulk-week-2,"ectory Advertising Magazine Advertising Online Banner Advertising Newsletter Banner Advertising Online Lead-Generating Content Media kit DCi Media Pack Editorial Programme Advertising Rates News Latest News Dry Bulk Trade & Commodities Shipping & Transport Ports & Terminals Engineering & Equipment Breakbulk Regional Focus Events Subscribe Dry Bulk: Week 2 13 January 2020 Dry Bulk | Trade & Commodities | Shipping & Transport Bulk report – Week 2 Capesize Closing out the first full trading week of 2020, the Capesize market is struggling to gain any solid positive upward traction. Opening the week at $10,825, the Capesize 5TC fell away to $9,020, before staging a small rally to close Friday at $9,438. The Pacific Basin fared much worse than the Atlantic, voyage rates were under strong pressure earlier on, with owners coming close to zero on earnings. Geopolitical troubles in the Middle East kept fuel prices strong adding to the cost woes for owners in this post-IMO 2020 era. High very low sulphur fuel spreads now range north of $300 in Singapore. Rates for transatlantic routes were seen to hold up better with tonnage to cargo ratios at healthier levels, the C8 ending the week at $14,500. Backhaul C16 was seen to take continual losses throughout the week closing Friday at -$4,000 as owners look to invest in re-positioning their vessel into the Atlantic. Panamax An active week with health"
2020-01-20,8352.0,https://www.drycargomag.com/dry-bulk-week-3,"go Magazine Dry Cargo Handling Directory Advertising Magazine Advertising Online Banner Advertising Newsletter Banner Advertising Online Lead-Generating Content Media kit DCi Media Pack Editorial Programme Advertising Rates News Latest News Dry Bulk Trade & Commodities Shipping & Transport Ports & Terminals Engineering & Equipment Breakbulk Regional Focus Events Subscribe Dry Bulk: Week 3 20 January 2020 Dry Bulk | Trade & Commodities | Shipping & Transport Bulk report – Week 3 Capesize The market was relatively stable over this past week putting an end to the past months of more extreme declines. While the Capesize 5TC still softened marginally, opening the week at $9,438 and closing it at $8,352, market fundamentals appear to have stabilised with a dismal floor for owners in the Pacific and a tight tonnage situation in the Atlantic commanding a premium. In the Pacific the C5 closed out the week at $6.832 with the Pacific round C10 trading at $3,871. While bunkers gave a bit of reprieve earlier in the week helping owners, voyage rates declined in the Pacific putting earnings at firmly sub OPEX levels for standard vessels. Fixing activity has been mild throughout the week with Friday being very quiet. The Atlantic basin’s C8 closed out the week at $14,440 dropping -$1,035. With Chinese New Year officially starting next week on 24 Jan, most traders will be preparing for an impending q"
2020-02-17,2445.0,https://www.drycargomag.com/dry-bulk-week-7,"ia kit DCi Media Pack Editorial Programme Advertising Rates News Latest News Dry Bulk Trade & Commodities Shipping & Transport Ports & Terminals Engineering & Equipment Breakbulk Regional Focus Events Subscribe Dry Bulk: Week 7 17 February 2020 Dry Bulk | Trade & Commodities | Shipping & Transport Capesize Riding the downward momentum of the previous week, the market was always going to be hard pressed to make any sort of revival. With multiple drivers including Coronavirus, rail flooding in East Australia, rains in Brazil and a tropical cyclone in West Australia causing havoc, the market was seen to bottom out and meander sideways. The Capesize 5TC opened the week at $2,660 to close out at $2,445. While bunker volatility was causing fluctuation in the vessels’ earnings, voyage rates were mostly seen to soften throughout the week. C3 Tubarao to Brazil opened at $13.575 closed down at $12.95. West Australia was quiet and spot market fixture activity opened the week at $5.75 closing at $5.595. Remarkably the C10 Transpacific bucked the trend this week as demand for time-charter vessels lifted. The Transatlantic C8 didn’t fare so well as dwindling cargo options had most over offered. It now trades at $2,920 which is below the Pacific, the first time since mid-December. Panamax It was a relatively strong week overall, with most areas increasing their values over the week. East coast sout"
2020-02-24,2787.0,https://www.drycargomag.com/dry-bulk-week-8,"s. The Atlantic continued to improve, with the Transatlantic C8 now pricing at $2,655. Cargo remains limited for owners, while a healthy ballaster list is running low on options. The Pacific Transatlantic C10 continues to make modest gains to close the week out at $4,900. The C5 voyage route, West Australia to China, remains under pressure, but managed to lift slightly this week, finishing at $5.986, a rise of +.391. Re-fuelling timing for owners remains critical as bunkers continue to fluctuate wildly. Fuel demand across all industries has weakened in recent weeks, with the slowdown in China, giving some respite to owners. The Capesize 5TC opened the week at $2,445 to close out the week at $2,787. Panamax A markedly better week, with all routes posting gains. This was led by the P1A Transatlantic round voyage, which gained $1,380 on the week to close at $4,805. The 5TC average duly climbed $1,170 to close at $7,087, an almost 20 per cent gain for the week. Whilst sentiment is much more positive, these things are rarely linear, even when coming from such a low base. Consequently, opinion remains divided as to whether the momentum can be maintained. The East Coast South America (ECSA) market was also active this week, with delivery Arrival Pilot Station (APS) Brazil, becoming delivery dropping outward pilot station (DOP) India in the latter stages of the week. Some short period fixtur"
2020-03-09,2542.0,https://www.drycargomag.com/dry-bulk-week-10,"ge rates. The North Atlantic Basin has shown signs of tightening, as the Puerto Bolivar to Rotterdam C7 ticked up from $6.03 to close the week at $6.35. Although this is thought to be largely sentiment, as fixing volumes remained low. The Brazil to China C3 was one-way traffic this week, with the route taking a particularly heavy blow on Friday, closing out down -0.48 to settle at $11.845. Ballaster vessels are finding themselves being caught directionless in an ocean wilderness and left as easy pickings. The West Australia to China C5 was stable this week, with most majors taking tonnage. It closed out the week down -.264, to settle at $4.936. The Capesize 5TC market closed out the week at $2,542. Capes continue into the new week with little hope of change, alongside the current headwinds on the bow from the global markets. Panamax The week began slowly as usual, before activity peaked. Midweek, healthy fixture volume was seen in the Atlantic. With both fronthaul and Transatlantic mineral activity on the rise, firmer bids were observed. Bids are now available for basis delivery this side, with a 2012-built 82,000dwt vessel agreeing $20,000 for a trip via the Baltic to India, with coal. Support was seen from Transatlantic grains too, but something of a two-tiered market existed. South American business was ably served by ballasters who were willing to operate on cheaper numbers. Sout"
2020-03-16,2797.0,https://www.drycargomag.com/dry-bulk-week-11,"t Breakbulk Regional Focus Events Subscribe Dry Bulk: Week 11 16 March 2020 Dry Bulk | Trade & Commodities | Shipping & Transport Capesize The Capesize market came to work on Monday, with little expectation, or confidence, that the days ahead were going to bring anything other than fallout from Coronavirus. While this was a relatively simple assessment to make, it was without comfort. The magnitude of the fallout to come hammered business markets and civil society around the world, causing widespread fear. As previously mentioned, if the Capesize market wasn’t at precipitously low levels already, it would be on the speed boat there now. The Capesize 5TC opened the week at $2,542 to close at $2,797. Voyage rates were hugely affected after the oil crash on Monday, as bunker fuel was discounted heavily. West Australia to Qingdao dropped -.472 to settle the week out at $4.464. Meanwhile, the Brazil to China C3 market plunged down to settle at $10.535 from $11.84 earlier in the week. Iron ore continues to flow to China, with one source mentioning no significant disruptions to flow so far. While this may not account for all parties, it gives anticipation that the industry infrastructure sectors in China may return to their normal operational capacity sooner rather than later. Panamax The week began on a cautious note, with the news of oil prices and stock markets crashing. Rates stabilised"
2020-03-23,4067.0,https://www.drycargomag.com/dry-bulk-week-12,"ing Online Banner Advertising Newsletter Banner Advertising Online Lead-Generating Content Media kit DCi Media Pack Editorial Programme Advertising Rates News Latest News Dry Bulk Trade & Commodities Shipping & Transport Ports & Terminals Engineering & Equipment Breakbulk Regional Focus Events Subscribe Dry Bulk: Week 12 23 March 2020 Dry Bulk | Trade & Commodities | Shipping & Transport Capesize The Capesize market made some headway this past week despite being buffeted by the global pandemic storm. With the market in a constant state of flux on a seemingly endless news cycle, increasing restrictions and disruptions, the Cape 5TC managed a lift out of its recent range to settle the week at $4,067, a lift of +$1,270 for the week. The Atlantic Basin was the bigger mover this week, albeit with fewer fixtures, as large declines in the bunker prices lifted timecharter rates in relation to the marked voyage rates. Declines were felt later in the week with the Brazil to Qingdao C3 dropping from $10.535, to end the week at $9.970. West Australia to China C5 saw a constant flow throughout the week with rates fluctuating to close out at $4.305. Overall, sentiment seems improved, yet it’s expected there will be plenty more turmoil to endure as talk of quarantines increasing, credit lines tightening and port closures being mentioned, while governments react with stimulus injections and boarder "
2020-03-30,3675.0,https://www.drycargomag.com/dry-bulk-week-13," severity of this crisis and are acting to mitigate amongst the daily changing circumstances. Force Majeure declarations are increasingly common, with the latest heard being at European steel mills. At the beginning of this week South Africa announced intended lockdowns on its mines. This led to a rush of fixtures on Tuesday, as West Australia to China C5 potentially became the only show in town with cargo flow. C5 traded down to a low of $4.003 this week before lifting at the end of the week to $4.223. Brazil to China business has maintained a faint heartbeat, with owners being picked off slowly at ever sharpening levels. C3 closed the week out at $9.29. The Cape 5TC closed out the week at $3,675, down -392. Next week promises to be defined as another one of uncertainty. While some industries are feeling the impact more than others, it’s imperative in these trying times we all keep calm and carry on – remotely. Panamax A turbulent week with Covid-19 dominating headlines. Subsequently, Force Majeure was declared in several countries and integral shipping ports, as nervousness enveloped the market. Nevertheless, bright news of soya bean meal crushing margins turning positive in China and a good volume of fresh sales were concluded ex-Brazil and USA into China as a result thereof. This translated into a positive move for the Baltic Panamax Index (BPI) route P6, with rates moving on the"
2020-04-06,5949.0,https://www.drycargomag.com/dry-bulk-week-14,"st News Dry Bulk Trade & Commodities Shipping & Transport Ports & Terminals Engineering & Equipment Breakbulk Regional Focus Events Subscribe Dry Bulk: Week 14 06 April 2020 Dry Bulk | Shipping & Transport Capesize The Capesize market this past week looks to have come off life support and found some improved sentiment. The week began rather ordinary before surging on Tuesday prior to the index publishing. Improved South African loading options and activity out of Brazil were cited as the cause. Countering that, Vale announced that same evening it forecast cuts to iron ore output due to Coronavirus lockdowns. The market remains a touch above OPEX levels, with the Cape 5TC closing the week at $5,949. Cargo supply remains weak, while Covid-19 fallout looks set to increase over the coming weeks. The West Australia to China C5 route was at the centre of Tuesday’s lift. It opened the week at $4.223, lifted to $5.395, to close out Friday at $4.923. A wide spread of earnings has now opened between the Pacific Basin C10 at $7,954 and the Atlantic Basin C8 at $4,620. The Baltic Capesize Index (BCI) lifted this week out of negatives, from -91 to 319, illustrating the improved situation. Panamax The Panamax market roused in the early part of the week, supported in tandem with FFA gains witnessed. The Pacific has been largely driven by strong demand out of the North Pacific. That has favoured Kam"
2020-04-20,9875.0,https://www.drycargomag.com/dry-bulk-week-16,"k on a high, the C5 route added +0.232 to settle at $4.918. The Pacific round voyage route C10 opened the week at a premium to the Transatlantic C8. However, this was quickly surpassed, as the Atlantic Basin saw a lifting of cargo levels to available tonnage as several fixtures posted stronger returns. The Atlantic C8 stands at $10,075 to the Pacific C10 at $8,500. The Atlantic Basin was ignited predominantly on fronthaul C9 and ballaster routes back to the Far East. While fundamentals don’t appear drastically changed the push-pull between the Basins is now in motion, adding volatility and opportunity at above OPEX levels. The Capesize 5TC opened the shortened week at $6,762 to close out at $9,875. Panamax Easter holidays impacted the market last week, with only minor movements in the Baltic Panamax Index (BPI). Baltic mineral trades proved active, so too were South American fronthaul grains, particularly from North Coast South America (NCSA). Rates crept up a little from NCSA, with $13,350 plus $335,000 ballast bonus being paid for an 82,000dwt ship. Rates for Baltic round trips generally hovered around the $5,000 mark, but activity elsewhere was limited. In the Pacific, grain demand from the North Pacific started brightly. An 82,000dwt ship achieving $8,250 for a trip via the North Pacific, back to Singapore-Japan. However, generally demand in the region eased as the week went on, "
2020-06-08,4075.0,https://www.drycargomag.com/dry-bulk-week-23,"ls Engineering & Equipment Breakbulk Regional Focus Events Subscribe Dry Bulk: Week 23 08 June 2020 Dry Bulk | Trade & Commodities | Shipping & Transport Capesize The small flicker of hope at the beginning of this week has kindled a small fire under the Capesize market. At a paltry $3369 from the beginning of the week, the Capesize 5TC has lifted to $7307 with momentum continuing to build. Led by strong iron ore demand, the fronthaul long ton mile business has heeded the call. The transatlantic business, in contrast, continues to severely lag other regions, giving a strong indication of the continuing weak industrial output owing to Covid-19. The transatlantic C8 closed the week up +875 to $4075 with some suggesting that level to be quite generous considering the serious lack of business. The Pacific basin – and in particular iron ore from Western Australia to China – had strong activity for the second half of this week catching some by surprise. The C5 West Australia to Qingdao opened the week at $4.123 to close at $5.473. Fuel price increase had its part to play this week, lifting voyage prices. But once momentum had built, rates quickly outpaced. Panamax A better week all round, with the timecharter average climbing $345 on the week to Thursday. This was driven predominantly by both the US Gulf, and EC South American fronthaul markets, with P2A gaining $759 on the week to Thursd"
2020-06-15,12410.0,https://www.drycargomag.com/dry-bulk-week-24,"dvertising Magazine Advertising Online Banner Advertising Newsletter Banner Advertising Online Lead-Generating Content Media kit DCi Media Pack Editorial Programme Advertising Rates News Latest News Dry Bulk Trade & Commodities Shipping & Transport Ports & Terminals Engineering & Equipment Breakbulk Regional Focus Events Subscribe Dry Bulk: Week 24 15 June 2020 Dry Bulk | Trade & Commodities | Shipping & Transport Capesize The Capesize market made new highs for the year this week after strong iron ore demand to the far east continued to develop in the market. Earnings have lifted from sub operating cost levels under two weeks ago, to now having surged up to have the Capesize 5TC settling at $12,410. Long tonne mile cargoes coming from all regions of the Atlantic have looked to fill the void left in supply by sluggish Brazilian offerings. While Vale may have dialled down on output year to date, they were active in the market this week on Brazil to China activity. Voyage route C3 now sits at $14.91 and the Brazil to China timecharter C14 posts at $13,936. In the Pacific, all major iron ore charterers have been busy. Owners trading options have been increasingly plentiful for one of the first times this year so bid offer spreads have been widened, leading to some periods of inactivity and a wait for one side to blink. The West Australia to China C5 lifted from $5.473 on Monday to close o"
2020-09-21,15761.0,https://www.drycargomag.com/dry-bulk-week-38,"38 About Us About Us Contact Us Privacy Policy Publications Dry Cargo Magazine Dry Cargo Handling Directory Advertising Magazine Advertising Online Banner Advertising Newsletter Banner Advertising Online Lead-Generating Content Media kit DCi Media Pack Editorial Programme Advertising Rates News Latest News Dry Bulk Trade & Commodities Shipping & Transport Ports & Terminals Engineering & Equipment Breakbulk Regional Focus Events Subscribe Dry Bulk: Week 38 21 September 2020 Dry Bulk | Trade & Commodities | Shipping & Transport Capesize It was all heavy swell for the Capesize market this week as rate levels swung with no clear direction. The Capesize 5TC opened the week at $15,248 to close at $15,761. The Pacific basin was seen to gain traction throughout the beginning of the week, supplying positive sentiment into other parts of the market before it fell away mid-week as charterers took the upper hand. It was a short-lived drop as the Pacific steadied itself by weeks end. West Australia to China C5 settled Friday at $7.082. The Brazil to China C3 fed off the early positive sentiment to be very active this week fixing tonnage for laycans throughout October. The route closed with a week on week increase of 69 cents to settle at $16.295. The North Atlantic was largely inactive before a stronger fixture was heard, which helped to lift spirits in the region. It still remains thinly traded a"
2020-10-19,19952.0,https://www.drycargomag.com/dry-bulk-week-42,"Dry Bulk: Week 42 About Us About Us Contact Us Privacy Policy Publications Dry Cargo Magazine Dry Cargo Handling Directory Advertising Magazine Advertising Online Banner Advertising Newsletter Banner Advertising Online Lead-Generating Content Media kit DCi Media Pack Editorial Programme Advertising Rates News Latest News Dry Bulk Trade & Commodities Shipping & Transport Ports & Terminals Engineering & Equipment Breakbulk Regional Focus Events Subscribe Dry Bulk: Week 42 19 October 2020 Dry Bulk | Trade & Commodities | Shipping & Transport Capesize The Capesize market kept up a constant precipitous fall in values this week. Opening at $29,479, the Capesize 5TC has closed the week at $19,952, a drop of almost -30%. The Atlantic has been the most affected of the basins, yet this is likely because it had further to fall. As expected, activity was low throughout the declining week with owners able to bide their time to take large bites out of rates every time they fixed. The Brazil to China C3 declined at an increasing rate, as it lost -$3.592 to close the market down at $16.53 by weeks end. The Atlantic market was very low throughout the week and the negative sentiment of the wider market pushed the Transatlantic C8 down to $22,475. The Pacific Basin had little to stop the C5 drop. It settled the week at $7.668 breaking hopes of a quick rebound. While rates have lowered, earnings"
2020-11-30,12712.0,https://www.drycargomag.com/dry-bulk-week-48," Week 48 About Us About Us Contact Us Privacy Policy Publications Dry Cargo Magazine Dry Cargo Handling Directory Advertising Magazine Advertising Online Banner Advertising Newsletter Banner Advertising Online Lead-Generating Content Media kit DCi Media Pack Editorial Programme Advertising Rates News Latest News Dry Bulk Trade & Commodities Shipping & Transport Ports & Terminals Engineering & Equipment Breakbulk Regional Focus Events Subscribe Dry Bulk: Week 48 30 November 2020 Dry Bulk | Trade & Commodities | Shipping & Transport Capesize The Capesize market this week continued its recent range bound sideways drift hitting a low of $11,996 Tuesday on the 5TC, before closing the week out at $12,712. While the Pacific had more of a muted week, the Atlantic basin stepped up its activity with numerous fixtures being heard out of Brazil and, to a lesser extent, the North Atlantic. Meanwhile, Brazil to China voyage rates were seen strengthened, gaining 39 cents to settle the week at $13.815. It is noted that bunker levels have lifted, thus providing underlying support. With the official Baltic loading window now starting to account for the beginning of January, the pressure is on to fix before the season comes to an end. However, some still see plenty of business yet to be done out of Brazil before any end is met. The Pacific Transatlantic C10 at $15,269 still maintains a solid premium ove"
2020-12-07,12606.0,https://www.drycargomag.com/dry-bulk-week-49,"out Us About Us Contact Us Privacy Policy Publications Dry Cargo Magazine Dry Cargo Handling Directory Advertising Magazine Advertising Online Banner Advertising Newsletter Banner Advertising Online Lead-Generating Content Media kit DCi Media Pack Editorial Programme Advertising Rates News Latest News Dry Bulk Trade & Commodities Shipping & Transport Ports & Terminals Engineering & Equipment Breakbulk Regional Focus Events Subscribe Dry Bulk: Week 49 07 December 2020 Dry Bulk | Trade & Commodities | Shipping & Transport Capesize The Capesize market continued its meandering behaviour this week as the 5TC opened at $12,712. It weakened throughout the week before reviving to close up Friday at $12,606. It was a varied market across the globe with some pockets of tightness having an overbearing effect on several routes. The West Australia to China C5 lifted 68 cents this week to $7.795, while the Brazil to China C3 saw rates under sustained pressure drop $1.45 down to $12.36. Re-scheduling of several vessels out of Ponta Da Madeira - due to an incident - was partly to blame for this decline. In the North Atlantic, prompt vessel tightness is causing firming of some rates. But overall, the basin remains in dire need of cargo. The Transatlantic C8, trading now at $12,725, lifted at weeks end but is firmly placed as the discounted basin with the Pacific C10 trading now at $16,638 with its mor"
2021-01-11,16633.0,https://www.drycargomag.com/dry-bulk-week-1-2021,"t Us About Us Contact Us Privacy Policy Publications Dry Cargo Magazine Dry Cargo Handling Directory Advertising Magazine Advertising Online Banner Advertising Newsletter Banner Advertising Online Lead-Generating Content Media kit DCi Media Pack Editorial Programme Advertising Rates News Latest News Dry Bulk Trade & Commodities Shipping & Transport Ports & Terminals Engineering & Equipment Breakbulk Regional Focus Events Subscribe Dry Bulk: Week 1 11 January 2021 Dry Bulk | Trade & Commodities | Shipping & Transport Capesize The market has surely surprised many this week after sparking into life and quickly surpassing levels seen in November and December 2020. The Capesize 5TC ended 2020 at $16,633 and now closes out its opening week of 2021 at a resounding $21,131. Activity heated up from the middle of the week before exploding higher on Friday off the back of a heated Brazilian market. While major charterer Vale was said to be absent, rates have climbed quickly on prompter requirements scrambling to cover. Brazil to China C3 settled at up $1.645 to $17.33 to end the week. The ballaster line-up is lean, but not overly so. Additional pressure is thought to have been exerted on the market by expectations for this year, manifesting in an elevated derivatives forward curve. In the Pacific, fixing activity was heard to be mild ending out the week, yet rates still surged with poor weather "
2021-01-18,21667.0,https://www.drycargomag.com/dry-bulk-week-2-2021,"Programme Advertising Rates News Latest News Dry Bulk Trade & Commodities Shipping & Transport Ports & Terminals Engineering & Equipment Breakbulk Regional Focus Events Subscribe Dry Bulk: Week 2 18 January 2021 Dry Bulk | Trade & Commodities | Shipping & Transport Capesize The Capesize market surged this past week to a three month high, as a stronger outlook for the market took hold. Opening the second full week of the year at $21,131 the Capesize 5TC peaked mid-week at $26,489, before closing down to end the week at $23,989. Charterers managed to take back a little influence dipping the index. But fixture activity was certainly weaker at weeks end. The Transpacific C10 settled the week at $21,667, with the West Australia to China C5 dropping -.522 on Friday to $8.814. For most of the week the C10 was more in line with the Transatlantic C8, which currently stands at $29,475. But it has now realigned closer to the Brazil to China C14 at $18,664. Not often is such a divide seen between the C10 and C14, which can in part be traced back to the velocity of the recent surge. Rates now appear to be calibrating themselves before the next move, whether up or down remains to be seen. It was heard in the market that Brazilian charterer Vale has had a fire at their Pier 4 South terminal at Ponta da Madeira causing scheduled vessels to be redirected. The severity of the fire and any damage is unk"
2021-02-01,15675.0,https://www.drycargomag.com/dry-bulk-week-4-2021,"cy Publications Dry Cargo Magazine Dry Cargo Handling Directory Advertising Magazine Advertising Online Banner Advertising Newsletter Banner Advertising Online Lead-Generating Content Media kit DCi Media Pack Editorial Programme Advertising Rates News Latest News Dry Bulk Trade & Commodities Shipping & Transport Ports & Terminals Engineering & Equipment Breakbulk Regional Focus Events Subscribe Dry Bulk: Week 4 01 February 2021 Dry Bulk | Trade & Commodities | Shipping & Transport Capesize The Capesize routes endured a week of slippage on rates, bringing the market back down to levels seen at the beginning of the month. Dropping -8,956 over the course of the week the Capesize 5TC settled at $15,675. The Atlantic Basin routes were the big movers with the Transatlantic C8, in particular, coming under fire. It posted down to $23,250 as a lack of cargo took its toll. The Pacific Basin, with an abundance of cargo to go along with available vessels, allowed charterers to continually apply downward pressure with the West Australia to Qingdao C5 dropping -1.728 by weeks end to $6.145. While the market did post down on the last day of the week, there was scattered chatter that the market had bottomed in some regions as the ballaster routes lit up green amongst an otherwise sea of red. This time of the year is usually a seasonal low period for Capesize. However, the market continues to surprise"
2021-02-15,10304.0,https://www.drycargomag.com/dry-bulk-week-6-2021,"ontact Us Privacy Policy Publications Dry Cargo Magazine Dry Cargo Handling Directory Advertising Magazine Advertising Online Banner Advertising Newsletter Banner Advertising Online Lead-Generating Content Media kit DCi Media Pack Editorial Programme Advertising Rates News Latest News Dry Bulk Trade & Commodities Shipping & Transport Ports & Terminals Engineering & Equipment Breakbulk Regional Focus Events Subscribe Dry Bulk: Week 6 15 February 2021 Dry Bulk | Trade & Commodities | Shipping & Transport Capesize The market was predictably quiet by the end of the week with many traders absent for the beginning of Chinese New Year. The Capesize 5TC registered a token drop of eight to settle at $10,304 as minimal trading was heard. It’s said to be a different story on the derivatives market where rumblings of an upturn in sentiment was heard from several sources. The smaller bulk vessel classes are running counter to the Capesize decline. So much so it was heard Panamax cargoes this week were being combined to be loaded on a Capesize. The market had a fairly constant downward slide in values over the past week and yet the trans-Atlantic C8, which ended at $15,010 still trades at a significant premium to the trans-Pacific at $6,227. This highlights the more precarious trading situation in the Atlantic as tonnage remains tight, yet fixtures continue to tick over. This is not the usual for t"
2021-02-22,14224.0,https://www.drycargomag.com/dry-bulk-week-7-2021,"ertising Online Banner Advertising Newsletter Banner Advertising Online Lead-Generating Content Media kit DCi Media Pack Editorial Programme Advertising Rates News Latest News Dry Bulk Trade & Commodities Shipping & Transport Ports & Terminals Engineering & Equipment Breakbulk Regional Focus Events Subscribe Dry Bulk: Week 7 22 February 2021 Dry Bulk | Trade & Commodities | Shipping & Transport Capesize As one of the more wild weeks in the first quarter for the Capesize comes to an end, the market feels more like it’s in reprieve mood contemplating what comes next. From last Friday at $10,304, the Capesize 5TC reached a high on Wednesday of $15,856 before retreating to close the week out at $14,224. The Australia and Brazil to China routes battled it out for tonnage throughout the week as Owners were swayed in both directions. The west Australia to China C5 opened the week at $5.82, peaked at $8.40 before closing Friday at $7.05. Throughout the week the paper market was heard to be very active and while the Cape market charged, it was definitely not alone as smaller bulk carrier sizes were treading a similar route. The Panamax sector was arguably the star of the show giving Capes somewhat of a leg up with the smaller cargoes combining for Capesize business - a rarity indeed. While the Capesize market has closed down a little for the end of the week, calm seas are unlikely with so much"
2021-03-08,14794.0,https://www.drycargomag.com/dry-bulk-week-9-2021," Us Privacy Policy Publications Dry Cargo Magazine Dry Cargo Handling Directory Advertising Magazine Advertising Online Banner Advertising Newsletter Banner Advertising Online Lead-Generating Content Media kit DCi Media Pack Editorial Programme Advertising Rates News Latest News Dry Bulk Trade & Commodities Shipping & Transport Ports & Terminals Engineering & Equipment Breakbulk Regional Focus Events Subscribe Dry Bulk: Week 9 08 March 2021 Dry Bulk | Trade & Commodities | Shipping & Transport Capesize The market has surged during the last couple of days of the week to trade in the upper region of its recent range. Gaining $920 on the last trading day of the week the Capesize 5TC settled at $14,794, which reflected the solid trading activity. The West Australia to China C5 gained a strong $0.609 to publish at $8.959, while the timecharter trans-Pacific C10 route lifted $2,200 to $18,992 giving the basin a $3,777 premium over the trans-Atlantic C8 route which published at $15,215. The north Atlantic remains relatively quiet yet steady with rates in the $15,000 level seemingly poised and awaiting market direction. The Brazil market was highly active all week and surprisingly lifted strongly in the face of a solid ballaster fleet. There was talk of possible trucking union strike in Brazil, but as yet no specific detail has emerged. The Capesize market recently seems unwilling to lie down"
2021-03-15,16741.0,https://www.drycargomag.com/dry-bulk-week-10-2021,"go Magazine Dry Cargo Handling Directory Advertising Magazine Advertising Online Banner Advertising Newsletter Banner Advertising Online Lead-Generating Content Media kit DCi Media Pack Editorial Programme Advertising Rates News Latest News Dry Bulk Trade & Commodities Shipping & Transport Ports & Terminals Engineering & Equipment Breakbulk Regional Focus Events Subscribe Dry Bulk: Week 10 15 March 2021 Dry Bulk | Trade & Commodities | Shipping & Transport Capesize It was another rollercoaster week with high activity on the west Australia and Brazil to China routes. The Capesize 5TC opened the week at $14,794 to move quickly up to $17,889 at midweek before tailing off towards the weekend at $16,741. While the Transatlantic C8 was a calm seas story, the ballaster C14 and the trans-Pacific C10 routes drove rates hard and attracted tonnage for their region with values stalling out on Wednesday. On the ballaster route the tonnage levels remain substantial, with some suggestion of a lack of cargo for end March dates. In the Pacific, the West Australia to China C5 hit a high of $9.623 this week before coming off to settle at $9.155. With the commodity markets and the smaller vessel sizes still pushing up the Capesize sector is feeling supported. The values are ebbing and flowing with strength which is unusual for this time of the year. Capes are being heard taking unusual cargoes along seve"
2021-03-22,19437.0,https://www.drycargomag.com/dry-bulk-week-11-2021,"Dry Bulk: Week 11 About Us About Us Contact Us Privacy Policy Publications Dry Cargo Magazine Dry Cargo Handling Directory Advertising Magazine Advertising Online Banner Advertising Newsletter Banner Advertising Online Lead-Generating Content Media kit DCi Media Pack Editorial Programme Advertising Rates News Latest News Dry Bulk Trade & Commodities Shipping & Transport Ports & Terminals Engineering & Equipment Breakbulk Regional Focus Events Subscribe Dry Bulk: Week 11 22 March 2021 Dry Bulk | Trade & Commodities | Shipping & Transport Capesize A steady build for the Capesize market saw the 5TC lift $2,696 to settle the week at $19,437. The trajectory of gains appeared more sustainable this week as pressure continued to build on charterers. Significant tail winds are thought to be coming from the smaller sizes as they have continued their charge upwards this week. Unusual fixtures continue to be heard in the market as charterers have looked to Capesize vessels for respite from their own usual vessel classes. The fixing activity was largely centred around the middle of the week with Friday rumours of it being a softer day. The Pacific West Australia to China C5 remained largely resilient to the wider market throughout the week, only lifting slightly from $9.155 to $9.327. The Brazil to China C3, however, saw fixtures acros"
2021-03-29,19014.0,https://www.drycargomag.com/dry-bulk-week-12-2021,"s Latest News Dry Bulk Trade & Commodities Shipping & Transport Ports & Terminals Engineering & Equipment Breakbulk Regional Focus Events Subscribe Dry Bulk: Week 12 29 March 2021 Dry Bulk | Trade & Commodities | Shipping & Transport Capesize A more tempered week saw rates soften across all routes with low activity in both basins. Resilience and strong optimism still remains from Owners, yet the tailwinds from smaller classes turned to headwinds early in the week as market sentiment across shipping and commodities took a downward turn. The Capesize rates followed suit through until Thursday before posting a small up-tick. The 5TC opened the week at $19,437 to close out the week down $423 at $19,014. The Brazil to China C3 was slightly down $0.71 to $21.04 and the West Australia to China C5 was down $0.104 to $9.223. Both very modest drops with Owners showing no signs of panic. News out of Vales northern Brazil rail line had iron ore cargoes being impacted by a slip incident yet flow continues. Panamax The Panamax 5 time-charter average yielded a loss of $1,326 on the week to publish on closing at $25,447, which is a realistic reflection of the corrective week the Panamax market has experienced following last week’s dramatic rises. Rates in the Atlantic basin eased as demand faltered and pressure slowly built on the nearby position with fewer options for Owners to consider. The Asian m"
2021-04-12,7885.0,https://www.drycargomag.com/dry-bulk-week-14-2021,"Bulk: Week 14 12 April 2021 Dry Bulk | Trade & Commodities | Shipping & Transport Capesize The Capesize market continued this week with its constant and relatively steady improvement in rate values. The Capesize 5TC lifted 4,058 over the shortened post Easter holiday week to $23,911. While the Transpacific C10 remains the premium paying basin at $27,221, the Atlantic Basin C8 has closed the gap now rated to $19,850, albeit fixtures still remain few and far between in the region. The Fronthaul C9 and Backhaul C16 stood out this week as solid earning fixtures well into the mid $40k regions drove the C9 up to $44,000, while the C16 gathered pace late in the week closing in on $10k to settle at $7,885 with several believing it well undervalued. Out of Brazil, Vale was able to obtain $21 levels for tonnage on C3. But sources say the remaining bids have now all needed to lift - pushing the end of week closing to $22.475. Fixture activity remains strong on the Capesize sector and possibly building without the tailwinds of the smaller sizes. Panamax The Panamax market was described by some as floorless this week, with significant declines across the board and at the time of writing no sign of halting. Despite owners’ resistance, a burgeoning tonnage count building - especially for the nearby position - combined with a lack of demand and a plunging FFA market heaped pressure on rates. No rout"
2021-04-19,28250.0,https://www.drycargomag.com/dry-bulk-week-15,"andling Directory Advertising Magazine Advertising Online Banner Advertising Newsletter Banner Advertising Online Lead-Generating Content Media kit DCi Media Pack Editorial Programme Advertising Rates News Latest News Dry Bulk Trade & Commodities Shipping & Transport Ports & Terminals Engineering & Equipment Breakbulk Regional Focus Events Subscribe Dry Bulk: Week 15 19 April 2021 Dry Bulk | Trade & Commodities | Shipping & Transport Capesize The market turned for all Capesize routes this past week as the BCI reached new highs for the year. The Capesize 5TC started the week at $23,911, surged early in the week before a lull mid-week. It closed out with a strong gain of 4,339 for the week to $28,250. Both basins had a solid contribution of fixtures this week. The liquid West Australia to China C5, which closed at $11.368, and the Brazil to China C3, which closed at $25.205, were both highly active in volatile trading sessions. Meanwhile the less frequently traded Backhaul C16 at $14,325 and Fronthaul C9 at $49,200 made significant moves at differing times throughout the week. Rate levels are now closing in on the highs from last year, albeit the build-up in values this time around appear not to be taking off like a spaceship but rather taking considered pauses for evaluation. The flow of fixtures appears strong and supported for the time being as we head into Singapore Maritime Week wh"
2021-04-26,34762.0,https://www.drycargomag.com/dry-bulk-week-16-2021,"Dry Bulk: Week 16 About Us About Us Contact Us Privacy Policy Publications Dry Cargo Magazine Dry Cargo Handling Directory Advertising Magazine Advertising Online Banner Advertising Newsletter Banner Advertising Online Lead-Generating Content Media kit DCi Media Pack Editorial Programme Advertising Rates News Latest News Dry Bulk Trade & Commodities Shipping & Transport Ports & Terminals Engineering & Equipment Breakbulk Regional Focus Events Subscribe Dry Bulk: Week 16 26 April 2021 Dry Bulk | Trade & Commodities | Shipping & Transport Capesize The Capesize market this week reached rate levels equivalent of last year’s highs. The 5TC rose $6,242 to settle at the end of the week at $34,762. The Transatlantic C8 roared to life throughout the week and is now the premium paying basin up $12,675 to $37,450. The fronthaul C9 has surpassed last year’s peak as Charterers have found little respite from owners in the usual lightly tonnaged region. The more surprising move comes from the Backhaul C16 as owners are demanding premiums for their vessels to perform the longer durations on coal from East Australia to the Continent. The route settled the week at $19,200 with several sources claiming there’s more to come. While higher headline levels are regularly being heard, the usual major charterers on the C5 and C3 routes look to be able to command solid discounts for their cargoes. Howe"
2021-05-17,34542.0,https://www.drycargomag.com/dry-bulk-week-19," Us Privacy Policy Publications Dry Cargo Magazine Dry Cargo Handling Directory Advertising Magazine Advertising Online Banner Advertising Newsletter Banner Advertising Online Lead-Generating Content Media kit DCi Media Pack Editorial Programme Advertising Rates News Latest News Dry Bulk Trade & Commodities Shipping & Transport Ports & Terminals Engineering & Equipment Breakbulk Regional Focus Events Subscribe Dry Bulk: Week 19 17 May 2021 Dry Bulk | Trade & Commodities | Shipping & Transport Capesize As the week progressed it became clear that the Capesize market wasn’t having a small retracement but was in for a more significant downturn as the 5TC dropped $6,972 week-on-week to settle at $34,542. While Friday’s sharp selloff in the Pacific on the back of West Australia to China C5 fixtures gave clear market visibility, the remainder of the market was operating on low physical activity as dark clouds from the paper market ensured sentiment was poor across the board. The C5 had a small lift on Monday but lowered -2.254 week-on-week to post at $12.173 by Friday. Out from Brazil to China, the C3 followed a similar early uptick to begin the week but quickly started to decline as charterers’ bids melted away with the declining forward curve to settle the week at $26.89. The North Atlantic could only watch the decline as activity in the region seemed virtually non-existent this week. How "
2021-06-07,20933.0,https://www.drycargomag.com/dry-bulk-week-22-2021,"Dry Bulk: Week 22 About Us About Us Contact Us Privacy Policy Publications Dry Cargo Magazine Dry Cargo Handling Directory Advertising Magazine Advertising Online Banner Advertising Newsletter Banner Advertising Online Lead-Generating Content Media kit DCi Media Pack Editorial Programme Advertising Rates News Latest News Dry Bulk Trade & Commodities Shipping & Transport Ports & Terminals Engineering & Equipment Breakbulk Regional Focus Events Subscribe Dry Bulk: Week 22 07 June 2021 Dry Bulk | Trade & Commodities | Shipping & Transport Capesize The Capesize market found little to support levels this week as a steady slide in rates saw the 5TC drop $4,681 over the week to settle at $20,933. The market was at a similar level only back in late March / early April where the 5TC found some support at the 17-20k range. Similar to previous weeks, activity appeared lacklustre while it was heard that tonnage levels had built up on several prompter positions, which combined with a general lack of cargoes to cause the weakness. In the West at the end of the week the Transatlantic C8 dropped a further $1,090 to $16,875. However, it was heard that more cargo was thought to be coming to the market. The fronthaul C9 at $37,365 was rumoured to have had some higher paying fixtures over the past couple of days giving some hope on the horizon for owners. In the Pacific the Transpacific C10 at "
2021-06-14,27752.0,https://www.drycargomag.com/dry-bulk-week-23-2021,"Advertising Online Banner Advertising Newsletter Banner Advertising Online Lead-Generating Content Media kit DCi Media Pack Editorial Programme Advertising Rates News Latest News Dry Bulk Trade & Commodities Shipping & Transport Ports & Terminals Engineering & Equipment Breakbulk Regional Focus Events Subscribe Dry Bulk: Week 23 14 June 2021 Dry Bulk | Trade & Commodities | Shipping & Transport Capesize The Capesize market leapt up in the latter part of the week, erasing most of the losses since the closing week of May. The Capesize 5TC opened the week with a relatively paltry $20,933, took some moderate losses early in the week to $19,845 before rebounding strongly to close out the week at $27,752. The paper market was abuzz mid-week as FFA volumes spiked with the market sensing a turn around. The North Atlantic, which has struggled for activity in the past month, saw a rise in fronthaul cargo that fixed at significant premiums to the index. The C9 Fronthaul route rose $11,385 to close at $48,750. Out of Brazil to the Far East on the C3 route the beginning of the week saw split month loading dates and distressed vessels being taken advantage of earlier on. By midweek the focus was on first-half July loading where bid offers were seen to surge up wildly. While the Pacific tried to maintain some stability early on, the rises in western routes had owners in the east stiffening their bac"
2021-07-05,29106.0,https://www.drycargomag.com/dry-bulk-week-26-2021,"& Commodities Shipping & Transport Ports & Terminals Engineering & Equipment Breakbulk Regional Focus Events Subscribe Dry Bulk: Week 26 05 July 2021 Dry Bulk | Trade & Commodities | Shipping & Transport Capesize There was a turning of the tide this week as rates initially rallied robustly before negative sentiment settled in to see rates plummet from midweek. The Pacific basin, and in particular the WC Australia/China (C5) market, was the early driver with rates pushing up on minimal fixing activity. The remainder of the market was also quiet at this time but was content to rally on the positive sentiment generated. The Capesize 5TC reached $34,299 on Tuesday before closing the week out at $29,106. As the sentiment changed, activity rose slightly with owners scrambling for cargoes. The C5 market lost $0.895 over the week to end at $11.055. The Atlantic Basin fared little better this week as the north Atlantic remains quiet with talk of several Capesize vessels being fixed for Panamax cargoes. Out of Brazil, Charterer bids were in constant reduction as the Brazil to China (C3) fell $1.885 over the week to close out at $25.81. Friday was a largely an inactive day after the eventful week as parties come to terms with the new levels. Panamax The BPI average returned its highest value since May 2010 as the imbalance of supply versus demand in the Atlantic impacted rates across most origin"
2021-07-19,28572.0,https://www.drycargomag.com/dry-bulk-week-28-2021,"Dry Bulk: Week 28 About Us About Us Contact Us Privacy Policy Publications Dry Cargo Magazine Dry Cargo Handling Directory Advertising Magazine Advertising Online Banner Advertising Newsletter Banner Advertising Online Lead-Generating Content Media kit DCi Media Pack Editorial Programme Advertising Rates News Latest News Dry Bulk Trade & Commodities Shipping & Transport Ports & Terminals Engineering & Equipment Breakbulk Regional Focus Events Subscribe Dry Bulk: Week 28 19 July 2021 Dry Bulk | Trade & Commodities | Shipping & Transport Capesize The Capesize market endured a week of eroding value across all regions as the 5TC lowered $2,430 week on week to settle at $28,572. While the Pacific’s West Australia to Qingdao C5 route closed out Friday up 25 cents to $10.841, appetite from major charterers in the spot market on this route have appeared tepid of late. Activity to the east of Australia for coal cargoes to Northern Asia remains strong while those coal cargoes destined for Europe, admittedly not so frequent, have been required to pay up for the longer duration backhaul route. Brazil this week was heard to have come under sustained pressure as major charterer Vale was heard early on in the week taking numerous vessels as value had ebbed away. Brazil to China C3 lowered $1.89 over the week to settle at $24.985. Further north in the Atlantic activity has b"
2021-07-26,32469.0,https://www.drycargomag.com/dry-bulk-week-29-2021,"Dry Bulk: Week 29 About Us About Us Contact Us Privacy Policy Publications Dry Cargo Magazine Dry Cargo Handling Directory Advertising Magazine Advertising Online Banner Advertising Newsletter Banner Advertising Online Lead-Generating Content Media kit DCi Media Pack Editorial Programme Advertising Rates News Latest News Dry Bulk Trade & Commodities Shipping & Transport Ports & Terminals Engineering & Equipment Breakbulk Regional Focus Events Subscribe Dry Bulk: Week 29 26 July 2021 Dry Bulk | Trade & Commodities | Shipping & Transport Capesize The market drifted sideways lacking a strong directional lead most of the week, with gains towards the end the 5TC average settling at $32,469 to close the week, up almost $4,000. Looking closer at the regional feel the Transpacific C10 fortunes were on the rise this week lifting over $11,300 to $38,763, while the Transatlantic C8 struggled to maintain what it had, dropping over $1,300 to close at $30,850. The ballaster Brazil to China C14 strengthened well this week by almost $5,000 yet still commands a lower value to the other two routes, although it is almost parity with the T/A C8. The market throughout the week had periods of inactivity as owners appeared to have drawn a line in the sand and were unwilling to lower further. This led to charterers seemingly having to chase the offers which in usual Capesize fashion immediately"
2021-08-02,35713.0,https://www.drycargomag.com/dry-bulk-week-30-2021,"ry Bulk: Week 30 About Us About Us Contact Us Privacy Policy Publications Dry Cargo Magazine Dry Cargo Handling Directory Advertising Magazine Advertising Online Banner Advertising Newsletter Banner Advertising Online Lead-Generating Content Media kit DCi Media Pack Editorial Programme Advertising Rates News Latest News Dry Bulk Trade & Commodities Shipping & Transport Ports & Terminals Engineering & Equipment Breakbulk Regional Focus Events Subscribe Dry Bulk: Week 30 02 August 2021 Dry Bulk | Trade & Commodities | Shipping & Transport Capesize The Capesize market strengthened this week as Pacific routes were affected by weather incidents pushing the 5TC up $3,244 week on week to settle at $35,713. China endured typhoon In-Fa throughout the week as it closed ports and disrupted tonnage flows along the eastern seaboard. The Transpacific C10 added a whopping $4,238 on Friday alone to close out the week at $45,413 as the effects translated through to the charter rates. The Backhaul C16 also turned up the heat on Friday, rising $4,460 to $11,895 as stronger fixtures had been heard in the latter part of the week. Owners reluctant to lock in for the discounted route now demand more for their vessel’s valuable time. The other Capesize routes couldn’t help but be influenced by the changing sentiment yet were less volatile in their movements. The Atlantic basin continues to suffer from a lack"
2021-08-09,34990.0,https://www.drycargomag.com/dry-bulk-week-31-2021,"anner Advertising Online Lead-Generating Content Media kit DCi Media Pack Editorial Programme Advertising Rates News Latest News Dry Bulk Trade & Commodities Shipping & Transport Ports & Terminals Engineering & Equipment Breakbulk Regional Focus Events Subscribe Dry Bulk: Week 31 09 August 2021 Dry Bulk | Trade & Commodities | Shipping & Transport Capesize The Capesize market broke out of its recent range this week as the 5TC peaked on Thursday before easing Friday slightly down at $36,150. The Pacific routes strengthened throughout the week but softened abruptly on Friday for the Transpacific C10 to be down 485 week on week to $44,928. The Brazil to China C14 was the main mover settling at $34,990 on Friday, still a significant discount to the Pacific. The North Atlantic region continues to be the laggard as vessel and cargo counts remain perilously low. Panamax We have seen more activity this week in the build up to holidays in Singapore and Japan with both owners and charterers looking to find cover. The Black Sea grain season is fully underway and charterers have been busy sourcing tonnage from Asia. A 76,000-dwt was rumoured to have been placed on subjects basis delivery passing Singapore 10-11 August via the Black Sea redelivery Singapore-Japan at $31,000. Also a 82,0000-dwt was rumoured to have been fixed basis sailing Singapore with prompt dates for a trip via East Coast South"
2021-08-16,32025.0,https://www.drycargomag.com/dry-bulk-week-32-2021,"r Advertising Newsletter Banner Advertising Online Lead-Generating Content Media kit DCi Media Pack Editorial Programme Advertising Rates News Latest News Dry Bulk Trade & Commodities Shipping & Transport Ports & Terminals Engineering & Equipment Breakbulk Regional Focus Events Subscribe Dry Bulk: Week 32 16 August 2021 Dry Bulk | Trade & Commodities | Shipping & Transport Capesize The week had a quiet start due to Singapore’s National Day on Monday (9 August). By the end of the week both 5TC and BCI reached a new high since mid-May, at 4,766 and $39,526 respectively. The Atlantic appeared to be more active towards the weekend with C3 Brazil to China run jumping from $30,195 at one point to $32,025 on Friday. An early September stem from Tubarao to Qingdao was fixed at $32,500 and a second half September stem from Sudeste to Qingdao was fixed at $33,000. Brazilian activity also added support to C9 rate to record $58,250 on a standard Baltic type from the Continent back to the Far East. On the Pacific side, C5 west Australia to Qingdao went below $14,000 in mid of the week but climbed back to $14,677, whilst the related time charter route was marked at $45,513 by close of the week. Panamax A positive week in general with gains in both the Atlantic and Asian basins. A 82,000-dwt open in Kosichang being fixed basis Delivery DOP via East Coast south America to Singapore-Japan range for an"
2021-09-06,52099.0,https://www.drycargomag.com/dry-bulk-week-35-2021,"e Dry Cargo Handling Directory Advertising Magazine Advertising Online Banner Advertising Newsletter Banner Advertising Online Lead-Generating Content Media kit DCi Media Pack Editorial Programme Advertising Rates News Latest News Dry Bulk Trade & Commodities Shipping & Transport Ports & Terminals Engineering & Equipment Breakbulk Regional Focus Events Subscribe Dry Bulk: Week 35 06 September 2021 Dry Bulk | Trade & Commodities | Shipping & Transport Capesize The Capesize market crested over the past week as the 5TC retracted $4452 since last Friday to close out at $46,647. The north Atlantic basin, largely inactive over the past several months, has surged since mid-August settling today at $52,099 on the Transatlantic C8 and $79,600 on the Fronthaul C9. The fronthaul route has been particularly volatile with large swings between days for tonnage taking cargo back to the far east. Further south the Brazilian market to China eased throughout the week, now largely on par with value for tonnage in the Pacific basin. The voyage route Brazil to China C3 reduced 2.605 to close at $33.165. In the Pacific the market was active with numerous coal and iron ore perspectives, yet the West Australia to China C5 lowered 1.282 to $13.668 as ample tonnage options were heard in the region. While the Capesize market retraced its steps slightly this week earnings overall remain robust and healthy for ow"
2021-09-27,61309.0,https://www.drycargomag.com/dry-bulk-week-38-2021,"tory Advertising Magazine Advertising Online Banner Advertising Newsletter Banner Advertising Online Lead-Generating Content Media kit DCi Media Pack Editorial Programme Advertising Rates News Latest News Dry Bulk Trade & Commodities Shipping & Transport Ports & Terminals Engineering & Equipment Breakbulk Regional Focus Events Subscribe Dry Bulk: Week 38 27 September 2021 Dry Bulk | Trade & Commodities | Shipping & Transport Capesize The Capesize market continued its assertive rally this past week reaching new highs in dramatic fashion. The Capesize 5TC opened the week at $53,240 and never looked like taking a backward step as it closed out the week a staggering $8,069 up settling Friday at $61,309. The main driving force for the market came from the Pacific, as West Australian charterers were caught early on in the week dealing with a slim selection of choices and troubled vessel schedules resulting from the previous week’s weather in eastern China. The West Australia to China C5 leapt up $3,759 at the beginning of the week to $20,145 before regressing on Friday to $19,082. Meanwhile, the Transpacific C10 closed the week out at a hefty $67,000, off the previous day’s high of $70,742. Heading west into the Atlantic it’s heard that owners are on the hunt for fronthaul cargoes to the detriment of Transatlantic business as we are firmly into Q4 Atlantic strategy. Transatlantic C8 are now"
2021-10-11,83865.0,https://www.drycargomag.com/dry-bulk-week-40-2021,"ublications Dry Cargo Magazine Dry Cargo Handling Directory Advertising Magazine Advertising Online Banner Advertising Newsletter Banner Advertising Online Lead-Generating Content Media kit DCi Media Pack Editorial Programme Advertising Rates News Latest News Dry Bulk Trade & Commodities Shipping & Transport Ports & Terminals Engineering & Equipment Breakbulk Regional Focus Events Subscribe Dry Bulk - Week 40 11 October 2021 Dry Bulk | Trade & Commodities | Shipping & Transport Capesize The Capesize market continued its bull rally this week as we move into the tail-end quarter of the year. The Capesize 5TC managed a high of $86,953 on Thursday before closing out the week on a softer note at $83,865. Throughout the earlier part of the week the Pacific basin rose in tandem with the Atlantic on strong sentiment. But was seen to soften as the week ended leaving the Atlantic paying a significant premium. The Transatlantic C8 closed at $95,550 to the Transpacific C10 at $77,692. The Backhaul C16 lifted a shocking +16,175 over the week to close at $62,650. In this prime earning period owners are reluctant to lock in precious time performing positioning cargoes. The opportunity cost of forgoing higher paying fixtures is forcing charterers to make substantial lifts to their bids. The Fronthaul C9, on the higher end of the value spectrum, is reaching well into the six digit levels now as the ro"
2021-11-01,41600.0,https://www.drycargomag.com/dry-bulk-week-43-2021,"Transport Ports & Terminals Engineering & Equipment Breakbulk Regional Focus Events Subscribe Dry Bulk: Week 43 01 November 2021 Dry Bulk | Trade & Commodities | Shipping & Transport Capesize The Capesize market was in dire straits this week as tonnage levels were heard to be building while many areas had minimal activity as the 5TC dropped -15,398 to $36,065 week on week. The Pacific Basin was under pressure earlier on in the week but did find a floor mid-week, albeit at a significant discount to the Atlantic Basin. The Transpacific C10 ended the week on an upbeat at $32,979, while the Transatlantic C8 struggled the whole week to find a footing coming off -4300 on Friday alone to settle at $41,600. The large disparity between the Pacific and Atlantic oceans made for difficulties throughout the week in pricing the minimal Atlantic business available, which was compounded when combined with the strong backwardation in the paper markets for the remainder of Q4. Trade from Brazil to China lowered severely throughout the week with the ballaster timecharter route C14 dropping to $28,195. While rates have now halved from their highs in early October, levels are still thought to be robust and we are only part way through the Q4 high season. Panamax The week has seen a large drop in rates across all of the routes, which was not helped by a lack of activity in the first half. With new lows, ho"
2021-11-08,27199.0,https://www.drycargomag.com/dry-bulk-week-44-2021,"Dry Bulk: Week 44 About Us About Us Contact Us Privacy Policy Publications Dry Cargo Magazine Dry Cargo Handling Directory Advertising Magazine Advertising Online Banner Advertising Newsletter Banner Advertising Online Lead-Generating Content Media kit DCi Media Pack Editorial Programme Advertising Rates News Latest News Dry Bulk Trade & Commodities Shipping & Transport Ports & Terminals Engineering & Equipment Breakbulk Regional Focus Events Subscribe Dry Bulk: Week 44 08 November 2021 Dry Bulk | Trade & Commodities | Shipping & Transport Capesize The Capesize market has endured another difficult period of sliding rates as the 5TC sustained losses week-on-week of -8866 to close out at $27,199. On the brighter side, after a month of descent, the Capesize market sentiment closed on a positive note for the week as a firmer footing appeared to form around several routes. Sustainable or not, it will be welcomed by some as a breather. While physical markets weren’t overly busy this week, especially with a public holiday muting Thursday, the same cannot be said of the paper markets as solid fixture volumes were recorded as traders managed positions. The earning spread between basins closed slightly this week as the Transpacific C10 now at $23,987 compares to the Transatlantic at 32,610. However, the Atlantic sentiment has had a not insignificant bump up to close the week. The West Aust"
2021-11-22,29938.0,https://www.drycargomag.com/dry-bulk-week-46-2021,"k 46 About Us About Us Contact Us Privacy Policy Publications Dry Cargo Magazine Dry Cargo Handling Directory Advertising Magazine Advertising Online Banner Advertising Newsletter Banner Advertising Online Lead-Generating Content Media kit DCi Media Pack Editorial Programme Advertising Rates News Latest News Dry Bulk Trade & Commodities Shipping & Transport Ports & Terminals Engineering & Equipment Breakbulk Regional Focus Events Subscribe Dry Bulk: Week 46 22 November 2021 Dry Bulk | Trade & Commodities | Shipping & Transport Capesize The Capesize market closed out a generally underwhelming week with positive sentiment and an uptick in the final days with the 5TC lifting +2905 to settle at $29,938. Rates are down week on week and the routes appear to now be oscillating in a trading range. Fundamentals are said to have improved at the later end of the week, but whether they have enough impetus to break above the current upper range is uncertain. In the Atlantic region the Transatlantic C8 now resides at $33,500 to the Transpacific C10 at 31,562. The China-Brazil Ballaster C14 route, meanwhile, continues to lag at $24,582. Iron ore trades out of Brazil to Asia are now fixing quite often for second-half December loading dates as we begin to close out the Q4 season. With iron ore prices plummeting to sub $100 per mt levels, questions are being posed as to the implications for shipping. W"
2021-12-13,40035.0,https://www.drycargomag.com/dry-bulk-week-49-2021,"Dry Bulk: Week 49 About Us About Us Contact Us Privacy Policy Publications Dry Cargo Magazine Dry Cargo Handling Directory Advertising Magazine Advertising Online Banner Advertising Newsletter Banner Advertising Online Lead-Generating Content Media kit DCi Media Pack Editorial Programme Advertising Rates News Latest News Dry Bulk Trade & Commodities Shipping & Transport Ports & Terminals Engineering & Equipment Breakbulk Regional Focus Events Subscribe Dry Bulk: Week 49 13 December 2021 Dry Bulk | Trade & Commodities | Shipping & Transport Capesize The Capesize market peaked mid-week from its recent rally as the 5TC marked down -$1344 on the last day of the week to settle at $40,035. A tonnage tightness in several positions, particularly in the north Atlantic, led to gains early on in the week. However, sustained downward pressure from the Pacific and Ballaster routes took its toll as the week progressed. The West Australia to China C5 closed out at $13.732. And while the route suffered substantial losses to end the week, there is said to be tightness on loading position in the nearby dates. The Transpacific C10 now rates $39,308, while the China Brazil China ballaster route C14 now rates at $27,268 to the Transatlantic C8 at a stronger $52,750. The Brazil to China C3 heading into next week will largely be focusing on loading dates in the new year. This will likely coi"
2022-01-10,20167.0,https://www.drycargomag.com/dry-bulk-week-1-2022,"Dry Cargo Magazine Dry Cargo Handling Directory Advertising Magazine Advertising Online Banner Advertising Newsletter Banner Advertising Online Lead-Generating Content Media kit DCi Media Pack Editorial Programme Advertising Rates News Latest News Dry Bulk Trade & Commodities Shipping & Transport Ports & Terminals Engineering & Equipment Breakbulk Regional Focus Events Subscribe Dry Bulk: Week 1 10 January 2022 Dry Bulk | Trade & Commodities | Shipping & Transport Capesize The Capesize Baltic index returned from year-end holidays this week and immediately saw activity coming from the usual West Australia iron ore flow. Closing out 2021 at $19,176 the Cape 5TC ended its first week in 2022 at $20,167. Initial movement in the market at the beginning of the week appeared positive as physical rates lifted slightly, yet paper markets took the opposite view, leading the 5TC to sink midweek before lifting again for the end of week. The majority of the weeks trade activity came from the West Australia region to China as the C5 route settled up +.459 Friday to close at $9.632. Fixtures out of Brazil and the North Atlantic was more muted, as to be expected this time of the year. While activity was low the tightness of vessels in the region was heard to be high as several vessels were having schedule delays leaving the area primed for rate spikes. The Brazil to China C3 settled for the week at $2"
2022-01-17,12407.0,https://www.drycargomag.com/dry-bulk-week-2-2022,"Dry Bulk: Week 2 About Us About Us Contact Us Privacy Policy Publications Dry Cargo Magazine Dry Cargo Handling Directory Advertising Magazine Advertising Online Banner Advertising Newsletter Banner Advertising Online Lead-Generating Content Media kit DCi Media Pack Editorial Programme Advertising Rates News Latest News Dry Bulk Trade & Commodities Shipping & Transport Ports & Terminals Engineering & Equipment Breakbulk Regional Focus Events Subscribe Dry Bulk: Week 2 17 January 2022 Dry Bulk | Trade & Commodities | Shipping & Transport Capesize The Capesize market endured a somewhat traditional post-holiday Q1 drop as the 5TC descended -7760 over the week to settle at $12,407. Trading activity was relatively quiet over the week as news from Brazil reported high rainfall affecting mining operations of iron ore flow. The Brazil to China C3 was expectedly softer as the route settle down to $19.175. The Backhaul C16 route from North China to Europe was one of the harder hit routes over the week seeing the route turn negative by Thursday to settle Friday at -$5275, a negative rating implying the voyage rate received by owners for cargo isn’t enough to cover vessel expenses of the trip. The Pacific managed to maintain a more stable flow of cargo out of West Australia. But even from this region markets cargoes were underwhelming. The West Australia to Qingdao C5 closed"
2022-01-24,11200.0,https://www.drycargomag.com/dry-bulk-week-3-2022," Dry Bulk Trade & Commodities Shipping & Transport Ports & Terminals Engineering & Equipment Breakbulk Regional Focus Events Subscribe Dry Bulk: Week 3 24 January 2022 Dry Bulk | Trade & Commodities | Shipping & Transport Capesize There was little support to be found for the Capesize market over the last week as dwindling rates and rising bunker prices slashed earnings for owners with the 5TC Weighted Average dropping to $7,390. The Pacific had little further left to drop as the transpacific C10 was priced at sub operating expense levels of $4,200. The Atlantic basin has fared slightly better, yet very few fixtures were heard. The Transatlantic C8 lowered - $8,100 over the week to settle at $11,200. Fronthaul business was more difficult to place over the week as shorter duration variants were seen to lower their values quicker, while longer haul trips proved more resistant to the negative sentiment. The negative sentiment ultimately proved too much for the C9 route and by the end of the week closed at $27,950, down -$7,825. The high price of fuel bunkers is coming at an inopportune time as they now take a large portion of voyage rate value having a detrimental effect on voyage rates. Both the West Australia to Qingdao C5 at $6.786 and the Brazil to China C3 at $17.28 came under heavy pressure. Panamax It was a further week in the doldrums for the Panamax market, as thin cargo volumes "
2022-01-31,6963.0,https://www.drycargomag.com/dry-bulk-week-4-2022,"a kit DCi Media Pack Editorial Programme Advertising Rates News Latest News Dry Bulk Trade & Commodities Shipping & Transport Ports & Terminals Engineering & Equipment Breakbulk Regional Focus Events Subscribe Dry Bulk: Week 4 31 January 2022 Dry Bulk | Trade & Commodities | Shipping & Transport Capesize The Capesize market looked to have found a bottom by week’s close as rates descended throughout before bouncing back a little at the end. The 5TC weighted average opened the week at $7,390, descended to a low of $5,826 before settling at week’s end to $8,918. Both the Transpacific C10 and Brazil China C14 ballaster route priced below the index during the week both showed upticks to close at $6,963 and $8,023 respectively. The Transatlantic C8 continues to command a premium over the other regions yet was largely left unaffected over the week as the route closed at $11,325, up +125 compared to end of last week. West Australian miners were mildly active with fixtures over the last few days but were largely in the driving seat pushing down prices and providing meagre returns to owners as the C5 closed at $7.523. With the rates finding a floor, there is mixed views on whether there is any drive to lift rates from the doldrums. However, as Chinese New Year is about to begin many in the market will go quiet during this time so odds are stacked against any revival. Panamax It proved to be an"
2022-02-07,10302.0,https://www.drycargomag.com/dry-bulk-week-5-2022,"Dry Bulk: Week 5 About Us About Us Contact Us Privacy Policy Publications Dry Cargo Magazine Dry Cargo Handling Directory Advertising Magazine Advertising Online Banner Advertising Newsletter Banner Advertising Online Lead-Generating Content Media kit DCi Media Pack Editorial Programme Advertising Rates News Latest News Dry Bulk Trade & Commodities Shipping & Transport Ports & Terminals Engineering & Equipment Breakbulk Regional Focus Events Subscribe Dry Bulk: Week 5 07 February 2022 Dry Bulk | Trade & Commodities | Shipping & Transport Capesize The Capesize market traded sideways this week as the 5TC closed at $10,302, an improvement of +1384 over the week. Lunar New Year holidays ensured the market was more subdued with holidays across Asia. Fixture activity looked to increase towards the end of the week. However, this was mainly based around the usual trade routes of West Australia to China C5, which closed at $7.164, and Brazil to China C3 which settled at $20.26. For the low earnings inherent in the voyage rates, they are relatively highly priced. This is due to the increased influence that bunker fuels are having on the market. Energy demand globally is seeing owners pay substantially more to fuel their vessels as Low Sulphur Bunker Fuel prices now well over $700 per mt. With all traders due back fr"
2022-02-14,15397.0,https://www.drycargomag.com/dry-bulk-report-week-6-2022,"g Magazine Advertising Online Banner Advertising Newsletter Banner Advertising Online Lead-Generating Content Media kit DCi Media Pack Editorial Programme Advertising Rates News Latest News Dry Bulk Trade & Commodities Shipping & Transport Ports & Terminals Engineering & Equipment Breakbulk Regional Focus Events Subscribe Dry Bulk Report - Week 6 / 2022 14 February 2022 Dry Bulk | Trade & Commodities | Shipping & Transport Capesize There was positive sentiment throughout the dry freight sector this past week, including Capesize, as traders returned from Lunar New Year holidays. Activity was clearly seen to be elevated as the Capesize 5TC rose +5095 over the week to close on a mild Friday at $15,397. All regions in the market were affected. However, the Transpacific C10 was coming from a lower level and saw the most gains to now be priced at $11,092. The Transatlantic C8 and the ballaster C14 closed at $18,875 and $14,982 respectively. On the voyage basis the West Australia to China C5 closed at $8.559, while the Brazil to China C3 at $23.485 - significant lifts for both routes. The softer day to close the week is thought to be a case of too much too soon, with the market overly excitable to see a repeat of last year’s bull run. In classic Capesize style the sector looks to have stalled out. Yet to the relief of many owners, rates are back well into the five digit levels. With smaller "
2022-02-21,13888.0,https://www.drycargomag.com/dry-bulk-week-7-2022,"ns Dry Cargo Magazine Dry Cargo Handling Directory Advertising Magazine Advertising Online Banner Advertising Newsletter Banner Advertising Online Lead-Generating Content Media kit DCi Media Pack Editorial Programme Advertising Rates News Latest News Dry Bulk Trade & Commodities Shipping & Transport Ports & Terminals Engineering & Equipment Breakbulk Regional Focus Events Subscribe Dry Bulk Report: Week 7 / 2022 21 February 2022 Dry Bulk | Trade & Commodities | Shipping & Transport Capesize The Capesize market struggled to hold its value last week as rates ebbed away across all routes. Closing Friday some reprieve was found as the Capesize 5TC closed on a positive up note +1888 to settle at $13,888. The Pacific region which experienced stronger swings compared to the other regions saw the Transpacific C10 change +1546 week on week concluding at $9,125. In the Atlantic rates were seen to dip midweek, yet pushed up strongly on Friday as several stronger fronthaul fixtures were reported although some of these for breaching ice prone regions. The Fronthaul C9 was seen closing up +5600 to $37,350. The Brazil to China C3 market was relatively quiet as it also softened throughout the week. Yet it was also swept up in the positive end of week sentiment as it closed +0.685 to settle at $21.605. On a time charter basis the Brazil to China C14 now prices at $10,973. Moving into next week on a po"
2022-02-28,14026.0,https://www.drycargomag.com/dry-bulk-report-week-8-2022,"nline Banner Advertising Newsletter Banner Advertising Online Lead-Generating Content Media kit DCi Media Pack Editorial Programme Advertising Rates News Latest News Dry Bulk Trade & Commodities Shipping & Transport Ports & Terminals Engineering & Equipment Breakbulk Regional Focus Events Subscribe Dry Bulk Report: Week 8 / 2022 28 February 2022 Dry Bulk | Trade & Commodities | Shipping & Transport Capesize The Capesize market did get off to a positive start this week as rates were building strongly off improved sentiment. But as events in Europe took hold, the market abruptly changed course. The Capesize 5TC reached a high of $18,181 Wednesday before shedding -4155 by weeks end to close at $14,026. Increased fuel prices are eating into voyage rate earnings while routes like the West Australia to China C5 closed the last day of the week down -1.505 to $8.80. On the ballaster Brazil to China C3 route, rates were also seen to soften to $21.695 by close of week. The Transpacific C10, where the bulk of Capesize tonnage resides currently, came under heavy pressure settling down -6088 to $11,154. This is contrast to the Transatlantic C8 which saw only a slight easing down -1125 to $16,325. The Capesize market - along with other shipping sectors - now find themselves in the unenviable situation of being cut off from several trade routes due to war risk as vessels are now being halted, turned"
2022-03-14,22195.0,https://www.drycargomag.com/dry-bulk-week-10-2022," Us Contact Us Privacy Policy Publications Dry Cargo Magazine Dry Cargo Handling Directory Advertising Magazine Advertising Online Banner Advertising Newsletter Banner Advertising Online Lead-Generating Content Media kit DCi Media Pack Editorial Programme Advertising Rates News Latest News Dry Bulk Trade & Commodities Shipping & Transport Ports & Terminals Engineering & Equipment Breakbulk Regional Focus Events Subscribe Dry Bulk: Week 10 / 2022 14 March 2022 Dry Bulk | Trade & Commodities | Shipping & Transport Capesize The Capesize market appeared to get caught up in the wider market rallies this week as geopolitical tensions run high, with the 5TC lifting $8635 over the week to settle at $22,195. Tailwinds surely helped push the market higher but plenty of physical activity supported the rising rates. Fresh demand in Europe for alternative energy sources other than gas was answered by coal suppliers. Sources from as far afield as Eastern Australia sprang into life. The backhaul index C16 rose from $425 per day to $14,550 an increase of $14125 in five days! The Atlantic basin was not left out of the action with a mix of coal and iron ore cargos that had owners raising their rates. The transatlantic C8 rose $8625 week on week to $23,050. The transpacific round voyage, C10, closed the week $19,633 up $6,625. Bunkers continue to play havoc with voyage rates and are now responsible for "
2022-03-28,11897.0,https://www.drycargomag.com/dry-bulk-week-122022,"Advertising Magazine Advertising Online Banner Advertising Newsletter Banner Advertising Online Lead-Generating Content Media kit DCi Media Pack Editorial Programme Advertising Rates News Latest News Dry Bulk Trade & Commodities Shipping & Transport Ports & Terminals Engineering & Equipment Breakbulk Regional Focus Events Subscribe Dry Bulk: Week 12/2022 28 March 2022 Dry Bulk | Trade & Commodities | Shipping & Transport Capesize The Capesize market had to contend with volatile bunker concerns once again as the 5TC lost $5956 week on week to close at $15,648. It was also a tough few days for Atlantic owners. The basin plunged a little over 40% in value, with the transatlantic C8 settling at $11,897 on Friday as ample tonnage outweighed the dearth of cargo in the region. The Pacific basin, following relatively healthy activity, saw timecharter rates put up more resistance. However, the transpacific C10 still lost approximately 20% of value under sustained pressure to settle at $19,400. Voyage rates all slid slightly throughout the week, but as the bunker values made another strong rebound a dampening effect was felt on absolute freight rates. The West Australia to China C5 lowered 0.595 over the week to $11.641. Meanwhile, the Brazil to China C3 dipped 1.79 to $26.35. The situation in the Atlantic has seen smaller Panamax stems lifted by Capesize vessels as the spread between the two s"
2022-04-04,12200.0,https://www.drycargomag.com/dry-bulk-week-13-2022,"ter Banner Advertising Online Lead-Generating Content Media kit DCi Media Pack Editorial Programme Advertising Rates News Latest News Dry Bulk Trade & Commodities Shipping & Transport Ports & Terminals Engineering & Equipment Breakbulk Regional Focus Events Subscribe Dry Bulk: Week 13 / 2022 04 April 2022 Dry Bulk | Trade & Commodities | Shipping & Transport Capesize The Capesize market fared little better this week to begin with. However, by Friday green shoots were beginning to emerge as the 5TC saw a low of $13,596 yet closed at $15,460. The Atlantic basin remains the Achilles heel of the market with poor levels of cargoes to tonnage available as the transatlantic C8 settled weeks end at $12,200. The transpacific C10 put up slightly more resistance, although activity in the region was largely underwhelming as the route closed at $16,275. Fuel prices continue to play a large role in the value of voyage rates with traders needing to keep a close eye on movements. In a rare occurrence, Rotterdam and Singapore bunker prices were seen to switch premium and discount positions. This is possibly very telling of the energy concerns in Europe. Voyage rates for West Australia to China C5 closed at $10.641, while the Brazil to Tubarao C3 closed at $26.20. With smaller sizes still commanding a substantial premium to the Capesize sector, larger vessels are still heard to be considering the small"
2022-04-25,11625.0,https://www.drycargomag.com/dry-bulk-week-16-2022," Terminals Engineering & Equipment Breakbulk Regional Focus Events Subscribe Dry Bulk: Week 16 / 2022 25 April 2022 Dry Bulk | Trade & Commodities | Shipping & Transport Capesize After several weeks of relatively flat price movement, the Capesize 5TC market has started to show a little positive sentiment with levels pushed to $15,299. Fixture activity on the whole has not been very eventful, yet the Pacific C5 West Australia to Qingdao route was up +0.773 today to $10.741 and has steadily improved over the week. Meanwhile, the cargo to vessel ratio in the Atlantic is said to have tightened - especially for prompt positions. The transatlantic C8 has risen +2250 week on week, to settle now at $11,625. Further south in the Atlantic from Brazil, the voyage route C3 Brazil to China currently prices at $26.04 as activity is ticking over although is largely underwhelming. The Capesize market is definitely improving in sentiment, which is a welcome sight for many. However, with the dark shadow of the lockdown situation in Shanghai hanging over all the shipping markets, the Capesize main destination market is unable to fire on all cylinders placing somewhat of a cap on trade at this time. Panamax It was a limited week of trading due to Easter holidays in many regions. A gradual decline across all rates in the Atlantic this week was caused by minimal fresh demand with wide disparity between the"
2022-05-16,32733.0,https://www.drycargomag.com/dry-bulk-week-19-2022,"Dry Bulk: Week 19 / 2022 About Us About Us Contact Us Privacy Policy Publications Dry Cargo Magazine Dry Cargo Handling Directory Advertising Magazine Advertising Online Banner Advertising Newsletter Banner Advertising Online Lead-Generating Content Media kit DCi Media Pack Editorial Programme Advertising Rates News Latest News Dry Bulk Trade & Commodities Shipping & Transport Ports & Terminals Engineering & Equipment Breakbulk Regional Focus Events Subscribe Dry Bulk: Week 19 / 2022 16 May 2022 Dry Bulk | Trade & Commodities | Shipping & Transport Capesize The Capesize market had the wind in its sails as rates jumped in all regions. The 5TC ended the week at $32,733, a rise of 8731 week on week. While the Shanghai Covid situation continues to hamper vessel movements across all sectors, the Capesize market appears able to push as good tonnage demand comes from Brazil and Australia. The C5 West Australia to China route now sits at $15.077 - and the C3 Brazil to China route at $34.64 - both just off their high attained on Thursday for the year. These voyage levels equate to C14 Brazil China ballast of $31,050 and C10 Transpacific of $37,792. The Backhaul C16 continues to amaze and disrupt, settling the week at $28,500, over $5,000 above the Transatlantic C8, with some suggesting this is the new fronthaul route. This high valuation continues to be largely "
2022-05-23,37538.0,https://www.drycargomag.com/dry-bulk-week-20-2022,"argo Handling Directory Advertising Magazine Advertising Online Banner Advertising Newsletter Banner Advertising Online Lead-Generating Content Media kit DCi Media Pack Editorial Programme Advertising Rates News Latest News Dry Bulk Trade & Commodities Shipping & Transport Ports & Terminals Engineering & Equipment Breakbulk Regional Focus Events Subscribe Dry Bulk: Week 20 / 2022 23 May 2022 Dry Bulk | Shipping & Transport Capesize The Capesize market began the week at the summit of the recent rally. This necessitated a breather before sentiment strengthened, helping it to push up throughout the week and marking new highs for the year. The Capesize 5TC rose +$4,805 over the week to close at $37,538. The Pacific region, while easily the premium region to trade currently, was in somewhat of a holding pattern whilst it awaited other regions to catch up. The Transpacific C10 dipped slightly at weeks end to $37,538. In the Atlantic Basin fixing activity increased, admittedly from a very low level, and now looks to have sparked the region to life with some solid gains with the transatlantic lifting a whole +$8,900 over the week to $32,150. The region was a mixture of fixtures from less usual routes including Brazil to the Arabian Gulf, South Africa to the Continent and Brazil to the Mediterranean on a base of Brazil to Far East, which all combined into a cocktail of positive drive and senti"
2022-06-13,23662.0,https://www.drycargomag.com/dry-bulk-week-23-2022,"r lineup is heard to be well-stocked currently. This is keeping the Atlantic routes well tonnaged which lessens the possibility for any dramatic sparks in value. With the large Posidonia event currently being held in Greece, this week’s attention is surely distracted, while next week it should be back to all hands on deck. Panamax Another week interrupted by holidays in Asia and Europe, combined with many market players in Greece for Posidonia, that has led to a rather lacklustre seven days with falling sentiment, rising tonnage lists and subsequently falling rates across the board. The BPI lost 222 points over the week to close at 2,629 and the P5TC weighted average lost $2,001 to close at $23,662. Owners in the east were holding firm at the start of the week, however by the week end trips for Indonesia / India were lower than last done with owners reducing offers to find cover. As the week progressed there were increasing cargoes for NoPac on forward dates but this did not offer much prompt support. The Atlantic was likewise under pressure with a rising tonnage list competing for limited Transatlantic and ECSA business further eroding rates for the latter. There was a period fixture with a 2010, 82,000-dwt fixed for 12 months at $29,000. However it was reported that period enquiry has weakened amid losses on the FFA market over the week, despite a small rally at the close. Ultramax/"
2022-06-20,24776.0,https://www.drycargomag.com/dry-bulk-week-24-2022,"azine Advertising Online Banner Advertising Newsletter Banner Advertising Online Lead-Generating Content Media kit DCi Media Pack Editorial Programme Advertising Rates News Latest News Dry Bulk Trade & Commodities Shipping & Transport Ports & Terminals Engineering & Equipment Breakbulk Regional Focus Events Subscribe Dry Bulk: Week 24 / 2022 20 June 2022 Dry Bulk | Trade & Commodities | Shipping & Transport Capesize It was turbulent seas this week as global markets buffeted the Capesize sector. Amongst this turmoil the sector managed to find a floor under its recent softening as sentiment improved in the latter part of the week with the Capesize 5TC lifting $5,111 over the week to finish at $24,776. Miners were heard to be bidding up strongly amidst a tightening tonnage supply at the end of the week on West Australia to China C5 as it settled at $13.49. The North Atlantic was seen to jump in value, despite seemingly few fixtures. They were said to be of high value providing solid signal of the improving market. The Transatlantic C8 now sits at $29,994, once again the premium paying region to the Transatlantic C10 at $22,418. The market looks set to break through on the upside of a recent trading range. Whether there is enough push to keep the market pumping higher, especially while global markets appear far from settled, is difficult to read. Yet coming into the second part of the yea"
2022-06-27,15977.0,https://www.drycargomag.com/dry-bulk-week-25-2022,"ne 2022 Dry Bulk | Trade & Commodities | Shipping & Transport Capesize The Capesize market was unable to carry the rally from last week as rates were seen to dip sharply this week with the 5TC down 4901 to $19,875. Trade activity throughout the week came in fits and starts with the market struggling to settle. While activity in the Pacific was moderate and the Atlantic was heard to be tightening on tonnage, the financial market was seemingly unconvinced by what it saw, which led forward months derivatives to be sold down. This placed substantial downward pressure on the physical bid offers. The Transpacific C10 - and the currently premium paying region Transatlantic C8 - settled the week at $15,977 and $24,444 respectively. The ballaster routes had a higher number of vessels to choose from this week putting pressure on the C3 and C17 which settled at $29.911 and $21.933. The market tried and failed to break out of its current range. A floor at approximately $20,000 and a ceiling at $25,000 has the Cape market indecisive and muddled looking for solid direction. Panamax A steady opening this week for the Panamax market, but it tapered off as weaker rates and negative sentiment encompassed the market. The Atlantic initially saw tight-tonnage count in the North pitted against reasonable levels of grain demand ex EC South America for both Transatlantic and front haul trips. This helped to "
2022-07-18,24209.0,https://www.drycargomag.com/dry-bulk-week-28-2022,"Dry Bulk: Week 28 / 2022 About Us About Us Contact Us Privacy Policy Publications Dry Cargo Magazine Dry Cargo Handling Directory Advertising Magazine Advertising Online Banner Advertising Newsletter Banner Advertising Online Lead-Generating Content Media kit DCi Media Pack Editorial Programme Advertising Rates News Latest News Dry Bulk Trade & Commodities Shipping & Transport Ports & Terminals Engineering & Equipment Breakbulk Regional Focus Events Subscribe Dry Bulk: Week 28 / 2022 18 July 2022 Dry Bulk | Trade & Commodities | Shipping & Transport Capesize Firmer sentiment across both basins pushed the Capesize 5TC route average above the $20,000 threshold this week, closing at $24,209. Activity in the Pacific gradually picked up midweek after a public holiday in Singapore on Monday. The West Australia to Qingdao iron ore trade climbed closer to $11, with fixtures reported at better rates towards the end of the week. Meanwhile, the market saw a lowering of vessels in ballast able to make end July dates - or even early August - loading in Brazil. Quite a few cargoes from Brazil and West Africa were fixed to Qingdao, with a China-Brazil round trip paying nearly $20,000 per day. In the North Atlantic, rates roared on both transatlantic and fronthaul trips. The latter remained as the most rewarding route pricing at $53,611 to perform a run from Continent/Mediterranean to the "
2022-10-17,17965.0,https://www.drycargomag.com/flat-week-for-dry-bulk-shipping,"Us Privacy Policy Publications Dry Cargo Magazine Dry Cargo Handling Directory Advertising Magazine Advertising Online Banner Advertising Newsletter Banner Advertising Online Lead-Generating Content Media kit DCi Media Pack Editorial Programme Advertising Rates News Latest News Dry Bulk Trade & Commodities Shipping & Transport Ports & Terminals Engineering & Equipment Breakbulk Regional Focus Events Subscribe Flat week for dry bulk shipping 17 October 2022 Dry Bulk | Shipping & Transport Capesize The Capesize market softened this week as a lack of fresh cargo and activity, particularly in the Atlantic hampered, efforts to push higher. The Capesize 5TC lowered 1909 over the week to settle at $17,965. A small uptick in sentiment to end the week may be a sign of resistance by owners to not allow rates to fall lower. The Pacific market had a flurry of West Australia to China fixtures at the close, which pushed the Transatlantic C10 up to $13,318, while the Transatlantic C8 still provides a healthy premium now pricing at $25,139. Brazilian trade activity to the Far East was an area that looks likely to continue softening. The C3 dropped 1.434 over the week to $23.233 with earnings on the route pricing slightly lower than the Pacific and North Atlantic. Some owners considering a last long-haul ballasting trip before the year ends will be met with limited options in what has been a largely d"
2023-02-27,5271.0,https://www.drycargomag.com/dry-bulk-shipping-report-0823,"mmodities Shipping & Transport Ports & Terminals Engineering & Equipment Breakbulk Regional Focus Events Subscribe Dry Bulk Shipping Report 27 February 2023 Dry Bulk | Trade & Commodities | Shipping & Transport Capesize Results from Rio Tinto and BHP disappointed this week, but there was hope that with China reopening it would lead to more cargo. In the end, that certainly seemed to be the case. There was a complete change in seven days as activity was reported from West Australia and in the Atlantic. Not a great deal was reported from Brazil. However, there was enough activity for the indices to all jump significantly. Last Friday the 5TC was at $2,246 and as we close the week it stands at $5,271. Rates from West Australia to China jumped a dollar to near $7, C3 from Brazil with limited activity was trading up slightly in the low to mid $17s. As reported last week the market needs cargo and there is optimism from Owners that the market is turning. But in its fragile state at present it could turn again quickly. Panamax The Panamax market surged into life this week for the first time in 2023. This was fueled largely by firmer demand ex EC South America for mid-March arrivals and ably supported by a buoyant FFA market. All basins subsequently witnessed sizeable gains. Rates of $13,000 + $300,000 agreed early part were now achieving $16,000 + $600,000 on Friday, albeit decent spec tonn"
2023-03-13,14466.0,https://www.drycargomag.com/dry-bulk-shipping-report-1023,"ipping Report 13 March 2023 Dry Bulk | Trade & Commodities | Shipping & Transport Capesize A stronger week overall for the sector as the North Atlantic appeared active with more enquiry since the middle of the week. With fresh tonnage getting tighter the time charter trips for both fronthaul and Transatlantic runs had the biggest improvement amongst all routes, finishing the week at $16,639 and $29,344 respectively. The Pacific kept its steady pace as the West Australia to Qingdao run stepped up to $8.375, a peak so far this year and last seen before Christmas last year. Subsequently, the time charter average for the 5TC rose over $4,000 compared with last Friday and finished proceedings at $14,466. Panamax A captivating week for the Panamax market with various peaks and troughs seen across all markets. The Transatlantic in the North appeared a little nervous in places with a lack of demand and some voyage fixtures equating to exceptionally low returns. However, there was talk of improved bids for the fronthaul trips come Friday. EC South America saw a mini splurge midweek with end March arrivals capturing better numbers, $17,000 +$700,000 was being achieved here. Asia witnessed a firmer week with all origins coming alive and finding support. Indonesia saw a healthy pick up in activity, ably supported by good grain and mineral demand ex Australia and NoPac. $18,000 was the highlight a"
2023-04-17,15849.0,https://www.drycargomag.com/dry-bulk-shipping-report-1523," of fixing which resulted in a rather volatile week. Several vessels were fixed by the middle of the week from East Coast Australia to China with coal, which offered support to the market at the time. By the end of the week, with these cargoes gone, confidence began to slip as did the rates. The North Atlantic witnessed more activity during the week resulting in less available tonnage and improvement in sentiment. However, the list of ballasters from the Pacific has continued to grow which could potentially cap any upside from South Brazil. There has also been a slight increase in activity from West Africa. All in all, a mixed bag with the 5TC’s starting the week after the Easter weekend at $15,849 and ending the week at $15,344. Panamax In a week disrupted at both ends by Easter holidays, the market has lost ground and tonnage lists grew in both basins. Overall it was subdued in the Atlantic with Owners having to reduce offers to find cover. A scrubber fitted 82,000-dwt was fixed for a ECSA grain cargo redelivery Skaw-Gib at $16,250, and a 75,000-dwt fixed for a grain cargo from ECSA for Singapore-Japan at $17,250. In the Pacific it was a similar story with prompt Indonesian trips covered quickly and a lack of longer duration enquiry. There has been some short period fixing. A 76,000-dwt fixed for four to six months at $14,000 pd, and a 76,000-dwt fixed for similar period at $15,800."
2024-10-14,23509.0,https://www.drycargomag.com/soft-week-for-dry-bulk-sector-market,"ector About Us About Us Contact Us Privacy Policy Publications Dry Cargo Magazine Dry Cargo Handling Directory Advertising Magazine Advertising Online Banner Advertising Newsletter Banner Advertising Online Lead-Generating Content Media kit DCi Media Pack Editorial Programme Advertising Rates News Latest News Dry Bulk Trade & Commodities Shipping & Transport Ports & Terminals Engineering & Equipment Breakbulk Regional Focus Events Subscribe Soft week for dry bulk sector 14 October 2024 Dry Bulk | Trade & Commodities | Shipping & Transport Capesize The Capesize market faced a generally soft week with declining rates across the board. The BCI 5TC fell every day besides Friday, which closed at $23,509, a significant drop from Monday’s $26,213. The Pacific market saw reduced miner activity, with C5 rates declining from the low $10’s early in the week. Despite continued rate drops, particularly in the Atlantic, the pace of decline began to decrease. Increased coal cargoes offered some support in the Pacific, helping the C5 index nudge back up, ending the week after a couple of stronger fixtures at $10.025. The South Brazil and West Africa to China markets experienced more activity, but rates softened with C3 fixtures dipping into the low $25’s by week’s end. The North Atlantic also contributed to the weaker sentiment with fronthaul and trans-Atlantic rates decreasing steadily. Fronthaul fi"
2025-03-17,23697.0,https://www.drycargomag.com/a-positive-week-for-the-dry-bulk-sector,"ng Newsletter Banner Advertising Online Lead-Generating Content Media kit DCi Media Pack Editorial Programme Advertising Rates News Latest News Dry Bulk Trade & Commodities Shipping & Transport Ports & Terminals Engineering & Equipment Breakbulk Regional Focus Events Subscribe A positive week for the dry bulk sector 17 March 2025 Dry Bulk | Trade & Commodities | Shipping & Transport Capesize The Capesize market experienced a week of gradual strengthening, with positive momentum building from midweek onwards as activity increased and tonnage tightened in both the Pacific and Atlantic basins. The BCI 5TC experienced a steady rise throughout the week, before a slight correction saw it close at $23,697, up from $20,544 at the week's start. In the Pacific, consistent activity from all three miners, improved coal cargo volumes, and a solid flow of operator-controlled cargoes supported the market. Rates on C5 climbed steadily, peaking at $11.58 before correcting to $10.665 by the week's end. The South Atlantic saw a persistently short tonnage list of ballasters driving C3 levels from $22.50 to around the $25 range for mid-April dates, with fresh cargo providing additional support. The North Atlantic remained relatively quiet, with limited fresh cargo and minimal fixing activity. However, a couple of significant fixtures indicated stronger rates, including a transatlantic and a Fronthaul fixt"
2025-06-23,23879.0,https://www.drycargomag.com/a-subdued-week-for-dry-bulk-shipping-market,"ore volumes from West Australia declined. While coal cargoes from East Australia offered some support, they weren’t enough to offset the broader weakening. C5 rates steadily fell from $11.00 early in the week to the low-mid $9.00s by week's end. In the Atlantic, the week began on firmer footing, with limited tonnage and a steady cargo flow sustaining rates. However, as the week progressed, both trans Atlantic and fronthaul routes saw offers ease. On the South Brazil to China (C3) route, a clear pattern of backwardation emerged, with rates slipping from the high $26.00s to the low $20.00s. Overall, the week marked a reversal of recent gains, with the BCI 5TC shedding over $7,000 to settle at $23,879 by Friday. Panamax A subdued week for the Panamax sector. Trans-Atlantic trades were few and far between, and a general decline became evident in both grain and mineral demand in the basin. EC South America returned a contrasting week with some mixed rates reported, limited activity overall but P6 index dates appeared well balanced whilst first-half July arrival dates began the week on a firm footing only to weaken as limited demand pitted against an increased tonnage count undermined any potential upside in rates. Typically, midweek fixtures for index arrival dates hovered between $11,500 and $13,000 basis 82,000-dwt types delivery India-SE Asia range. The Asian market continued to ease th"
2026-01-12,12108.0,https://www.drycargomag.com/baltic-exchange-dry-bulk-weekly-report-226,"rly in fronthaul, gradually gave way to more constructive sentiment as participants returned and enquiry built for end-January and early-February positions. The Atlantic remained relatively stable throughout, with fronthaul showing increasing resilience and helping clear prompt tonnage, while transatlantic demand stayed measured. In the Pacific, the owner sell-off seen late last year has largely dissipated, while Indonesian demand gathered momentum, and owners maintained firmer rate ideas, especially for modern vessels. Cargo volumes were mixed but tightening prompt supply in Asia supported rates. Overall sentiment improved steadily, reflected in the P5TC rising through the week to close at $12,108. Ultramax/Supramax The first full week back for many after the seasonal holiday remained a subdued affair. With both basins playing catch up and the inevitable imbalance between cargo supply and vessel availability, as charterers remained in the driving seat. In the Atlantic, rates remained comparatively poor, a 66,000-dwt fixing a trip delivery Recalada redelivery Chittagong at $15,500 plus $550,000 ballast bonus. For the transatlantic runs a 61,000-dwt was heard fixed from EC South America in the low $20,000s. The Continent-Mediterranean again lacked much impetus, a 63,000-dwt rumoured fixed from the Continent to the East Mediterranean at $17,500. A similar story from Asia, with an abunda"
2026-01-19,13120.0,https://www.drycargomag.com/baltic-exchange-dry-bulk-weekly-report-326,"ided steady support. Tonnage supply across the Continent remained heavy, limiting upside despite reasonable enquiry. Midweek saw continued pressure on spot rates, although grain transatlantic commanded a modest premium and Indonesian demand stayed active, with modern vessels increasingly targeting longer Pacific employment or East Coast South America. Period activity provided some encouragement, highlighted by several mid to longer-term fixtures at firmer levels. By Thursday, sentiment had strengthened across all basins, with narrowing discounts in the Atlantic, busy fronthaul activity and firmer Pacific ideas. This improvement was reflected in the P5TC, which recovered to close the week at $13,120. Ultramax/Supramax A rather positional week overall for the sector. The Atlantic was a bit more buoyant certainly from the US Gulf, with more fresh enquiry and tight availability becoming tighter. Ultramax size seeing in the low $20,000s for transatlantic runs. From the South Atlantic traction was yet to be found, with a 63,000-dwt fixing in the low $14,000s plus low $400,000s ballast bonus for a trip to Southeast Asia. The Continent-Mediterranean also remained rather positional with some seeing better levels of enquiry from the Continent. The Asian arena remained a rather gloomy area from an owner’s perspective, although as the week closed it felt like a floor had been reached. A 58,000-dw"
2026-02-09,26468.0,https://www.drycargomag.com/baltic-exchange-dry-bulk-weekly-report-0626,"s Privacy Policy Publications Dry Cargo Magazine Dry Cargo Handling Directory Advertising Magazine Advertising Online Banner Advertising Newsletter Banner Advertising Online Lead-Generating Content Media kit DCi Media Pack Editorial Programme Advertising Rates News Latest News Dry Bulk Trade & Commodities Shipping & Transport Ports & Terminals Engineering & Equipment Breakbulk Regional Focus Events Subscribe Baltic Exchange: Dry Bulk Weekly Report 09 February 2026 Dry Bulk | Trade & Commodities | Shipping & Transport Capesize The market endured a broadly softer week, with sentiment cooling across both the Pacific and Atlantic as the BCI 182 5TC slid from the low $31,000s to finish closer to $26,468. Early optimism in the Pacific, driven by miner presence and steady West Australia volumes, ultimately failed to prevent rates from retreating. C5 corrected sharply from the mid $9.00s down into the low-to-mid $8.00s. In the South Brazil and West Africa to China market, activity remained muted through end February/early March laycans, with C3 levels continuing to grind lower into the high $22.00s by week’s end, and only sporadic fixtures emerging for later dates. The North Atlantic also softened, though by the end of the week there were early signs of a slightly tighter tonnage picture developing, despite limited activity. Overall, the week closed on a quiet and cautious note. Panamax The B"
2026-02-16,28849.0,https://www.drycargomag.com/baltic-exchange-dry-bulk-weekly-report-072026,"go Magazine Dry Cargo Handling Directory Advertising Magazine Advertising Online Banner Advertising Newsletter Banner Advertising Online Lead-Generating Content Media kit DCi Media Pack Editorial Programme Advertising Rates News Latest News Dry Bulk Trade & Commodities Shipping & Transport Ports & Terminals Engineering & Equipment Breakbulk Regional Focus Events Subscribe Baltic Exchange: Dry Bulk Weekly Report 16 February 2026 Dry Bulk | Trade & Commodities | Shipping & Transport Capesize The Capesize market started the week on a softer note but gradually reversed course from mid‑week as both basins lent support. The Capesize 5 Timecharter average (C5TC 182) opened at $25,692 and closed at $28,849, marking a $3,157 rise over the five trading days. Among all routes, the transpacific run delivered the strongest contribution to this week’s overall gains prior to the Pacific market heading to Chinese New Year holidays. The C5 West Australia to Qingdao route lifted mid‑week to $9.378 before soft landing at $9.272 by the close. A similar pattern emerged on the C3 Brazil to Qingdao route after the laycan window fully shifted into early‑March dates. The route traded in the mid $24s for second half March loading but eased to $23.923 by Friday. The North Atlantic region was active before the weekend approached, with the transatlantic and fronthaul run marked at $34,344 and $55,028 respectively"
2026-02-23,16543.0,https://www.drycargomag.com/baltic-exchange-dry-bulk-weekly-report-826," posting consecutive declines as prompt transatlantic enquiry slowed and vessel supply moved back into balance with demand. The earlier upswing lost traction, and rates across the main routes appeared to stabilise, suggesting the market is approaching a near-term floor. Overall activity remained steady but lacked the urgency seen in previous weeks. By contrast, the Pacific market maintained firm momentum despite the Lunar New Year holidays. Healthy cargo volumes, tight prompt tonnage in Indonesia and continued stems from Australia and the North Pacific underpinned steady gains in the P3A. Strengthening period interest also supported backhaul demand, with the P5TC average closing the week at $16,543. Ultramax/Supramax The market adopted a cautious stance this week, shaped by ample tonnage in some regions and positional dynamics in others. The Continent and Mediterranean showed a softer tone overall, with limited fresh activity reported; a 64,000-dwt open Antwerp 14-15 February fixed a trip to Tampa-Veracruz with steel products at $13,500. Early-week support in the US Gulf and South Atlantic gradually faded, as momentum in the Gulf reversed amid limited fresh enquiry and softer rate discussions, while the South Atlantic appeared more balanced with fronthaul demand losing steam. A 58,000-dwt open Rio Haina 26–28 February was placed on subjects for a SW Pass to East Mediterranean with gra"
2026-03-02,17481.0,https://www.drycargomag.com/baltic-exchange-dry-bulk-weekly-report-926,"uiry weighed heavily on sentiment. With vessel supply consistently outpacing demand, owners were forced to compete aggressively, driving the P1A index down sharply over the course of the week. Despite sporadic transatlantic fixtures, rates struggled to find support and the overall tone remained cautious. Conversely, the Pacific basin strengthened steadily. Tight prompt availability and robust cargo flows from Indonesia, Australia, and the North Pacific underpinned firm utilisation and rising rate ideas. The P3A and P4 indices posted significant gains, reflecting strength in both the Pacific and backhaul market along with an active period market, lifting the P5TC average to close the week at $17,481. Ultramax/Supramax The market showed consistent improvement throughout the week, supported by strengthening demand across both the Atlantic and Pacific basins. The US Gulf regained momentum following earlier positional pressure, aided by fresh cargo enquiry, with a 63,000-dwt fixed for a trip via the US Gulf to Spain at $28,000. The South Atlantic remained firm during the week, while the Continent and Mediterranean markets began to show rate improvement toward the end of the period, largely driven by scrap demand. Notably, a 64,000-dwt open Bremen 23–27 February fixed a trip to the East Mediterranean with scrap at $22,750. Asia proved to be the main driver of the week’s upward movement. Mar"
2026-03-30,15800.0,https://www.drycargomag.com/baltic-exchange-dry-bulk-weekly-report-1326,"nd Asia eased and overall sentiment remained cautious. The Atlantic saw limited movement, with transatlantic and fronthaul activity subdued and a growing stand-off between owners and charterers. As the week progressed, North Atlantic demand weakened further, with some cargoes absorbed internally and ample tonnage limiting rate upside. In Asia, activity remained muted throughout, though the North Pacific provided relative support while Australia and India routes showed only modest improvement. Several fixtures were reported, but details remained scarce. Overall sentiment faded midweek, with limited momentum despite early signs of activity. The P5TC declined steadily over the week, closing at $15,800, reflecting continued downward pressure across key routes. Ultramax/Supramax Another rather subdued week for the sector as prompt tonnage remained readily available in many areas. In the Atlantic, the US Gulf experienced further losses with limited amount of fresh enquiry. A 63,000-dwt was reported fixed on a fronthaul voyage to India with petcoke at $19,000, while for transatlantic runs another 63,000-dwt was heard fixed in the low $16,000s for wood pellets from the US Gulf to the Continent. As the week came to an end, the South Atlantic was said to have found a floor, a 66,000-dwt fixing delivery West Africa via South America redelivery SE Asia at $17,000 plus $500,000 ballast bonus. From"
2026-05-11,20099.0,https://www.drycargomag.com/baltic-exchange-dry-bulk-weekly-report-1926,"s as stronger grain and mineral activity supported higher fixtures, particularly on fronthaul trades. Although midweek trading in the Atlantic was quieter, sentiment remained firm with thinning vessel lists and owners increasing offers amid improved fronthaul fixing volumes. In Asia, sustained Australian mineral exports and active Indonesian demand, coupled with a limited supply of modern tonnage, kept rates on an upward trend. By Thursday, tightening vessel supply and consistent cargo flow pushed the market higher still with both basins reporting firmer fixtures and continued upward momentum. The P5TC index posted steady gains throughout the week, rising from $18,490 on Tuesday to close at $20,099 by Friday. Ultramax/Supramax Despite the short week for some following the long weekend, the sector generally remained upbeat. The Atlantic saw a reasonable amount of activity and owners’ expectations cautiously rose. A 61,000-dwt fixing delivery US East Coast for a trip to Finland with coal at $26,000. The Continent saw continued demand for the scrap sector, an Ultramax fixing around $20,000 from the lower Baltic to the East Mediterranean. Despite limited activity being reported, brokers said healthy numbers were still being seen from the South Atlantic and Ultramax size fixing at around $17,000 plus $700,000 ballast bonus. The Asian arena remained steady, although some felt fresh enquiry "
2026-06-22,37631.0,https://www.drycargomag.com/baltic-exchange-dry-bulk-weekly-report-2526," Advertising Online Banner Advertising Newsletter Banner Advertising Online Lead-Generating Content Media kit DCi Media Pack Editorial Programme Advertising Rates News Latest News Dry Bulk Trade & Commodities Shipping & Transport Ports & Terminals Engineering & Equipment Breakbulk Regional Focus Events Subscribe Baltic Exchange: Dry Bulk Weekly Report 22 June 2026 Dry Bulk Capesize The market staged an impressive late-week recovery to finish on a significantly firmer footing, with improving sentiment driven primarily by renewed strength in the Pacific. Having come under pressure through the early part of the week, the market reversed course, with the BCI 182 5TC climbing sharply to close at $37,631, up from $36,756 at the start of the week. The turnaround was led by a resurgent C5 market, where rates rallied from around $10.80 on Wednesday to fixtures being concluded at $12.50 by Friday, supported by healthy cargo volumes, sustained miner activity, and a more confident owner stance. The Atlantic remained the weaker basin for much of the week, with limited fresh enquiry and a wide gap between charterers’ bids and owners’ expectations restricting trading activity. However, conditions improved into the close, with sentiment becoming noticeably more constructive. While fixtures remained limited, C3 bids strengthened to around $31.00, with owners holding firm in the $32.50-$33.00 range, su"
2026-07-06,37181.0,https://www.drycargomag.com/baltic-exchange-dry-bulk-weekly-report-2726,"ively higher levels as the week advanced, reaching around $12.30 by week’s end. The Atlantic also gathered momentum, with the South Brazil and West Africa markets strengthening progressively as C3 fixtures moved from the high $27s to test, and in some cases exceed, the $30 mark. Owners became increasingly confident, pushing offers higher as charterers competed for available tonnage, while firmer pricing for forward laycans reinforced expectations of continued strength. Although North Atlantic activity remained relatively selective, improving demand on both transatlantic and front-haul routes contributed to firmer sentiment. The BCI 182 5TC gained just over $5,000 across the week to close at $37,181. Panamax-Kamsarmax The Atlantic and Pacific markets strengthened throughout the week, with the P5TC rising steadily. In the Atlantic, tight prompt tonnage in the North Continent and West Mediterranean underpinned rates, with an 82,000-dwt fixing a grains transatlantic round at $22,750 and a 78,000-dwt achieving $28,750 earlier in the week for a US East Coast to India trip. East Coast South America trips to the Far East experienced a two-tier market, with July-loading cargoes commanding a premium over August. A 76,000-dwt open West Coast India 22 June achieved around $21,500, compared with a 75,000-dwt open Malaysia 30 June fixing at $20,000. In the Pacific, improving demand from Australia a"
2026-07-13,27000.0,https://www.drycargomag.com/baltic-exchange-dry-bulk-weekly-report-2826,"ramax/Supramax Overall, the market generally maintained last week’s levels, with pockets of improvement in certain areas, but overall movement on rates was minimal and the 5TC average was only slightly higher than last Friday’s close of $21,153. The North American market continued to be a driving force with a 63,000-dwt fixed US Gulf to India with petcoke at $38,500 and the East Mediterranean market firmed amid tight tonnage supply with a 63,000-dwt placed on subjects at $18,000 for a trip to West Africa. The South Atlantic was mixed and positional with some faring better than others due to the constrained tonnage list, with a 58,000-dwt fixed from West Africa for Owendo loading to India at $27,000. The Asian market was lacklustre and continued to trend sideways with the main support coming from backhauls and the NoPac market with a nicely described 64,000-dwt fixed at $19,250 delivery China for a grains round voyage. Southeast Asia saw sluggish demand with uncertainty on vessel prospects caused by the Typhoon making charterers wary. In the Indian Ocean there was an uptick on Indian coastal trades with a 64,000-dwt fixed from East Coast India to the West coast at $25,000. Handysize The market moved steadily lower over the week, with sentiment softening across both basins. In the Continent and Mediterranean, conditions opened quietly with levels largely unchanged before brief support f"
2026-07-20,37156.0,https://www.drycargomag.com/baltic-exchange-dry-bulk-weekly-report-2926,"he C5 route steadily retreated from the mid-$13s to the upper $11s by week’s end. The Atlantic initially provided some offset, with stronger C3 fixtures reported in the upper $34s lifting sentiment early in the week, but this too faded as bid-offer spreads widened significantly and liquidity deteriorated. Limited bidding, growing uncertainty over forward cargoes and softer fixture levels weighed heavily on confidence, illustrated by C3 offers slipping below $33 by the end of the week. Meanwhile, the North Atlantic also edged lower amid subdued fronthaul and transatlantic activity. Having started the week at $42,641, the BCI 182 5TC peaked at $43,086 before sliding around $5,000 to finish at $37,156, illustrating a market that ended the week firmly on the defensive. Panamax-Kamsarmax A rather subdued week across the board with brokers using the words flat, steady and dull in their daily reports. In the North Atlantic supply and demand were well balanced so rates were mainly unchanged with more transatlantic demand through the week than fronthaul, which tailed off as the week went on, an 82,000-dwt fixed from East Coast South America to Spain with grains at $35,000 and a few other similar vessels fixed at $25,000 from the Continent/Gibraltar for both mineral and grains round voyages. The South Atlantic remained active with consistent fixing, but again levels largely unchanged with stand"
2026-07-27,38860.0,https://www.drycargomag.com/baltic-exchange-dry-bulk-weekly-report-3026,"minals Engineering & Equipment Breakbulk Regional Focus Events Subscribe Baltic Exchange: Dry Bulk Weekly Report 27 July 2026 Dry Bulk | Trade & Commodities | Shipping & Transport Capesize The market regained momentum over the course of the week, recovering from a subdued opening to finish on a significantly firmer footing as confidence returned across both the Pacific and Atlantic basins. Early weakness was driven by limited activity and a lack of fresh enquiry, leaving owners under pressure and voyage rates drifting lower. However, sentiment improved steadily as fresh cargoes emerged and buying interest returned, lifting the BCI 5TC from its early-week low of $31,768 to finish the week at $38,860. The Pacific market found renewed support despite relatively restrained miner participation for much of the week, with activity increasing towards the close as two major miners re-entered the market alongside increased operator activity and a pick-up in coal cargoes, steadily pushing C5 levels into the upper $12.00s. In the Atlantic, the recovery proved more pronounced, with sustained fixing activity from both South Brazil and West Africa driving C3 sharply higher as charterers progressively raised bids to secure August positions. By the end of the week, owners' confidence had strengthened noticeably, with offers advancing into the $35s-$36s region. Panamax-Kamsarmax The market weakened ste"
