date,bdi_close,bdi_return_1d,bdi_return_7d,bdi_ma_7,bdi_ma_30,bdi_volatility_30d,dataset_role
2015-01-13,762.0,,,,,,market_bdi
2015-01-14,757.0,-0.006561679790026198,,,,,market_bdi
2015-01-15,749.0,-0.010568031704095149,,,,,market_bdi
2015-01-16,741.0,-0.010680907877169576,,,,,market_bdi
2015-01-19,739.0,-0.0026990553306343035,,,,,market_bdi
2015-01-20,753.0,0.018944519621109546,,,,,market_bdi
2015-01-21,770.0,0.02257636122177953,,753.0,,,market_bdi
2015-01-22,751.0,-0.024675324675324628,-0.014435695538057791,751.4285714285714,,,market_bdi
2015-01-23,720.0,-0.04127829560585883,-0.04887714663143994,746.1428571428571,,,market_bdi
2015-01-26,703.0,-0.023611111111111138,-0.061415220293724926,739.5714285714286,,,market_bdi
2015-01-27,688.0,-0.02133712660028453,-0.07152496626180838,732.0,,,market_bdi
2015-01-28,666.0,-0.03197674418604646,-0.0987821380243572,721.5714285714286,,,market_bdi
2015-01-29,632.0,-0.05105105105105101,-0.16069057104913675,704.2857142857143,,,market_bdi
2015-01-30,608.0,-0.03797468354430378,-0.21038961038961035,681.1428571428571,,,market_bdi
2015-02-13,530.0,-0.1282894736842105,-0.2942743009320905,649.5714285714286,,,market_bdi
2015-02-16,522.0,-0.015094339622641506,-0.275,621.2857142857143,,,market_bdi
2015-02-17,516.0,-0.011494252873563204,-0.2660028449502134,594.5714285714286,,,market_bdi
2015-02-18,509.0,-0.013565891472868241,-0.2601744186046512,569.0,,,market_bdi
2015-02-23,512.0,0.005893909626718985,-0.23123123123123124,547.0,,,market_bdi
2015-02-24,516.0,0.0078125,-0.18354430379746833,530.4285714285714,,,market_bdi
2015-02-25,524.0,0.015503875968992276,-0.13815789473684215,518.4285714285714,,,market_bdi
2015-02-26,533.0,0.01717557251908386,0.005660377358490676,518.8571428571429,,,market_bdi
2015-02-27,540.0,0.013133208255159401,0.034482758620689724,521.4285714285714,,,market_bdi
2015-03-13,562.0,0.040740740740740744,0.08914728682170536,528.0,,,market_bdi
2015-03-16,564.0,0.003558718861210064,0.10805500982318272,535.8571428571429,,,market_bdi
2015-03-17,568.0,0.007092198581560183,0.109375,543.8571428571429,,,market_bdi
2015-03-18,571.0,0.005281690140845008,0.10658914728682167,551.7142857142857,,,market_bdi
2015-03-19,584.0,0.022767075306479923,0.11450381679389321,560.2857142857143,,,market_bdi
2015-03-20,591.0,0.011986301369863117,0.10881801125703561,568.5714285714286,,,market_bdi
2015-03-23,594.0,0.0050761421319796,0.10000000000000009,576.2857142857143,625.8333333333334,,market_bdi
2015-03-24,597.0,0.005050505050504972,0.06227758007117434,581.2857142857143,620.3333333333334,0.031113779659643417,market_bdi
2015-03-25,598.0,0.0016750418760469454,0.06028368794326244,586.1428571428571,615.0333333333333,0.03115964643893648,market_bdi
2015-03-26,598.0,0.0,0.052816901408450745,590.4285714285714,610.0,0.031181556675136377,market_bdi
2015-03-27,596.0,-0.0033444816053511683,0.04378283712784592,594.0,605.1666666666666,0.031180315568033305,market_bdi
2015-03-30,599.0,0.005033557046979942,0.02568493150684925,596.1428571428571,600.5,0.031246740596317015,market_bdi
2015-03-31,602.0,0.005008347245408995,0.01861252115059231,597.7142857142857,595.4666666666667,0.030957989142459723,market_bdi
2015-04-13,578.0,-0.039867109634551534,-0.026936026936026924,595.4285714285714,589.0666666666667,0.031003889030049758,market_bdi
2015-04-14,581.0,0.00519031141868509,-0.02680067001675046,593.1428571428571,583.4,0.030963518174872456,market_bdi
2015-04-15,586.0,0.008605851979345935,-0.02006688963210701,591.4285714285714,578.9333333333333,0.03045166620104515,market_bdi
2015-04-16,593.0,0.011945392491467643,-0.00836120401337792,590.7142857142857,575.2666666666667,0.030449326388872,market_bdi
2015-04-17,597.0,0.006745362563237878,0.001677852348993314,590.8571428571429,572.2333333333333,0.030367108487891946,market_bdi
2015-04-20,598.0,0.0016750418760469454,-0.0016694490818029983,590.7142857142857,569.9666666666667,0.02992576873785426,market_bdi
2015-04-21,601.0,0.0050167224080268635,-0.0016611295681062677,590.5714285714286,568.9333333333333,0.02854851719195457,market_bdi
2015-04-22,600.0,-0.0016638935108153063,0.03806228373702414,593.7142857142857,568.6666666666666,0.027695032262413793,market_bdi
2015-04-23,599.0,-0.0016666666666667052,0.030981067125645412,596.2857142857143,570.9666666666667,0.013474089334937645,market_bdi
2015-04-24,600.0,0.0016694490818029983,0.023890784982935065,598.2857142857143,573.5666666666667,0.012986146883403056,market_bdi
2015-04-27,600.0,0.0,0.01180438448566612,599.2857142857143,576.3666666666667,0.012656195550251157,market_bdi
2015-04-28,601.0,0.0016666666666667052,0.00670016750418756,599.8571428571429,579.4333333333333,0.01217728172801651,market_bdi
2015-04-29,595.0,-0.009983361064891838,-0.0050167224080267525,599.4285714285714,582.2,0.0125058027252416,market_bdi
2015-04-30,591.0,-0.006722689075630228,-0.016638935108153063,598.0,584.7,0.012677324604002177,market_bdi
2015-05-13,634.0,0.07275803722504226,0.05666666666666664,602.8571428571429,588.3666666666667,0.01769155602078937,market_bdi
2015-05-14,637.0,0.004731861198738141,0.06343906510851416,608.2857142857143,591.8333333333334,0.017578632462864688,market_bdi
2015-05-15,634.0,-0.004709576138147598,0.05666666666666664,613.1428571428571,594.9666666666667,0.017634410288611246,market_bdi
2015-05-18,630.0,-0.006309148264984188,0.050000000000000044,617.4285714285714,597.2333333333333,0.016445261204390993,market_bdi
2015-05-19,620.0,-0.015873015873015928,0.03161397670549082,620.1428571428571,599.1,0.01683885380359419,market_bdi
2015-05-20,606.0,-0.022580645161290325,0.018487394957983128,621.7142857142857,600.3666666666667,0.017467818199443874,market_bdi
2015-05-21,592.0,-0.02310231023102305,0.0016920473773265332,621.8571428571429,601.0666666666667,0.018059724050819,market_bdi
2015-05-22,586.0,-0.010135135135135087,-0.0757097791798107,615.0,601.1333333333333,0.017710506193816367,market_bdi
2015-05-26,584.0,-0.0034129692832765013,-0.08320251177394034,607.4285714285714,600.9,0.017581688585203713,market_bdi
2015-05-27,587.0,0.005136986301369939,-0.07413249211356465,600.7142857142857,600.6666666666666,0.017582327757536535,market_bdi
2015-05-28,588.0,0.0017035775127767216,-0.06666666666666665,594.7142857142857,600.3666666666667,0.01755814523055847,market_bdi
2015-05-29,589.0,0.001700680272108901,-0.050000000000000044,590.2857142857143,600.0666666666667,0.01755824833680644,market_bdi
2015-06-15,656.0,0.11375212224108666,0.08250825082508251,597.4285714285714,602.0,0.02724756957648083,market_bdi
2015-06-16,681.0,0.038109756097560954,0.15033783783783794,610.1428571428571,604.8333333333334,0.027934523739215615,market_bdi
2015-06-17,725.0,0.06461086637298097,0.2372013651877134,630.0,609.0333333333333,0.029992573785074885,market_bdi
2015-06-18,773.0,0.06620689655172418,0.3236301369863013,657.0,614.7333333333333,0.03188784502498202,market_bdi
2015-06-19,779.0,0.0077619663648125226,0.32708688245315165,684.4285714285714,621.4333333333333,0.030536225025654135,market_bdi
2015-06-22,779.0,0.0,0.3248299319727892,711.7142857142857,628.0333333333333,0.030581591175452342,market_bdi
2015-06-23,790.0,0.01412066752246477,0.34125636672325976,740.4285714285714,634.8333333333334,0.03058791300867805,market_bdi
2015-06-24,829.0,0.04936708860759498,0.2637195121951219,765.1428571428571,642.7,0.03140364736543599,market_bdi
2015-06-25,829.0,0.0,0.21732745961820843,786.2857142857143,650.4333333333333,0.0314643292588838,market_bdi
2015-06-26,823.0,-0.007237635705669487,0.1351724137931034,800.2857142857143,657.9333333333333,0.031601692440087446,market_bdi
2015-06-29,813.0,-0.012150668286755817,0.05174644243208282,806.0,665.0,0.03187112979044331,market_bdi
2015-06-30,800.0,-0.01599015990159902,0.02695763799743256,809.0,671.6666666666666,0.0321670482592252,market_bdi
2015-07-13,900.0,0.125,0.15532734274711157,826.2857142857143,681.7,0.038296494207061736,market_bdi
2015-07-14,915.0,0.016666666666666607,0.15822784810126578,844.1428571428571,692.2,0.03822325820164094,market_bdi
2015-07-15,951.0,0.03934426229508192,0.1471652593486128,861.5714285714286,703.9,0.03837134277085856,market_bdi
2015-07-16,1009.0,0.06098843322818093,0.2171290711700844,887.2857142857143,717.5,0.039120559858162623,market_bdi
2015-07-17,1048.0,0.038652130822596664,0.27339003645200477,919.4285714285714,732.6,0.038922804115024516,market_bdi
2015-07-20,1067.0,0.018129770992366456,0.3124231242312423,955.7142857142857,748.4666666666667,0.038603186812197154,market_bdi
2015-07-21,1113.0,0.04311152764761017,0.3912500000000001,1000.4285714285714,764.4333333333333,0.03758736246079751,market_bdi
2015-07-22,1118.0,0.004492362982928988,0.24222222222222212,1031.5714285714287,780.4666666666667,0.03759065155080039,market_bdi
2015-07-23,1102.0,-0.014311270125223596,0.2043715846994536,1058.2857142857142,796.0666666666667,0.03784459507156022,market_bdi
2015-07-24,1086.0,-0.014519056261342977,0.14195583596214512,1077.5714285714287,811.2666666666667,0.03806489858411027,market_bdi
2015-07-27,1090.0,0.0036832412523020164,0.08027750247770071,1089.142857142857,826.9333333333333,0.03761212304284879,market_bdi
2015-07-28,1094.0,0.003669724770642091,0.043893129770992356,1095.7142857142858,843.2,0.03689461043399786,market_bdi
2015-07-29,1104.0,0.009140767824497242,0.03467666354264298,1101.0,860.2666666666667,0.036040026411040385,market_bdi
2015-07-30,1100.0,-0.0036231884057971175,-0.011680143755615435,1099.142857142857,877.4,0.03586155149230143,market_bdi
2015-07-31,1131.0,0.028181818181818086,0.011627906976744207,1101.0,895.6333333333333,0.03555811881949871,market_bdi
2015-08-13,1046.0,-0.07515473032714415,-0.05081669691470059,1093.0,910.9333333333333,0.03971639369967899,market_bdi
2015-08-14,1055.0,0.008604206500955947,-0.028545119705340682,1088.5714285714287,926.5,0.03962557339493266,market_bdi
2015-08-17,1063.0,0.007582938388625671,-0.02477064220183489,1084.7142857142858,942.3,0.03954427209250645,market_bdi
2015-08-18,1046.0,-0.0159924741298213,-0.04387568555758681,1077.857142857143,955.3,0.035936222860381256,market_bdi
2015-08-19,1031.0,-0.014340344168260022,-0.06612318840579712,1067.4285714285713,966.9666666666667,0.036113078447858625,market_bdi
2015-08-20,1014.0,-0.016488845780795347,-0.07818181818181813,1055.142857142857,976.6,0.03526052470093883,market_bdi
2015-08-21,994.0,-0.01972386587771202,-0.12113174182139697,1035.5714285714287,983.9666666666667,0.03416414441733309,market_bdi
2015-08-24,968.0,-0.026156941649899346,-0.0745697896749522,1024.4285714285713,990.2666666666667,0.034761384925980604,market_bdi
2015-08-25,942.0,-0.02685950413223137,-0.10710900473933649,1008.2857142857143,995.7,0.03531168108281988,market_bdi
2015-08-26,918.0,-0.02547770700636942,-0.13640639698965196,987.5714285714286,999.9666666666667,0.03577109858075314,market_bdi
2015-08-27,905.0,-0.014161220043573008,-0.13479923518164438,967.4285714285714,1002.5,0.03496327409177231,market_bdi
2015-08-28,903.0,-0.0022099447513812542,-0.1241513094083414,949.1428571428571,1004.9666666666667,0.03497323364214186,market_bdi
2015-09-14,805.0,-0.10852713178294571,-0.20611439842209078,919.2857142857143,1004.3666666666667,0.040492215060905785,market_bdi
2015-09-15,802.0,-0.003726708074534124,-0.19315895372233405,891.8571428571429,1004.0,0.04043384233427964,market_bdi
2015-09-16,814.0,0.014962593516209433,-0.15909090909090906,869.8571428571429,1004.4666666666667,0.040397860594843495,market_bdi
2015-09-17,883.0,0.08476658476658483,-0.06263269639065816,861.4285714285714,1003.9,0.03664548102682299,market_bdi
2015-09-18,960.0,0.08720271800679491,0.045751633986928164,867.4285714285714,1005.4,0.03987101095673714,market_bdi
2015-09-21,978.0,0.018750000000000044,0.08066298342541445,877.8571428571429,1006.3,0.0393868922783125,market_bdi
2015-09-22,923.0,-0.056237218813905976,0.02214839424141757,880.7142857142857,1003.4333333333333,0.039114890466297576,market_bdi
2015-09-23,917.0,-0.00650054171180936,0.13913043478260878,896.7142857142857,999.0666666666667,0.03834919371684951,market_bdi
2015-09-24,922.0,0.005452562704471031,0.14962593516209477,913.8571428571429,994.2333333333333,0.03816950106452918,market_bdi
2015-09-25,943.0,0.022776572668112838,0.15847665847665837,932.2857142857143,988.5666666666667,0.037475573959010355,market_bdi
2015-09-28,943.0,0.0,0.06795016987542479,940.8571428571429,982.7333333333333,0.03744602411617863,market_bdi
2015-09-29,926.0,-0.018027571580063628,-0.03541666666666665,936.0,976.8666666666667,0.037484103983788965,market_bdi
2015-09-30,900.0,-0.02807775377969768,-0.07975460122699385,924.8571428571429,970.6666666666666,0.03768282163340888,market_bdi
2015-10-13,804.0,-0.10666666666666669,-0.12892741061755142,907.8571428571429,961.1333333333333,0.04190020675543789,market_bdi
2015-10-14,787.0,-0.021144278606965217,-0.1417666303162486,889.2857142857143,950.9,0.04188172104650766,market_bdi
2015-10-15,766.0,-0.026683608640406642,-0.16919739696312364,867.0,939.6333333333333,0.04182618795707896,market_bdi
2015-10-16,754.0,-0.015665796344647487,-0.20042417815482505,840.0,928.1,0.041808251382139804,market_bdi
2015-10-19,747.0,-0.009283819628647216,-0.20784729586426298,812.0,915.3,0.04113145264823808,market_bdi
2015-10-20,762.0,0.02008032128514059,-0.17710583153347736,788.5714285714286,905.8333333333334,0.03981503604712849,market_bdi
2015-10-21,780.0,0.023622047244094446,-0.1333333333333333,771.4285714285714,896.6666666666666,0.04014647626500484,market_bdi
2015-10-22,786.0,0.007692307692307665,-0.02238805970149249,768.8571428571429,887.4333333333333,0.04014806015291694,market_bdi
2015-10-23,774.0,-0.01526717557251911,-0.016518424396442133,767.0,878.3666666666667,0.04014406037319278,market_bdi
2015-10-26,759.0,-0.019379844961240345,-0.009138381201044377,766.0,869.3,0.040176853874257394,market_bdi
2015-10-27,739.0,-0.026350461133069825,-0.019893899204244003,763.8571428571429,860.1333333333333,0.040277364295706886,market_bdi
2015-10-28,736.0,-0.004059539918809252,-0.014725568942436373,762.2857142857143,851.5333333333333,0.040244377718878545,market_bdi
2015-10-29,728.0,-0.010869565217391353,-0.044619422572178435,757.4285714285714,843.5333333333333,0.04011848367554496,market_bdi
2015-10-30,721.0,-0.009615384615384581,-0.0756410256410256,749.0,836.1666666666666,0.03997203718131446,market_bdi
2015-11-13,560.0,-0.22330097087378642,-0.28753180661577604,716.7142857142857,824.2333333333333,0.05603111306987819,market_bdi
2015-11-16,550.0,-0.017857142857142905,-0.289405684754522,684.7142857142857,812.4,0.056033992424633444,market_bdi
2015-11-17,537.0,-0.023636363636363678,-0.2924901185770751,653.0,800.2,0.05600446471403243,market_bdi
2015-11-18,519.0,-0.03351955307262566,-0.2976995940460081,621.5714285714286,790.6666666666666,0.053318975269709065,market_bdi
2015-11-19,504.0,-0.028901734104046284,-0.3152173913043478,588.4285714285714,780.7333333333333,0.053365777073376613,market_bdi
2015-11-20,498.0,-0.011904761904761862,-0.3159340659340659,555.5714285714286,770.2,0.05309016621119442,market_bdi
2015-11-23,516.0,0.03614457831325302,-0.2843273231622746,526.2857142857143,757.9666666666667,0.05063253866389361,market_bdi
2015-11-24,528.0,0.023255813953488413,-0.05714285714285716,521.7142857142857,743.5666666666667,0.047362143719493294,market_bdi
2015-11-25,546.0,0.03409090909090917,-0.0072727272727273196,521.1428571428571,729.1666666666666,0.04785847780947828,market_bdi
2015-11-26,562.0,0.0293040293040292,0.04655493482309114,524.7142857142857,717.1333333333333,0.04804929801811052,market_bdi
2015-11-27,581.0,0.03380782918149472,0.11946050096339111,533.5714285714286,705.9333333333333,0.04885610752925197,market_bdi
2015-11-30,584.0,0.005163511187607606,0.15873015873015883,545.0,694.6666666666666,0.04885220819978739,market_bdi
2015-12-14,508.0,-0.13013698630136983,0.02008032128514059,546.4285714285714,680.1666666666666,0.05272696271904218,market_bdi
2015-12-15,484.0,-0.047244094488189003,-0.06201550387596899,541.8571428571429,664.8666666666667,0.052848198972931554,market_bdi
2015-12-16,471.0,-0.02685950413223137,-0.10795454545454541,533.7142857142857,649.7,0.05285865889723598,market_bdi
2015-12-17,471.0,0.0,-0.13736263736263732,523.0,635.4,0.05297335507754855,market_bdi
2015-12-18,477.0,0.01273885350318471,-0.1512455516014235,510.85714285714283,624.5,0.05065987244512934,market_bdi
2015-12-21,478.0,0.002096436058700135,-0.17728055077452665,496.14285714285717,614.2,0.05075387970655654,market_bdi
2015-12-22,474.0,-0.008368200836820106,-0.18835616438356162,480.42857142857144,604.4666666666667,0.05071969151143535,market_bdi
2015-12-23,475.0,0.0021097046413502962,-0.06496062992125984,475.7142857142857,595.1666666666666,0.05080903997590148,market_bdi
2015-12-24,478.0,0.006315789473684275,-0.012396694214875992,474.85714285714283,586.2,0.05093737937524039,market_bdi
2016-01-13,394.0,-0.17573221757322177,-0.16348195329087045,463.85714285714283,573.9333333333333,0.05849009264847794,market_bdi
2016-01-14,383.0,-0.027918781725888353,-0.1868365180467091,451.2857142857143,560.7,0.057922178274253854,market_bdi
2016-01-15,373.0,-0.026109660574412552,-0.21802935010482183,436.42857142857144,546.9333333333333,0.05766076145995329,market_bdi
2016-01-18,369.0,-0.01072386058981234,-0.2280334728033473,420.85714285714283,533.4333333333333,0.05768700809288255,market_bdi
2016-01-19,363.0,-0.016260162601625994,-0.23417721518987344,405.0,520.2333333333333,0.057695790750647645,market_bdi
2016-01-20,358.0,-0.01377410468319562,-0.24631578947368427,388.2857142857143,507.53333333333336,0.05771237086377118,market_bdi
2016-01-21,355.0,-0.008379888268156388,-0.2573221757322176,370.7142857142857,494.8333333333333,0.057671283574944686,market_bdi
2016-01-22,354.0,-0.0028169014084507005,-0.10152284263959388,365.0,482.3666666666667,0.05774454494701967,market_bdi
2016-01-25,354.0,0.0,-0.07571801566579639,360.85714285714283,470.1333333333333,0.05784188319585024,market_bdi
2016-01-26,345.0,-0.025423728813559365,-0.07506702412868638,356.85714285714283,462.96666666666664,0.043571774308565556,market_bdi
2016-01-27,337.0,-0.023188405797101463,-0.08672086720867211,352.2857142857143,455.8666666666667,0.043594618970982074,market_bdi
2016-01-28,325.0,-0.035608308605341255,-0.10468319559228645,346.85714285714283,448.8,0.04372913695063671,market_bdi
2016-01-29,317.0,-0.024615384615384595,-0.11452513966480449,341.0,442.06666666666666,0.043633392838024004,market_bdi
2016-02-15,295.0,-0.06940063091482651,-0.16901408450704225,332.42857142857144,435.1,0.044682666271105925,market_bdi
2016-02-16,301.0,0.02033898305084736,-0.1497175141242938,324.85714285714283,428.53333333333336,0.045185654792115636,market_bdi
2016-02-17,307.0,0.019933554817275656,-0.13276836158192096,318.14285714285717,421.56666666666666,0.04463947590056126,market_bdi
2016-02-18,313.0,0.019543973941368087,-0.09275362318840574,313.57142857142856,414.4,0.04453160623372702,market_bdi
2016-02-19,315.0,0.006389776357827559,-0.06528189910979232,310.42857142857144,406.7,0.043732074327285216,market_bdi
2016-02-22,316.0,0.0031746031746031633,-0.027692307692307683,309.14285714285717,398.5,0.043029314483568115,market_bdi
2016-02-23,318.0,0.006329113924050667,0.003154574132492094,309.2857142857143,389.73333333333335,0.042171686954011446,market_bdi
2016-02-24,322.0,0.012578616352201255,0.09152542372881345,313.14285714285717,381.0,0.042339273097818174,market_bdi
2016-02-25,325.0,0.009316770186335477,0.07973421926910307,316.57142857142856,374.9,0.037001587093513096,market_bdi
2016-02-26,327.0,0.006153846153846176,0.06514657980456029,319.42857142857144,369.6666666666667,0.03663233641226674,market_bdi
2016-02-29,329.0,0.006116207951070374,0.051118210862619806,321.7142857142857,364.93333333333334,0.036674240594156825,market_bdi
2016-03-14,393.0,0.19452887537993924,0.24761904761904763,332.85714285714283,362.3333333333333,0.052500234115586956,market_bdi
2016-03-15,396.0,0.007633587786259444,0.25316455696202533,344.2857142857143,359.6333333333333,0.052450046923035655,market_bdi
2016-03-16,393.0,-0.007575757575757569,0.23584905660377364,355.0,356.8,0.052435545241879294,market_bdi
2016-03-17,392.0,-0.0025445292620864812,0.21739130434782616,365.0,354.06666666666666,0.05243411924515339,market_bdi
2016-03-18,395.0,0.007653061224489832,0.21538461538461529,375.0,351.4,0.052469745702291334,market_bdi
2016-03-21,398.0,0.0075949367088608,0.21712538226299705,385.14285714285717,348.73333333333335,0.05247961079893975,market_bdi
2016-03-22,398.0,0.0,0.20972644376899696,395.0,348.8666666666667,0.04136914662024301,market_bdi
2016-03-23,401.0,0.007537688442211143,0.020356234096692072,396.14285714285717,349.46666666666664,0.04101654810985175,market_bdi
2016-03-24,406.0,0.012468827930174564,0.025252525252525304,397.57142857142856,350.56666666666666,0.04069931071959156,market_bdi
2016-03-29,409.0,0.00738916256157629,0.040712468193384144,399.85714285714283,351.9,0.04061427572321936,market_bdi
2016-03-30,414.0,0.012224938875305513,0.05612244897959173,403.0,353.6,0.040452832467493656,market_bdi
2016-03-31,429.0,0.03623188405797095,0.08607594936708862,407.85714285714283,355.96666666666664,0.0406771126097364,market_bdi
2016-04-13,567.0,0.32167832167832167,0.42462311557788945,432.0,363.03333333333336,0.07029003444656204,market_bdi
2016-04-14,597.0,0.05291005291005302,0.5,460.42857142857144,371.1333333333333,0.0704628657563383,market_bdi
2016-04-15,635.0,0.06365159128978215,0.5835411471321696,493.85714285714283,380.5,0.07080837819459129,market_bdi
2016-04-18,659.0,0.03779527559055129,0.6231527093596059,530.0,390.96666666666664,0.07029436543779982,market_bdi
2016-04-19,671.0,0.018209408194233667,0.6405867970660146,567.4285714285714,402.1,0.0697427962428222,market_bdi
2016-04-20,669.0,-0.0029806259314456574,0.6159420289855073,603.8571428571429,413.56666666666666,0.06901152303799134,market_bdi
2016-04-21,670.0,0.001494768310911887,0.5617715617715617,638.2857142857143,425.3333333333333,0.06850952956219124,market_bdi
2016-04-22,688.0,0.02686567164179099,0.21340388007054667,655.5714285714286,438.43333333333334,0.06603818693431845,market_bdi
2016-04-25,690.0,0.0029069767441860517,0.1557788944723617,668.8571428571429,451.4,0.06620643831291602,market_bdi
2016-04-26,704.0,0.020289855072463725,0.10866141732283463,678.7142857142857,464.6333333333333,0.0662046317989486,market_bdi
2016-04-27,715.0,0.015625,0.08497723823975711,686.7142857142857,478.03333333333336,0.06622953473295383,market_bdi
2016-04-28,710.0,-0.006993006993006978,0.058122205663189375,692.2857142857143,491.2,0.06643685235709386,market_bdi
2016-04-29,703.0,-0.009859154929577452,0.05082212257100149,697.1428571428571,504.1,0.06665567908179204,market_bdi
2016-05-13,600.0,-0.1465149359886202,-0.10447761194029848,687.1428571428571,513.5,0.07388495953406612,market_bdi
2016-05-16,613.0,0.021666666666666723,-0.10901162790697672,676.4285714285714,523.2,0.073856217669425,market_bdi
2016-05-17,643.0,0.048939641109298604,-0.06811594202898552,669.7142857142857,533.8,0.07393791538584389,market_bdi
2016-05-18,642.0,-0.0015552099533436836,-0.08806818181818177,660.8571428571429,544.3,0.07402035346542685,market_bdi
2016-05-19,634.0,-0.012461059190031154,-0.11328671328671325,649.2857142857143,554.4666666666667,0.07426206997181267,market_bdi
2016-05-20,625.0,-0.014195583596214534,-0.11971830985915488,637.1428571428571,562.2,0.0672267167471196,market_bdi
2016-05-23,624.0,-0.0016000000000000458,-0.11237553342816498,625.8571428571429,569.8,0.06729472061024605,market_bdi
2016-05-24,618.0,-0.009615384615384581,0.030000000000000027,628.4285714285714,577.3,0.06732166924860718,market_bdi
2016-05-25,605.0,-0.021035598705501646,-0.013050570962479635,627.2857142857143,584.4,0.06759240491916631,market_bdi
2016-05-26,601.0,-0.006611570247933907,-0.06531881804043549,621.2857142857143,591.2666666666667,0.06770718264700289,market_bdi
2016-05-27,606.0,0.008319467554076532,-0.05607476635514019,616.1428571428571,598.2,0.06770418502772974,market_bdi
2016-05-31,612.0,0.00990099009900991,-0.034700315457413256,613.0,605.3333333333334,0.06764714146346938,market_bdi
2016-06-13,609.0,-0.004901960784313708,-0.025599999999999956,610.7142857142857,612.2666666666667,0.0677415419834179,market_bdi
2016-06-14,608.0,-0.0016420361247947435,-0.02564102564102566,608.4285714285714,619.0,0.06781591303606742,market_bdi
2016-06-15,604.0,-0.006578947368421018,-0.02265372168284785,606.4285714285714,625.5,0.06792165617827978,market_bdi
2016-06-16,598.0,-0.009933774834437137,-0.011570247933884281,605.4285714285714,631.6333333333333,0.06807399981062905,market_bdi
2016-06-17,587.0,-0.018394648829431426,-0.02329450915141429,603.4285714285714,636.9,0.06819852972033748,market_bdi
2016-06-20,582.0,-0.008517887563884163,-0.03960396039603964,600.0,637.4,0.035284417028260934,market_bdi
2016-06-21,580.0,-0.0034364261168384758,-0.05228758169934644,595.4285714285714,636.8333333333334,0.03392738060066062,market_bdi
2016-06-22,585.0,0.008620689655172376,-0.039408866995073843,592.0,635.1666666666666,0.0317652162086537,market_bdi
2016-06-23,596.0,0.018803418803418737,-0.019736842105263164,590.2857142857143,633.0666666666667,0.03112327740918096,market_bdi
2016-06-24,609.0,0.02181208053691286,0.008278145695364225,591.0,631.0,0.03121411308296172,market_bdi
2016-06-27,616.0,0.011494252873563315,0.030100334448160515,593.5714285714286,629.2333333333333,0.0313216246741804,market_bdi
2016-06-28,627.0,0.017857142857142794,0.0681431005110733,599.2857142857143,627.8,0.03153061059605735,market_bdi
2016-06-29,640.0,0.020733652312599604,0.09965635738831624,607.5714285714286,626.2,0.031358507953924177,market_bdi
2016-06-30,660.0,0.03125,0.13793103448275867,619.0,625.2,0.03192995068534442,market_bdi
2016-07-13,726.0,0.10000000000000009,0.24102564102564106,639.1428571428571,625.9333333333333,0.03671619674991132,market_bdi
2016-07-14,738.0,0.016528925619834656,0.23825503355704702,659.4285714285714,626.7,0.036728382142117606,market_bdi
2016-07-15,745.0,0.009485094850948617,0.22331691297208534,678.8571428571429,627.8666666666667,0.03671655168036514,market_bdi
2016-07-18,748.0,0.00402684563758382,0.2142857142857142,697.7142857142857,629.3666666666667,0.03664563235502416,market_bdi
2016-07-19,746.0,-0.002673796791443861,0.18979266347687407,714.7142857142857,634.2333333333333,0.02349205876482129,market_bdi
2016-07-20,736.0,-0.013404825737265424,0.1499999999999999,728.4285714285714,638.3333333333334,0.02363716340465315,market_bdi
2016-07-21,726.0,-0.013586956521739135,0.10000000000000009,737.8571428571429,641.1,0.022482950622463777,market_bdi
2016-07-22,718.0,-0.011019283746556474,-0.011019283746556474,736.7142857142857,643.6333333333333,0.022633681637240836,market_bdi
2016-07-25,709.0,-0.012534818941504211,-0.03929539295392959,732.5714285714286,646.1333333333333,0.02263553245338848,market_bdi
2016-07-26,696.0,-0.01833568406205921,-0.06577181208053695,725.5714285714286,648.5,0.0227623781114156,market_bdi
2016-07-27,679.0,-0.02442528735632188,-0.09224598930481287,715.7142857142857,650.3333333333334,0.023324787443620737,market_bdi
2016-07-28,665.0,-0.020618556701030966,-0.10857908847184983,704.1428571428571,651.9,0.023615877200685784,market_bdi
2016-07-29,656.0,-0.013533834586466176,-0.10869565217391308,692.7142857142857,653.6,0.02339449729631799,market_bdi
2016-08-15,681.0,0.038109756097560954,-0.06198347107438018,686.2857142857143,656.2666666666667,0.024175612859568166,market_bdi
2016-08-16,687.0,0.008810572687224738,-0.04317548746518107,681.8571428571429,658.9666666666667,0.024178491716555287,market_bdi
2016-08-17,685.0,-0.0029112081513827937,-0.03385049365303239,678.4285714285714,661.4,0.024192278521687646,market_bdi
2016-08-18,682.0,-0.004379562043795637,-0.02011494252873558,676.4285714285714,663.8333333333334,0.024185810331194626,market_bdi
2016-08-19,683.0,0.0014662756598240456,0.00589101620029453,677.0,666.3333333333334,0.02416722045137002,market_bdi
2016-08-22,687.0,0.005856515373352744,0.03308270676691727,680.1428571428571,669.1,0.02408322654360386,market_bdi
2016-08-23,692.0,0.00727802037845704,0.054878048780487854,685.2857142857143,672.2333333333333,0.023930283368551294,market_bdi
2016-08-24,706.0,0.020231213872832443,0.03671071953010285,688.8571428571429,676.2,0.023657626402381646,market_bdi
2016-08-25,718.0,0.016997167138810276,0.04512372634643369,693.2857142857143,680.7333333333333,0.023560043290199218,market_bdi
2016-08-26,720.0,0.0027855153203342198,0.051094890510948954,698.2857142857143,685.4,0.023489704044637145,market_bdi
2016-08-30,715.0,-0.00694444444444442,0.048387096774193505,703.0,689.7333333333333,0.023635335059736542,market_bdi
2016-08-31,711.0,-0.005594405594405605,0.040995607613469875,707.0,693.5666666666667,0.023633939782660963,market_bdi
2016-09-13,796.0,0.1195499296765119,0.15866084425036386,722.5714285714286,699.8,0.031344830760967425,market_bdi
2016-09-14,756.0,-0.05025125628140703,0.09248554913294793,731.7142857142857,704.4666666666667,0.03317732283812482,market_bdi
2016-09-15,764.0,0.010582010582010692,0.0821529745042493,740.0,709.0333333333333,0.033124484081900135,market_bdi
2016-09-16,800.0,0.04712041884816753,0.11420612813370479,751.7142857142857,714.3666666666667,0.033841119932447025,market_bdi
2016-09-19,836.0,0.04499999999999993,0.1611111111111112,768.2857142857143,720.2333333333333,0.03425748361288929,market_bdi
2016-09-20,865.0,0.0346889952153111,0.2097902097902098,789.7142857142857,724.8666666666667,0.030056886464128605,market_bdi
2016-09-21,903.0,0.04393063583815038,0.27004219409282704,817.1428571428571,730.3666666666667,0.030786671053851793,market_bdi
2016-09-22,937.0,0.037652270210409844,0.17713567839195976,837.2857142857143,736.7666666666667,0.03128455659957294,market_bdi
2016-09-23,941.0,0.004268943436499528,0.24470899470899465,863.7142857142857,743.2,0.03128349313771012,market_bdi
2016-09-26,934.0,-0.007438894792773598,0.2225130890052356,888.0,749.4666666666667,0.03135229794995051,market_bdi
2016-09-27,930.0,-0.004282655246252709,0.1625000000000001,906.5714285714286,755.9333333333333,0.03118153191164072,market_bdi
2016-09-28,912.0,-0.01935483870967747,0.09090909090909083,917.4285714285714,762.1333333333333,0.03133841372242024,market_bdi
2016-09-29,888.0,-0.02631578947368418,0.026589595375722475,920.7142857142857,767.8,0.03178135803140787,market_bdi
2016-09-30,875.0,-0.014639639639639657,-0.03100775193798455,916.7142857142857,773.3333333333334,0.031829582089130934,market_bdi
2016-10-13,885.0,0.011428571428571344,-0.05549626467449309,909.2857142857143,779.6333333333333,0.03145789068537079,market_bdi
2016-10-14,892.0,0.00790960451977396,-0.05207226354941552,902.2857142857143,786.7333333333333,0.03083864961771258,market_bdi
2016-10-17,894.0,0.0022421524663676085,-0.04282655246252676,896.5714285714286,794.3666666666667,0.03034520682934998,market_bdi
2016-10-18,890.0,-0.004474272930648726,-0.043010752688172005,890.8571428571429,802.1666666666666,0.030143819133763423,market_bdi
2016-10-19,872.0,-0.020224719101123556,-0.04385964912280704,885.1428571428571,808.5333333333333,0.03019244656020308,market_bdi
2016-10-20,849.0,-0.026376146788990806,-0.04391891891891897,879.5714285714286,813.9333333333333,0.030863969912151196,market_bdi
2016-10-21,842.0,-0.00824499411071844,-0.0377142857142857,874.8571428571429,819.1666666666666,0.030941436569149647,market_bdi
2016-10-24,831.0,-0.013064133016627122,-0.06101694915254241,867.1428571428571,824.1333333333333,0.031095194898947808,market_bdi
2016-10-25,813.0,-0.02166064981949456,-0.08856502242152464,855.8571428571429,828.4666666666667,0.03152238013806068,market_bdi
2016-10-26,802.0,-0.013530135301353052,-0.1029082774049217,842.7142857142857,832.3,0.03172957763966297,market_bdi
2016-10-27,798.0,-0.004987531172069848,-0.10337078651685394,829.5714285714286,835.8333333333334,0.03178674595072389,market_bdi
2016-10-28,834.0,0.04511278195488733,-0.04357798165137616,824.1428571428571,840.1,0.03250798950398008,market_bdi
2016-10-31,857.0,0.027577937649880147,0.009422850412249772,825.2857142857143,844.7333333333333,0.032687612715909746,market_bdi
2016-11-14,1065.0,0.2427071178529756,0.2648456057007127,857.1428571428571,856.2333333333333,0.054103260973198654,market_bdi
2016-11-15,1084.0,0.017840375586854362,0.3044524669073405,893.2857142857143,868.5333333333333,0.05395491668489522,market_bdi
2016-11-16,1145.0,0.05627306273062738,0.40836408364083643,940.7142857142857,883.0,0.05431232426702834,market_bdi
2016-11-17,1231.0,0.07510917030567676,0.5349127182044888,1002.0,897.5,0.0519834734334373,market_bdi
2016-11-18,1257.0,0.021121039805036546,0.5751879699248121,1067.5714285714287,914.2,0.05046646595969065,market_bdi
2016-11-21,1240.0,-0.01352426412092278,0.4868105515587531,1125.5714285714287,930.0666666666667,0.05078285043684902,market_bdi
2016-11-22,1232.0,-0.006451612903225823,0.43757292882147025,1179.142857142857,944.4666666666667,0.050643270831813296,market_bdi
2016-11-23,1224.0,-0.00649350649350644,0.14929577464788735,1201.857142857143,957.4,0.05048518602878185,market_bdi
2016-11-24,1201.0,-0.01879084967320266,0.1079335793357934,1218.5714285714287,968.6,0.050669422881169726,market_bdi
2016-11-25,1181.0,-0.016652789342214813,0.03144104803493453,1223.7142857142858,977.8666666666667,0.05056467317961809,market_bdi
2016-11-28,1184.0,0.002540220152413175,-0.038180341186027644,1217.0,986.1,0.05031045261201124,market_bdi
2016-11-29,1202.0,0.01520270270270263,-0.04375497215592683,1209.142857142857,994.8,0.05031519465157253,market_bdi
2016-11-30,1204.0,0.0016638935108153063,-0.029032258064516148,1204.0,1003.8,0.05023825020118354,market_bdi
2016-12-13,1052.0,-0.12624584717607978,-0.14610389610389607,1178.2857142857142,1007.8666666666667,0.056003491308704835,market_bdi
2016-12-14,1003.0,-0.04657794676806082,-0.18055555555555558,1146.7142857142858,1010.9,0.05663745903371582,market_bdi
2016-12-15,966.0,-0.03688933200398803,-0.19567027477102417,1113.142857142857,1013.5,0.056869007729603814,market_bdi
2016-12-16,946.0,-0.020703933747411973,-0.19898391193903475,1079.5714285714287,1015.8666666666667,0.05694923736355041,market_bdi
2016-12-19,927.0,-0.02008456659619451,-0.21706081081081086,1042.857142857143,1017.2666666666667,0.05709909434288112,market_bdi
2016-12-20,914.0,-0.014023732470334394,-0.23960066555740434,1001.7142857142857,1018.0,0.05717457544940642,market_bdi
2016-12-21,926.0,0.013129102844638973,-0.23089700996677742,962.0,1019.0666666666667,0.05720886976921365,market_bdi
2016-12-22,928.0,0.002159827213822796,-0.11787072243346008,944.2857142857143,1020.3333333333334,0.057193231292166614,market_bdi
2016-12-23,961.0,0.0355603448275863,-0.04187437686939177,938.2857142857143,1023.3,0.057323393012975586,market_bdi
2017-01-13,910.0,-0.05306971904266389,-0.05797101449275366,930.2857142857143,1025.3333333333333,0.05802563941856297,market_bdi
2017-01-16,925.0,0.016483516483516425,-0.022198731501057112,927.2857142857143,1028.1,0.05802378363369025,market_bdi
2017-01-17,922.0,-0.00324324324324321,-0.005393743257820938,926.5714285714286,1031.1333333333334,0.05794800624022002,market_bdi
2017-01-18,952.0,0.03253796095444694,0.04157549234135671,932.0,1035.7666666666667,0.05793350078953466,market_bdi
2017-01-19,942.0,-0.010504201680672232,0.017278617710583255,934.2857142857143,1040.4333333333334,0.057899523881889896,market_bdi
2017-01-20,925.0,-0.018046709129511673,-0.003232758620689613,933.8571428571429,1044.6666666666667,0.058040840624643895,market_bdi
2017-01-23,914.0,-0.011891891891891881,-0.048907388137356955,927.1428571428571,1047.3333333333333,0.05766357742099793,market_bdi
2017-01-24,886.0,-0.03063457330415753,-0.02637362637362639,923.7142857142857,1048.3,0.05784136797704526,market_bdi
2017-01-25,862.0,-0.02708803611738153,-0.06810810810810808,914.7142857142857,1041.5333333333333,0.03612035206363683,market_bdi
2017-01-26,840.0,-0.025522041763341052,-0.08893709327548804,903.0,1033.4,0.035985213280673445,market_bdi
2017-01-27,827.0,-0.015476190476190421,-0.13130252100840334,885.1428571428571,1022.8,0.0339024729554507,market_bdi
2017-01-30,816.0,-0.013301088270858519,-0.13375796178343946,867.1428571428571,1008.9666666666667,0.0298276479131033,market_bdi
2017-01-31,800.0,-0.019607843137254943,-0.1351351351351351,849.2857142857143,993.7333333333333,0.029132285474608877,market_bdi
2017-02-13,688.0,-0.14,-0.24726477024070026,817.0,975.3333333333334,0.03705703860394486,market_bdi
2017-02-14,685.0,-0.0043604651162790775,-0.22686230248306993,788.2857142857143,957.1,0.037082896509537173,market_bdi
2017-02-15,688.0,0.004379562043795637,-0.20185614849187938,763.4285714285714,939.2333333333333,0.03725867044378721,market_bdi
2017-02-16,710.0,0.03197674418604657,-0.15476190476190477,744.8571428571429,922.8666666666667,0.03837197319930682,market_bdi
2017-02-17,741.0,0.04366197183098586,-0.10399032648125761,732.5714285714286,908.2,0.039918558816117625,market_bdi
2017-02-20,757.0,0.021592442645074206,-0.07230392156862742,724.1428571428571,893.9666666666667,0.04034985958459083,market_bdi
2017-02-21,778.0,0.02774108322324964,-0.02749999999999997,721.0,879.8333333333334,0.04072557600728637,market_bdi
2017-02-22,806.0,0.0359897172236503,0.17151162790697683,737.8571428571429,866.5666666666667,0.0416395807839599,market_bdi
2017-02-23,856.0,0.06203473945409432,0.24963503649635044,762.2857142857143,860.0333333333333,0.037911206833529255,market_bdi
2017-02-24,875.0,0.02219626168224309,0.2718023255813953,789.0,855.7666666666667,0.037457400671012005,market_bdi
2017-02-27,878.0,0.0034285714285713365,0.23661971830985906,813.0,852.8333333333334,0.03695034524308739,market_bdi
2017-02-28,859.0,-0.021640091116173155,0.15924426450742235,829.8571428571429,849.9333333333333,0.03696664975889584,market_bdi
2017-03-13,1099.0,0.2793946449359721,0.4517833553500661,878.7142857142857,855.6666666666666,0.06319310104185713,market_bdi
2017-03-14,1112.0,0.01182893539581431,0.42930591259640094,926.4285714285714,862.2666666666667,0.0630661483743072,market_bdi
2017-03-15,1147.0,0.03147482014388481,0.42307692307692313,975.1428571428571,869.6333333333333,0.06320314775959593,market_bdi
2017-03-16,1172.0,0.021795989537924942,0.3691588785046729,1020.2857142857143,877.7666666666667,0.06323223249465068,market_bdi
2017-03-17,1196.0,0.020477815699658786,0.36685714285714277,1066.142857142857,885.6,0.06307839558258152,market_bdi
2017-03-20,1205.0,0.007525083612040184,0.3724373576309794,1112.857142857143,895.4333333333333,0.061980039019209315,market_bdi
2017-03-21,1200.0,-0.004149377593360981,0.3969732246798603,1161.5714285714287,904.6,0.06203277289839943,market_bdi
2017-03-22,1190.0,-0.008333333333333304,0.08280254777070062,1174.5714285714287,913.5333333333333,0.06207837431554682,market_bdi
2017-03-23,1196.0,0.005042016806722671,0.07553956834532372,1186.5714285714287,921.6666666666666,0.06194077967528499,market_bdi
2017-03-24,1240.0,0.03678929765886285,0.08108108108108114,1199.857142857143,931.6,0.062020280457502956,market_bdi
2017-03-27,1282.0,0.03387096774193554,0.09385665529010234,1215.5714285714287,943.5,0.06190868783877302,market_bdi
2017-03-28,1333.0,0.03978159126365055,0.11454849498327757,1235.142857142857,957.4666666666667,0.06192145894572757,market_bdi
2017-03-29,1338.0,0.0037509377344335793,0.11037344398340254,1254.142857142857,972.5333333333333,0.061375670529356795,market_bdi
2017-03-30,1324.0,-0.010463378176382654,0.10333333333333328,1271.857142857143,987.9333333333333,0.06105200617512382,market_bdi
2017-03-31,1297.0,-0.020392749244713015,0.08991596638655452,1287.142857142857,1003.1666666666666,0.060938609265851755,market_bdi
2017-04-13,1296.0,-0.0007710100231302919,0.08361204013377921,1301.4285714285713,1018.8,0.06073354639855633,market_bdi
2017-04-18,1294.0,-0.0015432098765432167,0.04354838709677411,1309.142857142857,1034.7333333333333,0.06057082707236651,market_bdi
2017-04-19,1278.0,-0.012364760432766575,-0.0031201248049922414,1308.5714285714287,1050.6666666666667,0.06043367909626272,market_bdi
2017-04-20,1243.0,-0.027386541471048464,-0.06751687921980498,1295.7142857142858,1069.1666666666667,0.053412078580058836,market_bdi
2017-04-21,1195.0,-0.038616251005631486,-0.10687593423019437,1275.2857142857142,1086.1666666666667,0.054333606720383204,market_bdi
2017-04-24,1170.0,-0.02092050209205021,-0.11631419939577037,1253.2857142857142,1102.2333333333333,0.05477844791562228,market_bdi
2017-04-25,1154.0,-0.013675213675213627,-0.11025443330763296,1232.857142857143,1117.0333333333333,0.05504260332100185,market_bdi
2017-04-26,1147.0,-0.0060658578856152,-0.11496913580246915,1211.5714285714287,1130.5666666666666,0.0549795493315821,market_bdi
2017-04-27,1134.0,-0.011333914559720992,-0.1236476043276662,1188.7142857142858,1143.1333333333334,0.055191196043342806,market_bdi
2017-04-28,1109.0,-0.022045855379188684,-0.13223787167449141,1164.5714285714287,1154.1666666666667,0.05553761169318328,market_bdi
2017-05-15,994.0,-0.10369702434625794,-0.20032180209171357,1129.0,1160.4333333333334,0.05928903696044387,market_bdi
2017-05-16,980.0,-0.014084507042253502,-0.17991631799163177,1098.2857142857142,1164.5666666666666,0.058544559488823394,market_bdi
2017-05-17,960.0,-0.020408163265306145,-0.17948717948717952,1068.2857142857142,1167.4,0.058654660234148365,market_bdi
2017-05-18,957.0,-0.0031250000000000444,-0.1707105719237435,1040.142857142857,1170.0333333333333,0.058671281284035814,market_bdi
2017-05-19,956.0,-0.0010449320794148065,-0.16652136006974716,1012.8571428571429,1173.2666666666667,0.058476769409410365,market_bdi
2017-05-22,954.0,-0.0020920502092049986,-0.15873015873015872,987.1428571428571,1168.4333333333334,0.027106275213905108,market_bdi
2017-05-23,949.0,-0.00524109014675056,-0.14427412082957625,964.2857142857143,1163.0,0.026933792559419377,market_bdi
2017-05-24,934.0,-0.015806111696522684,-0.06036217303822933,955.7142857142857,1155.9,0.026101902255403316,market_bdi
2017-05-25,918.0,-0.017130620985010725,-0.06326530612244896,946.8571428571429,1147.4333333333334,0.025610500668511962,market_bdi
2017-05-26,912.0,-0.006535947712418277,-0.050000000000000044,940.0,1137.9666666666667,0.02505143435859631,market_bdi
2017-05-30,900.0,-0.013157894736842146,-0.059561128526645746,931.8571428571429,1127.8,0.02487399330298038,market_bdi
2017-05-31,878.0,-0.02444444444444449,-0.08158995815899583,920.7142857142857,1117.0666666666666,0.025002714855245363,market_bdi
2017-06-13,870.0,-0.009111617312072884,-0.08805031446540879,908.7142857142857,1106.4,0.025001277902265674,market_bdi
2017-06-14,865.0,-0.005747126436781658,-0.0885142255005269,896.7142857142857,1095.3666666666666,0.024853500363849295,market_bdi
2017-06-15,855.0,-0.011560693641618491,-0.08458244111349034,885.4285714285714,1082.5333333333333,0.02319819114496803,market_bdi
2017-06-16,851.0,-0.004678362573099393,-0.07298474945533773,875.8571428571429,1068.1666666666667,0.021578204991251286,market_bdi
2017-06-19,848.0,-0.003525264394829586,-0.07017543859649122,866.7142857142857,1052.0,0.019222552363542873,market_bdi
2017-06-20,847.0,-0.001179245283018826,-0.05888888888888888,859.1428571428571,1035.6333333333334,0.01907925679262541,market_bdi
2017-06-21,844.0,-0.0035419126328217754,-0.038724373576309756,854.2857142857143,1019.6333333333333,0.019176835109904183,market_bdi
2017-06-22,855.0,0.013033175355450233,-0.017241379310344862,852.1428571428571,1004.9,0.019796172979917037,market_bdi
2017-06-23,870.0,0.01754385964912286,0.005780346820809301,852.8571428571429,990.7,0.020475973741463312,market_bdi
2017-06-26,884.0,0.016091954022988464,0.03391812865497079,857.0,977.0333333333333,0.021060515111757615,market_bdi
2017-06-27,903.0,0.02149321266968318,0.06110458284371334,864.4285714285714,964.5333333333333,0.02195058391930449,market_bdi
2017-06-28,929.0,0.02879291251384264,0.09551886792452824,876.0,954.0666666666667,0.022903627453646474,market_bdi
2017-06-29,920.0,-0.009687836383207804,0.08618654073199528,886.4285714285714,944.9,0.02222994952302149,market_bdi
2017-06-30,901.0,-0.020652173913043526,0.06753554502369674,894.5714285714286,935.9333333333333,0.022224803836558678,market_bdi
2017-07-13,888.0,-0.01442841287458374,0.03859649122807007,899.2857142857143,927.0666666666667,0.022231368964253866,market_bdi
2017-07-14,900.0,0.013513513513513598,0.034482758620689724,903.5714285714286,918.8333333333334,0.022588175240905152,market_bdi
2017-07-17,912.0,0.01333333333333342,0.03167420814479649,907.5714285714286,911.4333333333333,0.022901624845649355,market_bdi
2017-07-18,932.0,0.021929824561403466,0.032115171650055396,911.7142857142857,905.5333333333333,0.023307225418608964,market_bdi
2017-07-19,948.0,0.01716738197424883,0.020452099031216253,914.4285714285714,904.0,0.014549544536799098,market_bdi
2017-07-20,964.0,0.016877637130801704,0.047826086956521685,920.7142857142857,903.4666666666667,0.014721463679695422,market_bdi
2017-07-21,977.0,0.013485477178423189,0.08435072142064381,931.5714285714286,904.0333333333333,0.014434271860567428,market_bdi
2017-07-24,977.0,0.0,0.10022522522522515,944.2857142857143,904.7,0.014417088801665883,market_bdi
2017-07-25,980.0,0.003070624360286489,0.0888888888888888,955.7142857142857,905.5,0.014418608262126308,market_bdi
2017-07-26,968.0,-0.01224489795918371,0.06140350877192979,963.7142857142857,905.9666666666667,0.014609799858647429,market_bdi
2017-07-27,942.0,-0.02685950413223137,0.010729613733905685,965.1428571428571,905.7333333333333,0.015418056719586066,market_bdi
2017-07-28,933.0,-0.009554140127388533,-0.015822784810126556,963.0,905.7,0.01524011653684418,market_bdi
2017-07-31,946.0,0.013933547695605508,-0.018672199170124526,960.4285714285714,906.6333333333333,0.015085211547900674,market_bdi
2017-08-14,1155.0,0.22093023255813948,0.18219037871033783,985.8571428571429,914.7333333333333,0.04280519596376164,market_bdi
2017-08-15,1169.0,0.0121212121212122,0.19651995905834196,1013.2857142857143,923.7,0.04260856045189013,market_bdi
2017-08-16,1207.0,0.03250641573994861,0.2316326530612245,1045.7142857142858,934.6666666666666,0.04231000729233814,market_bdi
2017-08-17,1247.0,0.0331400165700082,0.2882231404958677,1085.5714285714287,947.2333333333333,0.04230569928337834,market_bdi
2017-08-18,1260.0,0.010425020048115519,0.33757961783439483,1131.0,960.4,0.04216343960149004,market_bdi
2017-08-21,1266.0,0.004761904761904745,0.35691318327974275,1178.5714285714287,974.1,0.04193516436633711,market_bdi
2017-08-22,1249.0,-0.013428120063191162,0.3202959830866807,1221.857142857143,987.3666666666667,0.04209913067994789,market_bdi
2017-08-23,1222.0,-0.021617293835068052,0.058008658008658065,1231.4285714285713,999.8333333333334,0.04248127613559485,market_bdi
2017-08-24,1200.0,-0.018003273322422242,0.02651839178785287,1235.857142857143,1011.6,0.04278530889071045,market_bdi
2017-08-25,1209.0,0.007500000000000062,0.001657000828500399,1236.142857142857,1023.7666666666667,0.04269019417199486,market_bdi
2017-08-29,1203.0,-0.00496277915632759,-0.035284683239775516,1229.857142857143,1035.3666666666666,0.042813631767353026,market_bdi
2017-08-30,1181.0,-0.018287614297589405,-0.0626984126984127,1218.5714285714287,1045.7333333333333,0.04315895403838339,market_bdi
2017-08-31,1184.0,0.002540220152413175,-0.06477093206951023,1206.857142857143,1055.7333333333333,0.043175224510130686,market_bdi
2017-09-13,1337.0,0.12922297297297303,0.07045636509207376,1219.4285714285713,1070.2,0.04829016220882088,market_bdi
2017-09-14,1361.0,0.017950635751682764,0.11374795417348604,1239.2857142857142,1084.6,0.04821757671436359,market_bdi
2017-09-15,1385.0,0.01763409257898596,0.15416666666666656,1265.7142857142858,1100.1,0.04801580183898339,market_bdi
2017-09-18,1398.0,0.009386281588447565,0.15632754342431765,1292.7142857142858,1116.6666666666667,0.04756352112712624,market_bdi
2017-09-19,1415.0,0.012160228898426384,0.17622610141313388,1323.0,1134.2333333333333,0.04722862958536086,market_bdi
2017-09-20,1449.0,0.024028268551236742,0.22692633361558,1361.2857142857142,1152.5333333333333,0.04724378589819805,market_bdi
2017-09-21,1470.0,0.01449275362318847,0.24155405405405395,1402.142857142857,1171.1333333333334,0.04724118118143937,market_bdi
2017-09-22,1502.0,0.021768707482993088,0.12341062079281984,1425.7142857142858,1190.1333333333334,0.04724061177213203,market_bdi
2017-09-25,1503.0,0.0006657789613848664,0.10433504775900082,1446.0,1208.6333333333334,0.04733463018934545,market_bdi
2017-09-26,1476.0,-0.017964071856287456,0.06570397111913362,1459.0,1225.7,0.04774951355886673,market_bdi
2017-09-27,1429.0,-0.03184281842818426,0.022174535050071498,1463.4285714285713,1240.7666666666667,0.04851964885923936,market_bdi
2017-09-28,1391.0,-0.026592022393282067,-0.016961130742049524,1460.0,1254.5666666666666,0.04902044117598054,market_bdi
2017-09-29,1356.0,-0.025161754133716796,-0.06418219461697727,1446.7142857142858,1267.1,0.04948437445944582,market_bdi
2017-10-13,1485.0,0.09513274336283195,0.010204081632652962,1448.857142857143,1284.3333333333333,0.05151530276572582,market_bdi
2017-10-16,1523.0,0.025589225589225606,0.013981358189081305,1451.857142857143,1303.7,0.05091342962186007,market_bdi
2017-10-17,1552.0,0.019041365725541715,0.03260146373918826,1458.857142857143,1324.3333333333333,0.050660727881734514,market_bdi
2017-10-18,1566.0,0.009020618556700999,0.060975609756097615,1471.7142857142858,1345.0,0.0506830503096972,market_bdi
2017-10-19,1582.0,0.010217113665389466,0.10706787963610909,1493.5714285714287,1359.2333333333333,0.03317903232912642,market_bdi
2017-10-20,1578.0,-0.0025284450063211006,0.13443565780014377,1520.2857142857142,1372.8666666666666,0.03327037484214847,market_bdi
2017-10-23,1586.0,0.005069708491761693,0.1696165191740413,1553.142857142857,1385.5,0.033022466817749015,market_bdi
2017-10-24,1588.0,0.0012610340479193294,0.06936026936026929,1567.857142857143,1396.8666666666666,0.03275217059036091,market_bdi
2017-10-25,1573.0,-0.009445843828715383,0.03282994090610636,1575.0,1407.3,0.03291415560104025,market_bdi
2017-10-26,1555.0,-0.011443102352193257,0.0019329896907216426,1575.4285714285713,1416.9333333333334,0.03310022433444807,market_bdi
2017-10-27,1546.0,-0.005787781350482302,-0.012771392081736943,1572.5714285714287,1426.8333333333333,0.03296371312634382,market_bdi
2017-10-30,1534.0,-0.0077619663648124115,-0.030341340075853318,1565.7142857142858,1437.2333333333333,0.032635162256168075,market_bdi
2017-10-31,1522.0,-0.007822685788787531,-0.03548795944233207,1557.7142857142858,1447.9666666666667,0.032406536464881175,market_bdi
2017-11-13,1445.0,-0.050591327201051195,-0.08890290037831017,1537.5714285714287,1455.8333333333333,0.03415289679804846,market_bdi
2017-11-14,1405.0,-0.02768166089965396,-0.11523929471032746,1511.4285714285713,1462.5666666666666,0.034663883769526296,market_bdi
2017-11-15,1374.0,-0.022064056939501753,-0.12650985378258106,1483.0,1469.0,0.03476087874355703,market_bdi
2017-11-16,1361.0,-0.009461426491994218,-0.12475884244372992,1455.2857142857142,1474.9,0.03486640536171505,market_bdi
2017-11-17,1371.0,0.0073475385745775945,-0.11319534282018107,1430.2857142857142,1476.0333333333333,0.02585511085478461,market_bdi
2017-11-20,1385.0,0.010211524434719177,-0.09713168187744459,1409.0,1476.8333333333333,0.025719997450946382,market_bdi
2017-11-21,1396.0,0.007942238267147905,-0.08278580814717473,1391.0,1477.2,0.025562892813839465,market_bdi
2017-11-22,1413.0,0.012177650429799458,-0.02214532871972319,1386.4285714285713,1477.7,0.02560113019410145,market_bdi
2017-11-23,1445.0,0.0226468506723283,0.028469750889679624,1392.142857142857,1478.7,0.02583401575389968,market_bdi
2017-11-24,1458.0,0.008996539792387459,0.06113537117903922,1404.142857142857,1479.0,0.025516101476550947,market_bdi
2017-11-27,1477.0,0.013031550068587139,0.08523144746509925,1420.7142857142858,1479.2333333333333,0.025489879769565602,market_bdi
2017-11-28,1506.0,0.019634394041976977,0.09846827133479219,1440.0,1479.3666666666666,0.025431282692163493,market_bdi
2017-11-29,1536.0,0.019920318725099584,0.10902527075812274,1461.5714285714287,1480.4666666666667,0.0256801128491412,market_bdi
2017-11-30,1578.0,0.02734375,0.1303724928366763,1487.5714285714287,1483.8666666666666,0.025855841365376924,market_bdi
2017-12-13,1730.0,0.09632446134347283,0.2243453644727531,1532.857142857143,1493.9,0.030201218305759513,market_bdi
2017-12-14,1668.0,-0.03583815028901738,0.15432525951557086,1564.7142857142858,1503.1333333333334,0.030598500222461845,market_bdi
2017-12-15,1619.0,-0.029376498800959272,0.11042524005486976,1587.7142857142858,1511.9,0.030758196356308956,market_bdi
2017-12-18,1588.0,-0.01914762198888198,0.07515233581584302,1603.5714285714287,1515.3333333333333,0.026111806652676862,market_bdi
2017-12-19,1547.0,-0.02581863979848864,0.02722443559096943,1609.4285714285713,1516.1333333333334,0.02623498808265789,market_bdi
2017-12-20,1476.0,-0.045895281189398784,-0.0390625,1600.857142857143,1513.6,0.027337761311048012,market_bdi
2017-12-21,1430.0,-0.031165311653116534,-0.09378960709759188,1579.7142857142858,1509.0666666666666,0.02779446919879533,market_bdi
2017-12-22,1366.0,-0.04475524475524473,-0.21040462427745665,1527.7142857142858,1501.8666666666666,0.028713356427690163,market_bdi
2018-01-15,1264.0,-0.07467057101024888,-0.24220623501199046,1470.0,1491.4,0.03143539545534868,market_bdi
2018-01-16,1221.0,-0.03401898734177211,-0.24583075972822732,1413.142857142857,1479.2333333333333,0.03173111346666096,market_bdi
2018-01-17,1164.0,-0.04668304668304668,-0.2670025188916877,1352.5714285714287,1465.1,0.03243781792539906,market_bdi
2018-01-18,1139.0,-0.021477663230240585,-0.2637362637362637,1294.2857142857142,1450.6333333333334,0.032507656512528474,market_bdi
2018-01-19,1125.0,-0.012291483757682187,-0.23780487804878048,1244.142857142857,1436.3,0.032509147669845244,market_bdi
2018-01-22,1129.0,0.003555555555555534,-0.21048951048951048,1201.142857142857,1422.4,0.032597752096159775,market_bdi
2018-01-23,1157.0,0.02480070859167416,-0.1530014641288433,1171.2857142857142,1409.8333333333333,0.03320825538474099,market_bdi
2018-01-24,1200.0,0.037165082108902237,-0.05063291139240511,1162.142857142857,1399.1,0.034254477645739086,market_bdi
2018-01-25,1217.0,0.01416666666666666,-0.003276003276003303,1161.5714285714287,1391.5,0.03346548474484543,market_bdi
2018-01-26,1219.0,0.0016433853738702098,0.047250859106529264,1169.4285714285713,1385.3,0.033212568231379705,market_bdi
2018-01-29,1214.0,-0.004101722723543921,0.06584723441615448,1180.142857142857,1379.9666666666667,0.033040729193416975,market_bdi
2018-01-30,1191.0,-0.018945634266886335,0.058666666666666645,1189.5714285714287,1374.3,0.03314402646598518,market_bdi
2018-01-31,1152.0,-0.032745591939546626,0.02037201062887517,1192.857142857143,1367.0,0.03348108328291261,market_bdi
2018-02-13,1114.0,-0.03298611111111116,-0.03716508210890235,1186.7142857142858,1357.9666666666667,0.033721429429171765,market_bdi
2018-02-14,1095.0,-0.017055655296229766,-0.08750000000000002,1171.7142857142858,1347.9333333333334,0.03365629682844617,market_bdi
2018-02-15,1089.0,-0.005479452054794498,-0.1051766639276911,1153.4285714285713,1337.1333333333334,0.03345375438847196,market_bdi
2018-02-16,1084.0,-0.0045913682277318735,-0.11074651353568499,1134.142857142857,1325.1,0.032956220754415434,market_bdi
2018-02-19,1087.0,0.002767527675276771,-0.10461285008237231,1116.0,1312.7333333333333,0.032858304108993104,market_bdi
2018-02-20,1117.0,0.027598896044158217,-0.06213266162888331,1105.4285714285713,1300.7333333333333,0.033303148023605,market_bdi
2018-02-21,1146.0,0.025962399283795845,-0.00520833333333337,1104.5714285714287,1288.7333333333333,0.0335084515891746,market_bdi
2018-02-22,1167.0,0.018324607329842868,0.047576301615798844,1112.142857142857,1276.4333333333334,0.033462974429128454,market_bdi
2018-02-23,1185.0,0.015424164524421524,0.08219178082191791,1125.0,1263.3333333333333,0.03309042180566505,market_bdi
2018-02-26,1191.0,0.005063291139240533,0.09366391184573009,1139.5714285714287,1245.3666666666666,0.026642856892893176,market_bdi
2018-02-27,1188.0,-0.0025188916876573986,0.09594095940959413,1154.4285714285713,1229.3666666666666,0.02630806297102647,market_bdi
2018-02-28,1192.0,0.0033670033670034627,0.09659613615455376,1169.4285714285713,1215.1333333333334,0.026194426090530375,market_bdi
2018-03-13,1179.0,-0.01090604026845643,0.05550581915846009,1178.2857142857142,1201.5,0.02613634780009641,market_bdi
2018-03-14,1169.0,-0.008481764206955011,0.02006980802792313,1181.5714285714287,1188.9,0.02595509143159161,market_bdi
2018-03-15,1150.0,-0.016253207869974307,-0.014567266495287057,1179.142857142857,1178.0333333333333,0.025049111613152906,market_bdi
2018-03-16,1143.0,-0.006086956521739184,-0.03544303797468351,1173.142857142857,1168.4666666666667,0.024664057410836413,market_bdi
2018-03-19,1136.0,-0.006124234470691214,-0.04617968094038627,1165.2857142857142,1160.8,0.023618784248975427,market_bdi
2018-03-20,1122.0,-0.01232394366197187,-0.05555555555555558,1155.857142857143,1156.0666666666666,0.019786761295185494,market_bdi
2018-03-21,1117.0,-0.004456327985739805,-0.06291946308724827,1145.142857142857,1152.6,0.018946895791369375,market_bdi
2018-03-22,1117.0,0.0,-0.052586938083121315,1136.2857142857142,1151.0333333333333,0.01703850403456689,market_bdi
2018-03-23,1122.0,0.004476275738585445,-0.04020530367835762,1129.5714285714287,1150.4666666666667,0.01662911680354865,market_bdi
2018-03-26,1126.0,0.0035650623885918886,-0.02086956521739125,1126.142857142857,1150.5,0.016488459046479432,market_bdi
2018-03-27,1117.0,-0.007992895204262829,-0.022747156605424368,1122.4285714285713,1150.1,0.016541193907053737,market_bdi
2018-03-28,1080.0,-0.033124440465532645,-0.04929577464788737,1114.4285714285713,1147.5333333333333,0.016896298688099446,market_bdi
2018-03-29,1055.0,-0.02314814814814814,-0.059714795008912636,1104.857142857143,1142.7,0.015594484092593836,market_bdi
2018-04-13,1014.0,-0.03886255924170612,-0.09221128021486125,1090.142857142857,1135.9333333333334,0.016428043455745667,market_bdi
2018-04-16,1025.0,0.010848126232741562,-0.08236347358997309,1077.0,1129.4666666666667,0.01665876543999508,market_bdi
2018-04-17,1052.0,0.02634146341463417,-0.0623885918003565,1067.0,1124.0666666666666,0.01765242710444945,market_bdi
2018-04-18,1124.0,0.06844106463878319,-0.001776198934280604,1066.7142857142858,1121.8333333333333,0.021903625736011293,market_bdi
2018-04-19,1201.0,0.06850533807829184,0.0752014324082364,1078.7142857142858,1123.4666666666667,0.024590610765018932,market_bdi
2018-04-20,1281.0,0.06661115736885925,0.18611111111111112,1107.4285714285713,1129.0333333333333,0.026405731514592908,market_bdi
2018-04-23,1306.0,0.01951600312256052,0.23791469194312787,1143.2857142857142,1136.0666666666666,0.02619592201970923,market_bdi
2018-04-24,1330.0,0.018376722817764257,0.31163708086785014,1188.4285714285713,1144.1,0.02619075974402309,market_bdi
2018-04-25,1376.0,0.03458646616541361,0.342439024390244,1238.5714285714287,1153.8333333333333,0.026566364161540224,market_bdi
2018-04-26,1375.0,-0.0007267441860464574,0.3070342205323193,1284.7142857142858,1163.4333333333334,0.026599171546575175,market_bdi
2018-04-27,1361.0,-0.01018181818181818,0.2108540925266904,1318.5714285714287,1171.5666666666666,0.026543368089377226,market_bdi
2018-04-30,1341.0,-0.014695077149155078,0.11656952539550369,1338.5714285714287,1178.0666666666666,0.02657659234715783,market_bdi
2018-05-14,1476.0,0.10067114093959728,0.15222482435597184,1366.4285714285713,1188.3666666666666,0.031696900888966914,market_bdi
2018-05-15,1468.0,-0.005420054200542035,0.12404287901990818,1389.5714285714287,1197.8,0.03176442413313043,market_bdi
2018-05-16,1403.0,-0.04427792915531337,0.05488721804511276,1400.0,1204.8666666666666,0.033149410929616104,market_bdi
2018-05-17,1305.0,-0.06985032074126873,-0.05159883720930236,1389.857142857143,1208.7666666666667,0.035909832878151915,market_bdi
2018-05-18,1273.0,-0.02452107279693483,-0.07418181818181813,1375.2857142857142,1211.4666666666667,0.03627906711260275,market_bdi
2018-05-21,1239.0,-0.02670856245090336,-0.08963997060984574,1357.857142857143,1213.4666666666667,0.03659850131382207,market_bdi
2018-05-22,1199.0,-0.032284100080710254,-0.10589112602535422,1337.5714285714287,1214.4666666666667,0.037094713580523284,market_bdi
2018-05-23,1162.0,-0.030859049207673017,-0.2127371273712737,1292.7142857142858,1214.8666666666666,0.037430044724278036,market_bdi
2018-05-24,1109.0,-0.04561101549053359,-0.24455040871934608,1241.4285714285713,1213.7333333333333,0.03837218169662185,market_bdi
2018-05-25,1077.0,-0.028854824165915227,-0.23235923022095506,1194.857142857143,1211.7666666666667,0.03871388924786599,market_bdi
2018-05-29,1057.0,-0.01857010213556176,-0.19003831417624517,1159.4285714285713,1209.6,0.038793241286394706,market_bdi
2018-05-30,1042.0,-0.014191106906338735,-0.18146111547525534,1126.4285714285713,1207.1,0.03886143644477722,market_bdi
2018-05-31,1090.0,0.04606525911708248,-0.12025827280064572,1105.142857142857,1206.2,0.03982488745545832,market_bdi
2018-06-13,1404.0,0.2880733944954128,0.17097581317764798,1134.4285714285713,1215.6,0.06599775975966625,market_bdi
2018-06-14,1433.0,0.02065527065527073,0.23321858864027534,1173.142857142857,1225.8333333333333,0.06601949574432832,market_bdi
2018-06-15,1445.0,0.008374040474528943,0.30297565374211,1221.142857142857,1236.7666666666667,0.0659335892867063,market_bdi
2018-06-18,1442.0,-0.0020761245674740803,0.3389043639740019,1273.2857142857142,1248.8333333333333,0.06546714680362886,market_bdi
2018-06-19,1419.0,-0.015950069348127593,0.34247871333964053,1325.0,1260.9666666666667,0.06534871139308193,market_bdi
2018-06-20,1373.0,-0.03241719520789288,0.317658349328215,1372.2857142857142,1272.9333333333334,0.06518686564738245,market_bdi
2018-06-21,1347.0,-0.01893663510560817,0.23577981651376145,1409.0,1283.6666666666667,0.06543130540181319,market_bdi
2018-06-22,1341.0,-0.0044543429844098315,-0.04487179487179482,1400.0,1293.3,0.06542393718396297,market_bdi
2018-06-25,1333.0,-0.005965697240865042,-0.06978367062107471,1385.7142857142858,1300.2666666666667,0.06453545716544087,market_bdi
2018-06-26,1323.0,-0.0075018754688672695,-0.0844290657439446,1368.2857142857142,1304.3333333333333,0.0635420506233026,market_bdi
2018-06-27,1309.0,-0.010582010582010581,-0.09223300970873782,1349.2857142857142,1305.2666666666667,0.06251417113995185,market_bdi
2018-06-28,1329.0,0.015278838808250539,-0.06342494714587743,1336.4285714285713,1306.0333333333333,0.06247891920714665,market_bdi
2018-06-29,1385.0,0.04213694507148236,0.008739985433357633,1338.142857142857,1307.8666666666666,0.06283997476273676,market_bdi
2018-07-13,1666.0,0.20288808664259927,0.23682256867112095,1383.7142857142858,1317.5333333333333,0.07252035250395698,market_bdi
2018-07-16,1695.0,0.01740696278511411,0.2639821029082774,1434.2857142857142,1328.2,0.07251507228579725,market_bdi
2018-07-17,1721.0,0.015339233038348166,0.29107276819204797,1489.7142857142858,1340.2,0.07242883978046878,market_bdi
2018-07-18,1688.0,-0.01917489831493313,0.27588813303099013,1541.857142857143,1351.7666666666667,0.07248632959611118,market_bdi
2018-07-19,1657.0,-0.01836492890995256,0.26585179526355995,1591.5714285714287,1357.8,0.07058238214423605,market_bdi
2018-07-20,1689.0,0.01931200965600488,0.27088036117381487,1643.0,1365.1666666666667,0.07058897386007888,market_bdi
2018-07-23,1718.0,0.01716992303137954,0.24043321299638998,1690.5714285714287,1375.6666666666667,0.06994393410820345,market_bdi
2018-07-24,1774.0,0.03259604190919685,0.06482593037214879,1706.0,1391.3,0.0684534901333605,market_bdi
2018-07-25,1772.0,-0.0011273957158962622,0.04542772861356936,1717.0,1407.9333333333334,0.06815244706954587,market_bdi
2018-07-26,1708.0,-0.036117381489842004,-0.00755374782103424,1715.142857142857,1423.5666666666666,0.06836306893361244,market_bdi
2018-07-27,1676.0,-0.0187353629976581,-0.007109004739336511,1713.4285714285713,1439.4666666666667,0.06809960374038607,market_bdi
2018-07-30,1703.0,0.01610978520286399,0.02776101388050689,1720.0,1457.5,0.06758990530449131,market_bdi
2018-07-31,1747.0,0.025836758661186066,0.03433984606275908,1728.2857142857142,1478.7666666666667,0.06664146456451406,market_bdi
2018-08-13,1709.0,-0.021751574127074957,-0.005238649592549494,1727.0,1499.8333333333333,0.06648484330626855,market_bdi
2018-08-14,1725.0,0.009362200117027486,-0.027621195039458812,1720.0,1522.1,0.06615884842697568,market_bdi
2018-08-15,1727.0,0.001159420289855051,-0.025395033860045158,1713.5714285714287,1544.9333333333334,0.06595787897537995,market_bdi
2018-08-16,1720.0,-0.004053271569195105,0.007025761124121788,1715.2857142857142,1565.9333333333334,0.06587867497250816,market_bdi
2018-08-17,1723.0,0.0017441860465117198,0.02804295942720758,1722.0,1576.5666666666666,0.04150814052136178,market_bdi
2018-08-20,1727.0,0.002321532211259525,0.014092777451556016,1725.4285714285713,1586.3666666666666,0.04144429614073923,market_bdi
2018-08-21,1736.0,0.005211349160393786,-0.006296508299942771,1723.857142857143,1596.0666666666666,0.04144468778627625,market_bdi
2018-08-22,1735.0,-0.0005760368663594306,0.015213575190169637,1727.5714285714287,1605.8333333333333,0.04143440228245411,market_bdi
2018-08-23,1709.0,-0.014985590778098024,-0.00927536231884063,1725.2857142857142,1615.5,0.04141640046960982,market_bdi
2018-08-24,1697.0,-0.00702165008777067,-0.0173711638679791,1721.0,1626.3,0.0408390857060412,market_bdi
2018-08-28,1684.0,-0.0076605774896877366,-0.020930232558139528,1715.857142857143,1637.5333333333333,0.040635743491839675,market_bdi
2018-08-29,1661.0,-0.013657957244655572,-0.03598374927452119,1707.0,1648.2,0.040769045844933405,market_bdi
2018-08-30,1614.0,-0.028296207104154147,-0.06543138390272152,1690.857142857143,1657.5666666666666,0.04123190267549898,market_bdi
2018-08-31,1579.0,-0.021685254027261514,-0.09043778801843316,1668.4285714285713,1666.1,0.04148613903317676,market_bdi
2018-09-13,1382.0,-0.12476250791640275,-0.20345821325648417,1618.0,1668.5333333333333,0.04786981755758893,market_bdi
2018-09-14,1366.0,-0.01157742402315487,-0.20070216500877702,1569.0,1669.7666666666667,0.04788074880823766,market_bdi
2018-09-17,1357.0,-0.0065885797950219205,-0.20035356511490865,1520.4285714285713,1668.8333333333333,0.0472940069139567,market_bdi
2018-09-18,1356.0,-0.0007369196757552876,-0.19477434679334915,1473.5714285714287,1658.5,0.027829492093499886,market_bdi
2018-09-19,1373.0,0.012536873156342221,-0.1733895243829019,1432.4285714285713,1647.7666666666667,0.027699469657529,market_bdi
2018-09-20,1396.0,0.016751638747268816,-0.13506815365551428,1401.2857142857142,1636.9333333333334,0.027739227143322102,market_bdi
2018-09-21,1413.0,0.012177650429799458,-0.10512982900569978,1377.5714285714287,1627.7666666666667,0.02783795159129995,market_bdi
2018-09-24,1434.0,0.014861995753715496,0.0376266280752533,1385.0,1620.3333333333333,0.027969691098097455,market_bdi
2018-09-25,1450.0,0.01115760111576014,0.061493411420205035,1397.0,1612.3666666666666,0.027770158218638957,market_bdi
2018-09-26,1503.0,0.03655172413793095,0.10759027266027998,1417.857142857143,1605.2,0.028511522971847482,market_bdi
2018-09-27,1524.0,0.013972055888223478,0.12389380530973448,1441.857142857143,1596.8666666666666,0.02788231328249436,market_bdi
2018-09-28,1540.0,0.01049868766404205,0.12163146394756019,1465.7142857142858,1589.1333333333334,0.028013486939050092,market_bdi
2018-10-15,1584.0,0.02857142857142847,0.13467048710601714,1492.5714285714287,1585.0,0.027966783906648616,market_bdi
2018-10-16,1578.0,-0.0037878787878787845,0.11677282377919318,1516.142857142857,1581.7333333333333,0.027792965011095058,market_bdi
2018-10-17,1554.0,-0.01520912547528519,0.08368200836820083,1533.2857142857142,1576.7666666666667,0.027692419789693626,market_bdi
2018-10-18,1565.0,0.007078507078507101,0.07931034482758625,1549.7142857142858,1570.7,0.027234918809266657,market_bdi
2018-10-19,1576.0,0.007028753993610248,0.04856952761144373,1560.142857142857,1566.2666666666667,0.02706819759501355,market_bdi
2018-10-22,1579.0,0.0019035532994924331,0.03608923884514437,1568.0,1561.4,0.026991336976355317,market_bdi
2018-10-23,1577.0,-0.001266624445851794,0.02402597402597406,1573.2857142857142,1556.4,0.026983414081029587,market_bdi
2018-10-24,1546.0,-0.01965757767913756,-0.023989898989899006,1567.857142857143,1550.6,0.02716120997179396,market_bdi
2018-10-25,1516.0,-0.019404915912031084,-0.0392902408111534,1559.0,1543.7,0.027303352658734004,market_bdi
2018-10-26,1519.0,0.0019788918205805306,-0.022522522522522515,1554.0,1536.7666666666667,0.027300742706000476,market_bdi
2018-10-29,1522.0,0.0019749835418039208,-0.027476038338658193,1547.857142857143,1529.6333333333334,0.027269929884874616,market_bdi
2018-10-30,1513.0,-0.005913272010512505,-0.039974619289340096,1538.857142857143,1522.2333333333333,0.027264269322658692,market_bdi
2018-10-31,1490.0,-0.015201586252478472,-0.05636478784040533,1526.142857142857,1514.9333333333334,0.027267251692106146,market_bdi
2018-11-13,1064.0,-0.28590604026845634,-0.32530120481927716,1452.857142857143,1493.8333333333333,0.05822987352024794,market_bdi
2018-11-14,1009.0,-0.05169172932330823,-0.3473479948253557,1376.142857142857,1471.3333333333333,0.05863177317465586,market_bdi
2018-11-15,1020.0,0.01090188305252715,-0.3271767810026385,1305.2857142857142,1449.9666666666667,0.05882149371082123,market_bdi
2018-11-16,1031.0,0.010784313725490158,-0.3212639894667545,1235.5714285714287,1430.5333333333333,0.058929469590039106,market_bdi
2018-11-19,1023.0,-0.007759456838021372,-0.32785808147174766,1164.2857142857142,1412.0,0.058912089966376965,market_bdi
2018-11-20,1003.0,-0.019550342130987275,-0.3370786516853933,1091.4285714285713,1399.3666666666666,0.05499100781781609,market_bdi
2018-11-21,1008.0,0.004985044865403854,-0.323489932885906,1022.5714285714286,1387.4333333333334,0.055045801046726094,market_bdi
2018-11-22,1018.0,0.009920634920634885,-0.043233082706766957,1016.0,1376.1333333333334,0.05514591862678969,market_bdi
2018-11-23,1093.0,0.07367387033398831,0.0832507433102081,1028.0,1367.3666666666666,0.05711058358512756,market_bdi
2018-11-26,1217.0,0.11344922232387922,0.19313725490196076,1056.142857142857,1362.1666666666667,0.06103256777477209,market_bdi
2018-11-27,1339.0,0.10024650780608058,0.29873908826382145,1100.142857142857,1360.2666666666667,0.06375562264876312,market_bdi
2018-11-28,1330.0,-0.006721433905899965,0.3000977517106549,1144.0,1357.5,0.06373349762001448,market_bdi
2018-11-29,1281.0,-0.0368421052631579,0.27716849451645076,1183.7142857142858,1352.4,0.06402313744202999,market_bdi
2018-11-30,1231.0,-0.03903200624512104,0.22123015873015883,1215.5714285714287,1345.1,0.06433665051280474,market_bdi
2018-12-13,1365.0,0.10885458976441909,0.3408644400785854,1265.142857142857,1340.5,0.0671670874889145,market_bdi
2018-12-14,1401.0,0.02637362637362628,0.281793229643184,1309.142857142857,1336.4,0.06729877386487755,market_bdi
2018-12-17,1406.0,0.0035688793718773315,0.15529991783073127,1336.142857142857,1331.9333333333334,0.06727223317514955,market_bdi
2018-12-18,1395.0,-0.00782361308677093,0.041822255414488474,1344.142857142857,1325.6333333333334,0.06705668712946365,market_bdi
2018-12-19,1378.0,-0.012186379928315394,0.03609022556390973,1351.0,1318.9666666666667,0.0670829359192733,market_bdi
2018-12-20,1318.0,-0.04354136429608124,0.02888368462138957,1356.2857142857142,1311.1,0.06747290893247486,market_bdi
2018-12-21,1279.0,-0.02959028831562971,0.038992688870836734,1363.142857142857,1301.5666666666666,0.06761615967908052,market_bdi
2018-12-24,1271.0,-0.006254886630179812,-0.06886446886446884,1349.7142857142858,1291.4,0.06758347815590869,market_bdi
2019-01-14,1147.0,-0.09756097560975607,-0.1812990720913633,1313.4285714285713,1277.0,0.06965839973711947,market_bdi
2019-01-15,1096.0,-0.04446381865736704,-0.2204836415362731,1269.142857142857,1260.9666666666667,0.06996079819182495,market_bdi
2019-01-16,1055.0,-0.03740875912408759,-0.2437275985663082,1220.5714285714287,1244.6,0.0701253050093434,market_bdi
2019-01-17,1077.0,0.020853080568720372,-0.2184325108853411,1177.5714285714287,1229.9666666666667,0.0703241282536085,market_bdi
2019-01-18,1112.0,0.03249767873723308,-0.1562974203338392,1148.142857142857,1216.4,0.07070309394102144,market_bdi
2019-01-21,1092.0,-0.017985611510791366,-0.14620797498045346,1121.4285714285713,1202.0666666666666,0.0707033585318539,market_bdi
2019-01-22,1036.0,-0.05128205128205132,-0.18489378442171522,1087.857142857143,1186.1666666666667,0.07113419826639307,market_bdi
2019-01-23,982.0,-0.05212355212355213,-0.14385353095030518,1064.2857142857142,1169.2333333333333,0.07154865947872556,market_bdi
2019-01-24,939.0,-0.04378818737270873,-0.14324817518248179,1041.857142857143,1165.0666666666666,0.04983797125257019,market_bdi
2019-01-25,905.0,-0.03620873269435565,-0.14218009478672988,1020.4285714285714,1161.6,0.049394367844910414,market_bdi
2019-01-28,852.0,-0.05856353591160224,-0.2089136490250696,988.2857142857143,1156.0,0.050364714736677176,market_bdi
2019-01-29,797.0,-0.06455399061032863,-0.28327338129496404,943.2857142857143,1148.2,0.05142876456730004,market_bdi
2019-01-30,721.0,-0.09535759096612295,-0.33974358974358976,890.2857142857143,1138.1333333333334,0.05388423963715519,market_bdi
2019-01-31,668.0,-0.07350901525658804,-0.35521235521235517,837.7142857142857,1126.9666666666667,0.05509361362694931,market_bdi
2019-02-13,608.0,-0.08982035928143717,-0.3808553971486762,784.2857142857143,1113.6333333333334,0.056778282450995074,market_bdi
2019-02-14,628.0,0.03289473684210531,-0.3312034078807242,739.8571428571429,1100.6333333333334,0.05728110824509364,market_bdi
2019-02-15,639.0,0.01751592356687892,-0.2939226519337017,701.8571428571429,1085.5,0.05518256837387054,market_bdi
2019-02-18,643.0,0.006259780907668322,-0.24530516431924887,672.0,1066.3666666666666,0.0496900744969255,market_bdi
2019-02-19,635.0,-0.01244167962674958,-0.2032622333751568,648.8571428571429,1042.9,0.04426099102248051,market_bdi
2019-02-20,622.0,-0.020472440944881876,-0.13730929264909852,634.7142857142857,1019.3,0.04415114930641505,market_bdi
2019-02-21,630.0,0.012861736334405238,-0.05688622754491013,629.2857142857143,997.6,0.04458564685631972,market_bdi
2019-02-22,634.0,0.006349206349206327,0.04276315789473695,633.0,977.7,0.044771695097498634,market_bdi
2019-02-25,637.0,0.004731861198738141,0.014331210191082855,634.2857142857143,953.4333333333333,0.037870300983160604,market_bdi
2019-02-26,649.0,0.018838304552590168,0.015649452269170583,635.7142857142857,928.3666666666667,0.037545749318595785,market_bdi
2019-02-27,651.0,0.0030816640986133237,0.012441679626749691,636.8571428571429,903.2,0.03753323949459869,market_bdi
2019-02-28,658.0,0.010752688172043001,0.03622047244094495,640.1428571428571,878.6333333333333,0.0379708348131026,market_bdi
2019-03-13,654.0,-0.006079027355623046,0.05144694533762051,644.7142857142857,854.5,0.03805272881874466,market_bdi
2019-03-14,677.0,0.03516819571865448,0.07460317460317456,651.4285714285714,833.1333333333333,0.03933729143721551,market_bdi
2019-03-15,730.0,0.07828655834564247,0.1514195583596214,665.1428571428571,814.8333333333334,0.0432762056267497,market_bdi
2019-03-18,721.0,-0.012328767123287676,0.13186813186813184,677.1428571428571,796.5,0.04323552248999512,market_bdi
2019-03-19,712.0,-0.012482662968099856,0.09707241910631748,686.1428571428571,782.0,0.04052856480243554,market_bdi
2019-03-20,709.0,-0.004213483146067398,0.08909370199692779,694.4285714285714,769.1,0.04018291095898597,market_bdi
2019-03-21,695.0,-0.019746121297602226,0.05623100303951367,699.7142857142857,757.1,0.039951032208074104,market_bdi
2019-03-22,690.0,-0.007194244604316502,0.05504587155963292,704.8571428571429,744.2,0.03945591171606304,market_bdi
2019-03-25,689.0,-0.0014492753623188692,0.017725258493352936,706.5714285714286,730.1,0.038553963140006295,market_bdi
2019-03-26,683.0,-0.00870827285921627,-0.06438356164383563,699.8571428571429,716.4666666666667,0.03856718535708943,market_bdi
2019-03-27,690.0,0.01024890190336758,-0.04299583911234395,695.4285714285714,704.9333333333333,0.03819369779927871,market_bdi
2019-03-28,692.0,0.0028985507246377384,-0.028089887640449396,692.5714285714286,695.2666666666667,0.03755273925449297,market_bdi
2019-03-29,689.0,-0.00433526011560692,-0.028208744710860323,689.7142857142857,686.9333333333333,0.03704875354629311,market_bdi
2019-04-15,738.0,0.0711175616835995,0.06187050359712232,695.8571428571429,681.3666666666667,0.039490722811985714,market_bdi
2019-04-16,749.0,0.01490514905149043,0.08550724637681162,704.2857142857143,677.9333333333333,0.03838165940237891,market_bdi
2019-04-17,767.0,0.024032042723631575,0.1132075471698113,715.4285714285714,676.9333333333333,0.03690657480533164,market_bdi
2019-04-18,790.0,0.02998696219035213,0.15666178623718885,730.7142857142857,679.2333333333333,0.03266087377951961,market_bdi
2019-04-23,821.0,0.03924050632911391,0.1898550724637682,749.4285714285714,684.3333333333334,0.029851552041881193,market_bdi
2019-04-24,850.0,0.035322777101096214,0.2283236994219653,772.0,692.4,0.023972488978684477,market_bdi
2019-04-25,869.0,0.022352941176470686,0.2612481857764877,797.7142857142857,700.4333333333333,0.023724062633238188,market_bdi
2019-04-26,889.0,0.023014959723820505,0.20460704607046076,819.2857142857143,708.7666666666667,0.023796078759306515,market_bdi
2019-04-29,913.0,0.02699662542182235,0.21895861148197593,842.7142857142857,717.7666666666667,0.02394434112529506,market_bdi
2019-04-30,1011.0,0.10733844468784226,0.318122555410691,877.5714285714286,730.3,0.029145601514182166,market_bdi
2019-05-13,1026.0,0.014836795252225476,0.2987341772151899,911.2857142857143,743.7666666666667,0.028322561821467564,market_bdi
2019-05-14,1043.0,0.016569200779727122,0.2704019488428746,943.0,757.5333333333333,0.0283110920815042,market_bdi
2019-05-15,1032.0,-0.010546500479386434,0.21411764705882352,969.0,770.8,0.028702164063909227,market_bdi
2019-05-16,1032.0,0.0,0.18757192174913695,992.2857142857143,783.9666666666667,0.0287833980929215,market_bdi
2019-05-17,1040.0,0.007751937984496138,0.16985376827896514,1013.8571428571429,797.0,0.0288247662842738,market_bdi
2019-05-20,1041.0,0.0009615384615384581,0.14019715224534512,1032.142857142857,810.0,0.028860683952774264,market_bdi
2019-05-21,1049.0,0.007684918347742542,0.03758654797230454,1037.5714285714287,823.0333333333333,0.028885915214762296,market_bdi
2019-05-22,1059.0,0.009532888465205058,0.032163742690058506,1042.2857142857142,836.5333333333333,0.028612756400073592,market_bdi
2019-05-23,1068.0,0.008498583569405138,0.023969319271332612,1045.857142857143,849.5666666666667,0.02842886160352933,market_bdi
2019-05-24,1066.0,-0.0018726591760299671,0.032945736434108586,1050.7142857142858,860.7666666666667,0.026006008734564337,market_bdi
2019-05-28,1082.0,0.015009380863039379,0.04844961240310086,1057.857142857143,872.8,0.025562557684234388,market_bdi
2019-05-29,1107.0,0.02310536044362288,0.06442307692307692,1067.4285714285713,885.9666666666667,0.025116678452984584,market_bdi
2019-05-30,1097.0,-0.009033423667569984,0.053794428434197794,1075.4285714285713,898.9,0.025259566293465964,market_bdi
2019-05-31,1096.0,-0.0009115770282588365,0.04480457578646324,1082.142857142857,912.2666666666667,0.024592712450082353,market_bdi
2019-06-13,1062.0,-0.031021897810219023,0.0028328611898016387,1082.5714285714287,924.6666666666666,0.025712815342188323,market_bdi
2019-06-14,1085.0,0.021657250470809686,0.015917602996254665,1085.0,937.8666666666667,0.025555370292999133,market_bdi
2019-06-17,1093.0,0.007373271889400845,0.025328330206378924,1088.857142857143,951.5333333333333,0.02519500688943062,market_bdi
2019-06-18,1135.0,0.038426349496797796,0.048983364140480656,1096.4285714285713,966.3666666666667,0.025493178698675508,market_bdi
2019-06-19,1179.0,0.03876651982378854,0.06504065040650397,1106.7142857142858,982.6,0.025648200098335638,market_bdi
2019-06-20,1194.0,0.012722646310432628,0.08842297174111202,1120.5714285714287,999.4333333333333,0.025317755973886323,market_bdi
2019-06-21,1239.0,0.03768844221105527,0.13047445255474455,1141.0,1016.1333333333333,0.02361374941012521,market_bdi
2019-06-24,1258.0,0.015334947538337307,0.18455743879472686,1169.0,1033.1,0.023612138384341484,market_bdi
2019-06-25,1280.0,0.01748807631160565,0.17972350230414746,1196.857142857143,1050.2,0.023581774909001256,market_bdi
2019-06-26,1317.0,0.02890624999999991,0.2049405306495884,1228.857142857143,1067.7666666666667,0.02356282160356505,market_bdi
2019-06-27,1340.0,0.01746393318147299,0.1806167400881058,1258.142857142857,1085.0666666666666,0.023200708656006683,market_bdi
2019-06-28,1354.0,0.010447761194029903,0.14843087362171326,1283.142857142857,1101.8666666666666,0.022955927677762014,market_bdi
2019-07-15,1928.0,0.4239290989660265,0.6147403685092128,1388.0,1137.1666666666667,0.07798433918804926,market_bdi
2019-07-16,2011.0,0.0430497925311204,0.6230831315577079,1498.2857142857142,1174.5666666666666,0.07801470007214972,market_bdi
2019-07-17,2064.0,0.026355047240179008,0.6406995230524641,1613.4285714285713,1212.9333333333334,0.07801562224972035,market_bdi
2019-07-18,2130.0,0.03197674418604657,0.6640625,1734.857142857143,1250.2333333333333,0.07663787297888261,market_bdi
2019-07-19,2170.0,0.018779342723004744,0.6476841305998482,1856.7142857142858,1288.3666666666666,0.07661895586990788,market_bdi
2019-07-22,2191.0,0.00967741935483879,0.6350746268656717,1978.2857142857142,1326.6333333333334,0.07666329172184702,market_bdi
2019-07-23,2165.0,-0.01186672752167961,0.5989660265878878,2094.1428571428573,1364.4,0.0766861456730704,market_bdi
2019-07-24,2014.0,-0.06974595842956122,0.04460580912863077,2106.4285714285716,1397.1333333333334,0.07857512532061013,market_bdi
2019-07-25,1947.0,-0.03326713008937443,-0.031824962705121806,2097.285714285714,1427.3666666666666,0.07923858283122343,market_bdi
2019-07-26,1937.0,-0.005136106831022058,-0.06153100775193798,2079.1428571428573,1457.2333333333333,0.07930636851097826,market_bdi
2019-07-29,1922.0,-0.0077439339184305345,-0.09765258215962447,2049.4285714285716,1486.3333333333333,0.07946144995422694,market_bdi
2019-07-30,1899.0,-0.01196670135275757,-0.12488479262672814,2010.7142857142858,1514.3333333333333,0.07968236876771048,market_bdi
2019-07-31,1868.0,-0.016324381253291165,-0.14742126882701967,1964.5714285714287,1541.0,0.07995727653989285,market_bdi
2019-08-13,1864.0,-0.0021413276231263545,-0.13903002309468826,1921.5714285714287,1567.6,0.07995997752426526,market_bdi
2019-08-14,1950.0,0.04613733905579398,-0.03177755710029795,1912.4285714285713,1596.5333333333333,0.08007741266137071,market_bdi
2019-08-15,2047.0,0.04974358974358983,0.0513610683102208,1926.7142857142858,1627.8666666666666,0.08023375697100282,market_bdi
2019-08-16,2088.0,0.02002931118710305,0.07795560144553426,1948.2857142857142,1660.9,0.08000595675080731,market_bdi
2019-08-19,2067.0,-0.010057471264367845,0.0754422476586889,1969.0,1693.2666666666667,0.0801222621565452,market_bdi
2019-08-20,2059.0,-0.0038703434929849845,0.08425487098472884,1991.857142857143,1726.5,0.07963245525699922,market_bdi
2019-08-21,2061.0,0.0009713453132589311,0.10331905781584583,2019.4285714285713,1759.0333333333333,0.07975002845085521,market_bdi
2019-08-22,2118.0,0.02765647743813693,0.1362660944206009,2055.714285714286,1793.2,0.07968924485261128,market_bdi
2019-08-23,2168.0,0.023607176581680767,0.1117948717948718,2086.8571428571427,1827.6333333333334,0.07964766355723196,market_bdi
2019-08-27,2213.0,0.02075645756457556,0.08109428431851495,2110.5714285714284,1862.1,0.07960262440805756,market_bdi
2019-08-28,2267.0,0.024401265250790782,0.085727969348659,2136.1428571428573,1897.8666666666666,0.0795757089664877,market_bdi
2019-08-29,2277.0,0.004411116012351224,0.10159651669085634,2166.1428571428573,1932.4666666666667,0.07961134169761167,market_bdi
2019-08-30,2378.0,0.044356609574000894,0.15492957746478875,2211.714285714286,1969.8,0.07969169313991888,market_bdi
2019-09-13,2312.0,-0.027754415475189198,0.12178554099951477,2247.5714285714284,2004.2,0.08024405401049277,market_bdi
2019-09-16,2311.0,-0.0004325259515570723,0.09112370160528793,2275.1428571428573,2037.3333333333333,0.08034107624844221,market_bdi
2019-09-17,2283.0,-0.012115967113803583,0.0530442804428044,2291.5714285714284,2068.766666666667,0.08057283584260529,market_bdi
2019-09-18,2266.0,-0.007446342531756467,0.023949389968368706,2299.1428571428573,2099.1666666666665,0.08071563433681084,market_bdi
2019-09-19,2192.0,-0.032656663724624835,-0.0330833700926334,2288.4285714285716,2107.9666666666667,0.02721414305216214,market_bdi
2019-09-20,2131.0,-0.027828467153284686,-0.06411945542380326,2267.5714285714284,2111.9666666666667,0.02683922398374905,market_bdi
2019-09-23,2108.0,-0.010793054903801003,-0.11354079058031963,2229.0,2113.4333333333334,0.026545686931266223,market_bdi
2019-09-24,2116.0,0.00379506641366234,-0.08477508650519028,2201.0,2112.9666666666667,0.02590424035846868,market_bdi
2019-09-25,2053.0,-0.02977315689981097,-0.11163998269147557,2164.1428571428573,2109.0666666666666,0.026212221623367067,market_bdi
2019-09-26,1963.0,-0.043838285435947366,-0.14016644765659225,2118.4285714285716,2101.4666666666667,0.02722582499068059,market_bdi
2019-09-27,1857.0,-0.053998981151299086,-0.18049426301853488,2060.0,2091.2,0.028728363843662348,market_bdi
2019-09-30,1823.0,-0.01830910070005387,-0.1683394160583942,2007.2857142857142,2084.8333333333335,0.026129897216651373,market_bdi
2019-10-14,1916.0,0.05101481075150849,-0.10089160018770527,1976.5714285714287,2083.8,0.02726800693812919,market_bdi
2019-10-15,1898.0,-0.009394572025052228,-0.09962049335863377,1946.5714285714287,2082.5,0.02730577128962717,market_bdi
2019-10-16,1897.0,-0.0005268703898840821,-0.10349716446124768,1915.2857142857142,2081.6666666666665,0.027269867321089884,market_bdi
2019-10-17,1861.0,-0.01897733263046919,-0.09352167559668778,1887.857142857143,2080.4,0.027404961628882993,market_bdi
2019-10-18,1855.0,-0.003224073078989753,-0.055017829852266886,1872.4285714285713,2079.9666666666667,0.027244922214914334,market_bdi
2019-10-21,1846.0,-0.004851752021563294,-0.005923532579429236,1870.857142857143,2079.366666666667,0.027257187114690936,market_bdi
2019-10-22,1806.0,-0.021668472372697756,-0.009325287986834851,1868.4285714285713,2074.5666666666666,0.026088674367478408,market_bdi
2019-10-23,1779.0,-0.014950166112956853,-0.07150313152400833,1848.857142857143,2065.633333333333,0.024254063942215603,market_bdi
2019-10-24,1785.0,0.003372681281618828,-0.05953635405690205,1832.7142857142858,2055.5333333333333,0.02386347264036145,market_bdi
2019-10-25,1801.0,0.008963585434173638,-0.05060622034791773,1819.0,2046.6666666666667,0.023975174321246143,market_bdi
2019-10-28,1803.0,0.001110494169905607,-0.03116603976356802,1810.7142857142858,2038.1333333333334,0.02399551461701846,market_bdi
2019-10-29,1802.0,-0.0005546311702717688,-0.02857142857142858,1803.142857142857,2029.5,0.023985927016714682,market_bdi
2019-10-30,1782.0,-0.011098779134295245,-0.034669555796316365,1794.0,2018.3,0.023243846145357558,market_bdi
2019-10-31,1731.0,-0.028619528619528656,-0.0415282392026578,1783.2857142857142,2003.7333333333333,0.02294404961964208,market_bdi
2019-11-13,1365.0,-0.21143847487001732,-0.23271500843170323,1724.142857142857,1975.4666666666667,0.04330777028481897,market_bdi
2019-11-14,1364.0,-0.00073260073260073,-0.23585434173669473,1664.0,1945.3666666666666,0.04275968740887532,market_bdi
2019-11-15,1357.0,-0.00513196480938416,-0.24652970571904498,1600.5714285714287,1914.7,0.042639484202972346,market_bdi
2019-11-18,1338.0,-0.014001473839351464,-0.2579034941763727,1534.142857142857,1880.0333333333333,0.04108845214054406,market_bdi
2019-11-19,1304.0,-0.025411061285500747,-0.27635960044395114,1463.0,1846.4333333333334,0.04107161490608084,market_bdi
2019-11-20,1260.0,-0.033742331288343586,-0.29292929292929293,1388.4285714285713,1811.4,0.04103099760376987,market_bdi
2019-11-21,1255.0,-0.003968253968253954,-0.2749855574812248,1320.4285714285713,1777.1333333333334,0.04110567820113696,market_bdi
2019-11-22,1284.0,0.023107569721115606,-0.05934065934065935,1308.857142857143,1744.4,0.04177040366520493,market_bdi
2019-11-25,1351.0,0.052180685358255374,-0.009530791788856297,1307.0,1716.3666666666666,0.04356351174838434,market_bdi
2019-11-26,1426.0,0.05551443375277576,0.05084745762711873,1316.857142857143,1692.8666666666666,0.04533698916159615,market_bdi
2019-11-27,1440.0,0.009817671809256634,0.07623318385650224,1331.4285714285713,1670.6,0.04551483219733161,market_bdi
2019-11-28,1467.0,0.018750000000000044,0.125,1354.7142857142858,1648.9666666666667,0.0457694374945553,market_bdi
2019-11-29,1528.0,0.0415814587593728,0.2126984126984126,1393.0,1631.4666666666667,0.046607262462445814,market_bdi
2019-12-13,1355.0,-0.11321989528795806,0.07968127490039834,1407.2857142857142,1611.2,0.05001146539279332,market_bdi
2019-12-16,1315.0,-0.029520295202952074,0.02414330218068539,1411.7142857142858,1593.1333333333334,0.04948171696850781,market_bdi
2019-12-17,1281.0,-0.025855513307984745,-0.051813471502590636,1401.7142857142858,1575.0666666666666,0.04954386795495332,market_bdi
2019-12-18,1221.0,-0.04683840749414525,-0.14375876577840108,1372.4285714285713,1551.9,0.048573968240603116,market_bdi
2019-12-19,1151.0,-0.05733005733005736,-0.2006944444444444,1331.142857142857,1527.0,0.049213565713074746,market_bdi
2019-12-20,1123.0,-0.024326672458731546,-0.234492160872529,1282.0,1501.2,0.049159973327035575,market_bdi
2019-12-23,1103.0,-0.0178094390026714,-0.27814136125654454,1221.2857142857142,1475.9333333333334,0.04915802569578736,market_bdi
2019-12-24,1090.0,-0.011786038077969185,-0.1955719557195572,1183.4285714285713,1450.4333333333334,0.04910614210970861,market_bdi
2020-01-13,765.0,-0.2981651376146789,-0.41825095057034223,1104.857142857143,1414.4,0.07104897083066138,market_bdi
2020-01-14,763.0,-0.002614379084967311,-0.40437158469945356,1030.857142857143,1379.6333333333334,0.07117462831905598,market_bdi
2020-01-15,768.0,0.006553079947575258,-0.371007371007371,966.1428571428571,1345.9333333333334,0.07139168749193937,market_bdi
2020-01-16,768.0,0.0,-0.33275412684622063,911.4285714285714,1312.0333333333333,0.07134858713324292,market_bdi
2020-01-17,754.0,-0.01822916666666663,-0.3285841495992876,858.7142857142857,1277.1333333333334,0.07107681405710603,market_bdi
2020-01-20,729.0,-0.03315649867374004,-0.3390752493200363,805.2857142857143,1241.3333333333333,0.07090580647125187,market_bdi
2020-01-21,689.0,-0.054869684499314175,-0.3678899082568807,748.0,1204.2333333333333,0.07090418769843079,market_bdi
2020-01-22,623.0,-0.09579100145137875,-0.18562091503267975,727.7142857142857,1165.6,0.07185968787964911,market_bdi
2020-01-23,576.0,-0.0754414125200642,-0.2450851900393185,701.0,1127.1,0.0723020332820212,market_bdi
2020-01-24,557.0,-0.03298611111111116,-0.27473958333333337,670.8571428571429,1100.1666666666667,0.06398287595282291,market_bdi
2020-01-27,546.0,-0.019748653500897717,-0.2890625,639.1428571428571,1072.9,0.06380645770534754,market_bdi
2020-01-28,539.0,-0.012820512820512775,-0.28514588859416445,608.4285714285714,1045.6333333333334,0.06372787849118541,market_bdi
2020-01-29,525.0,-0.025974025974025983,-0.279835390946502,579.2857142857143,1018.5333333333333,0.06367463056138932,market_bdi
2020-01-30,498.0,-0.05142857142857138,-0.27721335268505076,552.0,991.6666666666666,0.06380950733073815,market_bdi
2020-01-31,487.0,-0.02208835341365467,-0.2182985553772071,532.5714285714286,965.9,0.063816818669248,market_bdi
2020-02-13,421.0,-0.13552361396303902,-0.2690972222222222,510.42857142857144,938.1,0.06650896269204483,market_bdi
2020-02-14,425.0,0.009501187648456089,-0.23698384201077194,491.57142857142856,909.4666666666667,0.06615672831192834,market_bdi
2020-02-17,434.0,0.021176470588235352,-0.20512820512820518,475.57142857142856,878.9,0.06500060198792634,market_bdi
2020-02-18,450.0,0.03686635944700467,-0.16512059369202226,462.85714285714283,846.3666666666667,0.06419172580961173,market_bdi
2020-02-19,465.0,0.03333333333333344,-0.11428571428571432,454.2857142857143,813.8666666666667,0.06490226590752,market_bdi
2020-02-20,480.0,0.032258064516129004,-0.03614457831325302,451.7142857142857,780.9666666666667,0.06533053908486146,market_bdi
2020-02-21,497.0,0.03541666666666665,0.02053388090349073,453.14285714285717,746.6,0.06509340835669414,market_bdi
2020-02-24,506.0,0.01810865191146882,0.20190023752969122,465.2857142857143,718.3,0.06401326117412533,market_bdi
2020-02-25,508.0,0.0039525691699604515,0.19529411764705884,477.14285714285717,691.4,0.06431238374169808,market_bdi
2020-02-26,517.0,0.017716535433070835,0.1912442396313363,489.0,665.9333333333333,0.06487200368658931,market_bdi
2020-02-27,529.0,0.023210831721470093,0.17555555555555546,500.2857142857143,642.8666666666667,0.06540673267868174,market_bdi
2020-02-28,535.0,0.011342155009451904,0.15053763440860224,510.2857142857143,622.3333333333334,0.06544032280945701,market_bdi
2020-03-13,631.0,0.17943925233644853,0.31458333333333344,531.8571428571429,605.9333333333333,0.07513110702339952,market_bdi
2020-03-16,623.0,-0.01267828843106178,0.2535211267605635,549.8571428571429,589.9333333333333,0.07513265159157068,market_bdi
2020-03-17,612.0,-0.017656500802568198,0.20948616600790504,565.0,574.0,0.07512944320339295,market_bdi
2020-03-18,629.0,0.02777777777777768,0.23818897637795278,582.2857142857143,569.4666666666667,0.0533217456816426,market_bdi
2020-03-19,630.0,0.0015898251192367763,0.21856866537717612,598.4285714285714,565.0333333333333,0.0533341496471489,market_bdi
2020-03-20,625.0,-0.007936507936507908,0.1814744801512287,612.1428571428571,560.2666666666667,0.053291462940134586,market_bdi
2020-03-23,617.0,-0.012800000000000034,0.15327102803738324,623.8571428571429,555.2333333333333,0.05329724945248547,market_bdi
2020-03-24,603.0,-0.02269043760129663,-0.04437400950871628,619.8571428571429,550.2,0.0533390015670666,market_bdi
2020-03-25,582.0,-0.03482587064676612,-0.0658105939004815,614.0,545.3,0.053369103341622814,market_bdi
2020-03-26,569.0,-0.022336769759450203,-0.0702614379084967,607.8571428571429,541.3,0.0526703087835884,market_bdi
2020-03-27,556.0,-0.02284710017574687,-0.11605723370429255,597.4285714285714,539.0666666666667,0.04994958721458165,market_bdi
2020-03-30,548.0,-0.014388489208633115,-0.13015873015873014,585.7142857142857,538.1333333333333,0.048088676638801876,market_bdi
2020-03-31,626.0,0.14233576642335777,0.0016000000000000458,585.8571428571429,540.4333333333333,0.05426914592527686,market_bdi
2020-04-14,679.0,0.08466453674121399,0.10048622366288495,594.7142857142857,544.8666666666667,0.05593159500242376,market_bdi
2020-04-15,706.0,0.0397643593519883,0.17081260364842454,609.4285714285714,550.4333333333333,0.05605591544563808,market_bdi
2020-04-16,726.0,0.028328611898017053,0.24742268041237114,630.0,557.1333333333333,0.05571290426381946,market_bdi
2020-04-17,751.0,0.03443526170798905,0.31985940246045685,656.0,565.5666666666667,0.054517777857934706,market_bdi
2020-04-20,757.0,0.007989347536617952,0.36151079136690645,684.7142857142857,574.5666666666667,0.054083582147258454,market_bdi
2020-04-21,728.0,-0.03830911492734479,0.32846715328467146,710.4285714285714,584.8,0.04714805496626126,market_bdi
2020-04-22,694.0,-0.04670329670329665,0.10862619808306717,720.1428571428571,593.7666666666667,0.04864876289917532,market_bdi
2020-04-23,672.0,-0.03170028818443804,-0.010309278350515427,719.1428571428571,601.7,0.04946392725417004,market_bdi
2020-04-24,665.0,-0.01041666666666663,-0.058073654390934815,713.2857142857143,608.8666666666667,0.049522423249884415,market_bdi
2020-04-27,661.0,-0.006015037593984918,-0.08953168044077131,704.0,615.4,0.04951961536602884,market_bdi
2020-04-28,655.0,-0.009077155824508298,-0.12782956058588546,690.2857142857143,621.2333333333333,0.04953750075900317,market_bdi
2020-04-29,643.0,-0.018320610687022953,-0.1505944517833554,674.0,626.1,0.0496152211737595,market_bdi
2020-04-30,635.0,-0.01244167962674958,-0.12774725274725274,660.7142857142857,630.4,0.04975069379303855,market_bdi
2020-05-13,398.0,-0.3732283464566929,-0.42651296829971186,618.4285714285714,626.7333333333333,0.08568053952122029,market_bdi
2020-05-14,393.0,-0.012562814070351758,-0.4151785714285714,578.5714285714286,622.6,0.08559591638044396,market_bdi
2020-05-15,407.0,0.03562340966921118,-0.3879699248120301,541.7142857142857,618.5333333333333,0.08576615724591719,market_bdi
2020-05-18,427.0,0.0491400491400491,-0.3540090771558245,508.2857142857143,614.9333333333333,0.08628229953918051,market_bdi
2020-05-19,453.0,0.060889929742388826,-0.3083969465648855,479.42857142857144,609.0,0.08012438391410966,market_bdi
2020-05-20,477.0,0.052980132450331174,-0.2581648522550545,455.7142857142857,604.1333333333333,0.08086141937399637,market_bdi
2020-05-21,494.0,0.03563941299790363,-0.22204724409448817,435.57142857142856,600.2,0.0811577249200659,market_bdi
2020-05-22,498.0,0.00809716599190291,0.25125628140703515,449.85714285714283,595.8333333333334,0.08097818733524725,market_bdi
2020-05-26,506.0,0.016064257028112428,0.28753180661577615,466.0,591.7,0.08105472306511582,market_bdi
2020-05-27,502.0,-0.007905138339920903,0.23341523341523351,479.57142857142856,587.6,0.08105466212432319,market_bdi
2020-05-28,489.0,-0.02589641434262946,0.14519906323185006,488.42857142857144,583.3333333333334,0.08114251163238057,market_bdi
2020-05-29,504.0,0.030674846625766916,0.11258278145695355,495.7142857142857,580.0333333333333,0.08129868843590174,market_bdi
2020-06-15,973.0,0.9305555555555556,1.039832285115304,566.5714285714286,593.0666666666667,0.18838827780669906,market_bdi
2020-06-16,1054.0,0.08324768756423429,1.1336032388663968,646.5714285714286,609.2333333333333,0.1883598259782086,market_bdi
2020-06-17,1246.0,0.18216318785578745,1.502008032128514,753.4285714285714,632.2333333333333,0.18995020086081607,market_bdi
2020-06-18,1527.0,0.225521669341894,2.0177865612648223,899.2857142857143,664.8666666666667,0.1925905915623054,market_bdi
2020-06-19,1555.0,0.018336607727570398,2.097609561752988,1049.7142857142858,695.8333333333334,0.19183681536770716,market_bdi
2020-06-22,1558.0,0.0019292604501608412,2.1860940695296525,1202.4285714285713,725.1333333333333,0.1918324851093097,market_bdi
2020-06-23,1617.0,0.037869062901155326,2.2083333333333335,1361.4285714285713,755.5,0.19183343171128767,market_bdi
2020-06-24,1705.0,0.054421768707483054,0.7523124357656732,1466.0,788.1333333333333,0.19183050808090735,market_bdi
2020-06-25,1738.0,0.019354838709677358,0.6489563567362429,1563.7142857142858,821.0333333333333,0.19187194367087365,market_bdi
2020-06-26,1749.0,0.006329113924050667,0.4036918138041734,1635.5714285714287,854.1,0.19188231001349818,market_bdi
2020-06-29,1794.0,0.02572898799313883,0.1748526522593321,1673.7142857142858,889.6333333333333,0.19131489323313094,market_bdi
2020-06-30,1799.0,0.00278706800445927,0.1569131832797428,1708.5714285714287,926.4666666666667,0.1907181572094327,market_bdi
2020-07-13,1792.0,-0.0038910505836575737,0.15019255455712455,1742.0,963.8,0.19039649934833205,market_bdi
2020-07-14,1742.0,-0.0279017857142857,0.07730364873222006,1759.857142857143,999.7,0.1906036634824553,market_bdi
2020-07-15,1696.0,-0.02640642939150406,-0.005278592375366542,1758.5714285714287,1034.2,0.19083178736396933,market_bdi
2020-07-16,1699.0,0.001768867924528239,-0.02243958573072502,1753.0,1069.0,0.19073541899202412,market_bdi
2020-07-17,1710.0,0.0064743967039435635,-0.022298456260720356,1747.4285714285713,1104.5666666666666,0.19050207991003093,market_bdi
2020-07-20,1678.0,-0.018713450292397682,-0.064659977703456,1730.857142857143,1139.3333333333333,0.19057243571882904,market_bdi
2020-07-21,1594.0,-0.05005959475566146,-0.11395219566425796,1701.5714285714287,1179.2,0.17449588825775467,market_bdi
2020-07-22,1473.0,-0.07590966122961107,-0.1780133928571429,1656.0,1215.2,0.1757464292584519,market_bdi
2020-07-23,1388.0,-0.05770536320434483,-0.20321469575200923,1605.4285714285713,1247.9,0.1769226755529032,market_bdi
2020-07-24,1317.0,-0.05115273775216134,-0.22346698113207553,1551.2857142857142,1277.5666666666666,0.17792044530371812,market_bdi
2020-07-27,1293.0,-0.018223234624145768,-0.23896409652736905,1493.2857142857142,1305.5666666666666,0.17831648074575565,market_bdi
2020-07-28,1264.0,-0.022428460943542117,-0.2608187134502924,1429.5714285714287,1331.8,0.17874381845175424,market_bdi
2020-07-29,1317.0,0.04193037974683533,-0.21513706793802145,1378.0,1359.2333333333333,0.17873813979924305,market_bdi
2020-07-30,1348.0,0.023538344722854987,-0.15432873274780423,1342.857142857143,1387.5666666666666,0.17865468457290481,market_bdi
2020-07-31,1350.0,0.0014836795252226587,-0.0835030549898167,1325.2857142857142,1415.7,0.17875334298391915,market_bdi
2020-08-13,1577.0,0.16814814814814816,0.1361671469740633,1352.2857142857142,1451.5333333333333,0.17989050212891353,market_bdi
2020-08-14,1595.0,0.011414077362079889,0.2110858010630221,1392.0,1488.4,0.17948002045577366,market_bdi
2020-08-17,1598.0,0.0018808777429466517,0.23588553750966734,1435.5714285714287,1524.8666666666666,0.1796677457126774,market_bdi
2020-08-18,1586.0,-0.007509386733416723,0.254746835443038,1481.5714285714287,1545.3,0.06804206881338747,market_bdi
2020-08-19,1568.0,-0.011349306431273631,0.190584662110858,1517.4285714285713,1562.4333333333334,0.06712283849250562,market_bdi
2020-08-20,1518.0,-0.03188775510204078,0.12611275964391688,1541.7142857142858,1571.5,0.059748533646968055,market_bdi
2020-08-21,1481.0,-0.0243741765480896,0.09703703703703703,1560.4285714285713,1569.9666666666667,0.04365768851117762,market_bdi
2020-08-24,1491.0,0.006752194463200523,-0.054533925174381714,1548.142857142857,1567.8333333333333,0.04353972716613491,market_bdi
2020-08-25,1518.0,0.01810865191146882,-0.0482758620689655,1537.142857142857,1566.5,0.04367116098077695,market_bdi
2020-08-26,1509.0,-0.005928853754940677,-0.05569461827284106,1524.4285714285713,1562.9,0.043090313372575725,market_bdi
2020-08-27,1504.0,-0.0033134526176276102,-0.05170239596469106,1512.7142857142858,1556.2,0.04177851185922731,market_bdi
2020-08-28,1488.0,-0.010638297872340385,-0.05102040816326525,1501.2857142857142,1547.8666666666666,0.041574358377562085,market_bdi
2020-09-14,1282.0,-0.13844086021505375,-0.15546772068511194,1467.5714285714287,1532.3,0.048168813711005884,market_bdi
2020-09-15,1289.0,0.00546021840873645,-0.12964213369345035,1440.142857142857,1515.4666666666667,0.04780284337095245,market_bdi
2020-09-16,1281.0,-0.006206361520558534,-0.14084507042253525,1410.142857142857,1498.2,0.047748903520826634,market_bdi
2020-09-17,1294.0,0.010148321623731471,-0.14756258234519104,1378.142857142857,1481.6,0.04788117344015786,market_bdi
2020-09-18,1296.0,0.0015455950540959051,-0.14115308151093442,1347.7142857142858,1466.7333333333333,0.04779695932615044,market_bdi
2020-09-21,1314.0,0.01388888888888884,-0.12632978723404253,1320.5714285714287,1454.0,0.04784895109550252,market_bdi
2020-09-22,1364.0,0.03805175038051756,-0.08333333333333337,1302.857142857143,1442.8333333333333,0.0485416124754696,market_bdi
2020-09-23,1426.0,0.045454545454545414,0.11232449297971914,1323.4285714285713,1433.3666666666666,0.049405674971549116,market_bdi
2020-09-24,1605.0,0.12552594670406725,0.24515128006206366,1368.5714285714287,1430.9333333333334,0.05474204089477022,market_bdi
2020-09-25,1667.0,0.038629283489096666,0.301327088212334,1423.7142857142858,1433.3666666666666,0.05434206044461656,market_bdi
2020-09-28,1654.0,-0.00779844031193766,0.27820710973724894,1475.142857142857,1439.4,0.05232131112088293,market_bdi
2020-09-29,1658.0,0.002418379685610539,0.279320987654321,1526.857142857143,1448.4,0.05096388744623331,market_bdi
2020-09-30,1725.0,0.04041013268998794,0.31278538812785395,1585.5714285714287,1462.0,0.050084739316565395,market_bdi
2020-10-13,1732.0,0.004057971014492789,0.2697947214076246,1638.142857142857,1476.6333333333334,0.049812829652572645,market_bdi
2020-10-14,1637.0,-0.05484988452655892,0.14796633941093962,1668.2857142857142,1489.0666666666666,0.05090210586731928,market_bdi
2020-10-15,1561.0,-0.04642638973732438,-0.027414330218068494,1662.0,1497.2,0.05153624312196635,market_bdi
2020-10-16,1477.0,-0.053811659192825156,-0.11397720455908822,1634.857142857143,1501.5,0.052601081504223636,market_bdi
2020-10-19,1409.0,-0.046039268788083954,-0.14812575574365172,1599.857142857143,1503.4666666666667,0.05340024874948688,market_bdi
2020-10-20,1350.0,-0.04187366926898506,-0.1857659831121834,1555.857142857143,1495.9,0.043893257304252725,market_bdi
2020-10-21,1346.0,-0.002962962962962945,-0.21971014492753627,1501.7142857142858,1487.6,0.04379501314756052,market_bdi
2020-10-22,1401.0,0.040861812778603346,-0.19110854503464203,1454.4285714285713,1481.0333333333333,0.04456851181926811,market_bdi
2020-10-23,1415.0,0.009992862241256173,-0.13561392791692117,1422.7142857142858,1475.3333333333333,0.04462742279326032,market_bdi
2020-10-26,1402.0,-0.009187279151943506,-0.10185778347213326,1400.0,1469.8,0.04461491775474568,market_bdi
2020-10-27,1413.0,0.007845934379457908,-0.043331076506431976,1390.857142857143,1466.3,0.04430875102217412,market_bdi
2020-10-28,1384.0,-0.020523708421797626,-0.017743080198722505,1387.2857142857142,1463.0666666666666,0.04424550854997927,market_bdi
2020-10-29,1297.0,-0.06286127167630062,-0.039259259259259216,1379.7142857142858,1456.6,0.045613218841761644,market_bdi
2020-10-30,1283.0,-0.010794140323824197,-0.04680534918276369,1370.7142857142858,1448.7666666666667,0.045443470113264516,market_bdi
2020-11-16,1111.0,-0.13406079501169132,-0.20699500356887934,1329.2857142857142,1435.5,0.051227907787260725,market_bdi
2020-11-17,1112.0,0.0009000900090008201,-0.2141342756183745,1286.0,1422.4333333333334,0.05124938208291435,market_bdi
2020-11-18,1115.0,0.0026978417266187993,-0.2047075606276747,1245.0,1410.0,0.05128989715856065,market_bdi
2020-11-19,1134.0,0.01704035874439458,-0.197452229299363,1205.142857142857,1405.0666666666666,0.0451731214054574,market_bdi
2020-11-20,1148.0,0.012345679012345734,-0.17052023121387283,1171.4285714285713,1400.3666666666666,0.045235469071135626,market_bdi
2020-11-23,1169.0,0.018292682926829285,-0.09868928296067847,1153.142857142857,1396.6333333333334,0.04539370102204407,market_bdi
2020-11-24,1178.0,0.007698887938409005,-0.08183943881527667,1138.142857142857,1392.7666666666667,0.04537322802216093,market_bdi
2020-11-25,1197.0,0.016129032258064502,0.07740774077407742,1150.4285714285713,1389.4666666666667,0.045491794989846464,market_bdi
2020-11-26,1219.0,0.018379281537176384,0.09622302158273377,1165.7142857142858,1386.3,0.04555196972588444,market_bdi
2020-11-27,1230.0,0.009023789991796649,0.10313901345291487,1182.142857142857,1381.8333333333333,0.04498806317999857,market_bdi
2020-11-30,1227.0,-0.0024390243902439046,0.08201058201058209,1195.4285714285713,1375.2,0.04406992559152771,market_bdi
2020-12-14,1235.0,0.006519967400163029,0.07578397212543564,1207.857142857143,1362.8666666666666,0.03675326545238436,market_bdi
2020-12-15,1273.0,0.03076923076923066,0.08896492728828065,1222.7142857142858,1349.7333333333333,0.036435950164179644,market_bdi
2020-12-16,1296.0,0.01806755695208162,0.10016977928692694,1239.5714285714287,1337.8,0.03675227772474287,market_bdi
2020-12-17,1301.0,0.0038580246913579863,0.08688387635756056,1254.4285714285713,1325.9,0.036766494026984786,market_bdi
2020-12-18,1325.0,0.01844734819369709,0.08695652173913038,1269.5714285714287,1312.5666666666666,0.035992925001851965,market_bdi
2020-12-21,1323.0,-0.0015094339622641062,0.07560975609756104,1282.857142857143,1298.9333333333334,0.03594241152549824,market_bdi
2020-12-22,1330.0,0.005291005291005346,0.08394458027709861,1297.5714285714287,1288.7,0.034918122126888704,market_bdi
2020-12-23,1362.0,0.024060150375939893,0.10283400809716592,1315.7142857142858,1282.0666666666666,0.034492290685039534,market_bdi
2020-12-24,1366.0,0.002936857562408246,0.07305577376276506,1329.0,1278.3666666666666,0.033193908907319304,market_bdi
2021-01-13,1856.0,0.3587115666178624,0.4320987654320987,1409.0,1293.2666666666667,0.07303644146597718,market_bdi
2021-01-14,1792.0,-0.03448275862068961,0.37740199846272104,1479.142857142857,1308.0,0.07286260990554418,market_bdi
2021-01-15,1754.0,-0.021205357142857095,0.32377358490566044,1540.4285714285713,1321.6,0.07306505463340843,market_bdi
2021-01-18,1740.0,-0.007981755986317007,0.3151927437641724,1600.0,1332.9,0.07292290632450033,market_bdi
2021-01-19,1766.0,0.014942528735632177,0.32781954887218046,1662.2857142857142,1344.6,0.07292973983378516,market_bdi
2021-01-20,1828.0,0.035107587768969495,0.342143906020558,1728.857142857143,1358.8,0.07298399485156196,market_bdi
2021-01-21,1837.0,0.004923413566739532,0.3448023426061493,1796.142857142857,1372.9333333333334,0.07299044778419392,market_bdi
2021-01-22,1810.0,-0.01469787697332603,-0.024784482758620663,1789.5714285714287,1387.1333333333334,0.07291136644732894,market_bdi
2021-01-25,1765.0,-0.024861878453038666,-0.015066964285714302,1785.7142857142858,1402.7333333333333,0.07190341434284436,market_bdi
2021-01-26,1659.0,-0.06005665722379605,-0.054161915621436685,1772.142857142857,1415.2666666666667,0.07300707660876823,market_bdi
2021-01-27,1540.0,-0.07172995780590719,-0.11494252873563215,1743.5714285714287,1429.5666666666666,0.06954643259902397,market_bdi
2021-01-28,1470.0,-0.045454545454545414,-0.16761041902604756,1701.2857142857142,1441.5,0.07033286940103696,market_bdi
2021-01-29,1452.0,-0.01224489795918371,-0.20568927789934355,1647.5714285714287,1452.7333333333333,0.07044915061679632,market_bdi
2021-02-15,1364.0,-0.06060606060606055,-0.2574850299401198,1580.0,1460.4,0.07163077155681953,market_bdi
2021-02-16,1495.0,0.09604105571847499,-0.17403314917127077,1535.0,1471.9666666666667,0.073402751898667,market_bdi
2021-02-17,1756.0,0.17458193979933112,-0.005099150141643083,1533.7142857142858,1491.5333333333333,0.07924699615553335,market_bdi
2021-02-18,1770.0,0.007972665148063829,0.06690777576853524,1549.5714285714287,1511.2666666666667,0.07924599037467822,market_bdi
2021-02-19,1698.0,-0.04067796610169494,0.10259740259740258,1572.142857142857,1527.9666666666667,0.07992558035055895,market_bdi
2021-02-22,1709.0,0.006478209658421719,0.16258503401360547,1606.2857142857142,1544.3,0.07993462912033099,market_bdi
2021-02-23,1727.0,0.010532475131656005,0.18939393939393945,1645.5714285714287,1560.8666666666666,0.07993186967210397,market_bdi
2021-02-24,1709.0,-0.01042269832078746,0.2529325513196481,1694.857142857143,1576.9333333333334,0.0800018966018292,market_bdi
2021-02-25,1700.0,-0.0052662375658280025,0.1371237458193979,1724.142857142857,1592.4333333333334,0.0800676761200719,market_bdi
2021-02-26,1675.0,-0.014705882352941124,-0.04612756264236906,1712.5714285714287,1605.8333333333333,0.08015760834885784,market_bdi
2021-03-15,1983.0,0.18388059701492532,0.12033898305084745,1743.0,1628.7333333333333,0.08609645024049001,market_bdi
2021-03-16,2017.0,0.017145738779626774,0.1878680800942285,1788.5714285714287,1652.6,0.0860585767649993,market_bdi
2021-03-17,2105.0,0.04362915220624686,0.23171445289643056,1845.142857142857,1678.6,0.08618743403733066,market_bdi
2021-03-18,2215.0,0.052256532066508266,0.282570932252461,1914.857142857143,1708.3333333333333,0.08631210370829015,market_bdi
2021-03-19,2281.0,0.02979683972911973,0.3346986541837331,1996.5714285714287,1740.0333333333333,0.08627945240983755,market_bdi
2021-03-22,2319.0,0.016659359929855233,0.36411764705882343,2085.0,1771.9333333333334,0.08628182945717197,market_bdi
2021-03-23,2271.0,-0.02069857697283317,0.35582089552238805,2170.1428571428573,1802.1,0.08656029108517303,market_bdi
2021-03-24,2194.0,-0.03390576838397186,0.10640443772062524,2200.285714285714,1813.3666666666666,0.058876818788533646,market_bdi
2021-03-25,2172.0,-0.010027347310847756,0.07684680218145767,2222.4285714285716,1826.0333333333333,0.058448037823874116,market_bdi
2021-03-26,2178.0,0.0027624309392264568,0.03467933491686459,2232.8571428571427,1840.1666666666667,0.05819862028792371,market_bdi
2021-03-29,2162.0,-0.00734618916437102,-0.023927765237020338,2225.285714285714,1854.2333333333333,0.058192423939935525,market_bdi
2021-03-30,2103.0,-0.0272895467160037,-0.0780359491451118,2199.8571428571427,1865.4666666666667,0.05854844251750908,market_bdi
2021-03-31,2046.0,-0.02710413694721825,-0.11772315653298837,2160.8571428571427,1872.7333333333333,0.05863462823055798,market_bdi
2021-04-13,2140.0,0.045943304007820096,-0.0576838397181858,2142.1428571428573,1882.8333333333333,0.059101512606560665,market_bdi
2021-04-14,2178.0,0.017757009345794383,-0.007292616226071136,2139.8571428571427,1895.1,0.05899352756990696,market_bdi
2021-04-15,2323.0,0.06657483930211194,0.06952117863720075,2161.4285714285716,1913.7,0.05960840751702074,market_bdi
2021-04-16,2385.0,0.02668962548428766,0.0950413223140496,2191.0,1937.9,0.05813774902730581,market_bdi
2021-04-19,2432.0,0.019706498951781892,0.12488436632747457,2229.5714285714284,1967.6333333333334,0.0558562495449022,market_bdi
2021-04-20,2472.0,0.016447368421052655,0.17546362339514987,2282.285714285714,2001.0333333333333,0.05460832382510564,market_bdi
2021-04-21,2710.0,0.09627831715210355,0.324535679374389,2377.1428571428573,2042.9666666666667,0.056054922457528904,market_bdi
2021-04-22,2750.0,0.014760147601476037,0.2850467289719627,2464.285714285714,2089.1666666666665,0.05385038569981411,market_bdi
2021-04-23,2788.0,0.01381818181818173,0.2800734618916436,2551.4285714285716,2132.266666666667,0.0521735854545386,market_bdi
2021-04-26,2808.0,0.007173601147776099,0.20878174773999136,2620.714285714286,2167.3333333333335,0.0435550748128286,market_bdi
2021-04-27,2889.0,0.028846153846153744,0.21132075471698109,2692.714285714286,2204.633333333333,0.043578769988793474,market_bdi
2021-04-28,2957.0,0.0235375562478366,0.2158717105263157,2767.714285714286,2246.6,0.0421864548098327,market_bdi
2021-04-29,3007.0,0.01690902942171113,0.21642394822006472,2844.1428571428573,2289.866666666667,0.04211867108204459,market_bdi
2021-04-30,3053.0,0.015297638842700412,0.12656826568265678,2893.1428571428573,2334.0666666666666,0.04209144847610472,market_bdi
2021-05-13,3077.0,0.007861120209629924,0.11890909090909085,2939.8571428571427,2379.6666666666665,0.041767324420316033,market_bdi
2021-05-14,2939.0,-0.044848878778030565,0.05416068866571022,2961.4285714285716,2420.9666666666667,0.0432121562254669,market_bdi
2021-05-17,2856.0,-0.028240898264715875,0.017094017094017033,2968.285714285714,2460.3333333333335,0.043647480788378774,market_bdi
2021-05-18,2795.0,-0.021358543417366982,-0.032537210107303594,2954.8571428571427,2487.4,0.031188341434251865,market_bdi
2021-05-19,2801.0,0.0021466905187834673,-0.05275617179573888,2932.5714285714284,2513.5333333333333,0.031222674814188386,market_bdi
2021-05-20,2824.0,0.008211353088182882,-0.060857998004655856,2906.4285714285716,2537.5,0.030628609136726884,market_bdi
2021-05-21,2869.0,0.01593484419263458,-0.06026858827382897,2880.1428571428573,2559.3,0.029613445945567286,market_bdi
2021-05-24,2881.0,0.0041826420355524085,-0.06369840753981149,2852.1428571428573,2579.3,0.029363636882129507,market_bdi
2021-05-25,2809.0,-0.024991322457480036,-0.044232732221844206,2833.5714285714284,2595.633333333333,0.029930166551712885,market_bdi
2021-05-26,2754.0,-0.019579921680313306,-0.0357142857142857,2819.0,2611.733333333333,0.029895358561774332,market_bdi
2021-05-27,2688.0,-0.023965141612200425,-0.03828264758497313,2803.714285714286,2628.2,0.02948001069874353,market_bdi
2021-05-28,2596.0,-0.034226190476190466,-0.07318814709032484,2774.4285714285716,2642.3333333333335,0.030287716649728087,market_bdi
2021-06-14,2944.0,0.13405238828967647,0.04249291784702547,2791.5714285714284,2667.866666666667,0.038197013541320365,market_bdi
2021-06-15,3025.0,0.02751358695652173,0.05437434646218198,2813.8571428571427,2696.633333333333,0.03815702938478298,market_bdi
2021-06-16,3176.0,0.049917355371900785,0.10239500173550842,2856.0,2732.4,0.03802370881660808,market_bdi
2021-06-17,3267.0,0.0286523929471032,0.1630473478106087,2921.4285714285716,2773.1,0.03727489790833505,market_bdi
2021-06-18,3218.0,-0.014998469543924142,0.16848220769789402,2987.714285714286,2809.0333333333333,0.03726805190156363,market_bdi
2021-06-21,3190.0,-0.008701056556867592,0.18675595238095233,3059.4285714285716,2842.766666666667,0.037496645532551276,market_bdi
2021-06-22,3119.0,-0.022257053291536044,0.20146379044684126,3134.1428571428573,2869.3,0.03665508395920574,market_bdi
2021-06-23,3147.0,0.008977236293683966,0.06895380434782616,3163.1428571428573,2894.7,0.036527620480902766,market_bdi
2021-06-24,3175.0,0.008897362567524603,0.04958677685950419,3184.5714285714284,2919.4666666666667,0.03648085410335104,market_bdi
2021-06-25,3255.0,0.025196850393700787,0.024874055415617047,3195.8571428571427,2945.5666666666666,0.036572825086958465,market_bdi
2021-06-28,3324.0,0.021198156682027625,0.017447199265381075,3204.0,2966.0333333333333,0.032830852985189986,market_bdi
2021-06-29,3418.0,0.02827918170878463,0.062150403977625945,3232.5714285714284,2988.3,0.03302853319738167,market_bdi
2021-06-30,3383.0,-0.010239906377998875,0.06050156739811907,3260.1428571428573,3008.133333333333,0.03316866925058127,market_bdi
2021-07-13,3228.0,-0.045817321903635855,0.03494709842898369,3275.714285714286,3022.133333333333,0.03454057976097997,market_bdi
2021-07-14,3139.0,-0.027571251548946685,-0.0025421035907212675,3274.5714285714284,3030.4666666666667,0.03474471911643601,market_bdi
2021-07-15,3073.0,-0.021025804396304526,-0.03212598425196855,3260.0,3034.3333333333335,0.0348036558710192,market_bdi
2021-07-16,3039.0,-0.011064106736088486,-0.06635944700460827,3229.1428571428573,3035.4,0.03476089796989759,market_bdi
2021-07-19,3059.0,0.006581112207963091,-0.07972322503008422,3191.285714285714,3035.6,0.034672846783368516,market_bdi
2021-07-20,3053.0,-0.0019614253023864103,-0.10678759508484492,3139.1428571428573,3034.8,0.03464851735877288,market_bdi
2021-07-21,3058.0,0.001637733377006123,-0.09606857818504289,3092.714285714286,3038.766666666667,0.033583009152382506,market_bdi
2021-07-22,3103.0,0.014715500327011188,-0.038723667905824044,3074.8571428571427,3047.0,0.033169174222187445,market_bdi
2021-07-23,3199.0,0.030937802126973946,0.019114367633004115,3083.4285714285716,3060.4666666666667,0.033203958081383766,market_bdi
2021-07-26,3210.0,0.0034385745545482127,0.04458184184835656,3103.0,3074.1,0.03320093924819423,market_bdi
2021-07-27,3166.0,-0.013707165109034247,0.04179006252056605,3121.1428571428573,3085.5,0.03337003242436918,market_bdi
2021-07-28,3154.0,-0.0037902716361338795,0.03105590062111796,3134.714285714286,3095.0,0.033327864533488516,market_bdi
2021-07-29,3214.0,0.019023462270133074,0.052735014739600405,3157.714285714286,3106.1,0.033445578477948205,market_bdi
2021-07-30,3292.0,0.02426882389545737,0.07652060170045782,3191.1428571428573,3122.2,0.03317259789069388,market_bdi
2021-08-13,3566.0,0.08323207776427699,0.14921044150821783,3257.285714285714,3149.266666666667,0.03567518102293123,market_bdi
2021-08-16,3606.0,0.011217049915872135,0.12722725851828698,3315.4285714285716,3179.866666666667,0.0351199513440225,market_bdi
2021-08-17,3657.0,0.014143094841930104,0.13925233644859802,3379.285714285714,3215.233333333333,0.034095318539114496,market_bdi
2021-08-18,3833.0,0.0481268799562482,0.21067593177511057,3474.5714285714284,3244.866666666667,0.02618157026490378,market_bdi
2021-08-19,3976.0,0.037307591964518716,0.2606214331008243,3592.0,3276.5666666666666,0.026477697879523705,market_bdi
2021-08-20,4092.0,0.02917505030181089,0.27317983820784075,3717.4285714285716,3307.1,0.025643212725234843,market_bdi
2021-08-23,4147.0,0.013440860215053752,0.2597205346294047,3839.5714285714284,3336.4333333333334,0.02538614457755764,market_bdi
2021-08-24,4201.0,0.0130214612973234,0.17807066741447009,3930.285714285714,3369.2,0.02501252843136339,market_bdi
2021-08-25,4193.0,-0.0019043084979766256,0.16278424847476436,4014.1428571428573,3402.633333333333,0.02487498425821184,market_bdi
2021-08-26,4195.0,0.00047698545194374553,0.14711512168444085,4091.0,3438.5,0.024213251412134228,market_bdi
2021-08-27,4235.0,0.009535160905840279,0.10487868510305254,4148.428571428572,3474.766666666667,0.0242124885128867,market_bdi
2021-08-31,4132.0,-0.02432113341204245,0.039235412474849074,4170.714285714285,3506.6666666666665,0.025021388350214863,market_bdi
2021-09-13,4163.0,0.007502420135527599,0.017350928641251206,4180.857142857143,3536.9333333333334,0.024837182397375507,market_bdi
2021-09-14,4221.0,0.013932260389142526,0.017844224740776404,4191.428571428572,3566.8333333333335,0.02474462987867647,market_bdi
2021-09-15,4233.0,0.002842928216062468,0.0076172339919067245,4196.0,3594.0,0.024470217713177683,market_bdi
2021-09-16,4215.0,-0.00425230333097093,0.005246839971380979,4199.142857142857,3621.733333333333,0.024345154033338888,market_bdi
2021-09-17,4275.0,0.014234875444839812,0.019070321811680557,4210.571428571428,3656.633333333333,0.02216998647511009,market_bdi
2021-09-20,4304.0,0.006783625730994114,0.016292798110979945,4220.428571428572,3695.4666666666667,0.02104010481710132,market_bdi
2021-09-21,4410.0,0.0246282527881041,0.0672797676669894,4260.142857142857,3740.0333333333333,0.020297893439236433,market_bdi
2021-09-22,4560.0,0.03401360544217691,0.09536392024981977,4316.857142857143,3790.733333333333,0.02017628006684412,market_bdi
2021-09-23,4651.0,0.019956140350877227,0.10187159440890792,4378.285714285715,3843.8,0.02015881644507818,market_bdi
2021-09-24,4644.0,-0.0015050526768436434,0.09709425939050309,4437.0,3896.8333333333335,0.02014632526694604,market_bdi
2021-09-27,4717.0,0.0157192075796726,0.11909845788849349,4508.714285714285,3952.133333333333,0.020005398777579134,market_bdi
2021-09-28,4962.0,0.05193979224083112,0.160701754385965,4606.857142857143,4014.1,0.02112680544653081,market_bdi
2021-09-29,5197.0,0.04735993550987505,0.20748141263940512,4734.428571428572,4080.7,0.021731806398017153,market_bdi
2021-09-30,5167.0,-0.005772561092938222,0.1716553287981859,4842.571428571428,4145.933333333333,0.021986692368096052,market_bdi
2021-10-13,5206.0,0.007547900135475238,0.1416666666666666,4934.857142857143,4213.933333333333,0.02132142738608248,market_bdi
2021-10-14,5062.0,-0.027660391855551247,0.08836809288325087,4993.571428571428,4277.533333333334,0.02253231364037133,market_bdi
2021-10-15,4854.0,-0.041090478071908354,0.04521963824289399,5023.571428571428,4332.2,0.02482300101721898,market_bdi
2021-10-18,4732.0,-0.02513391017717348,0.0031799872800508666,5025.714285714285,4380.2,0.025748628180282354,market_bdi
2021-10-19,4714.0,-0.0038038884192730382,-0.049979846835953246,4990.285714285715,4418.466666666666,0.02215472748090402,market_bdi
2021-10-20,4751.0,0.007848960543063166,-0.08581874158168179,4926.571428571428,4456.633333333333,0.02215469023450967,market_bdi
2021-10-21,4653.0,-0.02062723637129027,-0.09947745306754407,4853.142857142857,4489.833333333333,0.022801821608871495,market_bdi
2021-10-22,4410.0,-0.0522243713733076,-0.15290049942374184,4739.428571428572,4509.066666666667,0.02408409652668398,market_bdi
2021-10-25,4257.0,-0.03469387755102038,-0.15902805215329907,4624.428571428572,4518.433333333333,0.024336255302716006,market_bdi
2021-10-26,4056.0,-0.04721634954193099,-0.1644004944375772,4510.428571428572,4517.233333333334,0.025428069062725853,market_bdi
2021-10-27,3808.0,-0.06114398422090728,-0.1952662721893491,4378.428571428572,4505.933333333333,0.027622074409510616,market_bdi
2021-10-28,3630.0,-0.04674369747899154,-0.2299533305048791,4223.571428571428,4486.9,0.02860424159743785,market_bdi
2021-10-29,3519.0,-0.03057851239669418,-0.25931382866764896,4047.5714285714284,4464.433333333333,0.028992370642882195,market_bdi
2021-11-15,2759.0,-0.21597044614947425,-0.40704921555985385,3777.0,4416.566666666667,0.04810672829913639,market_bdi
2021-11-16,2591.0,-0.06089162740123233,-0.41247165532879815,3517.1428571428573,4361.766666666666,0.04870249353561859,market_bdi
2021-11-17,2430.0,-0.06213817059050564,-0.42917547568710357,3256.1428571428573,4305.033333333334,0.049436556576380415,market_bdi
2021-11-18,2454.0,0.009876543209876631,-0.3949704142011834,3027.285714285714,4248.066666666667,0.04947775331242917,market_bdi
2021-11-19,2552.0,0.039934800325998276,-0.3298319327731093,2847.8571428571427,4192.433333333333,0.05024487430792223,market_bdi
2021-11-22,2645.0,0.036442006269592486,-0.2713498622589532,2707.1428571428573,4139.5,0.0510313551121913,market_bdi
2021-11-23,2715.0,0.026465028355387554,-0.22847399829497017,2592.285714285714,4089.5,0.05154284969752312,market_bdi
2021-11-24,2654.0,-0.022467771639042344,-0.03805726712577018,2577.285714285714,4035.4666666666667,0.05130551468029849,market_bdi
2021-11-25,2678.0,0.009042954031650341,0.033577769201080576,2589.714285714286,3981.266666666667,0.05133928611081962,market_bdi
2021-11-26,2767.0,0.03323375653472738,0.1386831275720164,2637.8571428571427,3926.5,0.05158770990859069,market_bdi
2021-11-29,2881.0,0.04119985543910376,0.1740016299918501,2698.8571428571427,3870.5333333333333,0.051834482557298174,market_bdi
2021-11-30,3018.0,0.0475529330093718,0.18260188087774298,2765.4285714285716,3816.1,0.05269144043916672,market_bdi
2021-12-13,3216.0,0.0656063618290259,0.21587901701323253,2847.0,3768.5,0.05458047030769576,market_bdi
2021-12-14,2932.0,-0.0883084577114428,0.07992633517495396,2878.0,3709.0,0.05613232438914948,market_bdi
2021-12-15,2665.0,-0.09106412005457021,0.0041446872645063415,2879.5714285714284,3632.4333333333334,0.056403847522846905,market_bdi
2021-12-16,2498.0,-0.0626641651031895,-0.0672143390589992,2853.8571428571427,3542.4666666666667,0.05552055765027289,market_bdi
2021-12-17,2379.0,-0.04763811048839073,-0.14022406938923027,2798.4285714285716,3449.5333333333333,0.05561130323543835,market_bdi
2021-12-20,2371.0,-0.0033627574611181377,-0.1770218674071503,2725.5714285714284,3355.0333333333333,0.05543387170485266,market_bdi
2021-12-21,2294.0,-0.032475748629270385,-0.23989396951623587,2622.1428571428573,3262.766666666667,0.05545098432735825,market_bdi
2021-12-22,2229.0,-0.028334786399302536,-0.3069029850746269,2481.1428571428573,3175.266666666667,0.05536770651639125,market_bdi
2021-12-23,2219.0,-0.004486316733961382,-0.24317871759890863,2379.285714285714,3091.5,0.05548145881318174,market_bdi
2021-12-24,2217.0,-0.0009013068949977887,-0.16810506566604133,2315.285714285714,3008.266666666667,0.05551918596069454,market_bdi
2022-01-13,1873.0,-0.15516463689670723,-0.25020016012810253,2226.0,2912.3333333333335,0.06015667714583025,market_bdi
2022-01-14,1764.0,-0.05819540843566473,-0.2585119798234552,2138.1428571428573,2816.0333333333333,0.06037436729415081,market_bdi
2022-01-17,1731.0,-0.018707482993197244,-0.26992830029523407,2046.7142857142858,2726.733333333333,0.06025720873147098,market_bdi
2022-01-18,1644.0,-0.05025996533795496,-0.28334786399302525,1953.857142857143,2639.633333333333,0.060376672466806065,market_bdi
2022-01-19,1570.0,-0.045012165450121655,-0.2956482727680574,1859.7142857142858,2556.766666666667,0.06035547063186347,market_bdi
2022-01-20,1474.0,-0.06114649681528661,-0.3357368183866607,1753.2857142857142,2478.9666666666667,0.06035551643437257,market_bdi
2022-01-21,1415.0,-0.0400271370420624,-0.3617501127649978,1638.7142857142858,2405.133333333333,0.0603007756777024,market_bdi
2022-01-24,1391.0,-0.016961130742049524,-0.25734116390816875,1569.857142857143,2334.2,0.060339837904451014,market_bdi
2022-01-25,1343.0,-0.03450754852624016,-0.2386621315192744,1509.7142857142858,2287.0,0.04891983131805145,market_bdi
2022-01-26,1296.0,-0.034996276991809405,-0.2512998266897747,1447.5714285714287,2243.8333333333335,0.04844543959443575,market_bdi
2022-01-27,1302.0,0.004629629629629539,-0.208029197080292,1398.7142857142858,2206.233333333333,0.04805328735158642,market_bdi
2022-01-28,1381.0,0.060675883256528396,-0.12038216560509551,1371.7142857142858,2170.4666666666667,0.049977860591469046,market_bdi
2022-01-31,1418.0,0.026792179580014563,-0.037991858887381325,1363.7142857142858,2132.6666666666665,0.04951037816469895,market_bdi
2022-02-14,1984.0,0.39915373765867423,0.4021201413427562,1445.0,2110.633333333333,0.09056849783026583,market_bdi
2022-02-15,1968.0,-0.008064516129032251,0.41480948957584474,1527.4285714285713,2085.733333333333,0.0903598381158705,market_bdi
2022-02-16,1896.0,-0.03658536585365857,0.41176470588235303,1606.4285714285713,2060.4666666666667,0.09047862251420233,market_bdi
2022-02-17,1886.0,-0.0052742616033755185,0.4552469135802468,1690.7142857142858,2034.0666666666666,0.09042501181625907,market_bdi
2022-02-18,1964.0,0.04135737009544016,0.5084485407066053,1785.2857142857142,2007.3,0.09056534973983134,market_bdi
2022-02-21,2045.0,0.04124236252545832,0.4808110065170166,1880.142857142857,1979.4333333333334,0.09056614482092204,market_bdi
2022-02-22,2148.0,0.05036674816625908,0.5148095909732018,1984.4285714285713,1950.4333333333334,0.09062699552977009,market_bdi
2022-02-23,2244.0,0.04469273743016755,0.13104838709677424,2021.5714285714287,1918.0333333333333,0.09012181293021757,market_bdi
2022-02-24,2187.0,-0.025401069518716568,0.11128048780487809,2052.8571428571427,1893.2,0.08892491851910045,market_bdi
2022-02-25,2076.0,-0.05075445816186552,0.09493670886075956,2078.5714285714284,1873.5666666666666,0.08790033454726748,market_bdi
2022-02-28,2040.0,-0.017341040462427793,0.0816542948038177,2100.5714285714284,1858.3,0.0872634423556196,market_bdi
2022-03-14,2727.0,0.33676470588235285,0.3884928716904277,2209.5714285714284,1869.9,0.10663860395350717,market_bdi
2022-03-15,2689.0,-0.01393472680601393,0.31491442542787285,2301.5714285714284,1880.5,0.10669919690167176,market_bdi
2022-03-16,2591.0,-0.0364447750092971,0.20623836126629413,2364.8571428571427,1890.4,0.1067547219140014,market_bdi
2022-03-17,2588.0,-0.0011578541103820505,0.15329768270944744,2414.0,1902.3666666666666,0.10654408048799095,market_bdi
2022-03-18,2605.0,0.006568778979907375,0.1911294010059441,2473.714285714286,1915.2333333333333,0.10651251321351336,market_bdi
2022-03-21,2589.0,-0.006142034548944353,0.24710982658959546,2547.0,1927.6333333333334,0.10653538368807218,market_bdi
2022-03-22,2546.0,-0.016608729239088404,0.24803921568627452,2619.285714285714,1950.0666666666666,0.1020425892820416,market_bdi
2022-03-23,2575.0,0.011390416339355891,-0.05573890722405572,2597.5714285714284,1977.1,0.10112009636232142,market_bdi
2022-03-24,2567.0,-0.003106796116504884,-0.04537002603198215,2580.1428571428573,2004.9666666666667,0.10097114804723492,market_bdi
2022-03-25,2544.0,-0.008959875340864842,-0.01813971439598605,2573.4285714285716,2034.9666666666667,0.10029712485494695,market_bdi
2022-03-28,2484.0,-0.02358490566037741,-0.040185471406491535,2558.5714285714284,2065.4333333333334,0.09990323866933754,market_bdi
2022-03-29,2417.0,-0.026972624798711764,-0.07216890595009595,2531.714285714286,2096.866666666667,0.09914485424657783,market_bdi
2022-03-30,2369.0,-0.019859329747621057,-0.08497489378138279,2500.285714285714,2128.6666666666665,0.09878760077537287,market_bdi
2022-03-31,2358.0,-0.004643309413254526,-0.07384131971720342,2473.4285714285716,2160.9,0.09864888215626502,market_bdi
2022-04-13,2068.0,-0.12298558100084822,-0.19689320388349518,2401.0,2185.0666666666666,0.10166206414510497,market_bdi
2022-04-14,2137.0,0.033365570599613203,-0.16751071289442931,2339.5714285714284,2213.1,0.10118213825496547,market_bdi
2022-04-19,2115.0,-0.010294805802526952,-0.16863207547169812,2278.285714285714,2240.2,0.10130188107576175,market_bdi
2022-04-20,2142.0,0.012765957446808418,-0.1376811594202898,2229.4285714285716,2265.5666666666666,0.10102353474823215,market_bdi
2022-04-21,2239.0,0.04528478057889829,-0.07364501448076133,2204.0,2292.9333333333334,0.10112985194460107,market_bdi
2022-04-22,2307.0,0.03037070120589558,-0.026171380329252814,2195.1428571428573,2303.7,0.07144662927535701,market_bdi
2022-04-25,2356.0,0.021239705244906704,-0.0008481764206954567,2194.8571428571427,2316.633333333333,0.0714310330194929,market_bdi
2022-04-26,2404.0,0.02037351443123936,0.1624758220502902,2242.8571428571427,2333.5666666666666,0.07095558111755676,market_bdi
2022-04-27,2425.0,0.008735440931780358,0.13476836686944305,2284.0,2351.5333333333333,0.07089714009061102,market_bdi
2022-04-28,2403.0,-0.009072164948453643,0.13617021276595742,2325.1428571428573,2366.1666666666665,0.07073903270964879,market_bdi
2022-04-29,2404.0,0.0004161464835621409,0.12231559290382821,2362.5714285714284,2378.133333333333,0.07048690232297046,market_bdi
2022-05-13,3104.0,0.29118136439267883,0.386333184457347,2486.1428571428573,2410.0,0.08725449482902756,market_bdi
2022-05-16,3085.0,-0.006121134020618535,0.33723450368443864,2597.285714285714,2438.0333333333333,0.08716200708448318,market_bdi
2022-05-17,3095.0,0.0032414910858995505,0.3136672325976231,2702.8571428571427,2468.3,0.08687379150663947,market_bdi
2022-05-18,3189.0,0.030371567043618652,0.3265391014975041,2815.0,2505.4,0.08602162198260936,market_bdi
2022-05-19,3289.0,0.03135779241141434,0.3562886597938144,2938.4285714285716,2547.0333333333333,0.08580078565560463,market_bdi
2022-05-20,3344.0,0.01672240802675584,0.3915938410320432,3072.8571428571427,2567.6,0.06135918217735918,market_bdi
2022-05-23,3369.0,0.007476076555023914,0.4014143094841931,3210.714285714286,2590.266666666667,0.061214186987537694,market_bdi
2022-05-24,3253.0,-0.03443158207183139,0.04800257731958757,3232.0,2612.3333333333335,0.061163546988557214,market_bdi
2022-05-25,3127.0,-0.03873347679065475,0.013614262560778023,3238.0,2630.3,0.06176540177602589,market_bdi
2022-05-26,2933.0,-0.06204029421170454,-0.05234248788368334,3214.8571428571427,2641.233333333333,0.06307567271261585,market_bdi
2022-05-27,2681.0,-0.08591885441527447,-0.1592975854499843,3142.285714285714,2644.3,0.06523641558267344,market_bdi
2022-05-30,2571.0,-0.04102946661693396,-0.2183034356947401,3039.714285714286,2645.133333333333,0.0656410516723564,market_bdi
2022-05-31,2566.0,-0.00194476857253989,-0.23265550239234445,2928.5714285714284,2644.8333333333335,0.06562194465696922,market_bdi
2022-06-13,2260.0,-0.11925175370226038,-0.3291777975660434,2770.1428571428573,2634.6,0.06924583329913497,market_bdi
2022-06-14,2284.0,0.010619469026548645,-0.29787888103289273,2631.714285714286,2625.9333333333334,0.06927119359955813,market_bdi
2022-06-15,2387.0,0.045096322241681364,-0.236648544931244,2526.0,2622.7,0.06964817671820192,market_bdi
2022-06-16,2462.0,0.03142019271051533,-0.1605864302761677,2458.714285714286,2624.2,0.06965993057977148,market_bdi
2022-06-17,2578.0,0.04711616571892763,-0.038418500559492696,2444.0,2631.1666666666665,0.06998150281852818,market_bdi
2022-06-20,2596.0,0.006982156710628296,0.009723842862699339,2447.5714285714284,2639.1,0.06995831493587099,market_bdi
2022-06-21,2484.0,-0.04314329738058553,-0.031956352299298496,2435.8571428571427,2652.9666666666667,0.06632996010226926,market_bdi
2022-06-22,2349.0,-0.05434782608695654,0.0393805309734514,2448.5714285714284,2660.0333333333333,0.06710522668156614,market_bdi
2022-06-23,2354.0,0.002128565346956046,0.030647985989492144,2458.5714285714284,2668.0,0.06704494697736693,market_bdi
2022-06-24,2331.0,-0.00977060322854717,-0.02346041055718473,2450.5714285714284,2674.3,0.06708769150300664,market_bdi
2022-06-27,2295.0,-0.015444015444015413,-0.06783103168155968,2426.714285714286,2676.1666666666665,0.06673963629180664,market_bdi
2022-06-28,2204.0,-0.0396514161220044,-0.14507370054305668,2373.285714285714,2672.733333333333,0.06696573161900594,market_bdi
2022-06-29,2186.0,-0.008166969147005432,-0.15793528505392918,2314.714285714286,2667.0666666666666,0.06686611294006811,market_bdi
2022-06-30,2240.0,0.02470265324794152,-0.09822866344605474,2279.8571428571427,2661.6,0.06691742708574508,market_bdi
2022-07-13,2002.0,-0.10624999999999996,-0.14772243507875693,2230.285714285714,2647.5,0.06961574291380679,market_bdi
2022-07-14,2010.0,0.003996003996004083,-0.14613423959218352,2181.1428571428573,2634.4,0.06962519482070792,market_bdi
2022-07-15,2150.0,0.06965174129353224,-0.07764907764907769,2155.285714285714,2625.9333333333334,0.07090481018356898,market_bdi
2022-07-18,2162.0,0.005581395348837281,-0.05795206971677558,2136.285714285714,2594.5333333333333,0.04452109506249179,market_bdi
2022-07-19,2145.0,-0.007863089731729889,-0.026769509981851125,2127.8571428571427,2563.2,0.04451565798396393,market_bdi
2022-07-20,2113.0,-0.014918414918414946,-0.03339432753888383,2117.4285714285716,2530.4666666666667,0.04443801075605405,market_bdi
2022-07-21,2118.0,0.0023663038334122977,-0.05446428571428574,2100.0,2494.766666666667,0.043814470313524936,market_bdi
2022-07-22,2146.0,0.013220018885741203,0.07192807192807193,2120.5714285714284,2456.6666666666665,0.043309361462896656,market_bdi
2022-07-25,2114.0,-0.01491146318732528,0.05174129353233825,2135.4285714285716,2415.6666666666665,0.042939376270210945,market_bdi
2022-07-26,2061.0,-0.025070955534531647,-0.0413953488372093,2122.714285714286,2372.0666666666666,0.04278243180615904,market_bdi
2022-07-27,2007.0,-0.026200873362445365,-0.07169287696577242,2100.5714285714284,2330.5333333333333,0.04268200938069073,market_bdi
2022-07-28,1945.0,-0.030891878425510666,-0.09324009324009319,2072.0,2291.133333333333,0.042555852444772266,market_bdi
2022-07-29,1895.0,-0.02570694087403602,-0.10317084713677238,2040.857142857143,2256.5333333333333,0.041672852070142465,market_bdi
2022-08-15,1404.0,-0.25910290237467015,-0.3371104815864022,1938.857142857143,2213.9666666666667,0.06000249201680557,market_bdi
2022-08-16,1387.0,-0.012108262108262102,-0.3536812674743709,1830.4285714285713,2174.5,0.059874519777854636,market_bdi
2022-08-17,1394.0,0.005046863734679219,-0.34058656575212864,1727.5714285714287,2135.4333333333334,0.0599543141015683,market_bdi
2022-08-18,1320.0,-0.05308464849354377,-0.35953420669577874,1621.7142857142858,2104.1,0.05726395236923661,market_bdi
2022-08-19,1279.0,-0.03106060606060601,-0.36273044344793226,1517.7142857142858,2070.6,0.057102316370629284,market_bdi
2022-08-22,1270.0,-0.0070367474589523304,-0.34704370179948585,1421.2857142857142,2033.3666666666666,0.055917483316915706,market_bdi
2022-08-23,1271.0,0.0007874015748030594,-0.32928759894459103,1332.142857142857,1993.6666666666667,0.05523901226806879,market_bdi
2022-08-24,1213.0,-0.045633359559402065,-0.13603988603988604,1304.857142857143,1948.1666666666667,0.05392694884661631,market_bdi
2022-08-25,1123.0,-0.07419620774938174,-0.19033886085075702,1267.142857142857,1899.0666666666666,0.05439506817756764,market_bdi
2022-08-26,1082.0,-0.03650934995547639,-0.22381635581061698,1222.5714285714287,1852.3333333333333,0.05433601555933005,market_bdi
2022-08-30,1017.0,-0.060073937153419577,-0.2295454545454545,1179.2857142857142,1807.9333333333334,0.054450123755838714,market_bdi
2022-08-31,965.0,-0.051130776794493626,-0.24550430023455827,1134.4285714285713,1761.6333333333334,0.05437387939138318,market_bdi
2022-09-13,1408.0,0.45906735751295336,0.10866141732283463,1154.142857142857,1730.8666666666666,0.10421860876918751,market_bdi
2022-09-14,1595.0,0.1328125,0.2549173878835562,1200.4285714285713,1707.5333333333333,0.1075135962934181,market_bdi
2022-09-15,1612.0,0.010658307210031248,0.3289365210222588,1257.4285714285713,1687.8,0.10738027766722463,market_bdi
2022-09-16,1553.0,-0.03660049627791562,0.3829029385574354,1318.857142857143,1666.7,0.10753091168329172,market_bdi
2022-09-20,1729.0,0.11332904056664517,0.5979667282809611,1411.2857142857142,1649.6666666666667,0.10961071589404044,market_bdi
2022-09-21,1746.0,0.009832272990167645,0.7168141592920354,1515.4285714285713,1641.1333333333334,0.10788999474901365,market_bdi
2022-09-22,1720.0,-0.014891179839633395,0.7823834196891191,1623.2857142857142,1631.4666666666667,0.10792384081211483,market_bdi
2022-09-23,1816.0,0.05581395348837215,0.2897727272727273,1681.5714285714287,1620.3333333333333,0.10764441416354083,market_bdi
2022-09-26,1813.0,-0.0016519823788546661,0.1366771159874609,1712.7142857142858,1608.7,0.10763815504339247,market_bdi
2022-09-27,1807.0,-0.003309431880860414,0.12096774193548376,1740.5714285714287,1597.4333333333334,0.10763114505098681,market_bdi
2022-09-28,1799.0,-0.004427227448810189,0.15840309079201553,1775.7142857142858,1586.9666666666667,0.107600411423516,market_bdi
2022-09-29,1757.0,-0.023346303501945553,0.0161943319838056,1779.7142857142858,1574.9333333333334,0.1076803600304133,market_bdi
2022-09-30,1760.0,0.0017074558907228532,0.008018327605956443,1781.7142857142858,1562.0666666666666,0.10764766066660583,market_bdi
2022-10-13,1818.0,0.03295454545454546,0.05697674418604648,1795.7142857142858,1552.2,0.10779812654042492,market_bdi
2022-10-14,1838.0,0.011001100110010986,0.012114537444933848,1798.857142857143,1544.7666666666667,0.10770998790989542,market_bdi
2022-10-17,1843.0,0.002720348204570122,0.016547159404302292,1803.142857142857,1539.3,0.10758562488728675,market_bdi
2022-10-18,1875.0,0.01736299511665762,0.03763143331488661,1812.857142857143,1536.9666666666667,0.1074349646168874,market_bdi
2022-10-19,1871.0,-0.0021333333333333204,0.04002223457476384,1823.142857142857,1536.1666666666667,0.10729802485263056,market_bdi
2022-10-20,1837.0,-0.018172100481026243,0.04553215708594194,1834.5714285714287,1550.6,0.09521968437917865,market_bdi
2022-10-21,1819.0,-0.009798584648884057,0.033522727272727204,1843.0,1565.0,0.09519995706226485,market_bdi
2022-10-24,1797.0,-0.012094557449147891,-0.011551155115511524,1840.0,1578.4333333333334,0.09529866459529558,market_bdi
2022-10-25,1755.0,-0.023372287145242088,-0.04515778019586503,1828.142857142857,1592.9333333333334,0.09475071669827372,market_bdi
2022-10-26,1706.0,-0.02792022792022797,-0.07433532284319044,1808.5714285714287,1607.1666666666667,0.09470198342385087,market_bdi
2022-10-27,1612.0,-0.055099648300117265,-0.14026666666666665,1771.0,1618.5666666666666,0.09545950851478682,market_bdi
2022-10-28,1534.0,-0.048387096774193505,-0.18011758417958312,1722.857142857143,1627.3333333333333,0.0960716187380451,market_bdi
2022-10-31,1463.0,-0.04628422425032597,-0.20359281437125754,1669.4285714285713,1635.6666666666667,0.09608467644690556,market_bdi
2022-11-14,1325.0,-0.09432672590567326,-0.27157778999450244,1598.857142857143,1642.4,0.09676034598302032,market_bdi
2022-11-15,1300.0,-0.018867924528301883,-0.2765720645520312,1527.857142857143,1649.6666666666667,0.09652593481843728,market_bdi
2022-11-16,1288.0,-0.009230769230769265,-0.2660968660968661,1461.142857142857,1658.7,0.09569877531326954,market_bdi
2022-11-17,1228.0,-0.04658385093167705,-0.2801875732708089,1392.857142857143,1667.4666666666667,0.09559964550194242,market_bdi
2022-11-18,1189.0,-0.03175895765472314,-0.26240694789081886,1332.4285714285713,1660.1666666666667,0.04501052118605442,market_bdi
2022-11-21,1177.0,-0.010092514718250678,-0.2327249022164276,1281.4285714285713,1646.2333333333333,0.036765820196103326,market_bdi
2022-11-22,1149.0,-0.023789294817332163,-0.2146274777853725,1236.5714285714287,1630.8,0.03665447980365481,market_bdi
2022-11-23,1184.0,0.030461270670147922,-0.1064150943396226,1216.4285714285713,1618.5,0.03705562554746845,market_bdi
2022-11-24,1242.0,0.0489864864864864,-0.04461538461538461,1208.142857142857,1602.2666666666667,0.031164064220265426,market_bdi
2022-11-25,1324.0,0.06602254428341392,0.02795031055900621,1213.2857142857142,1588.2,0.03398817723906938,market_bdi
2022-11-28,1347.0,0.017371601208459264,0.09690553745928332,1230.2857142857142,1575.7666666666667,0.03429186596409531,market_bdi
2022-11-29,1327.0,-0.014847809948032697,0.11606391925988224,1250.0,1559.4666666666667,0.032150006059520383,market_bdi
2022-11-30,1355.0,0.02110022607385087,0.15123194562446907,1275.4285714285713,1544.2,0.0326161853067112,market_bdi
2022-12-13,1357.0,0.0014760147601475815,0.18102697998259365,1305.142857142857,1529.2,0.03265735228471994,market_bdi
2022-12-14,1401.0,0.0324244657332351,0.18327702702702697,1336.142857142857,1515.9333333333334,0.033516251520742175,market_bdi
2022-12-15,1528.0,0.0906495360456816,0.23027375201288236,1377.0,1508.3,0.037866835815920985,market_bdi
2022-12-16,1560.0,0.020942408376963373,0.17824773413897277,1410.7142857142858,1501.6333333333334,0.03812788830485899,market_bdi
2022-12-19,1548.0,-0.007692307692307665,0.1492204899777283,1439.4285714285713,1492.6333333333334,0.03751201748542249,market_bdi
2022-12-20,1596.0,0.03100775193798455,0.20271288620949512,1477.857142857143,1484.5666666666666,0.03797510353697297,market_bdi
2022-12-21,1723.0,0.07957393483709274,0.27158671586715877,1530.4285714285713,1480.5666666666666,0.04092184602275942,market_bdi
2022-12-22,1650.0,-0.04236796285548461,0.21591746499631537,1572.2857142857142,1473.0666666666666,0.04142565091151051,market_bdi
2022-12-23,1515.0,-0.08181818181818179,0.0813704496788008,1588.5714285714287,1461.2,0.043825017351410374,market_bdi
2023-01-13,946.0,-0.3755775577557756,-0.3808900523560209,1505.4285714285713,1431.5,0.08047713053553415,market_bdi
2023-01-16,946.0,0.0,-0.39358974358974363,1417.7142857142858,1402.4,0.08053141493066583,market_bdi
2023-01-17,921.0,-0.026427061310782207,-0.40503875968992253,1328.142857142857,1373.2,0.08053971226207389,market_bdi
2023-01-18,874.0,-0.05103148751357223,-0.45238095238095233,1225.0,1343.8333333333333,0.08075959719681926,market_bdi
2023-01-19,801.0,-0.08352402745995424,-0.5351131746952988,1093.2857142857142,1313.6666666666667,0.08160338190020233,market_bdi
2023-01-20,763.0,-0.04744069912609239,-0.5375757575757576,966.5714285714286,1285.3666666666666,0.08150469344301843,market_bdi
2023-01-23,740.0,-0.03014416775884665,-0.5115511551155115,855.8571428571429,1258.9,0.08135867438269562,market_bdi
2023-01-24,721.0,-0.025675675675675635,-0.2378435517970402,823.7142857142857,1234.1666666666667,0.08121649167935183,market_bdi
2023-01-25,703.0,-0.02496532593619971,-0.2568710359408034,789.0,1213.4333333333334,0.07998711977191751,market_bdi
2023-01-26,677.0,-0.0369843527738265,-0.26492942453854507,754.1428571428571,1192.6666666666667,0.08006957928420687,market_bdi
2023-01-27,676.0,-0.001477104874446078,-0.22654462242562934,725.8571428571429,1172.2666666666667,0.08011024486556217,market_bdi
2023-01-30,680.0,0.00591715976331364,-0.15106117353308368,708.5714285714286,1154.0,0.08002427223380318,market_bdi
2023-01-31,681.0,0.0014705882352941124,-0.10747051114023587,696.8571428571429,1137.0666666666666,0.08002367121467605,market_bdi
2023-02-13,616.0,-0.09544787077826722,-0.16756756756756752,679.1428571428571,1118.3666666666666,0.08136589803201555,market_bdi
2023-02-14,563.0,-0.08603896103896103,-0.21914008321775313,656.5714285714286,1098.8333333333333,0.08232274361978482,market_bdi
2023-02-15,541.0,-0.039076376554174064,-0.2304409672830725,633.4285714285714,1077.4,0.08184600471519726,market_bdi
2023-02-16,530.0,-0.020332717190388205,-0.21713441654357457,612.4285714285714,1053.6666666666667,0.08075023559668353,market_bdi
2023-02-17,538.0,0.015094339622641506,-0.20414201183431957,592.7142857142857,1027.4666666666667,0.07931286304550883,market_bdi
2023-02-20,552.0,0.026022304832713727,-0.18823529411764706,574.4285714285714,1000.9666666666667,0.07949074016532585,market_bdi
2023-02-21,594.0,0.07608695652173902,-0.1277533039647577,562.0,976.5333333333333,0.08161653729713918,market_bdi
2023-02-22,674.0,0.13468013468013473,0.0941558441558441,570.2857142857143,953.8333333333334,0.08621254510480927,market_bdi
2023-02-23,816.0,0.21068249258160243,0.4493783303730017,606.4285714285714,935.8,0.09582514864073925,market_bdi
2023-02-24,883.0,0.08210784313725483,0.6321626617375231,655.2857142857143,918.5333333333333,0.09703599259487743,market_bdi
2023-02-27,935.0,0.058890147225368006,0.7641509433962264,713.1428571428571,898.7666666666667,0.09606780129454341,market_bdi
2023-02-28,990.0,0.05882352941176472,0.8401486988847584,777.7142857142857,879.7666666666667,0.09675026162593764,market_bdi
2023-03-13,1465.0,0.4797979797979799,1.653985507246377,908.1428571428571,877.0,0.13173799244437936,market_bdi
2023-03-14,1587.0,0.08327645051194543,1.6717171717171717,1050.0,876.7,0.13241862152920655,market_bdi
2023-03-15,1603.0,0.0100819155639571,1.3783382789317509,1182.7142857142858,872.7,0.13173190533207302,market_bdi
2023-03-16,1560.0,-0.02682470368059886,0.911764705882353,1289.0,869.7,0.13156630595442695,market_bdi
2023-03-17,1535.0,-0.01602564102564108,0.738391845979615,1382.142857142857,870.3666666666667,0.13059088525139984,market_bdi
2023-03-20,1542.0,0.004560260586319309,0.6491978609625668,1468.857142857143,890.2333333333333,0.10863173342699224,market_bdi
2023-03-21,1512.0,-0.01945525291828798,0.5272727272727273,1543.4285714285713,909.1,0.10882058040801028,market_bdi
2023-03-22,1456.0,-0.03703703703703709,-0.006143344709897636,1542.142857142857,926.9333333333333,0.10899563395359924,market_bdi
2023-03-23,1484.0,0.019230769230769162,-0.06490233144297419,1527.4285714285713,947.2666666666667,0.10816395654775707,market_bdi
2023-03-24,1489.0,0.003369272237196741,-0.0711166562694947,1511.142857142857,970.2,0.1063743613965804,market_bdi
2023-03-27,1456.0,-0.022162525184687754,-0.06666666666666665,1496.2857142857142,993.3,0.10587611490915383,market_bdi
2023-03-28,1402.0,-0.03708791208791207,-0.0866449511400651,1477.2857142857142,1015.3666666666667,0.10601122557612848,market_bdi
2023-03-29,1407.0,0.003566333808844524,-0.08754863813229574,1458.0,1038.2333333333333,0.10565305676460746,market_bdi
2023-03-30,1403.0,-0.002842928216062579,-0.07208994708994709,1442.4285714285713,1061.5666666666666,0.10535445595116406,market_bdi
2023-03-31,1389.0,-0.009978617248752708,-0.046016483516483464,1432.857142857143,1085.3,0.10489653765860359,market_bdi
2023-04-13,1463.0,0.05327573794096474,-0.014150943396226467,1429.857142857143,1111.5333333333333,0.10483035993601728,market_bdi
2023-04-14,1435.0,-0.019138755980861233,-0.03626595030221624,1422.142857142857,1136.7,0.10513224207387888,market_bdi
2023-04-17,1412.0,-0.016027874564459976,-0.030219780219780223,1415.857142857143,1161.0666666666666,0.10534231930516047,market_bdi
2023-04-18,1368.0,-0.031161473087818692,-0.024251069900142697,1411.0,1186.1333333333334,0.10335720228063305,market_bdi
2023-04-19,1372.0,0.0029239766081872176,-0.02487562189054726,1406.0,1213.1,0.10112935777457364,market_bdi
2023-04-20,1432.0,0.0437317784256559,0.020669992872416332,1410.142857142857,1242.8,0.10018670141460671,market_bdi
2023-04-21,1504.0,0.05027932960893855,0.08279337652987762,1426.5714285714287,1275.2666666666667,0.09962270120589216,market_bdi
2023-04-24,1517.0,0.008643617021276695,0.03691045796308945,1434.2857142857142,1307.9,0.09968367135652798,market_bdi
2023-04-25,1510.0,-0.004614370468029039,0.05226480836236935,1445.0,1339.8333333333333,0.09997851061027388,market_bdi
2023-04-26,1536.0,0.017218543046357615,0.0878186968838528,1462.7142857142858,1371.2333333333333,0.09978383402372383,market_bdi
2023-04-27,1581.0,0.029296875,0.1557017543859649,1493.142857142857,1401.4666666666667,0.09803309080302368,market_bdi
2023-04-28,1576.0,-0.003162555344718543,0.14868804664723023,1522.2857142857142,1426.8,0.0922397224208685,market_bdi
2023-05-15,1522.0,-0.03426395939086291,0.06284916201117308,1535.142857142857,1448.1,0.09222189925875575,market_bdi
2023-05-16,1476.0,-0.030223390275952666,-0.018617021276595702,1531.142857142857,1466.1333333333334,0.09241343188895394,market_bdi
2023-05-17,1425.0,-0.03455284552845528,-0.060646011865524097,1518.0,1480.6333333333334,0.0925843726448284,market_bdi
2023-05-18,1402.0,-0.01614035087719301,-0.07152317880794701,1502.5714285714287,1478.5333333333333,0.029829382002530005,market_bdi
2023-05-19,1384.0,-0.012838801711840264,-0.09895833333333337,1480.857142857143,1471.7666666666667,0.02527482613277862,market_bdi
2023-05-22,1365.0,-0.013728323699422007,-0.13662239089184058,1450.0,1463.8333333333333,0.025183085988993673,market_bdi
2023-05-23,1348.0,-0.01245421245421241,-0.14467005076142136,1417.4285714285713,1456.7666666666667,0.024889363715298887,market_bdi
2023-05-24,1295.0,-0.03931750741839768,-0.14914586070959268,1385.0,1448.7666666666667,0.025612141205581345,market_bdi
2023-05-25,1215.0,-0.061776061776061764,-0.17682926829268297,1347.7142857142858,1437.8666666666666,0.02752069979207702,market_bdi
2023-05-26,1172.0,-0.03539094650205765,-0.17754385964912278,1311.5714285714287,1426.5333333333333,0.027909504565798545,market_bdi
2023-05-30,1123.0,-0.04180887372013653,-0.19900142653352348,1271.7142857142858,1415.4333333333334,0.028093226700021613,market_bdi
2023-05-31,977.0,-0.13000890471950133,-0.29407514450867056,1213.5714285714287,1398.5333333333333,0.03534016735112233,market_bdi
2023-06-13,1074.0,0.09928352098259974,-0.2131868131868132,1172.0,1384.7,0.040807643046326815,market_bdi
2023-06-14,1079.0,0.004655493482309092,-0.19955489614243327,1133.5714285714287,1372.1333333333334,0.040826105658151986,market_bdi
2023-06-15,1094.0,0.013901760889712733,-0.1552123552123552,1104.857142857143,1361.8666666666666,0.04068280853582519,market_bdi
2023-06-16,1076.0,-0.01645338208409508,-0.11440329218106993,1085.0,1350.8333333333333,0.0406605406625249,market_bdi
2023-06-19,1065.0,-0.010223048327137496,-0.09129692832764502,1069.7142857142858,1339.5666666666666,0.04065002993299937,market_bdi
2023-06-20,1078.0,0.012206572769952961,-0.040071237756010736,1063.2857142857142,1329.2,0.04082053957133961,market_bdi
2023-06-21,1138.0,0.0556586270871986,0.16479017400204699,1086.2857142857142,1318.3666666666666,0.04094519690339197,market_bdi
2023-06-22,1216.0,0.06854130052724083,0.13221601489757906,1106.5714285714287,1311.0666666666666,0.04315655641973494,market_bdi
2023-06-23,1240.0,0.019736842105263053,0.1492122335495829,1129.5714285714287,1305.3333333333333,0.043323461477846464,market_bdi
2023-06-26,1233.0,-0.005645161290322553,0.1270566727605118,1149.4285714285713,1300.8333333333333,0.043009002703759694,market_bdi
2023-06-27,1183.0,-0.04055150040551503,0.09944237918215615,1164.7142857142858,1294.5333333333333,0.04354725135435185,market_bdi
2023-06-28,1138.0,-0.03803888419273038,0.06854460093896719,1175.142857142857,1284.7333333333333,0.04301241675539089,market_bdi
2023-06-29,1112.0,-0.02284710017574687,0.03153988868274582,1180.0,1271.6666666666667,0.04172324697484904,market_bdi
2023-06-30,1091.0,-0.01888489208633093,-0.041300527240773266,1173.2857142857142,1257.4666666666667,0.04162070806596678,market_bdi
2023-07-13,1103.0,0.010999083409715782,-0.09292763157894735,1157.142857142857,1243.9,0.041788701695113346,market_bdi
2023-07-14,1090.0,-0.011786038077969185,-0.12096774193548387,1135.7142857142858,1229.0333333333333,0.041482182055697446,market_bdi
2023-07-17,1073.0,-0.015596330275229331,-0.129764801297648,1112.857142857143,1212.1,0.04080015574869543,market_bdi
2023-07-18,1037.0,-0.033550792171481825,-0.12341504649196955,1092.0,1194.1333333333334,0.04094952535212711,market_bdi
2023-07-19,1004.0,-0.03182256509161041,-0.11775043936731111,1072.857142857143,1176.8666666666666,0.040908290284117084,market_bdi
2023-07-20,977.0,-0.02689243027888444,-0.12140287769784175,1053.5714285714287,1160.2333333333333,0.04086430214849889,market_bdi
2023-07-21,978.0,0.0010235414534287557,-0.10357470210815767,1037.4285714285713,1145.3333333333333,0.04072858166773395,market_bdi
2023-07-24,967.0,-0.011247443762781195,-0.12330009066183134,1018.0,1130.8333333333333,0.04071981035243648,market_bdi
2023-07-25,962.0,-0.005170630816959676,-0.11743119266055047,999.7142857142857,1116.7666666666667,0.040735149955293995,market_bdi
2023-07-26,1067.0,0.10914760914760913,-0.005591798695246952,998.8571428571429,1106.8333333333333,0.04627683802147108,market_bdi
2023-07-27,1097.0,0.028116213683224034,0.057859209257473454,1007.4285714285714,1098.4666666666667,0.04670709342006234,market_bdi
2023-07-28,1110.0,0.01185050136736554,0.1055776892430278,1022.5714285714286,1092.3,0.04637366564094466,market_bdi
2023-07-31,1127.0,0.015315315315315381,0.15353121801432956,1044.0,1089.3666666666666,0.04518739638067213,market_bdi
2023-08-14,1135.0,0.00709849157054121,0.1605316973415134,1066.4285714285713,1088.1333333333334,0.044752826615033756,market_bdi
2023-08-15,1166.0,0.027312775330396555,0.20579110651499488,1094.857142857143,1089.5666666666666,0.04430855271118739,market_bdi
2023-08-16,1233.0,0.05746140651801035,0.28170478170478175,1133.5714285714287,1098.1,0.037754061456861075,market_bdi
2023-08-17,1247.0,0.011354420113544261,0.16869728209934398,1159.2857142857142,1103.8666666666666,0.03364944770383707,market_bdi
2023-08-18,1237.0,-0.008019246190858031,0.1276207839562442,1179.2857142857142,1109.1333333333334,0.03374015431519439,market_bdi
2023-08-21,1223.0,-0.011317704122877914,0.10180180180180187,1195.4285714285713,1113.4333333333334,0.03382735238080096,market_bdi
2023-08-22,1194.0,-0.023712183156173294,0.05944986690328302,1205.0,1117.3666666666666,0.034006101869196566,market_bdi
2023-08-23,1151.0,-0.03601340033500833,0.014096916299559448,1207.2857142857142,1120.2333333333333,0.03469747488451753,market_bdi
2023-08-24,1110.0,-0.035621198957428324,-0.0480274442538593,1199.2857142857142,1121.3,0.03535981769315037,market_bdi
2023-08-25,1080.0,-0.027027027027026973,-0.12408759124087587,1177.4285714285713,1119.3666666666666,0.03420142545501293,market_bdi
2023-08-29,1107.0,0.02499999999999991,-0.11226944667201288,1157.4285714285713,1115.7333333333333,0.03199267263599799,market_bdi
2023-08-30,1094.0,-0.011743450767841002,-0.11560226354082459,1137.0,1110.8666666666666,0.03174860777489912,market_bdi
2023-08-31,1086.0,-0.007312614259597838,-0.1120196238757154,1117.4285714285713,1105.9666666666667,0.03175360131483613,market_bdi
2023-09-13,1290.0,0.18784530386740328,0.08040201005025116,1131.142857142857,1109.5333333333333,0.046555733656108655,market_bdi
2023-09-14,1340.0,0.03875968992248069,0.1642050390964378,1158.142857142857,1116.2666666666667,0.04628282871640556,market_bdi
2023-09-15,1381.0,0.030597014925373145,0.2441441441441441,1196.857142857143,1125.2333333333333,0.04614566049591144,market_bdi
2023-09-18,1439.0,0.04199855177407685,0.3324074074074075,1248.142857142857,1136.8333333333333,0.04625184623537149,market_bdi
2023-09-19,1526.0,0.06045865184155663,0.3785004516711834,1308.0,1150.9333333333334,0.047152747102133435,market_bdi
2023-09-20,1584.0,0.038007863695937116,0.44789762340036554,1378.0,1167.4,0.04716721832736305,market_bdi
2023-09-21,1569.0,-0.009469696969697017,0.44475138121546953,1447.0,1183.9333333333334,0.04704981816887677,market_bdi
2023-09-22,1593.0,0.015296367112810794,0.23488372093023258,1490.2857142857142,1202.4666666666667,0.04619397095024704,market_bdi
2023-09-25,1614.0,0.013182674199623268,0.20447761194029845,1529.4285714285713,1222.8,0.04533104806799048,market_bdi
2023-09-26,1694.0,0.049566294919454856,0.22664735698769012,1574.142857142857,1246.7,0.044933027643311155,market_bdi
2023-09-27,1752.0,0.03423848878394331,0.2175121612230715,1618.857142857143,1272.5,0.04487315837871192,market_bdi
2023-09-28,1716.0,-0.020547945205479423,0.1245085190039319,1646.0,1297.4666666666667,0.045131666063371115,market_bdi
2023-09-29,1701.0,-0.00874125874125875,0.07386363636363646,1662.7142857142858,1322.1,0.045205587489930615,market_bdi
2023-10-13,1945.0,0.14344503233392114,0.23964308476736784,1716.4285714285713,1351.3666666666666,0.04788921541946224,market_bdi
2023-10-16,1972.0,0.013881748071979505,0.23791588198367863,1770.5714285714287,1380.5333333333333,0.047889315411523345,market_bdi
2023-10-17,2058.0,0.043610547667342736,0.275092936802974,1834.0,1412.1333333333334,0.04803613015263964,market_bdi
2023-10-18,2105.0,0.022837706511176004,0.24262101534828817,1892.7142857142858,1444.7333333333333,0.048020581033593066,market_bdi
2023-10-19,2071.0,-0.016152019002375284,0.18207762557077634,1938.2857142857142,1475.9333333333334,0.04845637011727644,market_bdi
2023-10-20,2046.0,-0.012071463061323007,0.1923076923076923,1985.4285714285713,1505.2666666666667,0.04882016106713666,market_bdi
2023-10-23,2017.0,-0.014173998044965774,0.18577307466196347,2030.5714285714287,1531.4,0.048676021062152165,market_bdi
2023-10-24,1949.0,-0.03371343579573627,0.0020565552699229883,2031.142857142857,1554.8,0.04956296087537518,market_bdi
2023-10-25,1832.0,-0.06003078501795789,-0.07099391480730222,2011.142857142857,1574.6333333333334,0.05131458766312788,market_bdi
2023-10-26,1662.0,-0.09279475982532748,-0.19241982507288635,1954.5714285714287,1589.2666666666667,0.054761376834951504,market_bdi
2023-10-27,1563.0,-0.05956678700361007,-0.25748218527315914,1877.142857142857,1601.5666666666666,0.05593844495489674,market_bdi
2023-10-30,1502.0,-0.03902751119641712,-0.27474649927571226,1795.857142857143,1613.2666666666667,0.05602742624591742,market_bdi
2023-10-31,1459.0,-0.028628495339547255,-0.2869012707722385,1712.0,1624.9,0.05584378956271671,market_bdi
2023-11-13,1655.0,0.13433858807402332,-0.17947446703024295,1660.2857142857142,1644.0666666666666,0.05973152024968955,market_bdi
2023-11-14,1662.0,0.004229607250755274,-0.14725500256541812,1619.2857142857142,1662.5666666666666,0.059743614004966535,market_bdi
2023-11-15,1688.0,0.01564380264741283,-0.0786026200873362,1598.7142857142858,1682.3666666666666,0.059525332958617616,market_bdi
2023-11-16,1758.0,0.041469194312796276,0.05776173285198549,1612.4285714285713,1704.7666666666667,0.05952745294777649,market_bdi
2023-11-17,1820.0,0.03526734926052333,0.16442738323736394,1649.142857142857,1722.4333333333334,0.05030276868749013,market_bdi
2023-11-20,1817.0,-0.0016483516483516425,0.20972037283621847,1694.142857142857,1738.3333333333333,0.050122430286545006,market_bdi
2023-11-21,1796.0,-0.011557512383049029,0.23098012337217266,1742.2857142857142,1752.1666666666667,0.050156092300712295,market_bdi
2023-11-22,1755.0,-0.02282850779510026,0.06042296072507547,1756.5714285714287,1762.7,0.05012545538992698,market_bdi
2023-11-23,1855.0,0.056980056980056926,0.11612515042117932,1784.142857142857,1773.6666666666667,0.050003358167797704,market_bdi
2023-11-24,2102.0,0.1331536388140162,0.24526066350710907,1843.2857142857142,1790.9333333333334,0.05478099317056546,market_bdi
2023-11-27,2259.0,0.07469077069457652,0.2849829351535835,1914.857142857143,1813.9333333333334,0.055847869175797635,market_bdi
2023-11-28,2391.0,0.05843293492695878,0.31373626373626373,1996.4285714285713,1840.5333333333333,0.056443100400441995,market_bdi
2023-11-29,2696.0,0.12756168966959436,0.4837644468904787,2122.0,1876.6,0.0600554488698043,market_bdi
2023-11-30,2937.0,0.08939169139465886,0.6353006681514477,2285.0,1918.0333333333333,0.061185569577134086,market_bdi
2023-12-13,2438.0,-0.16990125978890025,0.3891737891737892,2382.5714285714284,1940.9,0.070256145237459,market_bdi
2023-12-14,2411.0,-0.011074651353568554,0.2997304582210243,2462.0,1964.0666666666666,0.07011921558180073,market_bdi
2023-12-15,2348.0,-0.026130236416424757,0.11703139866793522,2497.1428571428573,1985.6333333333334,0.0703830729275501,market_bdi
2023-12-18,2288.0,-0.02555366269165249,0.012837538733952991,2501.285714285714,1997.0666666666666,0.06623924089675672,market_bdi
2023-12-19,2219.0,-0.03015734265734271,-0.0719364282726892,2476.714285714286,2005.3,0.06658129010608885,market_bdi
2023-12-20,2150.0,-0.03109508787742221,-0.20252225519287836,2398.714285714286,2008.3666666666666,0.06652647173191498,market_bdi
2023-12-21,2087.0,-0.02930232558139534,-0.2894109635682669,2277.285714285714,2007.7666666666667,0.0666873424689843,market_bdi
2023-12-22,2094.0,0.0033540967896501517,-0.14109926168990972,2228.1428571428573,2008.5333333333333,0.06660072170456723,market_bdi
2024-01-15,1360.0,-0.35052531041069723,-0.4359187059311489,2078.0,1985.6666666666667,0.09270569070820382,market_bdi
2024-01-16,1324.0,-0.026470588235294135,-0.43611584327086883,1931.7142857142858,1962.5666666666666,0.09275756235281975,market_bdi
2024-01-17,1308.0,-0.012084592145015116,-0.42832167832167833,1791.7142857142858,1941.2,0.09264431125501463,market_bdi
2024-01-18,1357.0,0.03746177370030579,-0.38846327174402884,1668.5714285714287,1925.3666666666666,0.09248279222031841,market_bdi
2024-01-19,1503.0,0.10759027266027998,-0.30093023255813955,1576.142857142857,1920.0666666666666,0.09317285330189112,market_bdi
2024-01-22,1518.0,0.009980039920159722,-0.2726401533301389,1494.857142857143,1918.5666666666666,0.09246440982753598,market_bdi
2024-01-23,1473.0,-0.029644268774703608,-0.2965616045845272,1406.142857142857,1917.6,0.09233036807782306,market_bdi
2024-01-24,1507.0,0.02308214528173802,0.10808823529411771,1427.142857142857,1919.2,0.09218090142732911,market_bdi
2024-01-25,1499.0,-0.005308560053085554,0.1321752265861027,1452.142857142857,1914.0,0.08893614806119383,market_bdi
2024-01-26,1518.0,0.012675116744496284,0.16055045871559637,1482.142857142857,1909.2,0.08895954058242507,market_bdi
2024-01-29,1460.0,-0.03820816864295129,0.07590272660280029,1496.857142857143,1901.6,0.08920620498868692,market_bdi
2024-01-30,1397.0,-0.043150684931506866,-0.07052561543579505,1481.7142857142858,1889.5666666666666,0.089176229786405,market_bdi
2024-01-31,1398.0,0.0007158196134573469,-0.07905138339920947,1464.5714285714287,1875.5,0.0888853698688155,market_bdi
2024-02-13,1585.0,0.13376251788268956,0.07603530210454856,1480.5714285714287,1867.7666666666667,0.09239455120838184,market_bdi
2024-02-14,1582.0,-0.0018927444794952786,0.049767750497677454,1491.2857142857142,1860.6333333333334,0.09236900693152474,market_bdi
2024-02-15,1581.0,-0.0006321112515802474,0.05470313542361582,1503.0,1854.8333333333333,0.09226439947227563,market_bdi
2024-02-16,1610.0,0.01834282099936746,0.06060606060606055,1516.142857142857,1846.6666666666667,0.09172784795610858,market_bdi
2024-02-19,1629.0,0.011801242236024745,0.11575342465753424,1540.2857142857142,1830.9,0.08826231822524988,market_bdi
2024-02-20,1632.0,0.0018416206261511192,0.16821760916249096,1573.857142857143,1810.0,0.08701381970645837,market_bdi
2024-02-21,1676.0,0.026960784313725394,0.19885550786838335,1613.5714285714287,1786.1666666666667,0.0863914052503438,market_bdi
2024-02-22,1752.0,0.04534606205250591,0.10536277602523669,1637.4285714285713,1754.7,0.08320263599650365,market_bdi
2024-02-23,1866.0,0.06506849315068486,0.17951959544879892,1678.0,1719.0,0.0823114813933793,market_bdi
2024-02-26,1871.0,0.002679528403001008,0.18342820999367482,1719.4285714285713,1700.1,0.07666792747482098,market_bdi
2024-02-27,1899.0,0.014965259219668736,0.17950310559006222,1760.7142857142858,1683.0333333333333,0.07674827092382032,market_bdi
2024-02-28,2041.0,0.07477619799894675,0.2529158993247391,1819.5714285714287,1672.8,0.07796835915469241,market_bdi
2024-02-29,2111.0,0.03429691327780504,0.29350490196078427,1888.0,1666.9,0.07808724631688768,market_bdi
2024-03-13,2370.0,0.12269066792989114,0.41408114558472553,1987.142857142857,1671.9333333333334,0.08092747670126846,market_bdi
2024-03-14,2350.0,-0.008438818565400852,0.341324200913242,2072.5714285714284,1678.6,0.08067498779406983,market_bdi
2024-03-15,2374.0,0.010212765957446912,0.272240085744909,2145.1428571428573,1688.1666666666667,0.08038857109326487,market_bdi
2024-03-18,2419.0,0.01895534962089296,0.2928915018706575,2223.4285714285716,1699.0,0.08040766221607766,market_bdi
2024-03-19,2392.0,-0.011161637040099204,0.2596103212216956,2293.8571428571427,1733.4,0.04359018026034775,market_bdi
2024-03-20,2284.0,-0.04515050167224077,0.11905928466438032,2328.5714285714284,1765.4,0.04440089151239857,market_bdi
2024-03-21,2240.0,-0.019264448336252182,0.06110847939365227,2347.0,1796.4666666666667,0.04459454872679291,market_bdi
2024-03-22,2196.0,-0.019642857142857184,-0.07341772151898729,2322.1428571428573,1824.4333333333334,0.04499678932352921,market_bdi
2024-03-25,2123.0,-0.033242258652094736,-0.09659574468085108,2289.714285714286,1845.1,0.042509099782839566,market_bdi
2024-03-26,1989.0,-0.06311822892133778,-0.16217354675652906,2234.714285714286,1860.8,0.044692337850074,market_bdi
2024-03-27,1845.0,-0.07239819004524883,-0.23728813559322037,2152.714285714286,1873.2,0.04663862049635703,market_bdi
2024-03-28,1821.0,-0.013008130081300862,-0.23871237458193983,2071.1428571428573,1883.6666666666667,0.04671630216124753,market_bdi
2024-04-15,1730.0,-0.049972542559033495,-0.24255691768826615,1992.0,1891.3666666666666,0.0478319741638067,market_bdi
2024-04-16,1779.0,0.02832369942196533,-0.20580357142857142,1926.142857142857,1900.0666666666666,0.047993905477871676,market_bdi
2024-04-17,1844.0,0.0365373805508713,-0.16029143897996356,1875.857142857143,1912.8666666666666,0.0475372361241077,market_bdi
2024-04-18,1901.0,0.030911062906724407,-0.10456900612341025,1844.142857142857,1929.6666666666667,0.04665729092483819,market_bdi
2024-04-19,1919.0,0.009468700683850528,-0.0351935646053293,1834.142857142857,1947.0333333333333,0.04661589840429016,market_bdi
2024-04-22,1882.0,-0.019280875455966684,0.020054200542005463,1839.4285714285713,1956.9333333333334,0.04080137557140413,market_bdi
2024-04-23,1804.0,-0.0414452709883103,-0.009335529928610642,1837.0,1964.3333333333333,0.04171188153203867,market_bdi
2024-04-24,1774.0,-0.016629711751662946,0.025433526011560792,1843.2857142857142,1970.7666666666667,0.04189107121406431,market_bdi
2024-04-25,1743.0,-0.01747463359639234,-0.0202360876897133,1838.142857142857,1975.2,0.04199854084865522,market_bdi
2024-04-26,1721.0,-0.012621916236374098,-0.06670281995661609,1820.5714285714287,1978.2666666666667,0.04206847014739276,market_bdi
2024-04-29,1684.0,-0.02149912841371293,-0.11415044713308786,1789.5714285714287,1980.0,0.04229957264720666,market_bdi
2024-04-30,1685.0,0.000593824228028561,-0.12193850964043773,1756.142857142857,1980.3,0.04203388457480608,market_bdi
2024-05-13,2066.0,0.22611275964391697,0.0977683315621678,1782.4285714285713,1990.7666666666667,0.05838421847785393,market_bdi
2024-05-14,1993.0,-0.03533397870280741,0.10476718403547669,1809.4285714285713,1995.0,0.057818177872466146,market_bdi
2024-05-15,1889.0,-0.052182639237330686,0.06482525366403613,1825.857142857143,1995.6,0.05871210499074189,market_bdi
2024-05-16,1817.0,-0.038115404976177825,0.042455536431440066,1836.4285714285713,1992.8666666666666,0.05910225688326222,market_bdi
2024-05-17,1844.0,0.014859658778205942,0.0714700755374782,1854.0,1986.3,0.0574817710381657,market_bdi
2024-05-20,1847.0,0.0016268980477223138,0.09679334916864613,1877.2857142857142,1977.5,0.05708042445187757,market_bdi
2024-05-21,1829.0,-0.009745533297238818,0.08545994065281892,1897.857142857143,1959.4666666666667,0.051912570803327084,market_bdi
2024-05-22,1804.0,-0.013668671405139388,-0.1268151016456922,1860.4285714285713,1941.2666666666667,0.05192494489076978,market_bdi
2024-05-23,1796.0,-0.0044345898004434225,-0.09884596086302055,1832.2857142857142,1922.0,0.051820646002018016,market_bdi
2024-05-24,1797.0,0.000556792873051215,-0.04870301746956063,1819.142857142857,1901.2666666666667,0.05159821238268656,market_bdi
2024-05-28,1784.0,-0.0072342793544797335,-0.018161805173362633,1814.4285714285713,1881.0,0.051596681147143206,market_bdi
2024-05-29,1790.0,0.0033632286995515237,-0.029284164859002204,1806.7142857142858,1864.5333333333333,0.051168449309161555,market_bdi
2024-05-30,1801.0,0.0061452513966480105,-0.024905251759610225,1800.142857142857,1849.9,0.0511675739799504,market_bdi
2024-05-31,1815.0,0.007773459189339249,-0.007654455986878084,1798.142857142857,1837.2,0.05116190786507576,market_bdi
2024-06-13,1942.0,0.06997245179063372,0.0764966740576496,1817.857142857143,1831.1666666666667,0.05265769083744408,market_bdi
2024-06-14,1948.0,0.003089598352214118,0.08463251670378624,1839.5714285714287,1829.8,0.05136778127160567,market_bdi
2024-06-17,1948.0,0.0,0.08402893711741788,1861.142857142857,1833.2333333333333,0.049492471489085595,market_bdi
2024-06-18,1961.0,0.006673511293634471,0.09921524663677128,1886.4285714285713,1837.9,0.04940483918983119,market_bdi
2024-06-19,1943.0,-0.009178990311065838,0.08547486033519558,1908.2857142857142,1845.0,0.04843287430175099,market_bdi
2024-06-20,1984.0,0.021101389603705556,0.10161021654636304,1934.4285714285713,1851.8333333333333,0.04833029713084644,market_bdi
2024-06-21,1997.0,0.0065524193548387455,0.10027548209366399,1960.4285714285713,1856.9333333333334,0.047957033744130406,market_bdi
2024-06-24,1973.0,-0.012018027040560875,0.01596292481977346,1964.857142857143,1859.3333333333333,0.047756072029543,market_bdi
2024-06-25,1926.0,-0.023821591485048144,-0.011293634496919891,1961.7142857142858,1859.5666666666666,0.04796847223352445,market_bdi
2024-06-26,1964.0,0.019730010384215957,0.008213552361396204,1964.0,1862.3,0.047924980989442395,market_bdi
2024-06-27,2031.0,0.034114052953156726,0.03569607343192249,1974.0,1869.8666666666666,0.04752371978208571,market_bdi
2024-06-28,2050.0,0.009354997538158605,0.05506948018528046,1989.2857142857142,1879.0666666666666,0.04735346297866406,market_bdi
2024-07-15,1993.0,-0.027804878048780513,0.004536290322580738,1990.5714285714287,1887.4,0.04756570254734731,market_bdi
2024-07-16,1942.0,-0.025589563472152577,-0.027541311967951954,1982.7142857142858,1894.7666666666667,0.047794112672916444,market_bdi
2024-07-17,1890.0,-0.026776519052523207,-0.04206791687785094,1970.857142857143,1901.6333333333334,0.04790471985512595,market_bdi
2024-07-18,1912.0,0.011640211640211673,-0.007268951194184803,1968.857142857143,1909.2,0.04791327260705306,market_bdi
2024-07-19,1902.0,-0.005230125523012608,-0.031568228105906315,1960.0,1903.7333333333333,0.023568592096987955,market_bdi
2024-07-22,1896.0,-0.003154574132492094,-0.06646971935007384,1940.7142857142858,1900.5,0.022739771830884926,market_bdi
2024-07-23,1869.0,-0.014240506329113889,-0.08829268292682924,1914.857142857143,1899.8333333333333,0.020790291370191744,market_bdi
2024-07-24,1864.0,-0.002675227394328572,-0.06472654290015056,1896.4285714285713,1901.4,0.019527074095941926,market_bdi
2024-07-25,1834.0,-0.016094420600858417,-0.05561277033985579,1881.0,1901.0666666666666,0.01958897185435438,market_bdi
2024-07-26,1808.0,-0.014176663031624903,-0.04338624338624342,1869.2857142857142,1899.7666666666667,0.019755523744336156,market_bdi
2024-07-29,1797.0,-0.006084070796460228,-0.06014644351464438,1852.857142857143,1898.7,0.019707853789878497,market_bdi
2024-07-30,1762.0,-0.01947690595436835,-0.0736067297581493,1832.857142857143,1897.3,0.01987051797621767,market_bdi
2024-07-31,1708.0,-0.030646992054483513,-0.09915611814345993,1806.0,1894.3666666666666,0.020607694653785702,market_bdi
2024-08-13,1670.0,-0.022248243559718994,-0.10647405029427504,1777.5714285714287,1890.1333333333334,0.020948107048615775,market_bdi
2024-08-14,1728.0,0.03473053892215572,-0.07296137339055797,1758.142857142857,1888.2666666666667,0.02197829984976927,market_bdi
2024-08-15,1692.0,-0.02083333333333337,-0.07742639040348964,1737.857142857143,1885.0,0.022261173693513468,market_bdi
2024-08-16,1691.0,-0.0005910165484633856,-0.06471238938053092,1721.142857142857,1881.3333333333333,0.022213870833224823,market_bdi
2024-08-19,1708.0,0.010053222945002993,-0.04952698942682243,1708.4285714285713,1877.7666666666667,0.02225184249077849,market_bdi
2024-08-20,1735.0,0.015807962529273967,-0.015323496027241812,1704.5714285714287,1870.8666666666666,0.01802440066978901,market_bdi
2024-08-21,1759.0,0.01383285302593662,0.029859484777517542,1711.857142857143,1864.5666666666666,0.018266844113027134,market_bdi
2024-08-22,1768.0,0.0051165434906197405,0.05868263473053892,1725.857142857143,1858.5666666666666,0.01832189269380482,market_bdi
2024-08-23,1762.0,-0.0033936651583710287,0.01967592592592582,1730.7142857142858,1851.9333333333334,0.018229346118262473,market_bdi
2024-08-27,1721.0,-0.02326901248581159,0.017139479905437405,1734.857142857143,1844.5333333333333,0.018561849080241534,market_bdi
2024-08-28,1755.0,0.01975595583962808,0.03784742755765813,1744.0,1836.9,0.018500960779515647,market_bdi
2024-08-29,1827.0,0.0410256410256411,0.069672131147541,1761.0,1831.2333333333333,0.02016888264410647,market_bdi
2024-08-30,1814.0,-0.007115489874110592,0.04553314121037455,1772.2857142857142,1825.9333333333334,0.020111107274572347,market_bdi
2024-09-13,1890.0,0.04189636163175314,0.07447413303013084,1791.0,1824.7333333333333,0.02126606286257231,market_bdi
2024-09-16,1896.0,0.0031746031746031633,0.07239819004524883,1809.2857142857142,1822.4666666666667,0.020937644264194963,market_bdi
2024-09-17,1901.0,0.0026371308016877038,0.07888762769580016,1829.142857142857,1818.1333333333334,0.019881269019985614,market_bdi
2024-09-18,1890.0,-0.005786428195686533,0.09819872167344568,1853.2857142857142,1812.8,0.01977464514898758,market_bdi
2024-09-19,1976.0,0.04550264550264549,0.125925925925926,1884.857142857143,1812.2333333333333,0.021031478801437378,market_bdi
2024-09-20,1977.0,0.0005060728744938903,0.08210180623973717,1906.2857142857142,1813.4,0.020471969085205755,market_bdi
2024-09-23,1999.0,0.011127971674253834,0.10198456449834614,1932.7142857142858,1817.0333333333333,0.019872474144148358,market_bdi
2024-09-24,2014.0,0.007503751875937992,0.06560846560846567,1950.4285714285713,1820.4333333333334,0.019817984513351854,market_bdi
2024-09-25,2016.0,0.0009930486593843213,0.06329113924050622,1967.5714285714287,1824.2333333333333,0.019773060883757184,market_bdi
2024-09-26,2091.0,0.03720238095238093,0.09994739610731185,1994.7142857142858,1830.7333333333333,0.020749873066859183,market_bdi
2024-09-27,2110.0,0.009086561453849784,0.1164021164021165,2026.142857142857,1838.7666666666667,0.020498692615591823,market_bdi
2024-09-30,2084.0,-0.012322274881516604,0.054655870445344146,2041.5714285714287,1846.1,0.020685922780308588,market_bdi
2024-10-14,1814.0,-0.12955854126679467,-0.08244815376833581,2018.2857142857142,1845.4333333333334,0.03183930687049393,market_bdi
2024-10-15,1766.0,-0.026460859977949336,-0.11655827913956973,1985.0,1844.0333333333333,0.032107747746237904,market_bdi
2024-10-16,1676.0,-0.05096262740656854,-0.1678252234359484,1936.7142857142858,1840.0,0.033407575264939725,market_bdi
2024-10-17,1594.0,-0.04892601431980903,-0.20932539682539686,1876.4285714285713,1834.4,0.034365141103880587,market_bdi
2024-10-18,1576.0,-0.01129234629861986,-0.24629363940698235,1802.857142857143,1830.0,0.034002905784297176,market_bdi
2024-10-21,1546.0,-0.019035532994923887,-0.2672985781990521,1722.2857142857142,1825.8666666666666,0.03394224584618757,market_bdi
2024-10-22,1480.0,-0.04269081500646832,-0.289827255278311,1636.0,1817.6,0.03399751986248964,market_bdi
2024-10-23,1445.0,-0.023648648648648685,-0.2034178610804851,1583.2857142857142,1809.3666666666666,0.03404781621273258,market_bdi
2024-10-24,1417.0,-0.01937716262975775,-0.19762174405436017,1533.4285714285713,1800.2333333333333,0.03414300345834992,market_bdi
2024-10-25,1410.0,-0.004940014114325986,-0.1587112171837709,1495.4285714285713,1790.3,0.034020224148092186,market_bdi
2024-10-28,1382.0,-0.019858156028368823,-0.13299874529485567,1465.142857142857,1778.5333333333333,0.03386237186850875,market_bdi
2024-10-29,1402.0,0.01447178002894356,-0.11040609137055835,1440.2857142857142,1766.6333333333334,0.03387610884154646,market_bdi
2024-10-30,1395.0,-0.004992867332382356,-0.09767141009055624,1418.7142857142858,1754.2,0.03380209213759189,market_bdi
2024-10-31,1388.0,-0.00501792114695343,-0.06216216216216219,1405.5714285714287,1741.7333333333333,0.033796933899702813,market_bdi
2024-11-13,1630.0,0.17435158501440928,0.12802768166089962,1432.0,1738.7,0.04719121110613772,market_bdi
2024-11-14,1692.0,0.03803680981595092,0.19407198306280882,1471.2857142857142,1736.6,0.04758165012769239,market_bdi
2024-11-15,1785.0,0.054964539007092306,0.26595744680851063,1524.857142857143,1735.2,0.048063199603493915,market_bdi
2024-11-18,1756.0,-0.01624649859943983,0.27062228654124465,1578.2857142857142,1733.2666666666667,0.048140730229002685,market_bdi
2024-11-19,1627.0,-0.07346241457858771,0.16048502139800291,1610.4285714285713,1724.5,0.04927362161342287,market_bdi
2024-11-20,1616.0,-0.006760909649661917,0.15842293906810045,1642.0,1715.1666666666667,0.04925827760321677,market_bdi
2024-11-21,1576.0,-0.024752475247524774,0.13544668587896247,1668.857142857143,1704.3333333333333,0.04938152584700252,market_bdi
2024-11-22,1537.0,-0.024746192893400965,-0.057055214723926384,1655.5714285714287,1692.5666666666666,0.04951205513121014,market_bdi
2024-11-25,1529.0,-0.005204944697462577,-0.09633569739952719,1632.2857142857142,1677.6666666666667,0.04855983104122716,market_bdi
2024-11-26,1581.0,0.034009156311314515,-0.11428571428571432,1603.142857142857,1664.4666666666667,0.04912983641277646,market_bdi
2024-11-27,1509.0,-0.04554079696394686,-0.14066059225512528,1567.857142857143,1648.1333333333334,0.04952512336690681,market_bdi
2024-11-28,1419.0,-0.05964214711729621,-0.12784265519360782,1538.142857142857,1628.3,0.05030338174702566,market_bdi
2024-11-29,1354.0,-0.04580690627202255,-0.16212871287128716,1500.7142857142858,1606.2333333333333,0.050661930214352495,market_bdi
2024-12-13,1051.0,-0.22378138847858198,-0.33312182741116747,1425.7142857142858,1571.5666666666666,0.06286482642525296,market_bdi
2024-12-16,1071.0,0.01902949571836343,-0.30318802862719585,1359.142857142857,1536.9333333333334,0.06305304624294415,market_bdi
2024-12-17,1053.0,-0.01680672268907568,-0.3113145846958797,1291.142857142857,1502.5666666666666,0.06303869988201158,market_bdi
2024-12-18,1028.0,-0.023741690408357052,-0.34977862112586966,1212.142857142857,1476.3666666666666,0.05959156484563913,market_bdi
2024-12-19,976.0,-0.05058365758754868,-0.3532140490390987,1136.0,1450.0333333333333,0.059886190303939935,market_bdi
2024-12-20,990.0,0.014344262295082011,-0.3023255813953488,1074.7142857142858,1427.1666666666667,0.05982477220083726,market_bdi
2024-12-23,994.0,0.004040404040404066,-0.26587887740029537,1023.2857142857143,1407.1666666666667,0.059588087324777606,market_bdi
2024-12-24,997.0,0.003018108651911433,-0.05137963843958138,1015.5714285714286,1387.8666666666666,0.05966626995644314,market_bdi
2025-01-13,1093.0,0.0962888665997994,0.020541549953314586,1018.7142857142857,1372.7666666666667,0.06291370526274004,market_bdi
2025-01-14,1080.0,-0.011893870082342217,0.02564102564102555,1022.5714285714286,1359.4333333333334,0.06260397626976953,market_bdi
2025-01-15,1063.0,-0.015740740740740722,0.03404669260700399,1027.5714285714287,1346.7,0.06255451266084856,market_bdi
2025-01-16,1023.0,-0.03762935089369712,0.04815573770491799,1034.2857142857142,1333.5666666666666,0.06275529400254316,market_bdi
2025-01-17,987.0,-0.035190615835777095,-0.00303030303030305,1033.857142857143,1319.4666666666667,0.0629335838747982,market_bdi
2025-01-20,957.0,-0.03039513677811545,-0.037223340040241415,1028.5714285714287,1305.3,0.06302083450208812,market_bdi
2025-01-21,928.0,-0.030303030303030276,-0.06920762286860582,1018.7142857142857,1289.5,0.0629470480366554,market_bdi
2025-01-22,893.0,-0.03771551724137934,-0.18298261665141813,990.1428571428571,1272.7666666666667,0.06311062068555601,market_bdi
2025-01-23,824.0,-0.07726763717805152,-0.23703703703703705,953.5714285714286,1253.9666666666667,0.06417445880365105,market_bdi
2025-01-24,778.0,-0.05582524271844658,-0.2681091251175918,912.8571428571429,1225.5666666666666,0.0536271914286907,market_bdi
2025-01-27,761.0,-0.02185089974293064,-0.2561094819159335,875.4285714285714,1194.5333333333333,0.05238300957110101,market_bdi
2025-01-28,746.0,-0.019710906701708275,-0.24417426545086118,841.0,1159.9,0.05018830182803428,market_bdi
2025-01-29,726.0,-0.02680965147453085,-0.24137931034482762,808.0,1125.5666666666666,0.05014490469505067,market_bdi
2025-01-30,715.0,-0.015151515151515138,-0.22952586206896552,777.5714285714286,1095.1666666666667,0.049434231415152095,market_bdi
2025-01-31,735.0,0.027972027972027913,-0.17693169092945127,755.0,1065.8,0.05029325584852603,market_bdi
2025-02-13,780.0,0.061224489795918435,-0.05339805825242716,748.7142857142857,1039.2666666666667,0.052676256081829534,market_bdi
2025-02-14,792.0,0.01538461538461533,0.01799485861182526,750.7142857142857,1014.4333333333333,0.053104405610687466,market_bdi
2025-02-17,806.0,0.017676767676767735,0.059132720105124825,757.1428571428571,990.3333333333334,0.05349271951221876,market_bdi
2025-02-18,841.0,0.043424317617865915,0.12734584450402142,770.7142857142857,965.6666666666666,0.05384462925859859,market_bdi
2025-02-19,904.0,0.07491082045184294,0.24517906336088147,796.1428571428571,945.5,0.056257238766728224,market_bdi
2025-02-20,941.0,0.04092920353982299,0.31608391608391617,828.4285714285714,929.5666666666667,0.05651873043077042,market_bdi
2025-02-21,981.0,0.04250797024442088,0.3346938775510204,863.5714285714286,917.1333333333333,0.05699148861035817,market_bdi
2025-02-24,1002.0,0.021406727828746197,0.2846153846153847,895.2857142857143,915.5,0.040247809043006726,market_bdi
2025-02-25,1039.0,0.036926147704590795,0.31186868686868685,930.5714285714286,914.4333333333333,0.04068237837825393,market_bdi
2025-02-26,1112.0,0.07025986525505301,0.379652605459057,974.2857142857143,916.4,0.04252220651322743,market_bdi
2025-02-27,1159.0,0.04226618705035978,0.3781212841854935,1019.7142857142857,920.7666666666667,0.04281446200120845,market_bdi
2025-02-28,1229.0,0.060396893874029356,0.3595132743362832,1066.142857142857,929.2,0.04265086105410456,market_bdi
2025-03-13,1650.0,0.3425549227013833,0.7534537725823591,1167.4285714285713,951.2,0.07443280152591507,market_bdi
2025-03-14,1669.0,0.011515151515151478,0.7013251783893986,1265.7142857142858,973.7,0.07439168514085209,market_bdi
2025-03-17,1658.0,-0.006590772917914878,0.654690618762475,1359.4285714285713,995.7333333333333,0.07448693454281075,market_bdi
2025-03-18,1650.0,-0.004825090470446325,0.588065447545717,1446.7142857142858,1014.3,0.07316621113046987,market_bdi
2025-03-19,1637.0,-0.00787878787878793,0.47212230215827344,1521.7142857142858,1032.8666666666666,0.07311692874556262,market_bdi
2025-03-20,1635.0,-0.0012217470983506562,0.4106988783433996,1589.7142857142858,1051.9333333333334,0.072945964023253,market_bdi
2025-03-21,1643.0,0.004892966360856343,0.33685923515052885,1648.857142857143,1072.6,0.07226383180030753,market_bdi
2025-03-24,1652.0,0.005477784540474762,0.00121212121212122,1649.142857142857,1094.7666666666667,0.07160781372330866,market_bdi
2025-03-25,1642.0,-0.006053268765133124,-0.016177351707609366,1645.2857142857142,1117.6,0.07115977984889411,market_bdi
2025-03-26,1634.0,-0.00487210718635811,-0.014475271411338975,1641.857142857143,1141.1333333333334,0.0706862746781482,market_bdi
2025-03-27,1621.0,-0.00795593635250913,-0.017575757575757578,1637.7142857142858,1165.4,0.07003779830352079,market_bdi
2025-03-28,1602.0,-0.01172115977791488,-0.02138057422113626,1632.7142857142858,1191.3333333333333,0.06781748268728965,market_bdi
2025-03-31,1598.0,-0.0024968789013732895,-0.022629969418960227,1627.4285714285713,1218.6666666666667,0.06632714513807371,market_bdi
2025-04-14,1282.0,-0.19774718397997493,-0.21972002434570903,1575.857142857143,1236.0333333333333,0.07753787546901234,market_bdi
2025-04-15,1263.0,-0.014820592823712953,-0.23547215496368035,1520.2857142857142,1253.2666666666667,0.07745612340886035,market_bdi
2025-04-16,1241.0,-0.017418844022169422,-0.24421437271619972,1463.0,1270.4333333333334,0.07727758213845068,market_bdi
2025-04-17,1261.0,0.016116035455278066,-0.22827417380660953,1409.7142857142858,1288.6333333333334,0.07698769843609019,market_bdi
2025-04-22,1261.0,0.0,-0.2220851326341764,1358.2857142857142,1306.1666666666667,0.0770789674467843,market_bdi
2025-04-23,1300.0,0.030927835051546282,-0.1885143570536829,1315.142857142857,1323.5,0.07672886189548751,market_bdi
2025-04-24,1353.0,0.04076923076923067,-0.15331664580725912,1280.142857142857,1342.2,0.07681841790765201,market_bdi
2025-04-25,1373.0,0.014781966001478297,0.07098283931357252,1293.142857142857,1361.1,0.07682409312429248,market_bdi
2025-04-28,1403.0,0.021849963583393972,0.11084718923198733,1313.142857142857,1379.8333333333333,0.07670345550452908,market_bdi
2025-04-29,1398.0,-0.0035637918745545782,0.12651087832393237,1335.5714285714287,1396.3,0.076095949707571,market_bdi
2025-04-30,1386.0,-0.008583690987124415,0.09912767644726417,1353.4285714285713,1411.1333333333334,0.07610079105748897,market_bdi
2025-05-13,1280.0,-0.07647907647907648,0.015067406819984086,1356.142857142857,1421.1,0.07773128805328922,market_bdi
2025-05-14,1267.0,-0.010156249999999978,-0.02538461538461534,1351.4285714285713,1429.9333333333334,0.07780750177750317,market_bdi
2025-05-15,1305.0,0.029992107340173657,-0.03547671840354771,1344.5714285714287,1438.8,0.07773669858038772,market_bdi
2025-05-16,1388.0,0.06360153256704981,0.010924981791696986,1346.7142857142858,1448.0,0.07756897032693616,market_bdi
2025-05-19,1347.0,-0.029538904899135465,-0.03991446899501072,1338.7142857142858,1454.2666666666667,0.07764973559779073,market_bdi
2025-05-20,1340.0,-0.0051967334818113775,-0.0414878397711016,1330.4285714285713,1457.9666666666667,0.07703575049935742,market_bdi
2025-05-21,1337.0,-0.002238805970149249,-0.03535353535353536,1323.4285714285713,1447.5333333333333,0.043390788184665616,market_bdi
2025-05-22,1341.0,0.0029917726252803867,0.047656249999999956,1332.142857142857,1436.6,0.04330008574513204,market_bdi
2025-05-23,1340.0,-0.0007457121551081025,0.05761641673243889,1342.5714285714287,1426.0,0.04331171945053954,market_bdi
2025-05-27,1296.0,-0.032835820895522394,-0.006896551724137945,1341.2857142857142,1414.2,0.0435850050328162,market_bdi
2025-05-28,1303.0,0.005401234567901314,-0.06123919308357351,1329.142857142857,1403.0666666666666,0.04364321523067042,market_bdi
2025-05-29,1353.0,0.038372985418265504,0.00445434298440972,1330.0,1393.6666666666667,0.04440235754904185,market_bdi
2025-05-30,1418.0,0.04804138950480419,0.0582089552238807,1341.142857142857,1386.1666666666667,0.045428922572281684,market_bdi
2025-06-13,1968.0,0.3878702397743301,0.47195213163799554,1431.2857142857142,1396.7,0.08475070183543079,market_bdi
2025-06-16,1975.0,0.0035569105691057867,0.4727815063385534,1521.857142857143,1407.8,0.0847102169402228,market_bdi
2025-06-17,1952.0,-0.011645569620253204,0.4567164179104477,1609.2857142857142,1418.4,0.08475820533141143,market_bdi
2025-06-18,1874.0,-0.03995901639344257,0.44598765432098775,1691.857142857143,1426.8333333333333,0.08517980911201538,market_bdi
2025-06-19,1751.0,-0.06563500533617928,0.3438219493476593,1755.857142857143,1431.8,0.08617255182381992,market_bdi
2025-06-20,1689.0,-0.03540833809251853,0.24833702882483366,1803.857142857143,1434.8333333333333,0.08649563157056221,market_bdi
2025-06-23,1674.0,-0.008880994671403242,0.1805359661495063,1840.4285714285713,1447.9,0.07764455332367548,market_bdi
2025-06-24,1681.0,0.004181600955794451,-0.14583333333333337,1799.4285714285713,1461.8333333333333,0.07750088526752369,market_bdi
2025-06-25,1665.0,-0.009518143961927406,-0.15696202531645564,1755.142857142857,1475.9666666666667,0.0774108212418987,market_bdi
2025-06-26,1553.0,-0.06726726726726728,-0.204405737704918,1698.142857142857,1485.7,0.07875323205874053,market_bdi
2025-06-27,1521.0,-0.020605280103026424,-0.188367129135539,1647.7142857142858,1494.3666666666666,0.07892850730863682,market_bdi
2025-06-30,1489.0,-0.02103879026955946,-0.14962878355225584,1610.2857142857142,1500.6666666666667,0.07899640799066804,market_bdi
2025-07-14,1783.0,0.19744795164539952,0.055654233274126774,1623.7142857142858,1515.0,0.0861558832867581,market_bdi
2025-07-15,1866.0,0.046550757150869426,0.11469534050179209,1651.142857142857,1531.4333333333334,0.08638246996727199,market_bdi
2025-07-16,1906.0,0.02143622722400851,0.13384889946460432,1683.2857142857142,1548.2,0.08638109948225607,market_bdi
2025-07-17,2030.0,0.06505771248688363,0.21921921921921927,1735.4285714285713,1569.2666666666667,0.08682550795008871,market_bdi
2025-07-18,2052.0,0.010837438423645374,0.32131358660656795,1806.7142857142858,1591.4666666666667,0.08671110552432772,market_bdi
2025-07-21,2016.0,-0.01754385964912286,0.32544378698224863,1877.4285714285713,1616.0,0.08519157151734844,market_bdi
2025-07-22,2035.0,0.009424603174603252,0.36668905305574206,1955.4285714285713,1641.6,0.08504140840768407,market_bdi
2025-07-23,2120.0,0.041769041769041726,0.1890072910824454,2003.5714285714287,1668.7666666666667,0.08512156800507119,market_bdi
2025-07-24,2258.0,0.06509433962264155,0.210075026795284,2059.5714285714284,1697.7666666666667,0.0851488011452081,market_bdi
2025-07-25,2257.0,-0.0004428697962799433,0.1841552990556139,2109.714285714286,1728.1,0.08473766040090444,market_bdi
2025-07-28,2226.0,-0.013735046521931804,0.096551724137931,2137.714285714286,1757.6333333333334,0.0848405346922643,market_bdi
2025-07-29,2109.0,-0.052560646900269514,0.02777777777777768,2145.8571428571427,1783.3666666666666,0.08578791757942024,market_bdi
2025-07-30,1995.0,-0.05405405405405406,-0.01041666666666663,2142.8571428571427,1805.1666666666667,0.08676649978909534,market_bdi
2025-07-31,2003.0,0.004010025062656686,-0.015724815724815766,2138.285714285714,1827.2666666666667,0.08673836035034807,market_bdi
2025-08-13,2025.0,0.010983524712930626,-0.04481132075471694,2124.714285714286,1851.5666666666666,0.08624476396238367,market_bdi
2025-08-14,2039.0,0.006913580246913575,-0.0969884853852967,2093.4285714285716,1876.1,0.08623755243448479,market_bdi
2025-08-15,2044.0,0.0024521824423737737,-0.09437306158617631,2063.0,1899.1333333333334,0.08619584858738234,market_bdi
2025-08-18,2022.0,-0.010763209393346407,-0.09164420485175206,2033.857142857143,1919.2666666666667,0.08613211787145902,market_bdi
2025-08-19,1964.0,-0.028684470820969366,-0.06875296348980564,2013.142857142857,1919.1333333333334,0.049894655631673834,market_bdi
2025-08-20,1927.0,-0.018839103869653817,-0.034085213032581496,2003.4285714285713,1917.5333333333333,0.05002347805511169,market_bdi
2025-08-21,1893.0,-0.01764400622729634,-0.05491762356465302,1987.7142857142858,1915.5666666666666,0.05008490190407807,market_bdi
2025-08-22,1944.0,0.02694136291600624,-0.040000000000000036,1976.142857142857,1917.9,0.049726974576012606,market_bdi
2025-08-26,2041.0,0.04989711934156382,0.0009808729769493763,1976.4285714285713,1927.5666666666666,0.04874436942274661,market_bdi
2025-08-27,2046.0,0.002449779519843265,0.0009784735812132794,1976.7142857142858,1939.4666666666667,0.04811602357388053,market_bdi
2025-08-28,2017.0,-0.014173998044965774,-0.002472799208704246,1976.0,1950.9,0.04818766920518219,market_bdi
2025-08-29,2025.0,0.00396628656420428,0.031059063136456233,1984.7142857142858,1962.3666666666666,0.048188163537253095,market_bdi
2025-09-15,2153.0,0.06320987654320986,0.11728074727555793,2017.0,1978.6333333333334,0.049134131519656905,market_bdi
2025-09-16,2154.0,0.0004644681839294229,0.13787638668779723,2054.285714285714,1998.6666666666667,0.046984493384179364,market_bdi
2025-09-17,2180.0,0.0120705663881151,0.12139917695473246,2088.0,2020.6333333333334,0.046580525274989425,market_bdi
2025-09-18,2205.0,0.011467889908256979,0.08035276825085735,2111.4285714285716,2044.5,0.046136176363818435,market_bdi
2025-09-19,2203.0,-0.0009070294784579991,0.07673509286412505,2133.8571428571427,2058.5,0.030534534123727895,market_bdi
2025-09-22,2172.0,-0.014071720381298225,0.07684680218145767,2156.0,2068.7,0.029861098537116996,market_bdi
2025-09-23,2200.0,0.012891344383057168,0.08641975308641969,2181.0,2078.5,0.029744382596580816,market_bdi
2025-09-24,2240.0,0.018181818181818077,0.040408732001857794,2193.4285714285716,2085.5,0.027649880595599027,market_bdi
2025-09-25,2266.0,0.011607142857142927,0.05199628597957284,2209.4285714285716,2092.633333333333,0.027657132717792837,market_bdi
2025-09-26,2259.0,-0.0030891438658429138,0.03623853211009176,2220.714285714286,2100.733333333333,0.027399358997318414,market_bdi
2025-09-29,2220.0,-0.01726427622841964,0.006802721088435382,2222.8571428571427,2106.9,0.027654652564680374,market_bdi
2025-09-30,2134.0,-0.03873873873873879,-0.03132092600998637,2213.0,2107.366666666667,0.027696222265015124,market_bdi
2025-10-13,2144.0,0.004686035613870709,-0.012891344383057057,2209.0,2103.5666666666666,0.024899383841969495,market_bdi
2025-10-14,2022.0,-0.05690298507462688,-0.08090909090909093,2183.5714285714284,2095.733333333333,0.026877685256299327,market_bdi
2025-10-15,1997.0,-0.01236399604352123,-0.10848214285714286,2148.8571428571427,2088.1,0.02686050405540861,market_bdi
2025-10-16,2046.0,0.02453680520781165,-0.09708737864077666,2117.4285714285716,2086.0,0.025641708506710915,market_bdi
2025-10-17,2069.0,0.011241446725317683,-0.08410801239486498,2090.285714285714,2088.4666666666667,0.023649911402234877,market_bdi
2025-10-20,2071.0,0.0009666505558241223,-0.0671171171171171,2069.0,2090.733333333333,0.023645230488677133,market_bdi
2025-10-21,2094.0,0.011105746016417228,-0.018744142455482615,2063.285714285714,2093.0333333333333,0.023646952182055453,market_bdi
2025-10-23,2057.0,-0.0176695319961796,-0.04057835820895528,2050.8571428571427,2093.633333333333,0.023873684736290823,market_bdi
2025-10-24,1991.0,-0.03208556149732622,-0.015331355093966326,2046.4285714285713,2091.866666666667,0.024601330785724945,market_bdi
2025-10-27,1976.0,-0.007533902561526862,-0.010515773660490724,2043.4285714285713,2090.3333333333335,0.02456228860942054,market_bdi
2025-10-28,1950.0,-0.013157894736842146,-0.04692082111436946,2029.7142857142858,2089.866666666667,0.02410677091194853,market_bdi
2025-10-29,1961.0,0.005641025641025532,-0.05219913001449972,2014.2857142857142,2091.0,0.023858679809381975,market_bdi
2025-10-30,1983.0,0.011218765935747,-0.042491549975857024,2001.7142857142858,2094.0,0.023668069256456425,market_bdi
2025-10-31,1966.0,-0.008572869389813387,-0.06112702960840499,1983.4285714285713,2094.733333333333,0.023252734153279588,market_bdi
2025-11-13,2077.0,0.05645981688708046,0.009722897423432242,1986.2857142857142,2095.9333333333334,0.02375754589930399,market_bdi
2025-11-14,2125.0,0.023110255175734284,0.06730286288297349,2005.4285714285713,2098.5666666666666,0.024102336036522537,market_bdi
2025-11-17,2153.0,0.013176470588235345,0.08957489878542502,2030.7142857142858,2103.1,0.02400440068523297,market_bdi
2025-11-18,2216.0,0.02926149558755231,0.1364102564102565,2068.714285714286,2109.4666666666667,0.02449849475665015,market_bdi
2025-11-19,2260.0,0.019855595667870096,0.15247322794492613,2111.4285714285716,2113.0333333333333,0.021993085849522597,market_bdi
2025-11-20,2270.0,0.004424778761061843,0.1447302067574383,2152.4285714285716,2116.9,0.021996350239421553,market_bdi
2025-11-21,2275.0,0.0022026431718060735,0.15717192268565605,2196.5714285714284,2120.0666666666666,0.02191395675251148,market_bdi
2025-11-24,2295.0,0.00879120879120876,0.1049590755897929,2227.714285714286,2123.0666666666666,0.02187804944104528,market_bdi
2025-11-25,2309.0,0.006100217864923652,0.08658823529411763,2254.0,2126.6,0.02188813165861713,market_bdi
2025-11-26,2401.0,0.039844088349935136,0.11518810961449133,2289.4285714285716,2134.233333333333,0.02273697569872536,market_bdi
2025-11-27,2480.0,0.03290295710120783,0.11913357400722013,2327.1428571428573,2143.5666666666666,0.023305481104731456,market_bdi
2025-11-28,2560.0,0.032258064516129004,0.1327433628318584,2370.0,2154.233333333333,0.02373311396497438,market_bdi
2025-12-15,2193.0,-0.14335937499999996,-0.033920704845815,2359.0,2151.8,0.035920602606261204,market_bdi
2025-12-16,2204.0,0.005015959872320952,-0.031208791208791165,2348.8571428571427,2149.9666666666667,0.035930405922285434,market_bdi
2025-12-17,2121.0,-0.03765880217785844,-0.07581699346405224,2324.0,2146.6666666666665,0.03645427017377301,market_bdi
2025-12-18,2071.0,-0.023573785950023574,-0.1030749242096145,2290.0,2144.5666666666666,0.03601311517709595,market_bdi
2025-12-19,2023.0,-0.023177209077740235,-0.1574344023323615,2236.0,2140.5333333333333,0.036237727171883206,market_bdi
2025-12-22,1979.0,-0.021749876421156666,-0.20201612903225807,2164.4285714285716,2139.1,0.03492101813710715,market_bdi
2025-12-23,1889.0,-0.04547751389590704,-0.262109375,2068.5714285714284,2135.5,0.03583365636916213,market_bdi
2025-12-24,1877.0,-0.0063525674960296374,-0.14409484724122212,2023.4285714285713,2129.866666666667,0.03551106615432335,market_bdi
2026-01-13,1608.0,-0.14331379861481086,-0.2704174228675136,1938.2857142857142,2114.5,0.0437461599682687,market_bdi
2026-01-14,1566.0,-0.026119402985074647,-0.2616690240452617,1859.0,2097.6666666666665,0.04384738743052311,market_bdi
2026-01-15,1532.0,-0.02171136653895278,-0.2602607436021246,1782.0,2078.9333333333334,0.043756312507823816,market_bdi
2026-01-16,1567.0,0.022845953002611052,-0.22540781018289668,1716.857142857143,2062.6,0.044115250974257926,market_bdi
2026-01-19,1650.0,0.05296745373324829,-0.16624557857503786,1669.857142857143,2051.233333333333,0.04523442901423692,market_bdi
2026-01-20,1729.0,0.047878787878787854,-0.08470089994706198,1647.0,2043.0,0.0462552273719172,market_bdi
2026-01-21,1803.0,0.04279930595720072,-0.039424613745338344,1636.4285714285713,2038.1,0.04696850144920649,market_bdi
2026-01-22,1761.0,-0.02329450915141429,0.0951492537313432,1658.2857142857142,2031.4333333333334,0.047114163979346424,market_bdi
2026-01-23,1762.0,0.0005678591709254999,0.12515964240102173,1686.2857142857142,2024.0666666666666,0.04704775979746873,market_bdi
2026-01-26,1780.0,0.010215664018161208,0.16187989556135762,1721.7142857142858,2017.8666666666666,0.047093248042144244,market_bdi
2026-01-27,1999.0,0.12303370786516843,0.27568602425015953,1783.4285714285713,2015.2666666666667,0.05132931742955572,market_bdi
2026-01-28,2016.0,0.008504252126062983,0.22181818181818191,1835.7142857142858,2011.6333333333334,0.051172062366036226,market_bdi
2026-01-29,2002.0,-0.00694444444444442,0.1578947368421053,1874.7142857142858,2006.6,0.05111929983998052,market_bdi
2026-01-30,2148.0,0.07292707292707301,0.19134775374376045,1924.0,2004.3333333333333,0.052613652777755024,market_bdi
2026-02-13,2083.0,-0.03026070763500932,0.18285065303804648,1970.0,1998.4333333333334,0.05276826326809919,market_bdi
2026-02-16,2100.0,0.008161305808929376,0.19182746878547108,2018.2857142857142,1992.7666666666667,0.052786706194430384,market_bdi
2026-02-17,2095.0,-0.0023809523809523725,0.1769662921348314,2063.285714285714,1986.7666666666667,0.052783153530800965,market_bdi
2026-02-18,2063.0,-0.015274463007159955,0.03201600800400195,2072.4285714285716,1979.0333333333333,0.05280655064822883,market_bdi
2026-02-19,2019.0,-0.02132816286960737,0.0014880952380953438,2072.8571428571427,1969.3666666666666,0.05289607571561762,market_bdi
2026-02-20,2043.0,0.011887072808320909,0.020479520479520508,2078.714285714286,1957.4333333333334,0.05235751655062293,market_bdi
2026-02-23,2112.0,0.03377386196769461,-0.016759776536312887,2073.5714285714284,1945.1666666666667,0.05237892061949916,market_bdi
2026-02-24,2129.0,0.008049242424242431,0.022083533365338415,2080.1428571428573,1930.8,0.051986529038479445,market_bdi
2026-02-25,2121.0,-0.003757632691404389,0.010000000000000009,2083.1428571428573,1928.4,0.044922188198935314,market_bdi
2026-02-26,2117.0,-0.001885902876001877,0.010501193317422386,2086.285714285714,1925.5,0.04491262448224642,market_bdi
2026-02-27,2140.0,0.010864430798299463,0.03732428502181295,2097.285714285714,1926.1333333333334,0.04439361105389355,market_bdi
2026-03-13,2028.0,-0.0523364485981308,0.004457652303120341,2098.5714285714284,1924.7,0.04525080134944939,market_bdi
2026-03-16,2038.0,0.004930966469427922,-0.0024473813020068347,2097.8571428571427,1925.2,0.04503835089577241,market_bdi
2026-03-17,2024.0,-0.006869479882237517,-0.04166666666666663,2085.285714285714,1926.7,0.044858001181229706,market_bdi
2026-03-18,2064.0,0.01976284584980248,-0.030530765617660882,2076.0,1932.5333333333333,0.04406455182979182,market_bdi
2026-03-19,2057.0,-0.0033914728682170603,-0.030174446016030143,2066.8571428571427,1938.5333333333333,0.04404407986785797,market_bdi
2026-03-20,2056.0,-0.000486144871171601,-0.028814359943316048,2058.1428571428573,1953.4666666666667,0.03418633558232992,market_bdi
2026-03-23,2037.0,-0.009241245136186738,-0.04813084112149535,2043.4285714285713,1969.1666666666667,0.03372815623206543,market_bdi
2026-03-24,1989.0,-0.02356406480117823,-0.019230769230769273,2037.857142857143,1984.4,0.03378860193716116,market_bdi
2026-03-25,2001.0,0.006033182503770718,-0.018155053974484803,2032.5714285714287,1998.8666666666666,0.03369499496253716,market_bdi
2026-03-26,2014.0,0.006496751624187835,-0.004940711462450564,2031.142857142857,2011.0,0.03264202291159675,market_bdi
2026-03-27,2031.0,0.008440913604766731,-0.015988372093023284,2026.4285714285713,2021.0666666666666,0.03172702000350053,market_bdi
2026-03-30,2017.0,-0.006893156080748364,-0.019445794846864373,2020.7142857142858,2028.2,0.03102063440117126,market_bdi
2026-03-31,1995.0,-0.010907288051561714,-0.02966926070038911,2012.0,2036.0,0.030723177128743645,market_bdi
2026-04-13,2250.0,0.1278195488721805,0.10456553755522835,2042.4285714285713,2052.266666666667,0.038055968420452335,market_bdi
2026-04-14,2354.0,0.046222222222222165,0.18350930115636,2094.5714285714284,2071.4,0.03866359657311227,market_bdi
2026-04-15,2484.0,0.055225148683092584,0.24137931034482762,2163.5714285714284,2087.5666666666666,0.03346281014867604,market_bdi
2026-04-16,2523.0,0.01570048309178751,0.2527308838133069,2236.285714285714,2104.4666666666667,0.03349391530516211,market_bdi
2026-04-17,2567.0,0.01743955608402703,0.26390940423436726,2312.8571428571427,2123.3,0.033413873135797745,market_bdi
2026-04-20,2633.0,0.025710946630307818,0.3054040654437282,2400.8571428571427,2139.4666666666667,0.0313386126425652,market_bdi
2026-04-21,2640.0,0.002658564375237482,0.32330827067669166,2493.0,2158.0333333333333,0.030545662537068134,market_bdi
2026-04-22,2675.0,0.01325757575757569,0.18888888888888888,2553.714285714286,2177.2,0.030558676138433237,market_bdi
2026-04-23,2673.0,-0.0007476635514018781,0.13551401869158886,2599.285714285714,2196.4666666666667,0.03054001274480815,market_bdi
2026-04-24,2665.0,-0.002992891881780757,0.07286634460547514,2625.1428571428573,2216.5333333333333,0.030290428541583723,market_bdi
2026-04-27,2666.0,0.00037523452157595116,0.05667855727308768,2645.5714285714284,2238.1,0.029796357792811298,market_bdi
2026-04-28,2677.0,0.004126031507877048,0.04285157771717962,2661.285714285714,2259.233333333333,0.029810574857571638,market_bdi
2026-04-29,2670.0,-0.0026148673888681806,0.014052411697683231,2666.5714285714284,2277.8333333333335,0.02952612847650257,market_bdi
2026-04-30,2686.0,0.005992509363295984,0.017424242424242342,2673.1428571428573,2296.4,0.029528992384555156,market_bdi
2026-05-13,3189.0,0.18726731198808633,0.19214953271028046,2746.5714285714284,2332.0,0.04394380690914285,market_bdi
2026-05-14,3195.0,0.0018814675446847673,0.19528619528619529,2821.1428571428573,2367.9333333333334,0.04390059038039063,market_bdi
2026-05-15,3151.0,-0.013771517996870153,0.1823639774859287,2890.5714285714284,2401.633333333333,0.04420364314867045,market_bdi
2026-05-18,3092.0,-0.01872421453506823,0.1597899474868718,2951.4285714285716,2437.1,0.04287416148242499,market_bdi
2026-05-19,3054.0,-0.012289780077619716,0.14082928651475535,3005.285714285714,2470.9666666666667,0.04312775288942623,market_bdi
2026-05-20,3005.0,-0.016044531761624126,0.12546816479400746,3053.1428571428573,2503.6666666666665,0.04331588488848286,market_bdi
2026-05-21,2964.0,-0.013643926788685534,0.10349962769918086,3092.8571428571427,2533.6666666666665,0.04359357436515922,market_bdi
2026-05-22,2991.0,0.009109311740890691,-0.06208842897460021,3064.5714285714284,2564.8,0.0434913366732351,market_bdi
2026-05-26,3085.0,0.03142761618187895,-0.03442879499217533,3048.8571428571427,2599.1,0.04353039563557268,market_bdi
2026-05-27,3124.0,0.01264181523500807,-0.008568708346556653,3045.0,2635.3333333333335,0.04330231878319674,market_bdi
2026-05-28,3226.0,0.032650448143405786,0.04333764553686925,3064.1428571428573,2676.5666666666666,0.04278073257129984,market_bdi
2026-05-29,3224.0,-0.000619962802231866,0.05566470203012441,3088.4285714285716,2717.3333333333335,0.0428570506659749,market_bdi
2026-06-15,2720.0,-0.15632754342431765,-0.09484193011647257,3047.714285714286,2740.866666666667,0.05325970799450114,market_bdi
2026-06-16,2670.0,-0.018382352941176516,-0.09919028340080971,3005.714285714286,2762.1666666666665,0.05353574645485558,market_bdi
2026-06-17,2653.0,-0.006367041198501844,-0.11300568371782016,2957.4285714285716,2783.366666666667,0.05352993204765083,market_bdi
2026-06-18,2659.0,0.0022615906520919715,-0.13808752025931925,2896.5714285714284,2805.5,0.05340187022659562,market_bdi
2026-06-19,2722.0,0.023693117713426082,-0.12868117797695267,2839.1428571428573,2821.233333333333,0.04872465288547073,market_bdi
2026-06-22,2684.0,-0.013960323291697274,-0.16800991940483567,2761.714285714286,2832.233333333333,0.0483127476139664,market_bdi
2026-06-23,2667.0,-0.006333830104321869,-0.17276674937965264,2682.1428571428573,2838.3333333333335,0.047427032689879814,market_bdi
2026-06-24,2634.0,-0.01237345331833517,-0.03161764705882353,2669.8571428571427,2842.0333333333333,0.04745385338368683,market_bdi
2026-06-25,2591.0,-0.016324981017463935,-0.02958801498127339,2658.5714285714284,2842.8333333333335,0.04748794381243684,market_bdi
2026-06-26,2524.0,-0.025858741798533424,-0.04862419901997739,2640.1428571428573,2839.2,0.04751036500570054,market_bdi
2026-06-29,2490.0,-0.01347068145800312,-0.06355772846934937,2616.0,2834.2,0.04756655509751224,market_bdi
2026-06-30,2501.0,0.004417670682731023,-0.08119030124908155,2584.4285714285716,2828.4,0.04750334512343963,market_bdi
2026-07-13,2960.0,0.18352658936425437,0.10283159463487324,2623.8571428571427,2837.9666666666667,0.05825628299444444,market_bdi
2026-07-14,2980.0,0.006756756756756799,0.11736032995875512,2668.5714285714284,2848.4666666666667,0.05823748837929629,market_bdi
2026-07-15,2929.0,-0.017114093959731513,0.11199696279422922,2710.714285714286,2857.233333333333,0.05837586650896512,market_bdi
2026-07-16,2840.0,-0.03038579720040968,0.09610189116171353,2746.285714285714,2862.6666666666665,0.05872692907721058,market_bdi
2026-07-17,2752.0,-0.030985915492957705,0.09033280507131547,2778.8571428571427,2865.4,0.059057420306315674,market_bdi
2026-07-20,2671.0,-0.02943313953488369,0.0726907630522089,2804.714285714286,2864.9,0.059341181114152076,market_bdi
2026-07-21,2670.0,-0.0003743916136278447,0.06757297081167524,2828.8571428571427,2847.6,0.047856836150721005,market_bdi
2026-07-22,2715.0,0.016853932584269593,-0.08277027027027029,2793.8571428571427,2831.6,0.04800690452764838,market_bdi
2026-07-23,2725.0,0.0036832412523020164,-0.08557046979865768,2757.4285714285716,2817.4,0.04799411279929986,market_bdi
2026-07-24,2743.0,0.00660550458715603,-0.06350290201433939,2730.8571428571427,2805.766666666667,0.047944068391512135,market_bdi
2026-07-27,2696.0,-0.017134524243529015,-0.05070422535211272,2710.285714285714,2793.8333333333335,0.047984967951354325,market_bdi
2026-07-28,2664.0,-0.011869436201780381,-0.03197674418604646,2697.714285714286,2782.4666666666667,0.047952024518391693,market_bdi
2026-07-29,2632.0,-0.012012012012011963,-0.014601272931486386,2692.1428571428573,2771.4,0.047940353462842006,market_bdi
2026-07-30,2673.0,0.01557750759878429,0.0011235955056179137,2692.5714285714284,2760.8,0.04801051861785902,market_bdi
2026-07-31,2732.0,0.022072577628133194,0.006261510128913406,2695.0,2749.0333333333333,0.047811576512756485,market_bdi
2026-08-13,2844.0,0.040995607613469875,0.04366972477064213,2712.0,2739.7,0.04840701636156961,market_bdi
2026-08-14,2863.0,0.006680731364275605,0.043747721472839896,2729.1428571428573,2727.6,0.04799631949140568,market_bdi
2026-08-17,2878.0,0.005239259517988204,0.06750741839762608,2755.1428571428573,2716.0666666666666,0.048017722057829976,market_bdi
2026-08-18,2815.0,-0.02189020152883947,0.05668168168168175,2776.714285714286,2719.233333333333,0.03851728880389298,market_bdi
2026-08-19,2776.0,-0.013854351687389022,0.054711246200607855,2797.285714285714,2722.766666666667,0.038444265243033675,market_bdi
2026-08-20,2791.0,0.005403458213256496,0.04414515525626639,2814.1428571428573,2727.366666666667,0.03841646752368544,market_bdi
2026-08-21,2841.0,0.017914725904693674,0.03989751098096628,2829.714285714286,2733.4333333333334,0.038521432861006046,market_bdi
2026-08-24,2882.0,0.014431538190777804,0.013361462728551432,2835.1428571428573,2738.766666666667,0.038385654884791114,market_bdi
2026-08-25,2926.0,0.01526717557251911,0.022004889975550057,2844.1428571428573,2746.8333333333335,0.03832276965613087,market_bdi
