contract_id,route_id,contract_origin,contract_destination,contract_vessel_class,contract_cargo_type,shipoffer_report_date,shipoffer_source_file,shipoffer_vessel_or_tbn,shipoffer_vessel_class,shipoffer_origin_raw,shipoffer_origin_normalized,shipoffer_destination_raw,shipoffer_cargo_type,cargo_quantity_mt,laycan_start,laycan_end,shipoffer_freight_rate,trade_relation,origin_relation,destination_relation,trade_score,cargo_compatibility,cargo_score,vessel_compatibility,vessel_score,recency_category,recency_score,laycan_category,laycan_score,report_age_days,historical_only,current_operational_evidence,operational_evidence_score,evidence_level,raw_text,evidence_reason
CONTRACT_020,20,East Coast Australia,East Coast India,Panamax,coal,2026-08-04,report_00010.html,Korea Line TBN,,DBCT,DBCT,EC India,coal,80000.0,2026-09-01,2026-09-10,22.65,EXACT,EXACT,EXACT,45.0,MATCH,20.0,UNKNOWN,0.0,HISTORICAL,1.0,WITHIN_7_DAYS,8.0,24,True,False,74.0,STRONG,COAL 'Korea Line TBN' 80000/10 DBCT/EC India 1/10 Sep $22.65 fio 30000shinc/35000shinc - SAIL,trade=EXACT:45.0; cargo=MATCH:20.0; vessel=UNKNOWN:0.0; recency=HISTORICAL:1.0; laycan=WITHIN_7_DAYS:8.0
CONTRACT_000,0,"Queensland (Gladstone / Hay Point), Australia","Visakhapatnam & Haldia, India",Panamax,coal,2026-07-13,report_00006.html,TBN,,coal HPCT-APCT-DBCT-Gladstone,HPCT-APCT-DBCT-Gladstone,Vizag,coal,75000.0,2026-08-10,2026-08-19,21.5,EXACT,EXACT,EXACT,45.0,MATCH,20.0,UNKNOWN,0.0,HISTORICAL,1.0,HISTORICAL,0.0,46,True,False,66.0,STRONG,COAL 'TBN' 75000/10 coal HPCT-APCT-DBCT-Gladstone/Vizag 10/19 Aug $21.50 fio 40000shinc/40000shinc - SAIL,trade=EXACT:45.0; cargo=MATCH:20.0; vessel=UNKNOWN:0.0; recency=HISTORICAL:1.0; laycan=HISTORICAL:0.0
CONTRACT_004,4,"Hay Point, Australia","Visakhapatnam, India",Panamax,coal,2026-07-13,report_00006.html,TBN,,coal HPCT-APCT-DBCT-Gladstone,HPCT-APCT-DBCT-Gladstone,Vizag,coal,75000.0,2026-08-10,2026-08-19,21.5,EXACT,EXACT,EXACT,45.0,MATCH,20.0,UNKNOWN,0.0,HISTORICAL,1.0,HISTORICAL,0.0,46,True,False,66.0,STRONG,COAL 'TBN' 75000/10 coal HPCT-APCT-DBCT-Gladstone/Vizag 10/19 Aug $21.50 fio 40000shinc/40000shinc - SAIL,trade=EXACT:45.0; cargo=MATCH:20.0; vessel=UNKNOWN:0.0; recency=HISTORICAL:1.0; laycan=HISTORICAL:0.0
CONTRACT_011,11,"Hay Point, Australia","Visakhapatnam, India",Panamax,coal,2026-07-13,report_00006.html,TBN,,coal HPCT-APCT-DBCT-Gladstone,HPCT-APCT-DBCT-Gladstone,Vizag,coal,75000.0,2026-08-10,2026-08-19,21.5,EXACT,EXACT,EXACT,45.0,MATCH,20.0,UNKNOWN,0.0,HISTORICAL,1.0,HISTORICAL,0.0,46,True,False,66.0,STRONG,COAL 'TBN' 75000/10 coal HPCT-APCT-DBCT-Gladstone/Vizag 10/19 Aug $21.50 fio 40000shinc/40000shinc - SAIL,trade=EXACT:45.0; cargo=MATCH:20.0; vessel=UNKNOWN:0.0; recency=HISTORICAL:1.0; laycan=HISTORICAL:0.0
CONTRACT_020,20,East Coast Australia,East Coast India,Panamax,coal,2026-07-08,report_00005.html,TBN,,coal NQXT-APCT-DBCT- Gladstone,NQXT-APCT-DBCT- Gladstone,EC India,coal,75000.0,2026-08-10,2026-08-19,19.65,EXACT,EXACT,EXACT,45.0,MATCH,20.0,UNKNOWN,0.0,HISTORICAL,1.0,HISTORICAL,0.0,51,True,False,66.0,STRONG,'TBN' 75000/10 coal NQXT-APCT-DBCT- Gladstone / EC India 10/19 Aug $19.65 fio 40000shinc/40000shinc - SAIL,trade=EXACT:45.0; cargo=MATCH:20.0; vessel=UNKNOWN:0.0; recency=HISTORICAL:1.0; laycan=HISTORICAL:0.0
CONTRACT_000,0,"Queensland (Gladstone / Hay Point), Australia","Visakhapatnam & Haldia, India",Panamax,coal,2026-07-06,report_00004.html,TBN,,coal Gladstone,Gladstone,Vizag,coal,75000.0,2026-08-05,2026-08-14,19.6,EXACT,EXACT,EXACT,45.0,MATCH,20.0,UNKNOWN,0.0,HISTORICAL,1.0,HISTORICAL,0.0,53,True,False,66.0,STRONG,"COAL 'TBN' 75000/10 coal Gladstone/Vizag 5/14 Aug $19.60 fio 35,000shinc/35,000shinc - SAIL",trade=EXACT:45.0; cargo=MATCH:20.0; vessel=UNKNOWN:0.0; recency=HISTORICAL:1.0; laycan=HISTORICAL:0.0
CONTRACT_004,4,"Hay Point, Australia","Visakhapatnam, India",Panamax,coal,2026-07-06,report_00004.html,TBN,,coal Gladstone,Gladstone,Vizag,coal,75000.0,2026-08-05,2026-08-14,19.6,EXACT,EXACT,EXACT,45.0,MATCH,20.0,UNKNOWN,0.0,HISTORICAL,1.0,HISTORICAL,0.0,53,True,False,66.0,STRONG,"COAL 'TBN' 75000/10 coal Gladstone/Vizag 5/14 Aug $19.60 fio 35,000shinc/35,000shinc - SAIL",trade=EXACT:45.0; cargo=MATCH:20.0; vessel=UNKNOWN:0.0; recency=HISTORICAL:1.0; laycan=HISTORICAL:0.0
CONTRACT_011,11,"Hay Point, Australia","Visakhapatnam, India",Panamax,coal,2026-07-06,report_00004.html,TBN,,coal Gladstone,Gladstone,Vizag,coal,75000.0,2026-08-05,2026-08-14,19.6,EXACT,EXACT,EXACT,45.0,MATCH,20.0,UNKNOWN,0.0,HISTORICAL,1.0,HISTORICAL,0.0,53,True,False,66.0,STRONG,"COAL 'TBN' 75000/10 coal Gladstone/Vizag 5/14 Aug $19.60 fio 35,000shinc/35,000shinc - SAIL",trade=EXACT:45.0; cargo=MATCH:20.0; vessel=UNKNOWN:0.0; recency=HISTORICAL:1.0; laycan=HISTORICAL:0.0
CONTRACT_020,20,East Coast Australia,East Coast India,Panamax,coal,2026-06-08,report_00000.html,TBN,,APCT-HPCT-DBCT,APCT-HPCT-DBCT,EC India,coal,75000.0,2026-07-05,2026-07-14,25.1,EXACT,EXACT,EXACT,45.0,MATCH,20.0,UNKNOWN,0.0,HISTORICAL,1.0,HISTORICAL,0.0,81,True,False,66.0,STRONG,COAL 'TBN' 75000/10 APCT-HPCT-DBCT/EC India 5/14 Jul $25.10 fio 40000shinc/20000sshex - SAIL,trade=EXACT:45.0; cargo=MATCH:20.0; vessel=UNKNOWN:0.0; recency=HISTORICAL:1.0; laycan=HISTORICAL:0.0
CONTRACT_000,0,"Queensland (Gladstone / Hay Point), Australia","Visakhapatnam & Haldia, India",Panamax,coal,2026-08-04,report_00010.html,Korea Line TBN,,DBCT,DBCT,EC India,coal,80000.0,2026-09-01,2026-09-10,22.65,CLOSE,CLOSE,CLOSE,36.0,MATCH,20.0,UNKNOWN,0.0,HISTORICAL,1.0,WITHIN_7_DAYS,8.0,24,True,False,65.0,STRONG,COAL 'Korea Line TBN' 80000/10 DBCT/EC India 1/10 Sep $22.65 fio 30000shinc/35000shinc - SAIL,trade=CLOSE:36.0; cargo=MATCH:20.0; vessel=UNKNOWN:0.0; recency=HISTORICAL:1.0; laycan=WITHIN_7_DAYS:8.0
CONTRACT_002,2,"Hay Point, Australia","Paradip, India",Panamax,coal,2026-08-04,report_00010.html,Korea Line TBN,,DBCT,DBCT,EC India,coal,80000.0,2026-09-01,2026-09-10,22.65,CLOSE,CLOSE,CLOSE,36.0,MATCH,20.0,UNKNOWN,0.0,HISTORICAL,1.0,WITHIN_7_DAYS,8.0,24,True,False,65.0,STRONG,COAL 'Korea Line TBN' 80000/10 DBCT/EC India 1/10 Sep $22.65 fio 30000shinc/35000shinc - SAIL,trade=CLOSE:36.0; cargo=MATCH:20.0; vessel=UNKNOWN:0.0; recency=HISTORICAL:1.0; laycan=WITHIN_7_DAYS:8.0
CONTRACT_004,4,"Hay Point, Australia","Visakhapatnam, India",Panamax,coal,2026-08-04,report_00010.html,Korea Line TBN,,DBCT,DBCT,EC India,coal,80000.0,2026-09-01,2026-09-10,22.65,CLOSE,CLOSE,CLOSE,36.0,MATCH,20.0,UNKNOWN,0.0,HISTORICAL,1.0,WITHIN_7_DAYS,8.0,24,True,False,65.0,STRONG,COAL 'Korea Line TBN' 80000/10 DBCT/EC India 1/10 Sep $22.65 fio 30000shinc/35000shinc - SAIL,trade=CLOSE:36.0; cargo=MATCH:20.0; vessel=UNKNOWN:0.0; recency=HISTORICAL:1.0; laycan=WITHIN_7_DAYS:8.0
CONTRACT_005,5,"Hay Point, Australia","Paradip, India",Panamax,coal,2026-08-04,report_00010.html,Korea Line TBN,,DBCT,DBCT,EC India,coal,80000.0,2026-09-01,2026-09-10,22.65,CLOSE,CLOSE,CLOSE,36.0,MATCH,20.0,UNKNOWN,0.0,HISTORICAL,1.0,WITHIN_7_DAYS,8.0,24,True,False,65.0,STRONG,COAL 'Korea Line TBN' 80000/10 DBCT/EC India 1/10 Sep $22.65 fio 30000shinc/35000shinc - SAIL,trade=CLOSE:36.0; cargo=MATCH:20.0; vessel=UNKNOWN:0.0; recency=HISTORICAL:1.0; laycan=WITHIN_7_DAYS:8.0
CONTRACT_011,11,"Hay Point, Australia","Visakhapatnam, India",Panamax,coal,2026-08-04,report_00010.html,Korea Line TBN,,DBCT,DBCT,EC India,coal,80000.0,2026-09-01,2026-09-10,22.65,CLOSE,CLOSE,CLOSE,36.0,MATCH,20.0,UNKNOWN,0.0,HISTORICAL,1.0,WITHIN_7_DAYS,8.0,24,True,False,65.0,STRONG,COAL 'Korea Line TBN' 80000/10 DBCT/EC India 1/10 Sep $22.65 fio 30000shinc/35000shinc - SAIL,trade=CLOSE:36.0; cargo=MATCH:20.0; vessel=UNKNOWN:0.0; recency=HISTORICAL:1.0; laycan=WITHIN_7_DAYS:8.0
CONTRACT_017,17,"Queensland, Australia","Haldia, India",Panamax,coal,2026-08-04,report_00010.html,Korea Line TBN,,DBCT,DBCT,EC India,coal,80000.0,2026-09-01,2026-09-10,22.65,CLOSE,CLOSE,CLOSE,36.0,MATCH,20.0,UNKNOWN,0.0,HISTORICAL,1.0,WITHIN_7_DAYS,8.0,24,True,False,65.0,STRONG,COAL 'Korea Line TBN' 80000/10 DBCT/EC India 1/10 Sep $22.65 fio 30000shinc/35000shinc - SAIL,trade=CLOSE:36.0; cargo=MATCH:20.0; vessel=UNKNOWN:0.0; recency=HISTORICAL:1.0; laycan=WITHIN_7_DAYS:8.0
CONTRACT_002,2,"Hay Point, Australia","Paradip, India",Panamax,coal,2026-07-13,report_00006.html,TBN,,coal HPCT-APCT-DBCT-Gladstone,HPCT-APCT-DBCT-Gladstone,Vizag,coal,75000.0,2026-08-10,2026-08-19,21.5,CLOSE,CLOSE,CLOSE,36.0,MATCH,20.0,UNKNOWN,0.0,HISTORICAL,1.0,HISTORICAL,0.0,46,True,False,57.0,STRONG,COAL 'TBN' 75000/10 coal HPCT-APCT-DBCT-Gladstone/Vizag 10/19 Aug $21.50 fio 40000shinc/40000shinc - SAIL,trade=CLOSE:36.0; cargo=MATCH:20.0; vessel=UNKNOWN:0.0; recency=HISTORICAL:1.0; laycan=HISTORICAL:0.0
CONTRACT_005,5,"Hay Point, Australia","Paradip, India",Panamax,coal,2026-07-13,report_00006.html,TBN,,coal HPCT-APCT-DBCT-Gladstone,HPCT-APCT-DBCT-Gladstone,Vizag,coal,75000.0,2026-08-10,2026-08-19,21.5,CLOSE,CLOSE,CLOSE,36.0,MATCH,20.0,UNKNOWN,0.0,HISTORICAL,1.0,HISTORICAL,0.0,46,True,False,57.0,STRONG,COAL 'TBN' 75000/10 coal HPCT-APCT-DBCT-Gladstone/Vizag 10/19 Aug $21.50 fio 40000shinc/40000shinc - SAIL,trade=CLOSE:36.0; cargo=MATCH:20.0; vessel=UNKNOWN:0.0; recency=HISTORICAL:1.0; laycan=HISTORICAL:0.0
CONTRACT_017,17,"Queensland, Australia","Haldia, India",Panamax,coal,2026-07-13,report_00006.html,TBN,,coal HPCT-APCT-DBCT-Gladstone,HPCT-APCT-DBCT-Gladstone,Vizag,coal,75000.0,2026-08-10,2026-08-19,21.5,CLOSE,CLOSE,CLOSE,36.0,MATCH,20.0,UNKNOWN,0.0,HISTORICAL,1.0,HISTORICAL,0.0,46,True,False,57.0,STRONG,COAL 'TBN' 75000/10 coal HPCT-APCT-DBCT-Gladstone/Vizag 10/19 Aug $21.50 fio 40000shinc/40000shinc - SAIL,trade=CLOSE:36.0; cargo=MATCH:20.0; vessel=UNKNOWN:0.0; recency=HISTORICAL:1.0; laycan=HISTORICAL:0.0
CONTRACT_020,20,East Coast Australia,East Coast India,Panamax,coal,2026-07-13,report_00006.html,TBN,,coal HPCT-APCT-DBCT-Gladstone,HPCT-APCT-DBCT-Gladstone,Vizag,coal,75000.0,2026-08-10,2026-08-19,21.5,CLOSE,CLOSE,CLOSE,36.0,MATCH,20.0,UNKNOWN,0.0,HISTORICAL,1.0,HISTORICAL,0.0,46,True,False,57.0,STRONG,COAL 'TBN' 75000/10 coal HPCT-APCT-DBCT-Gladstone/Vizag 10/19 Aug $21.50 fio 40000shinc/40000shinc - SAIL,trade=CLOSE:36.0; cargo=MATCH:20.0; vessel=UNKNOWN:0.0; recency=HISTORICAL:1.0; laycan=HISTORICAL:0.0
CONTRACT_000,0,"Queensland (Gladstone / Hay Point), Australia","Visakhapatnam & Haldia, India",Panamax,coal,2026-07-08,report_00005.html,TBN,,coal NQXT-APCT-DBCT- Gladstone,NQXT-APCT-DBCT- Gladstone,EC India,coal,75000.0,2026-08-10,2026-08-19,19.65,CLOSE,CLOSE,CLOSE,36.0,MATCH,20.0,UNKNOWN,0.0,HISTORICAL,1.0,HISTORICAL,0.0,51,True,False,57.0,STRONG,'TBN' 75000/10 coal NQXT-APCT-DBCT- Gladstone / EC India 10/19 Aug $19.65 fio 40000shinc/40000shinc - SAIL,trade=CLOSE:36.0; cargo=MATCH:20.0; vessel=UNKNOWN:0.0; recency=HISTORICAL:1.0; laycan=HISTORICAL:0.0
CONTRACT_002,2,"Hay Point, Australia","Paradip, India",Panamax,coal,2026-07-08,report_00005.html,TBN,,coal NQXT-APCT-DBCT- Gladstone,NQXT-APCT-DBCT- Gladstone,EC India,coal,75000.0,2026-08-10,2026-08-19,19.65,CLOSE,CLOSE,CLOSE,36.0,MATCH,20.0,UNKNOWN,0.0,HISTORICAL,1.0,HISTORICAL,0.0,51,True,False,57.0,STRONG,'TBN' 75000/10 coal NQXT-APCT-DBCT- Gladstone / EC India 10/19 Aug $19.65 fio 40000shinc/40000shinc - SAIL,trade=CLOSE:36.0; cargo=MATCH:20.0; vessel=UNKNOWN:0.0; recency=HISTORICAL:1.0; laycan=HISTORICAL:0.0
CONTRACT_004,4,"Hay Point, Australia","Visakhapatnam, India",Panamax,coal,2026-07-08,report_00005.html,TBN,,coal NQXT-APCT-DBCT- Gladstone,NQXT-APCT-DBCT- Gladstone,EC India,coal,75000.0,2026-08-10,2026-08-19,19.65,CLOSE,CLOSE,CLOSE,36.0,MATCH,20.0,UNKNOWN,0.0,HISTORICAL,1.0,HISTORICAL,0.0,51,True,False,57.0,STRONG,'TBN' 75000/10 coal NQXT-APCT-DBCT- Gladstone / EC India 10/19 Aug $19.65 fio 40000shinc/40000shinc - SAIL,trade=CLOSE:36.0; cargo=MATCH:20.0; vessel=UNKNOWN:0.0; recency=HISTORICAL:1.0; laycan=HISTORICAL:0.0
CONTRACT_005,5,"Hay Point, Australia","Paradip, India",Panamax,coal,2026-07-08,report_00005.html,TBN,,coal NQXT-APCT-DBCT- Gladstone,NQXT-APCT-DBCT- Gladstone,EC India,coal,75000.0,2026-08-10,2026-08-19,19.65,CLOSE,CLOSE,CLOSE,36.0,MATCH,20.0,UNKNOWN,0.0,HISTORICAL,1.0,HISTORICAL,0.0,51,True,False,57.0,STRONG,'TBN' 75000/10 coal NQXT-APCT-DBCT- Gladstone / EC India 10/19 Aug $19.65 fio 40000shinc/40000shinc - SAIL,trade=CLOSE:36.0; cargo=MATCH:20.0; vessel=UNKNOWN:0.0; recency=HISTORICAL:1.0; laycan=HISTORICAL:0.0
CONTRACT_011,11,"Hay Point, Australia","Visakhapatnam, India",Panamax,coal,2026-07-08,report_00005.html,TBN,,coal NQXT-APCT-DBCT- Gladstone,NQXT-APCT-DBCT- Gladstone,EC India,coal,75000.0,2026-08-10,2026-08-19,19.65,CLOSE,CLOSE,CLOSE,36.0,MATCH,20.0,UNKNOWN,0.0,HISTORICAL,1.0,HISTORICAL,0.0,51,True,False,57.0,STRONG,'TBN' 75000/10 coal NQXT-APCT-DBCT- Gladstone / EC India 10/19 Aug $19.65 fio 40000shinc/40000shinc - SAIL,trade=CLOSE:36.0; cargo=MATCH:20.0; vessel=UNKNOWN:0.0; recency=HISTORICAL:1.0; laycan=HISTORICAL:0.0
CONTRACT_017,17,"Queensland, Australia","Haldia, India",Panamax,coal,2026-07-08,report_00005.html,TBN,,coal NQXT-APCT-DBCT- Gladstone,NQXT-APCT-DBCT- Gladstone,EC India,coal,75000.0,2026-08-10,2026-08-19,19.65,CLOSE,CLOSE,CLOSE,36.0,MATCH,20.0,UNKNOWN,0.0,HISTORICAL,1.0,HISTORICAL,0.0,51,True,False,57.0,STRONG,'TBN' 75000/10 coal NQXT-APCT-DBCT- Gladstone / EC India 10/19 Aug $19.65 fio 40000shinc/40000shinc - SAIL,trade=CLOSE:36.0; cargo=MATCH:20.0; vessel=UNKNOWN:0.0; recency=HISTORICAL:1.0; laycan=HISTORICAL:0.0
CONTRACT_002,2,"Hay Point, Australia","Paradip, India",Panamax,coal,2026-07-06,report_00004.html,TBN,,coal Gladstone,Gladstone,Vizag,coal,75000.0,2026-08-05,2026-08-14,19.6,CLOSE,CLOSE,CLOSE,36.0,MATCH,20.0,UNKNOWN,0.0,HISTORICAL,1.0,HISTORICAL,0.0,53,True,False,57.0,STRONG,"COAL 'TBN' 75000/10 coal Gladstone/Vizag 5/14 Aug $19.60 fio 35,000shinc/35,000shinc - SAIL",trade=CLOSE:36.0; cargo=MATCH:20.0; vessel=UNKNOWN:0.0; recency=HISTORICAL:1.0; laycan=HISTORICAL:0.0
CONTRACT_005,5,"Hay Point, Australia","Paradip, India",Panamax,coal,2026-07-06,report_00004.html,TBN,,coal Gladstone,Gladstone,Vizag,coal,75000.0,2026-08-05,2026-08-14,19.6,CLOSE,CLOSE,CLOSE,36.0,MATCH,20.0,UNKNOWN,0.0,HISTORICAL,1.0,HISTORICAL,0.0,53,True,False,57.0,STRONG,"COAL 'TBN' 75000/10 coal Gladstone/Vizag 5/14 Aug $19.60 fio 35,000shinc/35,000shinc - SAIL",trade=CLOSE:36.0; cargo=MATCH:20.0; vessel=UNKNOWN:0.0; recency=HISTORICAL:1.0; laycan=HISTORICAL:0.0
CONTRACT_017,17,"Queensland, Australia","Haldia, India",Panamax,coal,2026-07-06,report_00004.html,TBN,,coal Gladstone,Gladstone,Vizag,coal,75000.0,2026-08-05,2026-08-14,19.6,CLOSE,CLOSE,CLOSE,36.0,MATCH,20.0,UNKNOWN,0.0,HISTORICAL,1.0,HISTORICAL,0.0,53,True,False,57.0,STRONG,"COAL 'TBN' 75000/10 coal Gladstone/Vizag 5/14 Aug $19.60 fio 35,000shinc/35,000shinc - SAIL",trade=CLOSE:36.0; cargo=MATCH:20.0; vessel=UNKNOWN:0.0; recency=HISTORICAL:1.0; laycan=HISTORICAL:0.0
CONTRACT_020,20,East Coast Australia,East Coast India,Panamax,coal,2026-07-06,report_00004.html,TBN,,coal Gladstone,Gladstone,Vizag,coal,75000.0,2026-08-05,2026-08-14,19.6,CLOSE,CLOSE,CLOSE,36.0,MATCH,20.0,UNKNOWN,0.0,HISTORICAL,1.0,HISTORICAL,0.0,53,True,False,57.0,STRONG,"COAL 'TBN' 75000/10 coal Gladstone/Vizag 5/14 Aug $19.60 fio 35,000shinc/35,000shinc - SAIL",trade=CLOSE:36.0; cargo=MATCH:20.0; vessel=UNKNOWN:0.0; recency=HISTORICAL:1.0; laycan=HISTORICAL:0.0
CONTRACT_000,0,"Queensland (Gladstone / Hay Point), Australia","Visakhapatnam & Haldia, India",Panamax,coal,2026-06-08,report_00000.html,TBN,,APCT-HPCT-DBCT,APCT-HPCT-DBCT,EC India,coal,75000.0,2026-07-05,2026-07-14,25.1,CLOSE,CLOSE,CLOSE,36.0,MATCH,20.0,UNKNOWN,0.0,HISTORICAL,1.0,HISTORICAL,0.0,81,True,False,57.0,STRONG,COAL 'TBN' 75000/10 APCT-HPCT-DBCT/EC India 5/14 Jul $25.10 fio 40000shinc/20000sshex - SAIL,trade=CLOSE:36.0; cargo=MATCH:20.0; vessel=UNKNOWN:0.0; recency=HISTORICAL:1.0; laycan=HISTORICAL:0.0
CONTRACT_002,2,"Hay Point, Australia","Paradip, India",Panamax,coal,2026-06-08,report_00000.html,TBN,,APCT-HPCT-DBCT,APCT-HPCT-DBCT,EC India,coal,75000.0,2026-07-05,2026-07-14,25.1,CLOSE,CLOSE,CLOSE,36.0,MATCH,20.0,UNKNOWN,0.0,HISTORICAL,1.0,HISTORICAL,0.0,81,True,False,57.0,STRONG,COAL 'TBN' 75000/10 APCT-HPCT-DBCT/EC India 5/14 Jul $25.10 fio 40000shinc/20000sshex - SAIL,trade=CLOSE:36.0; cargo=MATCH:20.0; vessel=UNKNOWN:0.0; recency=HISTORICAL:1.0; laycan=HISTORICAL:0.0
CONTRACT_004,4,"Hay Point, Australia","Visakhapatnam, India",Panamax,coal,2026-06-08,report_00000.html,TBN,,APCT-HPCT-DBCT,APCT-HPCT-DBCT,EC India,coal,75000.0,2026-07-05,2026-07-14,25.1,CLOSE,CLOSE,CLOSE,36.0,MATCH,20.0,UNKNOWN,0.0,HISTORICAL,1.0,HISTORICAL,0.0,81,True,False,57.0,STRONG,COAL 'TBN' 75000/10 APCT-HPCT-DBCT/EC India 5/14 Jul $25.10 fio 40000shinc/20000sshex - SAIL,trade=CLOSE:36.0; cargo=MATCH:20.0; vessel=UNKNOWN:0.0; recency=HISTORICAL:1.0; laycan=HISTORICAL:0.0
CONTRACT_005,5,"Hay Point, Australia","Paradip, India",Panamax,coal,2026-06-08,report_00000.html,TBN,,APCT-HPCT-DBCT,APCT-HPCT-DBCT,EC India,coal,75000.0,2026-07-05,2026-07-14,25.1,CLOSE,CLOSE,CLOSE,36.0,MATCH,20.0,UNKNOWN,0.0,HISTORICAL,1.0,HISTORICAL,0.0,81,True,False,57.0,STRONG,COAL 'TBN' 75000/10 APCT-HPCT-DBCT/EC India 5/14 Jul $25.10 fio 40000shinc/20000sshex - SAIL,trade=CLOSE:36.0; cargo=MATCH:20.0; vessel=UNKNOWN:0.0; recency=HISTORICAL:1.0; laycan=HISTORICAL:0.0
CONTRACT_011,11,"Hay Point, Australia","Visakhapatnam, India",Panamax,coal,2026-06-08,report_00000.html,TBN,,APCT-HPCT-DBCT,APCT-HPCT-DBCT,EC India,coal,75000.0,2026-07-05,2026-07-14,25.1,CLOSE,CLOSE,CLOSE,36.0,MATCH,20.0,UNKNOWN,0.0,HISTORICAL,1.0,HISTORICAL,0.0,81,True,False,57.0,STRONG,COAL 'TBN' 75000/10 APCT-HPCT-DBCT/EC India 5/14 Jul $25.10 fio 40000shinc/20000sshex - SAIL,trade=CLOSE:36.0; cargo=MATCH:20.0; vessel=UNKNOWN:0.0; recency=HISTORICAL:1.0; laycan=HISTORICAL:0.0
CONTRACT_017,17,"Queensland, Australia","Haldia, India",Panamax,coal,2026-06-08,report_00000.html,TBN,,APCT-HPCT-DBCT,APCT-HPCT-DBCT,EC India,coal,75000.0,2026-07-05,2026-07-14,25.1,CLOSE,CLOSE,CLOSE,36.0,MATCH,20.0,UNKNOWN,0.0,HISTORICAL,1.0,HISTORICAL,0.0,81,True,False,57.0,STRONG,COAL 'TBN' 75000/10 APCT-HPCT-DBCT/EC India 5/14 Jul $25.10 fio 40000shinc/20000sshex - SAIL,trade=CLOSE:36.0; cargo=MATCH:20.0; vessel=UNKNOWN:0.0; recency=HISTORICAL:1.0; laycan=HISTORICAL:0.0
CONTRACT_000,0,"Queensland (Gladstone / Hay Point), Australia","Visakhapatnam & Haldia, India",Panamax,coal,2026-08-19,report_00012.html,TBN,,Newport News opt Norfolk,Newport News opt Norfolk,EC India,coal,75000.0,2026-09-21,2026-09-30,51.2,WEAK_RELATED,NO_MATCH,RELATED,12.0,MATCH,20.0,UNKNOWN,0.0,MODERATELY_RECENT,6.0,WITHIN_30_DAYS,3.0,9,True,False,41.0,MODERATE,COAL 'TBN' 75000/10 Newport News opt Norfolk/EC India 21/30 Sep $51.20 fio 40000sashex/20000sashex - SAIL,trade=WEAK_RELATED:12.0; cargo=MATCH:20.0; vessel=UNKNOWN:0.0; recency=MODERATELY_RECENT:6.0; laycan=WITHIN_30_DAYS:3.0
CONTRACT_002,2,"Hay Point, Australia","Paradip, India",Panamax,coal,2026-08-19,report_00012.html,TBN,,Newport News opt Norfolk,Newport News opt Norfolk,EC India,coal,75000.0,2026-09-21,2026-09-30,51.2,WEAK_RELATED,NO_MATCH,RELATED,12.0,MATCH,20.0,UNKNOWN,0.0,MODERATELY_RECENT,6.0,WITHIN_30_DAYS,3.0,9,True,False,41.0,MODERATE,COAL 'TBN' 75000/10 Newport News opt Norfolk/EC India 21/30 Sep $51.20 fio 40000sashex/20000sashex - SAIL,trade=WEAK_RELATED:12.0; cargo=MATCH:20.0; vessel=UNKNOWN:0.0; recency=MODERATELY_RECENT:6.0; laycan=WITHIN_30_DAYS:3.0
CONTRACT_004,4,"Hay Point, Australia","Visakhapatnam, India",Panamax,coal,2026-08-19,report_00012.html,TBN,,Newport News opt Norfolk,Newport News opt Norfolk,EC India,coal,75000.0,2026-09-21,2026-09-30,51.2,WEAK_RELATED,NO_MATCH,RELATED,12.0,MATCH,20.0,UNKNOWN,0.0,MODERATELY_RECENT,6.0,WITHIN_30_DAYS,3.0,9,True,False,41.0,MODERATE,COAL 'TBN' 75000/10 Newport News opt Norfolk/EC India 21/30 Sep $51.20 fio 40000sashex/20000sashex - SAIL,trade=WEAK_RELATED:12.0; cargo=MATCH:20.0; vessel=UNKNOWN:0.0; recency=MODERATELY_RECENT:6.0; laycan=WITHIN_30_DAYS:3.0
CONTRACT_005,5,"Hay Point, Australia","Paradip, India",Panamax,coal,2026-08-19,report_00012.html,TBN,,Newport News opt Norfolk,Newport News opt Norfolk,EC India,coal,75000.0,2026-09-21,2026-09-30,51.2,WEAK_RELATED,NO_MATCH,RELATED,12.0,MATCH,20.0,UNKNOWN,0.0,MODERATELY_RECENT,6.0,WITHIN_30_DAYS,3.0,9,True,False,41.0,MODERATE,COAL 'TBN' 75000/10 Newport News opt Norfolk/EC India 21/30 Sep $51.20 fio 40000sashex/20000sashex - SAIL,trade=WEAK_RELATED:12.0; cargo=MATCH:20.0; vessel=UNKNOWN:0.0; recency=MODERATELY_RECENT:6.0; laycan=WITHIN_30_DAYS:3.0
CONTRACT_006,6,"Banjarmasin (South Kalimantan), Indonesia","Krishnapatnam, India",Panamax,coal,2026-08-19,report_00012.html,TBN,,Newport News opt Norfolk,Newport News opt Norfolk,EC India,coal,75000.0,2026-09-21,2026-09-30,51.2,WEAK_RELATED,NO_MATCH,RELATED,12.0,MATCH,20.0,UNKNOWN,0.0,MODERATELY_RECENT,6.0,WITHIN_30_DAYS,3.0,9,True,False,41.0,MODERATE,COAL 'TBN' 75000/10 Newport News opt Norfolk/EC India 21/30 Sep $51.20 fio 40000sashex/20000sashex - SAIL,trade=WEAK_RELATED:12.0; cargo=MATCH:20.0; vessel=UNKNOWN:0.0; recency=MODERATELY_RECENT:6.0; laycan=WITHIN_30_DAYS:3.0
CONTRACT_007,7,"East Kalimantan, Indonesia","Paradip, India",Supramax,coal,2026-08-19,report_00012.html,TBN,,Newport News opt Norfolk,Newport News opt Norfolk,EC India,coal,75000.0,2026-09-21,2026-09-30,51.2,WEAK_RELATED,NO_MATCH,RELATED,12.0,MATCH,20.0,UNKNOWN,0.0,MODERATELY_RECENT,6.0,WITHIN_30_DAYS,3.0,9,True,False,41.0,MODERATE,COAL 'TBN' 75000/10 Newport News opt Norfolk/EC India 21/30 Sep $51.20 fio 40000sashex/20000sashex - SAIL,trade=WEAK_RELATED:12.0; cargo=MATCH:20.0; vessel=UNKNOWN:0.0; recency=MODERATELY_RECENT:6.0; laycan=WITHIN_30_DAYS:3.0
CONTRACT_009,9,"Richards Bay, South Africa","Paradip, India",Panamax,coal,2026-08-19,report_00012.html,TBN,,Newport News opt Norfolk,Newport News opt Norfolk,EC India,coal,75000.0,2026-09-21,2026-09-30,51.2,WEAK_RELATED,NO_MATCH,RELATED,12.0,MATCH,20.0,UNKNOWN,0.0,MODERATELY_RECENT,6.0,WITHIN_30_DAYS,3.0,9,True,False,41.0,MODERATE,COAL 'TBN' 75000/10 Newport News opt Norfolk/EC India 21/30 Sep $51.20 fio 40000sashex/20000sashex - SAIL,trade=WEAK_RELATED:12.0; cargo=MATCH:20.0; vessel=UNKNOWN:0.0; recency=MODERATELY_RECENT:6.0; laycan=WITHIN_30_DAYS:3.0
CONTRACT_010,10,Indonesia,"Paradip, India",Supramax,coal,2026-08-19,report_00012.html,TBN,,Newport News opt Norfolk,Newport News opt Norfolk,EC India,coal,75000.0,2026-09-21,2026-09-30,51.2,WEAK_RELATED,NO_MATCH,RELATED,12.0,MATCH,20.0,UNKNOWN,0.0,MODERATELY_RECENT,6.0,WITHIN_30_DAYS,3.0,9,True,False,41.0,MODERATE,COAL 'TBN' 75000/10 Newport News opt Norfolk/EC India 21/30 Sep $51.20 fio 40000sashex/20000sashex - SAIL,trade=WEAK_RELATED:12.0; cargo=MATCH:20.0; vessel=UNKNOWN:0.0; recency=MODERATELY_RECENT:6.0; laycan=WITHIN_30_DAYS:3.0
CONTRACT_011,11,"Hay Point, Australia","Visakhapatnam, India",Panamax,coal,2026-08-19,report_00012.html,TBN,,Newport News opt Norfolk,Newport News opt Norfolk,EC India,coal,75000.0,2026-09-21,2026-09-30,51.2,WEAK_RELATED,NO_MATCH,RELATED,12.0,MATCH,20.0,UNKNOWN,0.0,MODERATELY_RECENT,6.0,WITHIN_30_DAYS,3.0,9,True,False,41.0,MODERATE,COAL 'TBN' 75000/10 Newport News opt Norfolk/EC India 21/30 Sep $51.20 fio 40000sashex/20000sashex - SAIL,trade=WEAK_RELATED:12.0; cargo=MATCH:20.0; vessel=UNKNOWN:0.0; recency=MODERATELY_RECENT:6.0; laycan=WITHIN_30_DAYS:3.0
CONTRACT_014,14,"East Kalimantan, Indonesia","Paradip, India",Supramax,coal,2026-08-19,report_00012.html,TBN,,Newport News opt Norfolk,Newport News opt Norfolk,EC India,coal,75000.0,2026-09-21,2026-09-30,51.2,WEAK_RELATED,NO_MATCH,RELATED,12.0,MATCH,20.0,UNKNOWN,0.0,MODERATELY_RECENT,6.0,WITHIN_30_DAYS,3.0,9,True,False,41.0,MODERATE,COAL 'TBN' 75000/10 Newport News opt Norfolk/EC India 21/30 Sep $51.20 fio 40000sashex/20000sashex - SAIL,trade=WEAK_RELATED:12.0; cargo=MATCH:20.0; vessel=UNKNOWN:0.0; recency=MODERATELY_RECENT:6.0; laycan=WITHIN_30_DAYS:3.0
CONTRACT_015,15,Atlantic / Black Sea ports (Taman / Ust-Luga proxy),"Visakhapatnam, India",Panamax,coal,2026-08-19,report_00012.html,TBN,,Newport News opt Norfolk,Newport News opt Norfolk,EC India,coal,75000.0,2026-09-21,2026-09-30,51.2,WEAK_RELATED,NO_MATCH,RELATED,12.0,MATCH,20.0,UNKNOWN,0.0,MODERATELY_RECENT,6.0,WITHIN_30_DAYS,3.0,9,True,False,41.0,MODERATE,COAL 'TBN' 75000/10 Newport News opt Norfolk/EC India 21/30 Sep $51.20 fio 40000sashex/20000sashex - SAIL,trade=WEAK_RELATED:12.0; cargo=MATCH:20.0; vessel=UNKNOWN:0.0; recency=MODERATELY_RECENT:6.0; laycan=WITHIN_30_DAYS:3.0
CONTRACT_016,16,"Richards Bay, South Africa","Gangavaram, India",Capesize,coal,2026-08-19,report_00012.html,TBN,,Newport News opt Norfolk,Newport News opt Norfolk,EC India,coal,75000.0,2026-09-21,2026-09-30,51.2,WEAK_RELATED,NO_MATCH,RELATED,12.0,MATCH,20.0,UNKNOWN,0.0,MODERATELY_RECENT,6.0,WITHIN_30_DAYS,3.0,9,True,False,41.0,MODERATE,COAL 'TBN' 75000/10 Newport News opt Norfolk/EC India 21/30 Sep $51.20 fio 40000sashex/20000sashex - SAIL,trade=WEAK_RELATED:12.0; cargo=MATCH:20.0; vessel=UNKNOWN:0.0; recency=MODERATELY_RECENT:6.0; laycan=WITHIN_30_DAYS:3.0
CONTRACT_017,17,"Queensland, Australia","Haldia, India",Panamax,coal,2026-08-19,report_00012.html,TBN,,Newport News opt Norfolk,Newport News opt Norfolk,EC India,coal,75000.0,2026-09-21,2026-09-30,51.2,WEAK_RELATED,NO_MATCH,RELATED,12.0,MATCH,20.0,UNKNOWN,0.0,MODERATELY_RECENT,6.0,WITHIN_30_DAYS,3.0,9,True,False,41.0,MODERATE,COAL 'TBN' 75000/10 Newport News opt Norfolk/EC India 21/30 Sep $51.20 fio 40000sashex/20000sashex - SAIL,trade=WEAK_RELATED:12.0; cargo=MATCH:20.0; vessel=UNKNOWN:0.0; recency=MODERATELY_RECENT:6.0; laycan=WITHIN_30_DAYS:3.0
CONTRACT_018,18,"Richards Bay, South Africa","Haldia, India",Panamax,coal,2026-08-19,report_00012.html,TBN,,Newport News opt Norfolk,Newport News opt Norfolk,EC India,coal,75000.0,2026-09-21,2026-09-30,51.2,WEAK_RELATED,NO_MATCH,RELATED,12.0,MATCH,20.0,UNKNOWN,0.0,MODERATELY_RECENT,6.0,WITHIN_30_DAYS,3.0,9,True,False,41.0,MODERATE,COAL 'TBN' 75000/10 Newport News opt Norfolk/EC India 21/30 Sep $51.20 fio 40000sashex/20000sashex - SAIL,trade=WEAK_RELATED:12.0; cargo=MATCH:20.0; vessel=UNKNOWN:0.0; recency=MODERATELY_RECENT:6.0; laycan=WITHIN_30_DAYS:3.0
CONTRACT_020,20,East Coast Australia,East Coast India,Panamax,coal,2026-08-19,report_00012.html,TBN,,Newport News opt Norfolk,Newport News opt Norfolk,EC India,coal,75000.0,2026-09-21,2026-09-30,51.2,WEAK_RELATED,NO_MATCH,RELATED,12.0,MATCH,20.0,UNKNOWN,0.0,MODERATELY_RECENT,6.0,WITHIN_30_DAYS,3.0,9,True,False,41.0,MODERATE,COAL 'TBN' 75000/10 Newport News opt Norfolk/EC India 21/30 Sep $51.20 fio 40000sashex/20000sashex - SAIL,trade=WEAK_RELATED:12.0; cargo=MATCH:20.0; vessel=UNKNOWN:0.0; recency=MODERATELY_RECENT:6.0; laycan=WITHIN_30_DAYS:3.0
CONTRACT_021,21,Indonesia,East Coast India,Panamax,coal,2026-08-19,report_00012.html,TBN,,Newport News opt Norfolk,Newport News opt Norfolk,EC India,coal,75000.0,2026-09-21,2026-09-30,51.2,WEAK_RELATED,NO_MATCH,RELATED,12.0,MATCH,20.0,UNKNOWN,0.0,MODERATELY_RECENT,6.0,WITHIN_30_DAYS,3.0,9,True,False,41.0,MODERATE,COAL 'TBN' 75000/10 Newport News opt Norfolk/EC India 21/30 Sep $51.20 fio 40000sashex/20000sashex - SAIL,trade=WEAK_RELATED:12.0; cargo=MATCH:20.0; vessel=UNKNOWN:0.0; recency=MODERATELY_RECENT:6.0; laycan=WITHIN_30_DAYS:3.0
CONTRACT_023,23,"Richards Bay, South Africa","Krishnapatnam, India",Capesize,coal,2026-08-19,report_00012.html,TBN,,Newport News opt Norfolk,Newport News opt Norfolk,EC India,coal,75000.0,2026-09-21,2026-09-30,51.2,WEAK_RELATED,NO_MATCH,RELATED,12.0,MATCH,20.0,UNKNOWN,0.0,MODERATELY_RECENT,6.0,WITHIN_30_DAYS,3.0,9,True,False,41.0,MODERATE,COAL 'TBN' 75000/10 Newport News opt Norfolk/EC India 21/30 Sep $51.20 fio 40000sashex/20000sashex - SAIL,trade=WEAK_RELATED:12.0; cargo=MATCH:20.0; vessel=UNKNOWN:0.0; recency=MODERATELY_RECENT:6.0; laycan=WITHIN_30_DAYS:3.0
CONTRACT_024,24,US East Coast (Hampton Roads / Baltimore),East Coast India (Paradip / Visakhapatnam),Panamax,coal,2026-08-19,report_00012.html,TBN,,Newport News opt Norfolk,Newport News opt Norfolk,EC India,coal,75000.0,2026-09-21,2026-09-30,51.2,WEAK_RELATED,NO_MATCH,RELATED,12.0,MATCH,20.0,UNKNOWN,0.0,MODERATELY_RECENT,6.0,WITHIN_30_DAYS,3.0,9,True,False,41.0,MODERATE,COAL 'TBN' 75000/10 Newport News opt Norfolk/EC India 21/30 Sep $51.20 fio 40000sashex/20000sashex - SAIL,trade=WEAK_RELATED:12.0; cargo=MATCH:20.0; vessel=UNKNOWN:0.0; recency=MODERATELY_RECENT:6.0; laycan=WITHIN_30_DAYS:3.0
CONTRACT_006,6,"Banjarmasin (South Kalimantan), Indonesia","Krishnapatnam, India",Panamax,coal,2026-08-04,report_00010.html,Korea Line TBN,,DBCT,DBCT,EC India,coal,80000.0,2026-09-01,2026-09-10,22.65,WEAK_RELATED,NO_MATCH,RELATED,12.0,MATCH,20.0,UNKNOWN,0.0,HISTORICAL,1.0,WITHIN_7_DAYS,8.0,24,True,False,41.0,MODERATE,COAL 'Korea Line TBN' 80000/10 DBCT/EC India 1/10 Sep $22.65 fio 30000shinc/35000shinc - SAIL,trade=WEAK_RELATED:12.0; cargo=MATCH:20.0; vessel=UNKNOWN:0.0; recency=HISTORICAL:1.0; laycan=WITHIN_7_DAYS:8.0
CONTRACT_007,7,"East Kalimantan, Indonesia","Paradip, India",Supramax,coal,2026-08-04,report_00010.html,Korea Line TBN,,DBCT,DBCT,EC India,coal,80000.0,2026-09-01,2026-09-10,22.65,WEAK_RELATED,NO_MATCH,RELATED,12.0,MATCH,20.0,UNKNOWN,0.0,HISTORICAL,1.0,WITHIN_7_DAYS,8.0,24,True,False,41.0,MODERATE,COAL 'Korea Line TBN' 80000/10 DBCT/EC India 1/10 Sep $22.65 fio 30000shinc/35000shinc - SAIL,trade=WEAK_RELATED:12.0; cargo=MATCH:20.0; vessel=UNKNOWN:0.0; recency=HISTORICAL:1.0; laycan=WITHIN_7_DAYS:8.0
CONTRACT_009,9,"Richards Bay, South Africa","Paradip, India",Panamax,coal,2026-08-04,report_00010.html,Korea Line TBN,,DBCT,DBCT,EC India,coal,80000.0,2026-09-01,2026-09-10,22.65,WEAK_RELATED,NO_MATCH,RELATED,12.0,MATCH,20.0,UNKNOWN,0.0,HISTORICAL,1.0,WITHIN_7_DAYS,8.0,24,True,False,41.0,MODERATE,COAL 'Korea Line TBN' 80000/10 DBCT/EC India 1/10 Sep $22.65 fio 30000shinc/35000shinc - SAIL,trade=WEAK_RELATED:12.0; cargo=MATCH:20.0; vessel=UNKNOWN:0.0; recency=HISTORICAL:1.0; laycan=WITHIN_7_DAYS:8.0
CONTRACT_010,10,Indonesia,"Paradip, India",Supramax,coal,2026-08-04,report_00010.html,Korea Line TBN,,DBCT,DBCT,EC India,coal,80000.0,2026-09-01,2026-09-10,22.65,WEAK_RELATED,NO_MATCH,RELATED,12.0,MATCH,20.0,UNKNOWN,0.0,HISTORICAL,1.0,WITHIN_7_DAYS,8.0,24,True,False,41.0,MODERATE,COAL 'Korea Line TBN' 80000/10 DBCT/EC India 1/10 Sep $22.65 fio 30000shinc/35000shinc - SAIL,trade=WEAK_RELATED:12.0; cargo=MATCH:20.0; vessel=UNKNOWN:0.0; recency=HISTORICAL:1.0; laycan=WITHIN_7_DAYS:8.0
CONTRACT_014,14,"East Kalimantan, Indonesia","Paradip, India",Supramax,coal,2026-08-04,report_00010.html,Korea Line TBN,,DBCT,DBCT,EC India,coal,80000.0,2026-09-01,2026-09-10,22.65,WEAK_RELATED,NO_MATCH,RELATED,12.0,MATCH,20.0,UNKNOWN,0.0,HISTORICAL,1.0,WITHIN_7_DAYS,8.0,24,True,False,41.0,MODERATE,COAL 'Korea Line TBN' 80000/10 DBCT/EC India 1/10 Sep $22.65 fio 30000shinc/35000shinc - SAIL,trade=WEAK_RELATED:12.0; cargo=MATCH:20.0; vessel=UNKNOWN:0.0; recency=HISTORICAL:1.0; laycan=WITHIN_7_DAYS:8.0
CONTRACT_015,15,Atlantic / Black Sea ports (Taman / Ust-Luga proxy),"Visakhapatnam, India",Panamax,coal,2026-08-04,report_00010.html,Korea Line TBN,,DBCT,DBCT,EC India,coal,80000.0,2026-09-01,2026-09-10,22.65,WEAK_RELATED,NO_MATCH,RELATED,12.0,MATCH,20.0,UNKNOWN,0.0,HISTORICAL,1.0,WITHIN_7_DAYS,8.0,24,True,False,41.0,MODERATE,COAL 'Korea Line TBN' 80000/10 DBCT/EC India 1/10 Sep $22.65 fio 30000shinc/35000shinc - SAIL,trade=WEAK_RELATED:12.0; cargo=MATCH:20.0; vessel=UNKNOWN:0.0; recency=HISTORICAL:1.0; laycan=WITHIN_7_DAYS:8.0
CONTRACT_016,16,"Richards Bay, South Africa","Gangavaram, India",Capesize,coal,2026-08-04,report_00010.html,Korea Line TBN,,DBCT,DBCT,EC India,coal,80000.0,2026-09-01,2026-09-10,22.65,WEAK_RELATED,NO_MATCH,RELATED,12.0,MATCH,20.0,UNKNOWN,0.0,HISTORICAL,1.0,WITHIN_7_DAYS,8.0,24,True,False,41.0,MODERATE,COAL 'Korea Line TBN' 80000/10 DBCT/EC India 1/10 Sep $22.65 fio 30000shinc/35000shinc - SAIL,trade=WEAK_RELATED:12.0; cargo=MATCH:20.0; vessel=UNKNOWN:0.0; recency=HISTORICAL:1.0; laycan=WITHIN_7_DAYS:8.0
CONTRACT_018,18,"Richards Bay, South Africa","Haldia, India",Panamax,coal,2026-08-04,report_00010.html,Korea Line TBN,,DBCT,DBCT,EC India,coal,80000.0,2026-09-01,2026-09-10,22.65,WEAK_RELATED,NO_MATCH,RELATED,12.0,MATCH,20.0,UNKNOWN,0.0,HISTORICAL,1.0,WITHIN_7_DAYS,8.0,24,True,False,41.0,MODERATE,COAL 'Korea Line TBN' 80000/10 DBCT/EC India 1/10 Sep $22.65 fio 30000shinc/35000shinc - SAIL,trade=WEAK_RELATED:12.0; cargo=MATCH:20.0; vessel=UNKNOWN:0.0; recency=HISTORICAL:1.0; laycan=WITHIN_7_DAYS:8.0
CONTRACT_021,21,Indonesia,East Coast India,Panamax,coal,2026-08-04,report_00010.html,Korea Line TBN,,DBCT,DBCT,EC India,coal,80000.0,2026-09-01,2026-09-10,22.65,WEAK_RELATED,NO_MATCH,RELATED,12.0,MATCH,20.0,UNKNOWN,0.0,HISTORICAL,1.0,WITHIN_7_DAYS,8.0,24,True,False,41.0,MODERATE,COAL 'Korea Line TBN' 80000/10 DBCT/EC India 1/10 Sep $22.65 fio 30000shinc/35000shinc - SAIL,trade=WEAK_RELATED:12.0; cargo=MATCH:20.0; vessel=UNKNOWN:0.0; recency=HISTORICAL:1.0; laycan=WITHIN_7_DAYS:8.0
CONTRACT_023,23,"Richards Bay, South Africa","Krishnapatnam, India",Capesize,coal,2026-08-04,report_00010.html,Korea Line TBN,,DBCT,DBCT,EC India,coal,80000.0,2026-09-01,2026-09-10,22.65,WEAK_RELATED,NO_MATCH,RELATED,12.0,MATCH,20.0,UNKNOWN,0.0,HISTORICAL,1.0,WITHIN_7_DAYS,8.0,24,True,False,41.0,MODERATE,COAL 'Korea Line TBN' 80000/10 DBCT/EC India 1/10 Sep $22.65 fio 30000shinc/35000shinc - SAIL,trade=WEAK_RELATED:12.0; cargo=MATCH:20.0; vessel=UNKNOWN:0.0; recency=HISTORICAL:1.0; laycan=WITHIN_7_DAYS:8.0
CONTRACT_024,24,US East Coast (Hampton Roads / Baltimore),East Coast India (Paradip / Visakhapatnam),Panamax,coal,2026-08-04,report_00010.html,Korea Line TBN,,DBCT,DBCT,EC India,coal,80000.0,2026-09-01,2026-09-10,22.65,WEAK_RELATED,NO_MATCH,RELATED,12.0,MATCH,20.0,UNKNOWN,0.0,HISTORICAL,1.0,WITHIN_7_DAYS,8.0,24,True,False,41.0,MODERATE,COAL 'Korea Line TBN' 80000/10 DBCT/EC India 1/10 Sep $22.65 fio 30000shinc/35000shinc - SAIL,trade=WEAK_RELATED:12.0; cargo=MATCH:20.0; vessel=UNKNOWN:0.0; recency=HISTORICAL:1.0; laycan=WITHIN_7_DAYS:8.0
CONTRACT_006,6,"Banjarmasin (South Kalimantan), Indonesia","Krishnapatnam, India",Panamax,coal,2026-07-13,report_00006.html,TBN,,coal HPCT-APCT-DBCT-Gladstone,HPCT-APCT-DBCT-Gladstone,Vizag,coal,75000.0,2026-08-10,2026-08-19,21.5,WEAK_RELATED,NO_MATCH,RELATED,12.0,MATCH,20.0,UNKNOWN,0.0,HISTORICAL,1.0,HISTORICAL,0.0,46,True,False,33.0,MODERATE,COAL 'TBN' 75000/10 coal HPCT-APCT-DBCT-Gladstone/Vizag 10/19 Aug $21.50 fio 40000shinc/40000shinc - SAIL,trade=WEAK_RELATED:12.0; cargo=MATCH:20.0; vessel=UNKNOWN:0.0; recency=HISTORICAL:1.0; laycan=HISTORICAL:0.0
CONTRACT_007,7,"East Kalimantan, Indonesia","Paradip, India",Supramax,coal,2026-07-13,report_00006.html,TBN,,coal HPCT-APCT-DBCT-Gladstone,HPCT-APCT-DBCT-Gladstone,Vizag,coal,75000.0,2026-08-10,2026-08-19,21.5,WEAK_RELATED,NO_MATCH,RELATED,12.0,MATCH,20.0,UNKNOWN,0.0,HISTORICAL,1.0,HISTORICAL,0.0,46,True,False,33.0,MODERATE,COAL 'TBN' 75000/10 coal HPCT-APCT-DBCT-Gladstone/Vizag 10/19 Aug $21.50 fio 40000shinc/40000shinc - SAIL,trade=WEAK_RELATED:12.0; cargo=MATCH:20.0; vessel=UNKNOWN:0.0; recency=HISTORICAL:1.0; laycan=HISTORICAL:0.0
CONTRACT_009,9,"Richards Bay, South Africa","Paradip, India",Panamax,coal,2026-07-13,report_00006.html,TBN,,coal HPCT-APCT-DBCT-Gladstone,HPCT-APCT-DBCT-Gladstone,Vizag,coal,75000.0,2026-08-10,2026-08-19,21.5,WEAK_RELATED,NO_MATCH,RELATED,12.0,MATCH,20.0,UNKNOWN,0.0,HISTORICAL,1.0,HISTORICAL,0.0,46,True,False,33.0,MODERATE,COAL 'TBN' 75000/10 coal HPCT-APCT-DBCT-Gladstone/Vizag 10/19 Aug $21.50 fio 40000shinc/40000shinc - SAIL,trade=WEAK_RELATED:12.0; cargo=MATCH:20.0; vessel=UNKNOWN:0.0; recency=HISTORICAL:1.0; laycan=HISTORICAL:0.0
CONTRACT_010,10,Indonesia,"Paradip, India",Supramax,coal,2026-07-13,report_00006.html,TBN,,coal HPCT-APCT-DBCT-Gladstone,HPCT-APCT-DBCT-Gladstone,Vizag,coal,75000.0,2026-08-10,2026-08-19,21.5,WEAK_RELATED,NO_MATCH,RELATED,12.0,MATCH,20.0,UNKNOWN,0.0,HISTORICAL,1.0,HISTORICAL,0.0,46,True,False,33.0,MODERATE,COAL 'TBN' 75000/10 coal HPCT-APCT-DBCT-Gladstone/Vizag 10/19 Aug $21.50 fio 40000shinc/40000shinc - SAIL,trade=WEAK_RELATED:12.0; cargo=MATCH:20.0; vessel=UNKNOWN:0.0; recency=HISTORICAL:1.0; laycan=HISTORICAL:0.0
CONTRACT_014,14,"East Kalimantan, Indonesia","Paradip, India",Supramax,coal,2026-07-13,report_00006.html,TBN,,coal HPCT-APCT-DBCT-Gladstone,HPCT-APCT-DBCT-Gladstone,Vizag,coal,75000.0,2026-08-10,2026-08-19,21.5,WEAK_RELATED,NO_MATCH,RELATED,12.0,MATCH,20.0,UNKNOWN,0.0,HISTORICAL,1.0,HISTORICAL,0.0,46,True,False,33.0,MODERATE,COAL 'TBN' 75000/10 coal HPCT-APCT-DBCT-Gladstone/Vizag 10/19 Aug $21.50 fio 40000shinc/40000shinc - SAIL,trade=WEAK_RELATED:12.0; cargo=MATCH:20.0; vessel=UNKNOWN:0.0; recency=HISTORICAL:1.0; laycan=HISTORICAL:0.0
CONTRACT_015,15,Atlantic / Black Sea ports (Taman / Ust-Luga proxy),"Visakhapatnam, India",Panamax,coal,2026-07-13,report_00006.html,TBN,,coal HPCT-APCT-DBCT-Gladstone,HPCT-APCT-DBCT-Gladstone,Vizag,coal,75000.0,2026-08-10,2026-08-19,21.5,WEAK_RELATED,NO_MATCH,RELATED,12.0,MATCH,20.0,UNKNOWN,0.0,HISTORICAL,1.0,HISTORICAL,0.0,46,True,False,33.0,MODERATE,COAL 'TBN' 75000/10 coal HPCT-APCT-DBCT-Gladstone/Vizag 10/19 Aug $21.50 fio 40000shinc/40000shinc - SAIL,trade=WEAK_RELATED:12.0; cargo=MATCH:20.0; vessel=UNKNOWN:0.0; recency=HISTORICAL:1.0; laycan=HISTORICAL:0.0
CONTRACT_016,16,"Richards Bay, South Africa","Gangavaram, India",Capesize,coal,2026-07-13,report_00006.html,TBN,,coal HPCT-APCT-DBCT-Gladstone,HPCT-APCT-DBCT-Gladstone,Vizag,coal,75000.0,2026-08-10,2026-08-19,21.5,WEAK_RELATED,NO_MATCH,RELATED,12.0,MATCH,20.0,UNKNOWN,0.0,HISTORICAL,1.0,HISTORICAL,0.0,46,True,False,33.0,MODERATE,COAL 'TBN' 75000/10 coal HPCT-APCT-DBCT-Gladstone/Vizag 10/19 Aug $21.50 fio 40000shinc/40000shinc - SAIL,trade=WEAK_RELATED:12.0; cargo=MATCH:20.0; vessel=UNKNOWN:0.0; recency=HISTORICAL:1.0; laycan=HISTORICAL:0.0
CONTRACT_018,18,"Richards Bay, South Africa","Haldia, India",Panamax,coal,2026-07-13,report_00006.html,TBN,,coal HPCT-APCT-DBCT-Gladstone,HPCT-APCT-DBCT-Gladstone,Vizag,coal,75000.0,2026-08-10,2026-08-19,21.5,WEAK_RELATED,NO_MATCH,RELATED,12.0,MATCH,20.0,UNKNOWN,0.0,HISTORICAL,1.0,HISTORICAL,0.0,46,True,False,33.0,MODERATE,COAL 'TBN' 75000/10 coal HPCT-APCT-DBCT-Gladstone/Vizag 10/19 Aug $21.50 fio 40000shinc/40000shinc - SAIL,trade=WEAK_RELATED:12.0; cargo=MATCH:20.0; vessel=UNKNOWN:0.0; recency=HISTORICAL:1.0; laycan=HISTORICAL:0.0
CONTRACT_021,21,Indonesia,East Coast India,Panamax,coal,2026-07-13,report_00006.html,TBN,,coal HPCT-APCT-DBCT-Gladstone,HPCT-APCT-DBCT-Gladstone,Vizag,coal,75000.0,2026-08-10,2026-08-19,21.5,WEAK_RELATED,NO_MATCH,RELATED,12.0,MATCH,20.0,UNKNOWN,0.0,HISTORICAL,1.0,HISTORICAL,0.0,46,True,False,33.0,MODERATE,COAL 'TBN' 75000/10 coal HPCT-APCT-DBCT-Gladstone/Vizag 10/19 Aug $21.50 fio 40000shinc/40000shinc - SAIL,trade=WEAK_RELATED:12.0; cargo=MATCH:20.0; vessel=UNKNOWN:0.0; recency=HISTORICAL:1.0; laycan=HISTORICAL:0.0
CONTRACT_023,23,"Richards Bay, South Africa","Krishnapatnam, India",Capesize,coal,2026-07-13,report_00006.html,TBN,,coal HPCT-APCT-DBCT-Gladstone,HPCT-APCT-DBCT-Gladstone,Vizag,coal,75000.0,2026-08-10,2026-08-19,21.5,WEAK_RELATED,NO_MATCH,RELATED,12.0,MATCH,20.0,UNKNOWN,0.0,HISTORICAL,1.0,HISTORICAL,0.0,46,True,False,33.0,MODERATE,COAL 'TBN' 75000/10 coal HPCT-APCT-DBCT-Gladstone/Vizag 10/19 Aug $21.50 fio 40000shinc/40000shinc - SAIL,trade=WEAK_RELATED:12.0; cargo=MATCH:20.0; vessel=UNKNOWN:0.0; recency=HISTORICAL:1.0; laycan=HISTORICAL:0.0
CONTRACT_024,24,US East Coast (Hampton Roads / Baltimore),East Coast India (Paradip / Visakhapatnam),Panamax,coal,2026-07-13,report_00006.html,TBN,,coal HPCT-APCT-DBCT-Gladstone,HPCT-APCT-DBCT-Gladstone,Vizag,coal,75000.0,2026-08-10,2026-08-19,21.5,WEAK_RELATED,NO_MATCH,RELATED,12.0,MATCH,20.0,UNKNOWN,0.0,HISTORICAL,1.0,HISTORICAL,0.0,46,True,False,33.0,MODERATE,COAL 'TBN' 75000/10 coal HPCT-APCT-DBCT-Gladstone/Vizag 10/19 Aug $21.50 fio 40000shinc/40000shinc - SAIL,trade=WEAK_RELATED:12.0; cargo=MATCH:20.0; vessel=UNKNOWN:0.0; recency=HISTORICAL:1.0; laycan=HISTORICAL:0.0
CONTRACT_000,0,"Queensland (Gladstone / Hay Point), Australia","Visakhapatnam & Haldia, India",Panamax,coal,2026-07-08,report_00005.html,TBN,,coal Nacala,Nacala,Gangavaram,coal,75000.0,2026-08-05,2026-08-14,17.7,WEAK_RELATED,NO_MATCH,RELATED,12.0,MATCH,20.0,UNKNOWN,0.0,HISTORICAL,1.0,HISTORICAL,0.0,51,True,False,33.0,MODERATE,'TBN' 75000/10 coal Nacala/Gangavaram 5/14 Aug $17.70 fio 33000shinc/40000shinc - NSL,trade=WEAK_RELATED:12.0; cargo=MATCH:20.0; vessel=UNKNOWN:0.0; recency=HISTORICAL:1.0; laycan=HISTORICAL:0.0
CONTRACT_002,2,"Hay Point, Australia","Paradip, India",Panamax,coal,2026-07-08,report_00005.html,TBN,,coal Nacala,Nacala,Gangavaram,coal,75000.0,2026-08-05,2026-08-14,17.7,WEAK_RELATED,NO_MATCH,RELATED,12.0,MATCH,20.0,UNKNOWN,0.0,HISTORICAL,1.0,HISTORICAL,0.0,51,True,False,33.0,MODERATE,'TBN' 75000/10 coal Nacala/Gangavaram 5/14 Aug $17.70 fio 33000shinc/40000shinc - NSL,trade=WEAK_RELATED:12.0; cargo=MATCH:20.0; vessel=UNKNOWN:0.0; recency=HISTORICAL:1.0; laycan=HISTORICAL:0.0
CONTRACT_004,4,"Hay Point, Australia","Visakhapatnam, India",Panamax,coal,2026-07-08,report_00005.html,TBN,,coal Nacala,Nacala,Gangavaram,coal,75000.0,2026-08-05,2026-08-14,17.7,WEAK_RELATED,NO_MATCH,RELATED,12.0,MATCH,20.0,UNKNOWN,0.0,HISTORICAL,1.0,HISTORICAL,0.0,51,True,False,33.0,MODERATE,'TBN' 75000/10 coal Nacala/Gangavaram 5/14 Aug $17.70 fio 33000shinc/40000shinc - NSL,trade=WEAK_RELATED:12.0; cargo=MATCH:20.0; vessel=UNKNOWN:0.0; recency=HISTORICAL:1.0; laycan=HISTORICAL:0.0
CONTRACT_005,5,"Hay Point, Australia","Paradip, India",Panamax,coal,2026-07-08,report_00005.html,TBN,,coal Nacala,Nacala,Gangavaram,coal,75000.0,2026-08-05,2026-08-14,17.7,WEAK_RELATED,NO_MATCH,RELATED,12.0,MATCH,20.0,UNKNOWN,0.0,HISTORICAL,1.0,HISTORICAL,0.0,51,True,False,33.0,MODERATE,'TBN' 75000/10 coal Nacala/Gangavaram 5/14 Aug $17.70 fio 33000shinc/40000shinc - NSL,trade=WEAK_RELATED:12.0; cargo=MATCH:20.0; vessel=UNKNOWN:0.0; recency=HISTORICAL:1.0; laycan=HISTORICAL:0.0
CONTRACT_006,6,"Banjarmasin (South Kalimantan), Indonesia","Krishnapatnam, India",Panamax,coal,2026-07-08,report_00005.html,TBN,,coal Nacala,Nacala,Gangavaram,coal,75000.0,2026-08-05,2026-08-14,17.7,WEAK_RELATED,NO_MATCH,RELATED,12.0,MATCH,20.0,UNKNOWN,0.0,HISTORICAL,1.0,HISTORICAL,0.0,51,True,False,33.0,MODERATE,'TBN' 75000/10 coal Nacala/Gangavaram 5/14 Aug $17.70 fio 33000shinc/40000shinc - NSL,trade=WEAK_RELATED:12.0; cargo=MATCH:20.0; vessel=UNKNOWN:0.0; recency=HISTORICAL:1.0; laycan=HISTORICAL:0.0
CONTRACT_007,7,"East Kalimantan, Indonesia","Paradip, India",Supramax,coal,2026-07-08,report_00005.html,TBN,,coal Nacala,Nacala,Gangavaram,coal,75000.0,2026-08-05,2026-08-14,17.7,WEAK_RELATED,NO_MATCH,RELATED,12.0,MATCH,20.0,UNKNOWN,0.0,HISTORICAL,1.0,HISTORICAL,0.0,51,True,False,33.0,MODERATE,'TBN' 75000/10 coal Nacala/Gangavaram 5/14 Aug $17.70 fio 33000shinc/40000shinc - NSL,trade=WEAK_RELATED:12.0; cargo=MATCH:20.0; vessel=UNKNOWN:0.0; recency=HISTORICAL:1.0; laycan=HISTORICAL:0.0
CONTRACT_009,9,"Richards Bay, South Africa","Paradip, India",Panamax,coal,2026-07-08,report_00005.html,TBN,,coal Nacala,Nacala,Gangavaram,coal,75000.0,2026-08-05,2026-08-14,17.7,WEAK_RELATED,NO_MATCH,RELATED,12.0,MATCH,20.0,UNKNOWN,0.0,HISTORICAL,1.0,HISTORICAL,0.0,51,True,False,33.0,MODERATE,'TBN' 75000/10 coal Nacala/Gangavaram 5/14 Aug $17.70 fio 33000shinc/40000shinc - NSL,trade=WEAK_RELATED:12.0; cargo=MATCH:20.0; vessel=UNKNOWN:0.0; recency=HISTORICAL:1.0; laycan=HISTORICAL:0.0
CONTRACT_010,10,Indonesia,"Paradip, India",Supramax,coal,2026-07-08,report_00005.html,TBN,,coal Nacala,Nacala,Gangavaram,coal,75000.0,2026-08-05,2026-08-14,17.7,WEAK_RELATED,NO_MATCH,RELATED,12.0,MATCH,20.0,UNKNOWN,0.0,HISTORICAL,1.0,HISTORICAL,0.0,51,True,False,33.0,MODERATE,'TBN' 75000/10 coal Nacala/Gangavaram 5/14 Aug $17.70 fio 33000shinc/40000shinc - NSL,trade=WEAK_RELATED:12.0; cargo=MATCH:20.0; vessel=UNKNOWN:0.0; recency=HISTORICAL:1.0; laycan=HISTORICAL:0.0
CONTRACT_011,11,"Hay Point, Australia","Visakhapatnam, India",Panamax,coal,2026-07-08,report_00005.html,TBN,,coal Nacala,Nacala,Gangavaram,coal,75000.0,2026-08-05,2026-08-14,17.7,WEAK_RELATED,NO_MATCH,RELATED,12.0,MATCH,20.0,UNKNOWN,0.0,HISTORICAL,1.0,HISTORICAL,0.0,51,True,False,33.0,MODERATE,'TBN' 75000/10 coal Nacala/Gangavaram 5/14 Aug $17.70 fio 33000shinc/40000shinc - NSL,trade=WEAK_RELATED:12.0; cargo=MATCH:20.0; vessel=UNKNOWN:0.0; recency=HISTORICAL:1.0; laycan=HISTORICAL:0.0
CONTRACT_014,14,"East Kalimantan, Indonesia","Paradip, India",Supramax,coal,2026-07-08,report_00005.html,TBN,,coal Nacala,Nacala,Gangavaram,coal,75000.0,2026-08-05,2026-08-14,17.7,WEAK_RELATED,NO_MATCH,RELATED,12.0,MATCH,20.0,UNKNOWN,0.0,HISTORICAL,1.0,HISTORICAL,0.0,51,True,False,33.0,MODERATE,'TBN' 75000/10 coal Nacala/Gangavaram 5/14 Aug $17.70 fio 33000shinc/40000shinc - NSL,trade=WEAK_RELATED:12.0; cargo=MATCH:20.0; vessel=UNKNOWN:0.0; recency=HISTORICAL:1.0; laycan=HISTORICAL:0.0
CONTRACT_015,15,Atlantic / Black Sea ports (Taman / Ust-Luga proxy),"Visakhapatnam, India",Panamax,coal,2026-07-08,report_00005.html,TBN,,coal Nacala,Nacala,Gangavaram,coal,75000.0,2026-08-05,2026-08-14,17.7,WEAK_RELATED,NO_MATCH,RELATED,12.0,MATCH,20.0,UNKNOWN,0.0,HISTORICAL,1.0,HISTORICAL,0.0,51,True,False,33.0,MODERATE,'TBN' 75000/10 coal Nacala/Gangavaram 5/14 Aug $17.70 fio 33000shinc/40000shinc - NSL,trade=WEAK_RELATED:12.0; cargo=MATCH:20.0; vessel=UNKNOWN:0.0; recency=HISTORICAL:1.0; laycan=HISTORICAL:0.0
CONTRACT_016,16,"Richards Bay, South Africa","Gangavaram, India",Capesize,coal,2026-07-08,report_00005.html,TBN,,coal Nacala,Nacala,Gangavaram,coal,75000.0,2026-08-05,2026-08-14,17.7,WEAK_RELATED,NO_MATCH,RELATED,12.0,MATCH,20.0,UNKNOWN,0.0,HISTORICAL,1.0,HISTORICAL,0.0,51,True,False,33.0,MODERATE,'TBN' 75000/10 coal Nacala/Gangavaram 5/14 Aug $17.70 fio 33000shinc/40000shinc - NSL,trade=WEAK_RELATED:12.0; cargo=MATCH:20.0; vessel=UNKNOWN:0.0; recency=HISTORICAL:1.0; laycan=HISTORICAL:0.0
CONTRACT_017,17,"Queensland, Australia","Haldia, India",Panamax,coal,2026-07-08,report_00005.html,TBN,,coal Nacala,Nacala,Gangavaram,coal,75000.0,2026-08-05,2026-08-14,17.7,WEAK_RELATED,NO_MATCH,RELATED,12.0,MATCH,20.0,UNKNOWN,0.0,HISTORICAL,1.0,HISTORICAL,0.0,51,True,False,33.0,MODERATE,'TBN' 75000/10 coal Nacala/Gangavaram 5/14 Aug $17.70 fio 33000shinc/40000shinc - NSL,trade=WEAK_RELATED:12.0; cargo=MATCH:20.0; vessel=UNKNOWN:0.0; recency=HISTORICAL:1.0; laycan=HISTORICAL:0.0
CONTRACT_018,18,"Richards Bay, South Africa","Haldia, India",Panamax,coal,2026-07-08,report_00005.html,TBN,,coal Nacala,Nacala,Gangavaram,coal,75000.0,2026-08-05,2026-08-14,17.7,WEAK_RELATED,NO_MATCH,RELATED,12.0,MATCH,20.0,UNKNOWN,0.0,HISTORICAL,1.0,HISTORICAL,0.0,51,True,False,33.0,MODERATE,'TBN' 75000/10 coal Nacala/Gangavaram 5/14 Aug $17.70 fio 33000shinc/40000shinc - NSL,trade=WEAK_RELATED:12.0; cargo=MATCH:20.0; vessel=UNKNOWN:0.0; recency=HISTORICAL:1.0; laycan=HISTORICAL:0.0
CONTRACT_020,20,East Coast Australia,East Coast India,Panamax,coal,2026-07-08,report_00005.html,TBN,,coal Nacala,Nacala,Gangavaram,coal,75000.0,2026-08-05,2026-08-14,17.7,WEAK_RELATED,NO_MATCH,RELATED,12.0,MATCH,20.0,UNKNOWN,0.0,HISTORICAL,1.0,HISTORICAL,0.0,51,True,False,33.0,MODERATE,'TBN' 75000/10 coal Nacala/Gangavaram 5/14 Aug $17.70 fio 33000shinc/40000shinc - NSL,trade=WEAK_RELATED:12.0; cargo=MATCH:20.0; vessel=UNKNOWN:0.0; recency=HISTORICAL:1.0; laycan=HISTORICAL:0.0
CONTRACT_021,21,Indonesia,East Coast India,Panamax,coal,2026-07-08,report_00005.html,TBN,,coal Nacala,Nacala,Gangavaram,coal,75000.0,2026-08-05,2026-08-14,17.7,WEAK_RELATED,NO_MATCH,RELATED,12.0,MATCH,20.0,UNKNOWN,0.0,HISTORICAL,1.0,HISTORICAL,0.0,51,True,False,33.0,MODERATE,'TBN' 75000/10 coal Nacala/Gangavaram 5/14 Aug $17.70 fio 33000shinc/40000shinc - NSL,trade=WEAK_RELATED:12.0; cargo=MATCH:20.0; vessel=UNKNOWN:0.0; recency=HISTORICAL:1.0; laycan=HISTORICAL:0.0
CONTRACT_023,23,"Richards Bay, South Africa","Krishnapatnam, India",Capesize,coal,2026-07-08,report_00005.html,TBN,,coal Nacala,Nacala,Gangavaram,coal,75000.0,2026-08-05,2026-08-14,17.7,WEAK_RELATED,NO_MATCH,RELATED,12.0,MATCH,20.0,UNKNOWN,0.0,HISTORICAL,1.0,HISTORICAL,0.0,51,True,False,33.0,MODERATE,'TBN' 75000/10 coal Nacala/Gangavaram 5/14 Aug $17.70 fio 33000shinc/40000shinc - NSL,trade=WEAK_RELATED:12.0; cargo=MATCH:20.0; vessel=UNKNOWN:0.0; recency=HISTORICAL:1.0; laycan=HISTORICAL:0.0
CONTRACT_024,24,US East Coast (Hampton Roads / Baltimore),East Coast India (Paradip / Visakhapatnam),Panamax,coal,2026-07-08,report_00005.html,TBN,,coal Nacala,Nacala,Gangavaram,coal,75000.0,2026-08-05,2026-08-14,17.7,WEAK_RELATED,NO_MATCH,RELATED,12.0,MATCH,20.0,UNKNOWN,0.0,HISTORICAL,1.0,HISTORICAL,0.0,51,True,False,33.0,MODERATE,'TBN' 75000/10 coal Nacala/Gangavaram 5/14 Aug $17.70 fio 33000shinc/40000shinc - NSL,trade=WEAK_RELATED:12.0; cargo=MATCH:20.0; vessel=UNKNOWN:0.0; recency=HISTORICAL:1.0; laycan=HISTORICAL:0.0
CONTRACT_006,6,"Banjarmasin (South Kalimantan), Indonesia","Krishnapatnam, India",Panamax,coal,2026-07-08,report_00005.html,TBN,,coal NQXT-APCT-DBCT- Gladstone,NQXT-APCT-DBCT- Gladstone,EC India,coal,75000.0,2026-08-10,2026-08-19,19.65,WEAK_RELATED,NO_MATCH,RELATED,12.0,MATCH,20.0,UNKNOWN,0.0,HISTORICAL,1.0,HISTORICAL,0.0,51,True,False,33.0,MODERATE,'TBN' 75000/10 coal NQXT-APCT-DBCT- Gladstone / EC India 10/19 Aug $19.65 fio 40000shinc/40000shinc - SAIL,trade=WEAK_RELATED:12.0; cargo=MATCH:20.0; vessel=UNKNOWN:0.0; recency=HISTORICAL:1.0; laycan=HISTORICAL:0.0
CONTRACT_007,7,"East Kalimantan, Indonesia","Paradip, India",Supramax,coal,2026-07-08,report_00005.html,TBN,,coal NQXT-APCT-DBCT- Gladstone,NQXT-APCT-DBCT- Gladstone,EC India,coal,75000.0,2026-08-10,2026-08-19,19.65,WEAK_RELATED,NO_MATCH,RELATED,12.0,MATCH,20.0,UNKNOWN,0.0,HISTORICAL,1.0,HISTORICAL,0.0,51,True,False,33.0,MODERATE,'TBN' 75000/10 coal NQXT-APCT-DBCT- Gladstone / EC India 10/19 Aug $19.65 fio 40000shinc/40000shinc - SAIL,trade=WEAK_RELATED:12.0; cargo=MATCH:20.0; vessel=UNKNOWN:0.0; recency=HISTORICAL:1.0; laycan=HISTORICAL:0.0
CONTRACT_009,9,"Richards Bay, South Africa","Paradip, India",Panamax,coal,2026-07-08,report_00005.html,TBN,,coal NQXT-APCT-DBCT- Gladstone,NQXT-APCT-DBCT- Gladstone,EC India,coal,75000.0,2026-08-10,2026-08-19,19.65,WEAK_RELATED,NO_MATCH,RELATED,12.0,MATCH,20.0,UNKNOWN,0.0,HISTORICAL,1.0,HISTORICAL,0.0,51,True,False,33.0,MODERATE,'TBN' 75000/10 coal NQXT-APCT-DBCT- Gladstone / EC India 10/19 Aug $19.65 fio 40000shinc/40000shinc - SAIL,trade=WEAK_RELATED:12.0; cargo=MATCH:20.0; vessel=UNKNOWN:0.0; recency=HISTORICAL:1.0; laycan=HISTORICAL:0.0
CONTRACT_010,10,Indonesia,"Paradip, India",Supramax,coal,2026-07-08,report_00005.html,TBN,,coal NQXT-APCT-DBCT- Gladstone,NQXT-APCT-DBCT- Gladstone,EC India,coal,75000.0,2026-08-10,2026-08-19,19.65,WEAK_RELATED,NO_MATCH,RELATED,12.0,MATCH,20.0,UNKNOWN,0.0,HISTORICAL,1.0,HISTORICAL,0.0,51,True,False,33.0,MODERATE,'TBN' 75000/10 coal NQXT-APCT-DBCT- Gladstone / EC India 10/19 Aug $19.65 fio 40000shinc/40000shinc - SAIL,trade=WEAK_RELATED:12.0; cargo=MATCH:20.0; vessel=UNKNOWN:0.0; recency=HISTORICAL:1.0; laycan=HISTORICAL:0.0
CONTRACT_014,14,"East Kalimantan, Indonesia","Paradip, India",Supramax,coal,2026-07-08,report_00005.html,TBN,,coal NQXT-APCT-DBCT- Gladstone,NQXT-APCT-DBCT- Gladstone,EC India,coal,75000.0,2026-08-10,2026-08-19,19.65,WEAK_RELATED,NO_MATCH,RELATED,12.0,MATCH,20.0,UNKNOWN,0.0,HISTORICAL,1.0,HISTORICAL,0.0,51,True,False,33.0,MODERATE,'TBN' 75000/10 coal NQXT-APCT-DBCT- Gladstone / EC India 10/19 Aug $19.65 fio 40000shinc/40000shinc - SAIL,trade=WEAK_RELATED:12.0; cargo=MATCH:20.0; vessel=UNKNOWN:0.0; recency=HISTORICAL:1.0; laycan=HISTORICAL:0.0
CONTRACT_015,15,Atlantic / Black Sea ports (Taman / Ust-Luga proxy),"Visakhapatnam, India",Panamax,coal,2026-07-08,report_00005.html,TBN,,coal NQXT-APCT-DBCT- Gladstone,NQXT-APCT-DBCT- Gladstone,EC India,coal,75000.0,2026-08-10,2026-08-19,19.65,WEAK_RELATED,NO_MATCH,RELATED,12.0,MATCH,20.0,UNKNOWN,0.0,HISTORICAL,1.0,HISTORICAL,0.0,51,True,False,33.0,MODERATE,'TBN' 75000/10 coal NQXT-APCT-DBCT- Gladstone / EC India 10/19 Aug $19.65 fio 40000shinc/40000shinc - SAIL,trade=WEAK_RELATED:12.0; cargo=MATCH:20.0; vessel=UNKNOWN:0.0; recency=HISTORICAL:1.0; laycan=HISTORICAL:0.0
CONTRACT_016,16,"Richards Bay, South Africa","Gangavaram, India",Capesize,coal,2026-07-08,report_00005.html,TBN,,coal NQXT-APCT-DBCT- Gladstone,NQXT-APCT-DBCT- Gladstone,EC India,coal,75000.0,2026-08-10,2026-08-19,19.65,WEAK_RELATED,NO_MATCH,RELATED,12.0,MATCH,20.0,UNKNOWN,0.0,HISTORICAL,1.0,HISTORICAL,0.0,51,True,False,33.0,MODERATE,'TBN' 75000/10 coal NQXT-APCT-DBCT- Gladstone / EC India 10/19 Aug $19.65 fio 40000shinc/40000shinc - SAIL,trade=WEAK_RELATED:12.0; cargo=MATCH:20.0; vessel=UNKNOWN:0.0; recency=HISTORICAL:1.0; laycan=HISTORICAL:0.0
CONTRACT_018,18,"Richards Bay, South Africa","Haldia, India",Panamax,coal,2026-07-08,report_00005.html,TBN,,coal NQXT-APCT-DBCT- Gladstone,NQXT-APCT-DBCT- Gladstone,EC India,coal,75000.0,2026-08-10,2026-08-19,19.65,WEAK_RELATED,NO_MATCH,RELATED,12.0,MATCH,20.0,UNKNOWN,0.0,HISTORICAL,1.0,HISTORICAL,0.0,51,True,False,33.0,MODERATE,'TBN' 75000/10 coal NQXT-APCT-DBCT- Gladstone / EC India 10/19 Aug $19.65 fio 40000shinc/40000shinc - SAIL,trade=WEAK_RELATED:12.0; cargo=MATCH:20.0; vessel=UNKNOWN:0.0; recency=HISTORICAL:1.0; laycan=HISTORICAL:0.0
CONTRACT_021,21,Indonesia,East Coast India,Panamax,coal,2026-07-08,report_00005.html,TBN,,coal NQXT-APCT-DBCT- Gladstone,NQXT-APCT-DBCT- Gladstone,EC India,coal,75000.0,2026-08-10,2026-08-19,19.65,WEAK_RELATED,NO_MATCH,RELATED,12.0,MATCH,20.0,UNKNOWN,0.0,HISTORICAL,1.0,HISTORICAL,0.0,51,True,False,33.0,MODERATE,'TBN' 75000/10 coal NQXT-APCT-DBCT- Gladstone / EC India 10/19 Aug $19.65 fio 40000shinc/40000shinc - SAIL,trade=WEAK_RELATED:12.0; cargo=MATCH:20.0; vessel=UNKNOWN:0.0; recency=HISTORICAL:1.0; laycan=HISTORICAL:0.0
CONTRACT_023,23,"Richards Bay, South Africa","Krishnapatnam, India",Capesize,coal,2026-07-08,report_00005.html,TBN,,coal NQXT-APCT-DBCT- Gladstone,NQXT-APCT-DBCT- Gladstone,EC India,coal,75000.0,2026-08-10,2026-08-19,19.65,WEAK_RELATED,NO_MATCH,RELATED,12.0,MATCH,20.0,UNKNOWN,0.0,HISTORICAL,1.0,HISTORICAL,0.0,51,True,False,33.0,MODERATE,'TBN' 75000/10 coal NQXT-APCT-DBCT- Gladstone / EC India 10/19 Aug $19.65 fio 40000shinc/40000shinc - SAIL,trade=WEAK_RELATED:12.0; cargo=MATCH:20.0; vessel=UNKNOWN:0.0; recency=HISTORICAL:1.0; laycan=HISTORICAL:0.0
CONTRACT_024,24,US East Coast (Hampton Roads / Baltimore),East Coast India (Paradip / Visakhapatnam),Panamax,coal,2026-07-08,report_00005.html,TBN,,coal NQXT-APCT-DBCT- Gladstone,NQXT-APCT-DBCT- Gladstone,EC India,coal,75000.0,2026-08-10,2026-08-19,19.65,WEAK_RELATED,NO_MATCH,RELATED,12.0,MATCH,20.0,UNKNOWN,0.0,HISTORICAL,1.0,HISTORICAL,0.0,51,True,False,33.0,MODERATE,'TBN' 75000/10 coal NQXT-APCT-DBCT- Gladstone / EC India 10/19 Aug $19.65 fio 40000shinc/40000shinc - SAIL,trade=WEAK_RELATED:12.0; cargo=MATCH:20.0; vessel=UNKNOWN:0.0; recency=HISTORICAL:1.0; laycan=HISTORICAL:0.0
CONTRACT_006,6,"Banjarmasin (South Kalimantan), Indonesia","Krishnapatnam, India",Panamax,coal,2026-07-06,report_00004.html,TBN,,coal Gladstone,Gladstone,Vizag,coal,75000.0,2026-08-05,2026-08-14,19.6,WEAK_RELATED,NO_MATCH,RELATED,12.0,MATCH,20.0,UNKNOWN,0.0,HISTORICAL,1.0,HISTORICAL,0.0,53,True,False,33.0,MODERATE,"COAL 'TBN' 75000/10 coal Gladstone/Vizag 5/14 Aug $19.60 fio 35,000shinc/35,000shinc - SAIL",trade=WEAK_RELATED:12.0; cargo=MATCH:20.0; vessel=UNKNOWN:0.0; recency=HISTORICAL:1.0; laycan=HISTORICAL:0.0
CONTRACT_007,7,"East Kalimantan, Indonesia","Paradip, India",Supramax,coal,2026-07-06,report_00004.html,TBN,,coal Gladstone,Gladstone,Vizag,coal,75000.0,2026-08-05,2026-08-14,19.6,WEAK_RELATED,NO_MATCH,RELATED,12.0,MATCH,20.0,UNKNOWN,0.0,HISTORICAL,1.0,HISTORICAL,0.0,53,True,False,33.0,MODERATE,"COAL 'TBN' 75000/10 coal Gladstone/Vizag 5/14 Aug $19.60 fio 35,000shinc/35,000shinc - SAIL",trade=WEAK_RELATED:12.0; cargo=MATCH:20.0; vessel=UNKNOWN:0.0; recency=HISTORICAL:1.0; laycan=HISTORICAL:0.0
CONTRACT_009,9,"Richards Bay, South Africa","Paradip, India",Panamax,coal,2026-07-06,report_00004.html,TBN,,coal Gladstone,Gladstone,Vizag,coal,75000.0,2026-08-05,2026-08-14,19.6,WEAK_RELATED,NO_MATCH,RELATED,12.0,MATCH,20.0,UNKNOWN,0.0,HISTORICAL,1.0,HISTORICAL,0.0,53,True,False,33.0,MODERATE,"COAL 'TBN' 75000/10 coal Gladstone/Vizag 5/14 Aug $19.60 fio 35,000shinc/35,000shinc - SAIL",trade=WEAK_RELATED:12.0; cargo=MATCH:20.0; vessel=UNKNOWN:0.0; recency=HISTORICAL:1.0; laycan=HISTORICAL:0.0
CONTRACT_010,10,Indonesia,"Paradip, India",Supramax,coal,2026-07-06,report_00004.html,TBN,,coal Gladstone,Gladstone,Vizag,coal,75000.0,2026-08-05,2026-08-14,19.6,WEAK_RELATED,NO_MATCH,RELATED,12.0,MATCH,20.0,UNKNOWN,0.0,HISTORICAL,1.0,HISTORICAL,0.0,53,True,False,33.0,MODERATE,"COAL 'TBN' 75000/10 coal Gladstone/Vizag 5/14 Aug $19.60 fio 35,000shinc/35,000shinc - SAIL",trade=WEAK_RELATED:12.0; cargo=MATCH:20.0; vessel=UNKNOWN:0.0; recency=HISTORICAL:1.0; laycan=HISTORICAL:0.0
CONTRACT_014,14,"East Kalimantan, Indonesia","Paradip, India",Supramax,coal,2026-07-06,report_00004.html,TBN,,coal Gladstone,Gladstone,Vizag,coal,75000.0,2026-08-05,2026-08-14,19.6,WEAK_RELATED,NO_MATCH,RELATED,12.0,MATCH,20.0,UNKNOWN,0.0,HISTORICAL,1.0,HISTORICAL,0.0,53,True,False,33.0,MODERATE,"COAL 'TBN' 75000/10 coal Gladstone/Vizag 5/14 Aug $19.60 fio 35,000shinc/35,000shinc - SAIL",trade=WEAK_RELATED:12.0; cargo=MATCH:20.0; vessel=UNKNOWN:0.0; recency=HISTORICAL:1.0; laycan=HISTORICAL:0.0
CONTRACT_015,15,Atlantic / Black Sea ports (Taman / Ust-Luga proxy),"Visakhapatnam, India",Panamax,coal,2026-07-06,report_00004.html,TBN,,coal Gladstone,Gladstone,Vizag,coal,75000.0,2026-08-05,2026-08-14,19.6,WEAK_RELATED,NO_MATCH,RELATED,12.0,MATCH,20.0,UNKNOWN,0.0,HISTORICAL,1.0,HISTORICAL,0.0,53,True,False,33.0,MODERATE,"COAL 'TBN' 75000/10 coal Gladstone/Vizag 5/14 Aug $19.60 fio 35,000shinc/35,000shinc - SAIL",trade=WEAK_RELATED:12.0; cargo=MATCH:20.0; vessel=UNKNOWN:0.0; recency=HISTORICAL:1.0; laycan=HISTORICAL:0.0
CONTRACT_016,16,"Richards Bay, South Africa","Gangavaram, India",Capesize,coal,2026-07-06,report_00004.html,TBN,,coal Gladstone,Gladstone,Vizag,coal,75000.0,2026-08-05,2026-08-14,19.6,WEAK_RELATED,NO_MATCH,RELATED,12.0,MATCH,20.0,UNKNOWN,0.0,HISTORICAL,1.0,HISTORICAL,0.0,53,True,False,33.0,MODERATE,"COAL 'TBN' 75000/10 coal Gladstone/Vizag 5/14 Aug $19.60 fio 35,000shinc/35,000shinc - SAIL",trade=WEAK_RELATED:12.0; cargo=MATCH:20.0; vessel=UNKNOWN:0.0; recency=HISTORICAL:1.0; laycan=HISTORICAL:0.0
CONTRACT_018,18,"Richards Bay, South Africa","Haldia, India",Panamax,coal,2026-07-06,report_00004.html,TBN,,coal Gladstone,Gladstone,Vizag,coal,75000.0,2026-08-05,2026-08-14,19.6,WEAK_RELATED,NO_MATCH,RELATED,12.0,MATCH,20.0,UNKNOWN,0.0,HISTORICAL,1.0,HISTORICAL,0.0,53,True,False,33.0,MODERATE,"COAL 'TBN' 75000/10 coal Gladstone/Vizag 5/14 Aug $19.60 fio 35,000shinc/35,000shinc - SAIL",trade=WEAK_RELATED:12.0; cargo=MATCH:20.0; vessel=UNKNOWN:0.0; recency=HISTORICAL:1.0; laycan=HISTORICAL:0.0
CONTRACT_021,21,Indonesia,East Coast India,Panamax,coal,2026-07-06,report_00004.html,TBN,,coal Gladstone,Gladstone,Vizag,coal,75000.0,2026-08-05,2026-08-14,19.6,WEAK_RELATED,NO_MATCH,RELATED,12.0,MATCH,20.0,UNKNOWN,0.0,HISTORICAL,1.0,HISTORICAL,0.0,53,True,False,33.0,MODERATE,"COAL 'TBN' 75000/10 coal Gladstone/Vizag 5/14 Aug $19.60 fio 35,000shinc/35,000shinc - SAIL",trade=WEAK_RELATED:12.0; cargo=MATCH:20.0; vessel=UNKNOWN:0.0; recency=HISTORICAL:1.0; laycan=HISTORICAL:0.0
CONTRACT_023,23,"Richards Bay, South Africa","Krishnapatnam, India",Capesize,coal,2026-07-06,report_00004.html,TBN,,coal Gladstone,Gladstone,Vizag,coal,75000.0,2026-08-05,2026-08-14,19.6,WEAK_RELATED,NO_MATCH,RELATED,12.0,MATCH,20.0,UNKNOWN,0.0,HISTORICAL,1.0,HISTORICAL,0.0,53,True,False,33.0,MODERATE,"COAL 'TBN' 75000/10 coal Gladstone/Vizag 5/14 Aug $19.60 fio 35,000shinc/35,000shinc - SAIL",trade=WEAK_RELATED:12.0; cargo=MATCH:20.0; vessel=UNKNOWN:0.0; recency=HISTORICAL:1.0; laycan=HISTORICAL:0.0
CONTRACT_024,24,US East Coast (Hampton Roads / Baltimore),East Coast India (Paradip / Visakhapatnam),Panamax,coal,2026-07-06,report_00004.html,TBN,,coal Gladstone,Gladstone,Vizag,coal,75000.0,2026-08-05,2026-08-14,19.6,WEAK_RELATED,NO_MATCH,RELATED,12.0,MATCH,20.0,UNKNOWN,0.0,HISTORICAL,1.0,HISTORICAL,0.0,53,True,False,33.0,MODERATE,"COAL 'TBN' 75000/10 coal Gladstone/Vizag 5/14 Aug $19.60 fio 35,000shinc/35,000shinc - SAIL",trade=WEAK_RELATED:12.0; cargo=MATCH:20.0; vessel=UNKNOWN:0.0; recency=HISTORICAL:1.0; laycan=HISTORICAL:0.0
CONTRACT_000,0,"Queensland (Gladstone / Hay Point), Australia","Visakhapatnam & Haldia, India",Panamax,coal,2026-06-18,report_00002.html,Pan Ocean TBN,,Newcastle,Newcastle,Boryeong,coal,80000.0,2026-07-07,2026-07-16,16.98,WEAK_RELATED,RELATED,NO_MATCH,12.0,MATCH,20.0,UNKNOWN,0.0,HISTORICAL,1.0,HISTORICAL,0.0,71,True,False,33.0,MODERATE,COAL 'Pan Ocean TBN' 80000/10 Newcastle/Boryeong 7/16 Jul $16.98 fio 30000mtsatpmxshexuu/19000ltshinc - Kepco,trade=WEAK_RELATED:12.0; cargo=MATCH:20.0; vessel=UNKNOWN:0.0; recency=HISTORICAL:1.0; laycan=HISTORICAL:0.0
CONTRACT_002,2,"Hay Point, Australia","Paradip, India",Panamax,coal,2026-06-18,report_00002.html,Pan Ocean TBN,,Newcastle,Newcastle,Boryeong,coal,80000.0,2026-07-07,2026-07-16,16.98,WEAK_RELATED,RELATED,NO_MATCH,12.0,MATCH,20.0,UNKNOWN,0.0,HISTORICAL,1.0,HISTORICAL,0.0,71,True,False,33.0,MODERATE,COAL 'Pan Ocean TBN' 80000/10 Newcastle/Boryeong 7/16 Jul $16.98 fio 30000mtsatpmxshexuu/19000ltshinc - Kepco,trade=WEAK_RELATED:12.0; cargo=MATCH:20.0; vessel=UNKNOWN:0.0; recency=HISTORICAL:1.0; laycan=HISTORICAL:0.0
CONTRACT_004,4,"Hay Point, Australia","Visakhapatnam, India",Panamax,coal,2026-06-18,report_00002.html,Pan Ocean TBN,,Newcastle,Newcastle,Boryeong,coal,80000.0,2026-07-07,2026-07-16,16.98,WEAK_RELATED,RELATED,NO_MATCH,12.0,MATCH,20.0,UNKNOWN,0.0,HISTORICAL,1.0,HISTORICAL,0.0,71,True,False,33.0,MODERATE,COAL 'Pan Ocean TBN' 80000/10 Newcastle/Boryeong 7/16 Jul $16.98 fio 30000mtsatpmxshexuu/19000ltshinc - Kepco,trade=WEAK_RELATED:12.0; cargo=MATCH:20.0; vessel=UNKNOWN:0.0; recency=HISTORICAL:1.0; laycan=HISTORICAL:0.0
CONTRACT_005,5,"Hay Point, Australia","Paradip, India",Panamax,coal,2026-06-18,report_00002.html,Pan Ocean TBN,,Newcastle,Newcastle,Boryeong,coal,80000.0,2026-07-07,2026-07-16,16.98,WEAK_RELATED,RELATED,NO_MATCH,12.0,MATCH,20.0,UNKNOWN,0.0,HISTORICAL,1.0,HISTORICAL,0.0,71,True,False,33.0,MODERATE,COAL 'Pan Ocean TBN' 80000/10 Newcastle/Boryeong 7/16 Jul $16.98 fio 30000mtsatpmxshexuu/19000ltshinc - Kepco,trade=WEAK_RELATED:12.0; cargo=MATCH:20.0; vessel=UNKNOWN:0.0; recency=HISTORICAL:1.0; laycan=HISTORICAL:0.0
CONTRACT_011,11,"Hay Point, Australia","Visakhapatnam, India",Panamax,coal,2026-06-18,report_00002.html,Pan Ocean TBN,,Newcastle,Newcastle,Boryeong,coal,80000.0,2026-07-07,2026-07-16,16.98,WEAK_RELATED,RELATED,NO_MATCH,12.0,MATCH,20.0,UNKNOWN,0.0,HISTORICAL,1.0,HISTORICAL,0.0,71,True,False,33.0,MODERATE,COAL 'Pan Ocean TBN' 80000/10 Newcastle/Boryeong 7/16 Jul $16.98 fio 30000mtsatpmxshexuu/19000ltshinc - Kepco,trade=WEAK_RELATED:12.0; cargo=MATCH:20.0; vessel=UNKNOWN:0.0; recency=HISTORICAL:1.0; laycan=HISTORICAL:0.0
CONTRACT_017,17,"Queensland, Australia","Haldia, India",Panamax,coal,2026-06-18,report_00002.html,Pan Ocean TBN,,Newcastle,Newcastle,Boryeong,coal,80000.0,2026-07-07,2026-07-16,16.98,WEAK_RELATED,RELATED,NO_MATCH,12.0,MATCH,20.0,UNKNOWN,0.0,HISTORICAL,1.0,HISTORICAL,0.0,71,True,False,33.0,MODERATE,COAL 'Pan Ocean TBN' 80000/10 Newcastle/Boryeong 7/16 Jul $16.98 fio 30000mtsatpmxshexuu/19000ltshinc - Kepco,trade=WEAK_RELATED:12.0; cargo=MATCH:20.0; vessel=UNKNOWN:0.0; recency=HISTORICAL:1.0; laycan=HISTORICAL:0.0
CONTRACT_020,20,East Coast Australia,East Coast India,Panamax,coal,2026-06-18,report_00002.html,Pan Ocean TBN,,Newcastle,Newcastle,Boryeong,coal,80000.0,2026-07-07,2026-07-16,16.98,WEAK_RELATED,RELATED,NO_MATCH,12.0,MATCH,20.0,UNKNOWN,0.0,HISTORICAL,1.0,HISTORICAL,0.0,71,True,False,33.0,MODERATE,COAL 'Pan Ocean TBN' 80000/10 Newcastle/Boryeong 7/16 Jul $16.98 fio 30000mtsatpmxshexuu/19000ltshinc - Kepco,trade=WEAK_RELATED:12.0; cargo=MATCH:20.0; vessel=UNKNOWN:0.0; recency=HISTORICAL:1.0; laycan=HISTORICAL:0.0
CONTRACT_000,0,"Queensland (Gladstone / Hay Point), Australia","Visakhapatnam & Haldia, India",Panamax,coal,2026-06-10,report_00001.html,TBN,,Nacala,Nacala,EC India,coal,75000.0,2026-07-05,2026-07-14,21.35,WEAK_RELATED,NO_MATCH,RELATED,12.0,MATCH,20.0,UNKNOWN,0.0,HISTORICAL,1.0,HISTORICAL,0.0,79,True,False,33.0,MODERATE,COAL 'TBN' 75000/10 Nacala/EC India 5/14 Jul $21.35 fio 33000sshex/40000shinc - SAIL,trade=WEAK_RELATED:12.0; cargo=MATCH:20.0; vessel=UNKNOWN:0.0; recency=HISTORICAL:1.0; laycan=HISTORICAL:0.0
CONTRACT_002,2,"Hay Point, Australia","Paradip, India",Panamax,coal,2026-06-10,report_00001.html,TBN,,Nacala,Nacala,EC India,coal,75000.0,2026-07-05,2026-07-14,21.35,WEAK_RELATED,NO_MATCH,RELATED,12.0,MATCH,20.0,UNKNOWN,0.0,HISTORICAL,1.0,HISTORICAL,0.0,79,True,False,33.0,MODERATE,COAL 'TBN' 75000/10 Nacala/EC India 5/14 Jul $21.35 fio 33000sshex/40000shinc - SAIL,trade=WEAK_RELATED:12.0; cargo=MATCH:20.0; vessel=UNKNOWN:0.0; recency=HISTORICAL:1.0; laycan=HISTORICAL:0.0
CONTRACT_004,4,"Hay Point, Australia","Visakhapatnam, India",Panamax,coal,2026-06-10,report_00001.html,TBN,,Nacala,Nacala,EC India,coal,75000.0,2026-07-05,2026-07-14,21.35,WEAK_RELATED,NO_MATCH,RELATED,12.0,MATCH,20.0,UNKNOWN,0.0,HISTORICAL,1.0,HISTORICAL,0.0,79,True,False,33.0,MODERATE,COAL 'TBN' 75000/10 Nacala/EC India 5/14 Jul $21.35 fio 33000sshex/40000shinc - SAIL,trade=WEAK_RELATED:12.0; cargo=MATCH:20.0; vessel=UNKNOWN:0.0; recency=HISTORICAL:1.0; laycan=HISTORICAL:0.0
CONTRACT_005,5,"Hay Point, Australia","Paradip, India",Panamax,coal,2026-06-10,report_00001.html,TBN,,Nacala,Nacala,EC India,coal,75000.0,2026-07-05,2026-07-14,21.35,WEAK_RELATED,NO_MATCH,RELATED,12.0,MATCH,20.0,UNKNOWN,0.0,HISTORICAL,1.0,HISTORICAL,0.0,79,True,False,33.0,MODERATE,COAL 'TBN' 75000/10 Nacala/EC India 5/14 Jul $21.35 fio 33000sshex/40000shinc - SAIL,trade=WEAK_RELATED:12.0; cargo=MATCH:20.0; vessel=UNKNOWN:0.0; recency=HISTORICAL:1.0; laycan=HISTORICAL:0.0
CONTRACT_006,6,"Banjarmasin (South Kalimantan), Indonesia","Krishnapatnam, India",Panamax,coal,2026-06-10,report_00001.html,TBN,,Nacala,Nacala,EC India,coal,75000.0,2026-07-05,2026-07-14,21.35,WEAK_RELATED,NO_MATCH,RELATED,12.0,MATCH,20.0,UNKNOWN,0.0,HISTORICAL,1.0,HISTORICAL,0.0,79,True,False,33.0,MODERATE,COAL 'TBN' 75000/10 Nacala/EC India 5/14 Jul $21.35 fio 33000sshex/40000shinc - SAIL,trade=WEAK_RELATED:12.0; cargo=MATCH:20.0; vessel=UNKNOWN:0.0; recency=HISTORICAL:1.0; laycan=HISTORICAL:0.0
CONTRACT_007,7,"East Kalimantan, Indonesia","Paradip, India",Supramax,coal,2026-06-10,report_00001.html,TBN,,Nacala,Nacala,EC India,coal,75000.0,2026-07-05,2026-07-14,21.35,WEAK_RELATED,NO_MATCH,RELATED,12.0,MATCH,20.0,UNKNOWN,0.0,HISTORICAL,1.0,HISTORICAL,0.0,79,True,False,33.0,MODERATE,COAL 'TBN' 75000/10 Nacala/EC India 5/14 Jul $21.35 fio 33000sshex/40000shinc - SAIL,trade=WEAK_RELATED:12.0; cargo=MATCH:20.0; vessel=UNKNOWN:0.0; recency=HISTORICAL:1.0; laycan=HISTORICAL:0.0
CONTRACT_009,9,"Richards Bay, South Africa","Paradip, India",Panamax,coal,2026-06-10,report_00001.html,TBN,,Nacala,Nacala,EC India,coal,75000.0,2026-07-05,2026-07-14,21.35,WEAK_RELATED,NO_MATCH,RELATED,12.0,MATCH,20.0,UNKNOWN,0.0,HISTORICAL,1.0,HISTORICAL,0.0,79,True,False,33.0,MODERATE,COAL 'TBN' 75000/10 Nacala/EC India 5/14 Jul $21.35 fio 33000sshex/40000shinc - SAIL,trade=WEAK_RELATED:12.0; cargo=MATCH:20.0; vessel=UNKNOWN:0.0; recency=HISTORICAL:1.0; laycan=HISTORICAL:0.0
CONTRACT_010,10,Indonesia,"Paradip, India",Supramax,coal,2026-06-10,report_00001.html,TBN,,Nacala,Nacala,EC India,coal,75000.0,2026-07-05,2026-07-14,21.35,WEAK_RELATED,NO_MATCH,RELATED,12.0,MATCH,20.0,UNKNOWN,0.0,HISTORICAL,1.0,HISTORICAL,0.0,79,True,False,33.0,MODERATE,COAL 'TBN' 75000/10 Nacala/EC India 5/14 Jul $21.35 fio 33000sshex/40000shinc - SAIL,trade=WEAK_RELATED:12.0; cargo=MATCH:20.0; vessel=UNKNOWN:0.0; recency=HISTORICAL:1.0; laycan=HISTORICAL:0.0
CONTRACT_011,11,"Hay Point, Australia","Visakhapatnam, India",Panamax,coal,2026-06-10,report_00001.html,TBN,,Nacala,Nacala,EC India,coal,75000.0,2026-07-05,2026-07-14,21.35,WEAK_RELATED,NO_MATCH,RELATED,12.0,MATCH,20.0,UNKNOWN,0.0,HISTORICAL,1.0,HISTORICAL,0.0,79,True,False,33.0,MODERATE,COAL 'TBN' 75000/10 Nacala/EC India 5/14 Jul $21.35 fio 33000sshex/40000shinc - SAIL,trade=WEAK_RELATED:12.0; cargo=MATCH:20.0; vessel=UNKNOWN:0.0; recency=HISTORICAL:1.0; laycan=HISTORICAL:0.0
CONTRACT_014,14,"East Kalimantan, Indonesia","Paradip, India",Supramax,coal,2026-06-10,report_00001.html,TBN,,Nacala,Nacala,EC India,coal,75000.0,2026-07-05,2026-07-14,21.35,WEAK_RELATED,NO_MATCH,RELATED,12.0,MATCH,20.0,UNKNOWN,0.0,HISTORICAL,1.0,HISTORICAL,0.0,79,True,False,33.0,MODERATE,COAL 'TBN' 75000/10 Nacala/EC India 5/14 Jul $21.35 fio 33000sshex/40000shinc - SAIL,trade=WEAK_RELATED:12.0; cargo=MATCH:20.0; vessel=UNKNOWN:0.0; recency=HISTORICAL:1.0; laycan=HISTORICAL:0.0
CONTRACT_015,15,Atlantic / Black Sea ports (Taman / Ust-Luga proxy),"Visakhapatnam, India",Panamax,coal,2026-06-10,report_00001.html,TBN,,Nacala,Nacala,EC India,coal,75000.0,2026-07-05,2026-07-14,21.35,WEAK_RELATED,NO_MATCH,RELATED,12.0,MATCH,20.0,UNKNOWN,0.0,HISTORICAL,1.0,HISTORICAL,0.0,79,True,False,33.0,MODERATE,COAL 'TBN' 75000/10 Nacala/EC India 5/14 Jul $21.35 fio 33000sshex/40000shinc - SAIL,trade=WEAK_RELATED:12.0; cargo=MATCH:20.0; vessel=UNKNOWN:0.0; recency=HISTORICAL:1.0; laycan=HISTORICAL:0.0
CONTRACT_016,16,"Richards Bay, South Africa","Gangavaram, India",Capesize,coal,2026-06-10,report_00001.html,TBN,,Nacala,Nacala,EC India,coal,75000.0,2026-07-05,2026-07-14,21.35,WEAK_RELATED,NO_MATCH,RELATED,12.0,MATCH,20.0,UNKNOWN,0.0,HISTORICAL,1.0,HISTORICAL,0.0,79,True,False,33.0,MODERATE,COAL 'TBN' 75000/10 Nacala/EC India 5/14 Jul $21.35 fio 33000sshex/40000shinc - SAIL,trade=WEAK_RELATED:12.0; cargo=MATCH:20.0; vessel=UNKNOWN:0.0; recency=HISTORICAL:1.0; laycan=HISTORICAL:0.0
CONTRACT_017,17,"Queensland, Australia","Haldia, India",Panamax,coal,2026-06-10,report_00001.html,TBN,,Nacala,Nacala,EC India,coal,75000.0,2026-07-05,2026-07-14,21.35,WEAK_RELATED,NO_MATCH,RELATED,12.0,MATCH,20.0,UNKNOWN,0.0,HISTORICAL,1.0,HISTORICAL,0.0,79,True,False,33.0,MODERATE,COAL 'TBN' 75000/10 Nacala/EC India 5/14 Jul $21.35 fio 33000sshex/40000shinc - SAIL,trade=WEAK_RELATED:12.0; cargo=MATCH:20.0; vessel=UNKNOWN:0.0; recency=HISTORICAL:1.0; laycan=HISTORICAL:0.0
CONTRACT_018,18,"Richards Bay, South Africa","Haldia, India",Panamax,coal,2026-06-10,report_00001.html,TBN,,Nacala,Nacala,EC India,coal,75000.0,2026-07-05,2026-07-14,21.35,WEAK_RELATED,NO_MATCH,RELATED,12.0,MATCH,20.0,UNKNOWN,0.0,HISTORICAL,1.0,HISTORICAL,0.0,79,True,False,33.0,MODERATE,COAL 'TBN' 75000/10 Nacala/EC India 5/14 Jul $21.35 fio 33000sshex/40000shinc - SAIL,trade=WEAK_RELATED:12.0; cargo=MATCH:20.0; vessel=UNKNOWN:0.0; recency=HISTORICAL:1.0; laycan=HISTORICAL:0.0
CONTRACT_020,20,East Coast Australia,East Coast India,Panamax,coal,2026-06-10,report_00001.html,TBN,,Nacala,Nacala,EC India,coal,75000.0,2026-07-05,2026-07-14,21.35,WEAK_RELATED,NO_MATCH,RELATED,12.0,MATCH,20.0,UNKNOWN,0.0,HISTORICAL,1.0,HISTORICAL,0.0,79,True,False,33.0,MODERATE,COAL 'TBN' 75000/10 Nacala/EC India 5/14 Jul $21.35 fio 33000sshex/40000shinc - SAIL,trade=WEAK_RELATED:12.0; cargo=MATCH:20.0; vessel=UNKNOWN:0.0; recency=HISTORICAL:1.0; laycan=HISTORICAL:0.0
CONTRACT_021,21,Indonesia,East Coast India,Panamax,coal,2026-06-10,report_00001.html,TBN,,Nacala,Nacala,EC India,coal,75000.0,2026-07-05,2026-07-14,21.35,WEAK_RELATED,NO_MATCH,RELATED,12.0,MATCH,20.0,UNKNOWN,0.0,HISTORICAL,1.0,HISTORICAL,0.0,79,True,False,33.0,MODERATE,COAL 'TBN' 75000/10 Nacala/EC India 5/14 Jul $21.35 fio 33000sshex/40000shinc - SAIL,trade=WEAK_RELATED:12.0; cargo=MATCH:20.0; vessel=UNKNOWN:0.0; recency=HISTORICAL:1.0; laycan=HISTORICAL:0.0
CONTRACT_023,23,"Richards Bay, South Africa","Krishnapatnam, India",Capesize,coal,2026-06-10,report_00001.html,TBN,,Nacala,Nacala,EC India,coal,75000.0,2026-07-05,2026-07-14,21.35,WEAK_RELATED,NO_MATCH,RELATED,12.0,MATCH,20.0,UNKNOWN,0.0,HISTORICAL,1.0,HISTORICAL,0.0,79,True,False,33.0,MODERATE,COAL 'TBN' 75000/10 Nacala/EC India 5/14 Jul $21.35 fio 33000sshex/40000shinc - SAIL,trade=WEAK_RELATED:12.0; cargo=MATCH:20.0; vessel=UNKNOWN:0.0; recency=HISTORICAL:1.0; laycan=HISTORICAL:0.0
CONTRACT_024,24,US East Coast (Hampton Roads / Baltimore),East Coast India (Paradip / Visakhapatnam),Panamax,coal,2026-06-10,report_00001.html,TBN,,Nacala,Nacala,EC India,coal,75000.0,2026-07-05,2026-07-14,21.35,WEAK_RELATED,NO_MATCH,RELATED,12.0,MATCH,20.0,UNKNOWN,0.0,HISTORICAL,1.0,HISTORICAL,0.0,79,True,False,33.0,MODERATE,COAL 'TBN' 75000/10 Nacala/EC India 5/14 Jul $21.35 fio 33000sshex/40000shinc - SAIL,trade=WEAK_RELATED:12.0; cargo=MATCH:20.0; vessel=UNKNOWN:0.0; recency=HISTORICAL:1.0; laycan=HISTORICAL:0.0
CONTRACT_006,6,"Banjarmasin (South Kalimantan), Indonesia","Krishnapatnam, India",Panamax,coal,2026-06-08,report_00000.html,TBN,,APCT-HPCT-DBCT,APCT-HPCT-DBCT,EC India,coal,75000.0,2026-07-05,2026-07-14,25.1,WEAK_RELATED,NO_MATCH,RELATED,12.0,MATCH,20.0,UNKNOWN,0.0,HISTORICAL,1.0,HISTORICAL,0.0,81,True,False,33.0,MODERATE,COAL 'TBN' 75000/10 APCT-HPCT-DBCT/EC India 5/14 Jul $25.10 fio 40000shinc/20000sshex - SAIL,trade=WEAK_RELATED:12.0; cargo=MATCH:20.0; vessel=UNKNOWN:0.0; recency=HISTORICAL:1.0; laycan=HISTORICAL:0.0
CONTRACT_007,7,"East Kalimantan, Indonesia","Paradip, India",Supramax,coal,2026-06-08,report_00000.html,TBN,,APCT-HPCT-DBCT,APCT-HPCT-DBCT,EC India,coal,75000.0,2026-07-05,2026-07-14,25.1,WEAK_RELATED,NO_MATCH,RELATED,12.0,MATCH,20.0,UNKNOWN,0.0,HISTORICAL,1.0,HISTORICAL,0.0,81,True,False,33.0,MODERATE,COAL 'TBN' 75000/10 APCT-HPCT-DBCT/EC India 5/14 Jul $25.10 fio 40000shinc/20000sshex - SAIL,trade=WEAK_RELATED:12.0; cargo=MATCH:20.0; vessel=UNKNOWN:0.0; recency=HISTORICAL:1.0; laycan=HISTORICAL:0.0
CONTRACT_009,9,"Richards Bay, South Africa","Paradip, India",Panamax,coal,2026-06-08,report_00000.html,TBN,,APCT-HPCT-DBCT,APCT-HPCT-DBCT,EC India,coal,75000.0,2026-07-05,2026-07-14,25.1,WEAK_RELATED,NO_MATCH,RELATED,12.0,MATCH,20.0,UNKNOWN,0.0,HISTORICAL,1.0,HISTORICAL,0.0,81,True,False,33.0,MODERATE,COAL 'TBN' 75000/10 APCT-HPCT-DBCT/EC India 5/14 Jul $25.10 fio 40000shinc/20000sshex - SAIL,trade=WEAK_RELATED:12.0; cargo=MATCH:20.0; vessel=UNKNOWN:0.0; recency=HISTORICAL:1.0; laycan=HISTORICAL:0.0
CONTRACT_010,10,Indonesia,"Paradip, India",Supramax,coal,2026-06-08,report_00000.html,TBN,,APCT-HPCT-DBCT,APCT-HPCT-DBCT,EC India,coal,75000.0,2026-07-05,2026-07-14,25.1,WEAK_RELATED,NO_MATCH,RELATED,12.0,MATCH,20.0,UNKNOWN,0.0,HISTORICAL,1.0,HISTORICAL,0.0,81,True,False,33.0,MODERATE,COAL 'TBN' 75000/10 APCT-HPCT-DBCT/EC India 5/14 Jul $25.10 fio 40000shinc/20000sshex - SAIL,trade=WEAK_RELATED:12.0; cargo=MATCH:20.0; vessel=UNKNOWN:0.0; recency=HISTORICAL:1.0; laycan=HISTORICAL:0.0
CONTRACT_014,14,"East Kalimantan, Indonesia","Paradip, India",Supramax,coal,2026-06-08,report_00000.html,TBN,,APCT-HPCT-DBCT,APCT-HPCT-DBCT,EC India,coal,75000.0,2026-07-05,2026-07-14,25.1,WEAK_RELATED,NO_MATCH,RELATED,12.0,MATCH,20.0,UNKNOWN,0.0,HISTORICAL,1.0,HISTORICAL,0.0,81,True,False,33.0,MODERATE,COAL 'TBN' 75000/10 APCT-HPCT-DBCT/EC India 5/14 Jul $25.10 fio 40000shinc/20000sshex - SAIL,trade=WEAK_RELATED:12.0; cargo=MATCH:20.0; vessel=UNKNOWN:0.0; recency=HISTORICAL:1.0; laycan=HISTORICAL:0.0
CONTRACT_015,15,Atlantic / Black Sea ports (Taman / Ust-Luga proxy),"Visakhapatnam, India",Panamax,coal,2026-06-08,report_00000.html,TBN,,APCT-HPCT-DBCT,APCT-HPCT-DBCT,EC India,coal,75000.0,2026-07-05,2026-07-14,25.1,WEAK_RELATED,NO_MATCH,RELATED,12.0,MATCH,20.0,UNKNOWN,0.0,HISTORICAL,1.0,HISTORICAL,0.0,81,True,False,33.0,MODERATE,COAL 'TBN' 75000/10 APCT-HPCT-DBCT/EC India 5/14 Jul $25.10 fio 40000shinc/20000sshex - SAIL,trade=WEAK_RELATED:12.0; cargo=MATCH:20.0; vessel=UNKNOWN:0.0; recency=HISTORICAL:1.0; laycan=HISTORICAL:0.0
CONTRACT_016,16,"Richards Bay, South Africa","Gangavaram, India",Capesize,coal,2026-06-08,report_00000.html,TBN,,APCT-HPCT-DBCT,APCT-HPCT-DBCT,EC India,coal,75000.0,2026-07-05,2026-07-14,25.1,WEAK_RELATED,NO_MATCH,RELATED,12.0,MATCH,20.0,UNKNOWN,0.0,HISTORICAL,1.0,HISTORICAL,0.0,81,True,False,33.0,MODERATE,COAL 'TBN' 75000/10 APCT-HPCT-DBCT/EC India 5/14 Jul $25.10 fio 40000shinc/20000sshex - SAIL,trade=WEAK_RELATED:12.0; cargo=MATCH:20.0; vessel=UNKNOWN:0.0; recency=HISTORICAL:1.0; laycan=HISTORICAL:0.0
CONTRACT_018,18,"Richards Bay, South Africa","Haldia, India",Panamax,coal,2026-06-08,report_00000.html,TBN,,APCT-HPCT-DBCT,APCT-HPCT-DBCT,EC India,coal,75000.0,2026-07-05,2026-07-14,25.1,WEAK_RELATED,NO_MATCH,RELATED,12.0,MATCH,20.0,UNKNOWN,0.0,HISTORICAL,1.0,HISTORICAL,0.0,81,True,False,33.0,MODERATE,COAL 'TBN' 75000/10 APCT-HPCT-DBCT/EC India 5/14 Jul $25.10 fio 40000shinc/20000sshex - SAIL,trade=WEAK_RELATED:12.0; cargo=MATCH:20.0; vessel=UNKNOWN:0.0; recency=HISTORICAL:1.0; laycan=HISTORICAL:0.0
CONTRACT_021,21,Indonesia,East Coast India,Panamax,coal,2026-06-08,report_00000.html,TBN,,APCT-HPCT-DBCT,APCT-HPCT-DBCT,EC India,coal,75000.0,2026-07-05,2026-07-14,25.1,WEAK_RELATED,NO_MATCH,RELATED,12.0,MATCH,20.0,UNKNOWN,0.0,HISTORICAL,1.0,HISTORICAL,0.0,81,True,False,33.0,MODERATE,COAL 'TBN' 75000/10 APCT-HPCT-DBCT/EC India 5/14 Jul $25.10 fio 40000shinc/20000sshex - SAIL,trade=WEAK_RELATED:12.0; cargo=MATCH:20.0; vessel=UNKNOWN:0.0; recency=HISTORICAL:1.0; laycan=HISTORICAL:0.0
CONTRACT_023,23,"Richards Bay, South Africa","Krishnapatnam, India",Capesize,coal,2026-06-08,report_00000.html,TBN,,APCT-HPCT-DBCT,APCT-HPCT-DBCT,EC India,coal,75000.0,2026-07-05,2026-07-14,25.1,WEAK_RELATED,NO_MATCH,RELATED,12.0,MATCH,20.0,UNKNOWN,0.0,HISTORICAL,1.0,HISTORICAL,0.0,81,True,False,33.0,MODERATE,COAL 'TBN' 75000/10 APCT-HPCT-DBCT/EC India 5/14 Jul $25.10 fio 40000shinc/20000sshex - SAIL,trade=WEAK_RELATED:12.0; cargo=MATCH:20.0; vessel=UNKNOWN:0.0; recency=HISTORICAL:1.0; laycan=HISTORICAL:0.0
CONTRACT_024,24,US East Coast (Hampton Roads / Baltimore),East Coast India (Paradip / Visakhapatnam),Panamax,coal,2026-06-08,report_00000.html,TBN,,APCT-HPCT-DBCT,APCT-HPCT-DBCT,EC India,coal,75000.0,2026-07-05,2026-07-14,25.1,WEAK_RELATED,NO_MATCH,RELATED,12.0,MATCH,20.0,UNKNOWN,0.0,HISTORICAL,1.0,HISTORICAL,0.0,81,True,False,33.0,MODERATE,COAL 'TBN' 75000/10 APCT-HPCT-DBCT/EC India 5/14 Jul $25.10 fio 40000shinc/20000sshex - SAIL,trade=WEAK_RELATED:12.0; cargo=MATCH:20.0; vessel=UNKNOWN:0.0; recency=HISTORICAL:1.0; laycan=HISTORICAL:0.0
CONTRACT_000,0,"Queensland (Gladstone / Hay Point), Australia","Visakhapatnam & Haldia, India",Panamax,coal,2026-08-04,report_00010.html,TBN,,Dampier,Dampier,Qingdao,ore,170000.0,2026-08-18,2026-08-20,15.0,WEAK_RELATED,RELATED,NO_MATCH,12.0,MISMATCH,0.0,UNKNOWN,0.0,HISTORICAL,1.0,HISTORICAL,0.0,24,True,False,13.0,WEAK,'TBN' 170000/10 Dampier/Qingdao 18/20 Aug $15 fio 90000shinc/30000shinc - Rio Tinto,trade=WEAK_RELATED:12.0; cargo=MISMATCH:0.0; vessel=UNKNOWN:0.0; recency=HISTORICAL:1.0; laycan=HISTORICAL:0.0
CONTRACT_002,2,"Hay Point, Australia","Paradip, India",Panamax,coal,2026-08-04,report_00010.html,TBN,,Dampier,Dampier,Qingdao,ore,170000.0,2026-08-18,2026-08-20,15.0,WEAK_RELATED,RELATED,NO_MATCH,12.0,MISMATCH,0.0,UNKNOWN,0.0,HISTORICAL,1.0,HISTORICAL,0.0,24,True,False,13.0,WEAK,'TBN' 170000/10 Dampier/Qingdao 18/20 Aug $15 fio 90000shinc/30000shinc - Rio Tinto,trade=WEAK_RELATED:12.0; cargo=MISMATCH:0.0; vessel=UNKNOWN:0.0; recency=HISTORICAL:1.0; laycan=HISTORICAL:0.0
CONTRACT_004,4,"Hay Point, Australia","Visakhapatnam, India",Panamax,coal,2026-08-04,report_00010.html,TBN,,Dampier,Dampier,Qingdao,ore,170000.0,2026-08-18,2026-08-20,15.0,WEAK_RELATED,RELATED,NO_MATCH,12.0,MISMATCH,0.0,UNKNOWN,0.0,HISTORICAL,1.0,HISTORICAL,0.0,24,True,False,13.0,WEAK,'TBN' 170000/10 Dampier/Qingdao 18/20 Aug $15 fio 90000shinc/30000shinc - Rio Tinto,trade=WEAK_RELATED:12.0; cargo=MISMATCH:0.0; vessel=UNKNOWN:0.0; recency=HISTORICAL:1.0; laycan=HISTORICAL:0.0
CONTRACT_005,5,"Hay Point, Australia","Paradip, India",Panamax,coal,2026-08-04,report_00010.html,TBN,,Dampier,Dampier,Qingdao,ore,170000.0,2026-08-18,2026-08-20,15.0,WEAK_RELATED,RELATED,NO_MATCH,12.0,MISMATCH,0.0,UNKNOWN,0.0,HISTORICAL,1.0,HISTORICAL,0.0,24,True,False,13.0,WEAK,'TBN' 170000/10 Dampier/Qingdao 18/20 Aug $15 fio 90000shinc/30000shinc - Rio Tinto,trade=WEAK_RELATED:12.0; cargo=MISMATCH:0.0; vessel=UNKNOWN:0.0; recency=HISTORICAL:1.0; laycan=HISTORICAL:0.0
CONTRACT_011,11,"Hay Point, Australia","Visakhapatnam, India",Panamax,coal,2026-08-04,report_00010.html,TBN,,Dampier,Dampier,Qingdao,ore,170000.0,2026-08-18,2026-08-20,15.0,WEAK_RELATED,RELATED,NO_MATCH,12.0,MISMATCH,0.0,UNKNOWN,0.0,HISTORICAL,1.0,HISTORICAL,0.0,24,True,False,13.0,WEAK,'TBN' 170000/10 Dampier/Qingdao 18/20 Aug $15 fio 90000shinc/30000shinc - Rio Tinto,trade=WEAK_RELATED:12.0; cargo=MISMATCH:0.0; vessel=UNKNOWN:0.0; recency=HISTORICAL:1.0; laycan=HISTORICAL:0.0
CONTRACT_017,17,"Queensland, Australia","Haldia, India",Panamax,coal,2026-08-04,report_00010.html,TBN,,Dampier,Dampier,Qingdao,ore,170000.0,2026-08-18,2026-08-20,15.0,WEAK_RELATED,RELATED,NO_MATCH,12.0,MISMATCH,0.0,UNKNOWN,0.0,HISTORICAL,1.0,HISTORICAL,0.0,24,True,False,13.0,WEAK,'TBN' 170000/10 Dampier/Qingdao 18/20 Aug $15 fio 90000shinc/30000shinc - Rio Tinto,trade=WEAK_RELATED:12.0; cargo=MISMATCH:0.0; vessel=UNKNOWN:0.0; recency=HISTORICAL:1.0; laycan=HISTORICAL:0.0
CONTRACT_020,20,East Coast Australia,East Coast India,Panamax,coal,2026-08-04,report_00010.html,TBN,,Dampier,Dampier,Qingdao,ore,170000.0,2026-08-18,2026-08-20,15.0,WEAK_RELATED,RELATED,NO_MATCH,12.0,MISMATCH,0.0,UNKNOWN,0.0,HISTORICAL,1.0,HISTORICAL,0.0,24,True,False,13.0,WEAK,'TBN' 170000/10 Dampier/Qingdao 18/20 Aug $15 fio 90000shinc/30000shinc - Rio Tinto,trade=WEAK_RELATED:12.0; cargo=MISMATCH:0.0; vessel=UNKNOWN:0.0; recency=HISTORICAL:1.0; laycan=HISTORICAL:0.0
CONTRACT_000,0,"Queensland (Gladstone / Hay Point), Australia","Visakhapatnam & Haldia, India",Panamax,coal,2026-07-29,report_00009.html,TBN,,Dampier,Dampier,Qingdao,ore,170000.0,2026-08-13,2026-08-15,11.85,WEAK_RELATED,RELATED,NO_MATCH,12.0,MISMATCH,0.0,UNKNOWN,0.0,HISTORICAL,1.0,HISTORICAL,0.0,30,True,False,13.0,WEAK,'TBN' 170000/10 Dampier/Qingdao 13/15 Aug $11.85 fio 90000shinc/30000shinc - Rio Tinto,trade=WEAK_RELATED:12.0; cargo=MISMATCH:0.0; vessel=UNKNOWN:0.0; recency=HISTORICAL:1.0; laycan=HISTORICAL:0.0
CONTRACT_002,2,"Hay Point, Australia","Paradip, India",Panamax,coal,2026-07-29,report_00009.html,TBN,,Dampier,Dampier,Qingdao,ore,170000.0,2026-08-13,2026-08-15,11.85,WEAK_RELATED,RELATED,NO_MATCH,12.0,MISMATCH,0.0,UNKNOWN,0.0,HISTORICAL,1.0,HISTORICAL,0.0,30,True,False,13.0,WEAK,'TBN' 170000/10 Dampier/Qingdao 13/15 Aug $11.85 fio 90000shinc/30000shinc - Rio Tinto,trade=WEAK_RELATED:12.0; cargo=MISMATCH:0.0; vessel=UNKNOWN:0.0; recency=HISTORICAL:1.0; laycan=HISTORICAL:0.0
CONTRACT_004,4,"Hay Point, Australia","Visakhapatnam, India",Panamax,coal,2026-07-29,report_00009.html,TBN,,Dampier,Dampier,Qingdao,ore,170000.0,2026-08-13,2026-08-15,11.85,WEAK_RELATED,RELATED,NO_MATCH,12.0,MISMATCH,0.0,UNKNOWN,0.0,HISTORICAL,1.0,HISTORICAL,0.0,30,True,False,13.0,WEAK,'TBN' 170000/10 Dampier/Qingdao 13/15 Aug $11.85 fio 90000shinc/30000shinc - Rio Tinto,trade=WEAK_RELATED:12.0; cargo=MISMATCH:0.0; vessel=UNKNOWN:0.0; recency=HISTORICAL:1.0; laycan=HISTORICAL:0.0
CONTRACT_005,5,"Hay Point, Australia","Paradip, India",Panamax,coal,2026-07-29,report_00009.html,TBN,,Dampier,Dampier,Qingdao,ore,170000.0,2026-08-13,2026-08-15,11.85,WEAK_RELATED,RELATED,NO_MATCH,12.0,MISMATCH,0.0,UNKNOWN,0.0,HISTORICAL,1.0,HISTORICAL,0.0,30,True,False,13.0,WEAK,'TBN' 170000/10 Dampier/Qingdao 13/15 Aug $11.85 fio 90000shinc/30000shinc - Rio Tinto,trade=WEAK_RELATED:12.0; cargo=MISMATCH:0.0; vessel=UNKNOWN:0.0; recency=HISTORICAL:1.0; laycan=HISTORICAL:0.0
CONTRACT_011,11,"Hay Point, Australia","Visakhapatnam, India",Panamax,coal,2026-07-29,report_00009.html,TBN,,Dampier,Dampier,Qingdao,ore,170000.0,2026-08-13,2026-08-15,11.85,WEAK_RELATED,RELATED,NO_MATCH,12.0,MISMATCH,0.0,UNKNOWN,0.0,HISTORICAL,1.0,HISTORICAL,0.0,30,True,False,13.0,WEAK,'TBN' 170000/10 Dampier/Qingdao 13/15 Aug $11.85 fio 90000shinc/30000shinc - Rio Tinto,trade=WEAK_RELATED:12.0; cargo=MISMATCH:0.0; vessel=UNKNOWN:0.0; recency=HISTORICAL:1.0; laycan=HISTORICAL:0.0
CONTRACT_017,17,"Queensland, Australia","Haldia, India",Panamax,coal,2026-07-29,report_00009.html,TBN,,Dampier,Dampier,Qingdao,ore,170000.0,2026-08-13,2026-08-15,11.85,WEAK_RELATED,RELATED,NO_MATCH,12.0,MISMATCH,0.0,UNKNOWN,0.0,HISTORICAL,1.0,HISTORICAL,0.0,30,True,False,13.0,WEAK,'TBN' 170000/10 Dampier/Qingdao 13/15 Aug $11.85 fio 90000shinc/30000shinc - Rio Tinto,trade=WEAK_RELATED:12.0; cargo=MISMATCH:0.0; vessel=UNKNOWN:0.0; recency=HISTORICAL:1.0; laycan=HISTORICAL:0.0
CONTRACT_020,20,East Coast Australia,East Coast India,Panamax,coal,2026-07-29,report_00009.html,TBN,,Dampier,Dampier,Qingdao,ore,170000.0,2026-08-13,2026-08-15,11.85,WEAK_RELATED,RELATED,NO_MATCH,12.0,MISMATCH,0.0,UNKNOWN,0.0,HISTORICAL,1.0,HISTORICAL,0.0,30,True,False,13.0,WEAK,'TBN' 170000/10 Dampier/Qingdao 13/15 Aug $11.85 fio 90000shinc/30000shinc - Rio Tinto,trade=WEAK_RELATED:12.0; cargo=MISMATCH:0.0; vessel=UNKNOWN:0.0; recency=HISTORICAL:1.0; laycan=HISTORICAL:0.0
CONTRACT_000,0,"Queensland (Gladstone / Hay Point), Australia","Visakhapatnam & Haldia, India",Panamax,coal,2026-07-21,report_00007.html,TBN,,Dampier,Dampier,Qingdao,ore,170000.0,2026-08-06,2026-08-08,11.1,WEAK_RELATED,RELATED,NO_MATCH,12.0,MISMATCH,0.0,UNKNOWN,0.0,HISTORICAL,1.0,HISTORICAL,0.0,38,True,False,13.0,WEAK,'TBN' 170000/10 Dampier/Qingdao 6/8 Aug $11.10 fio 90000shinc/30000shinc - Rio Tinto,trade=WEAK_RELATED:12.0; cargo=MISMATCH:0.0; vessel=UNKNOWN:0.0; recency=HISTORICAL:1.0; laycan=HISTORICAL:0.0
CONTRACT_002,2,"Hay Point, Australia","Paradip, India",Panamax,coal,2026-07-21,report_00007.html,TBN,,Dampier,Dampier,Qingdao,ore,170000.0,2026-08-06,2026-08-08,11.1,WEAK_RELATED,RELATED,NO_MATCH,12.0,MISMATCH,0.0,UNKNOWN,0.0,HISTORICAL,1.0,HISTORICAL,0.0,38,True,False,13.0,WEAK,'TBN' 170000/10 Dampier/Qingdao 6/8 Aug $11.10 fio 90000shinc/30000shinc - Rio Tinto,trade=WEAK_RELATED:12.0; cargo=MISMATCH:0.0; vessel=UNKNOWN:0.0; recency=HISTORICAL:1.0; laycan=HISTORICAL:0.0
CONTRACT_004,4,"Hay Point, Australia","Visakhapatnam, India",Panamax,coal,2026-07-21,report_00007.html,TBN,,Dampier,Dampier,Qingdao,ore,170000.0,2026-08-06,2026-08-08,11.1,WEAK_RELATED,RELATED,NO_MATCH,12.0,MISMATCH,0.0,UNKNOWN,0.0,HISTORICAL,1.0,HISTORICAL,0.0,38,True,False,13.0,WEAK,'TBN' 170000/10 Dampier/Qingdao 6/8 Aug $11.10 fio 90000shinc/30000shinc - Rio Tinto,trade=WEAK_RELATED:12.0; cargo=MISMATCH:0.0; vessel=UNKNOWN:0.0; recency=HISTORICAL:1.0; laycan=HISTORICAL:0.0
CONTRACT_005,5,"Hay Point, Australia","Paradip, India",Panamax,coal,2026-07-21,report_00007.html,TBN,,Dampier,Dampier,Qingdao,ore,170000.0,2026-08-06,2026-08-08,11.1,WEAK_RELATED,RELATED,NO_MATCH,12.0,MISMATCH,0.0,UNKNOWN,0.0,HISTORICAL,1.0,HISTORICAL,0.0,38,True,False,13.0,WEAK,'TBN' 170000/10 Dampier/Qingdao 6/8 Aug $11.10 fio 90000shinc/30000shinc - Rio Tinto,trade=WEAK_RELATED:12.0; cargo=MISMATCH:0.0; vessel=UNKNOWN:0.0; recency=HISTORICAL:1.0; laycan=HISTORICAL:0.0
CONTRACT_011,11,"Hay Point, Australia","Visakhapatnam, India",Panamax,coal,2026-07-21,report_00007.html,TBN,,Dampier,Dampier,Qingdao,ore,170000.0,2026-08-06,2026-08-08,11.1,WEAK_RELATED,RELATED,NO_MATCH,12.0,MISMATCH,0.0,UNKNOWN,0.0,HISTORICAL,1.0,HISTORICAL,0.0,38,True,False,13.0,WEAK,'TBN' 170000/10 Dampier/Qingdao 6/8 Aug $11.10 fio 90000shinc/30000shinc - Rio Tinto,trade=WEAK_RELATED:12.0; cargo=MISMATCH:0.0; vessel=UNKNOWN:0.0; recency=HISTORICAL:1.0; laycan=HISTORICAL:0.0
CONTRACT_017,17,"Queensland, Australia","Haldia, India",Panamax,coal,2026-07-21,report_00007.html,TBN,,Dampier,Dampier,Qingdao,ore,170000.0,2026-08-06,2026-08-08,11.1,WEAK_RELATED,RELATED,NO_MATCH,12.0,MISMATCH,0.0,UNKNOWN,0.0,HISTORICAL,1.0,HISTORICAL,0.0,38,True,False,13.0,WEAK,'TBN' 170000/10 Dampier/Qingdao 6/8 Aug $11.10 fio 90000shinc/30000shinc - Rio Tinto,trade=WEAK_RELATED:12.0; cargo=MISMATCH:0.0; vessel=UNKNOWN:0.0; recency=HISTORICAL:1.0; laycan=HISTORICAL:0.0
CONTRACT_020,20,East Coast Australia,East Coast India,Panamax,coal,2026-07-21,report_00007.html,TBN,,Dampier,Dampier,Qingdao,ore,170000.0,2026-08-06,2026-08-08,11.1,WEAK_RELATED,RELATED,NO_MATCH,12.0,MISMATCH,0.0,UNKNOWN,0.0,HISTORICAL,1.0,HISTORICAL,0.0,38,True,False,13.0,WEAK,'TBN' 170000/10 Dampier/Qingdao 6/8 Aug $11.10 fio 90000shinc/30000shinc - Rio Tinto,trade=WEAK_RELATED:12.0; cargo=MISMATCH:0.0; vessel=UNKNOWN:0.0; recency=HISTORICAL:1.0; laycan=HISTORICAL:0.0
CONTRACT_000,0,"Queensland (Gladstone / Hay Point), Australia","Visakhapatnam & Haldia, India",Panamax,coal,2026-07-13,report_00006.html,TBN,,Dampier,Dampier,Qingdao,ore,170000.0,2026-07-27,2026-07-29,13.45,WEAK_RELATED,RELATED,NO_MATCH,12.0,MISMATCH,0.0,UNKNOWN,0.0,HISTORICAL,1.0,HISTORICAL,0.0,46,True,False,13.0,WEAK,'TBN' 170000/10 Dampier/Qingdao 27/29 Jul $13.45 fio 90000shinc/30000shinc - Rio Tinto,trade=WEAK_RELATED:12.0; cargo=MISMATCH:0.0; vessel=UNKNOWN:0.0; recency=HISTORICAL:1.0; laycan=HISTORICAL:0.0
CONTRACT_002,2,"Hay Point, Australia","Paradip, India",Panamax,coal,2026-07-13,report_00006.html,TBN,,Dampier,Dampier,Qingdao,ore,170000.0,2026-07-27,2026-07-29,13.45,WEAK_RELATED,RELATED,NO_MATCH,12.0,MISMATCH,0.0,UNKNOWN,0.0,HISTORICAL,1.0,HISTORICAL,0.0,46,True,False,13.0,WEAK,'TBN' 170000/10 Dampier/Qingdao 27/29 Jul $13.45 fio 90000shinc/30000shinc - Rio Tinto,trade=WEAK_RELATED:12.0; cargo=MISMATCH:0.0; vessel=UNKNOWN:0.0; recency=HISTORICAL:1.0; laycan=HISTORICAL:0.0
CONTRACT_004,4,"Hay Point, Australia","Visakhapatnam, India",Panamax,coal,2026-07-13,report_00006.html,TBN,,Dampier,Dampier,Qingdao,ore,170000.0,2026-07-27,2026-07-29,13.45,WEAK_RELATED,RELATED,NO_MATCH,12.0,MISMATCH,0.0,UNKNOWN,0.0,HISTORICAL,1.0,HISTORICAL,0.0,46,True,False,13.0,WEAK,'TBN' 170000/10 Dampier/Qingdao 27/29 Jul $13.45 fio 90000shinc/30000shinc - Rio Tinto,trade=WEAK_RELATED:12.0; cargo=MISMATCH:0.0; vessel=UNKNOWN:0.0; recency=HISTORICAL:1.0; laycan=HISTORICAL:0.0
CONTRACT_005,5,"Hay Point, Australia","Paradip, India",Panamax,coal,2026-07-13,report_00006.html,TBN,,Dampier,Dampier,Qingdao,ore,170000.0,2026-07-27,2026-07-29,13.45,WEAK_RELATED,RELATED,NO_MATCH,12.0,MISMATCH,0.0,UNKNOWN,0.0,HISTORICAL,1.0,HISTORICAL,0.0,46,True,False,13.0,WEAK,'TBN' 170000/10 Dampier/Qingdao 27/29 Jul $13.45 fio 90000shinc/30000shinc - Rio Tinto,trade=WEAK_RELATED:12.0; cargo=MISMATCH:0.0; vessel=UNKNOWN:0.0; recency=HISTORICAL:1.0; laycan=HISTORICAL:0.0
CONTRACT_011,11,"Hay Point, Australia","Visakhapatnam, India",Panamax,coal,2026-07-13,report_00006.html,TBN,,Dampier,Dampier,Qingdao,ore,170000.0,2026-07-27,2026-07-29,13.45,WEAK_RELATED,RELATED,NO_MATCH,12.0,MISMATCH,0.0,UNKNOWN,0.0,HISTORICAL,1.0,HISTORICAL,0.0,46,True,False,13.0,WEAK,'TBN' 170000/10 Dampier/Qingdao 27/29 Jul $13.45 fio 90000shinc/30000shinc - Rio Tinto,trade=WEAK_RELATED:12.0; cargo=MISMATCH:0.0; vessel=UNKNOWN:0.0; recency=HISTORICAL:1.0; laycan=HISTORICAL:0.0
CONTRACT_017,17,"Queensland, Australia","Haldia, India",Panamax,coal,2026-07-13,report_00006.html,TBN,,Dampier,Dampier,Qingdao,ore,170000.0,2026-07-27,2026-07-29,13.45,WEAK_RELATED,RELATED,NO_MATCH,12.0,MISMATCH,0.0,UNKNOWN,0.0,HISTORICAL,1.0,HISTORICAL,0.0,46,True,False,13.0,WEAK,'TBN' 170000/10 Dampier/Qingdao 27/29 Jul $13.45 fio 90000shinc/30000shinc - Rio Tinto,trade=WEAK_RELATED:12.0; cargo=MISMATCH:0.0; vessel=UNKNOWN:0.0; recency=HISTORICAL:1.0; laycan=HISTORICAL:0.0
CONTRACT_020,20,East Coast Australia,East Coast India,Panamax,coal,2026-07-13,report_00006.html,TBN,,Dampier,Dampier,Qingdao,ore,170000.0,2026-07-27,2026-07-29,13.45,WEAK_RELATED,RELATED,NO_MATCH,12.0,MISMATCH,0.0,UNKNOWN,0.0,HISTORICAL,1.0,HISTORICAL,0.0,46,True,False,13.0,WEAK,'TBN' 170000/10 Dampier/Qingdao 27/29 Jul $13.45 fio 90000shinc/30000shinc - Rio Tinto,trade=WEAK_RELATED:12.0; cargo=MISMATCH:0.0; vessel=UNKNOWN:0.0; recency=HISTORICAL:1.0; laycan=HISTORICAL:0.0
CONTRACT_000,0,"Queensland (Gladstone / Hay Point), Australia","Visakhapatnam & Haldia, India",Panamax,coal,2026-07-13,report_00006.html,TBN,,Port Hedland,Port Hedland,Qingdao,ore,160000.0,2026-07-27,2026-07-29,13.45,WEAK_RELATED,RELATED,NO_MATCH,12.0,MISMATCH,0.0,UNKNOWN,0.0,HISTORICAL,1.0,HISTORICAL,0.0,46,True,False,13.0,WEAK,'TBN' 160000/10 Port Hedland/Qingdao 27/29 Jul $13.45 fio 80000shinc/30000shinc - BHP,trade=WEAK_RELATED:12.0; cargo=MISMATCH:0.0; vessel=UNKNOWN:0.0; recency=HISTORICAL:1.0; laycan=HISTORICAL:0.0
CONTRACT_002,2,"Hay Point, Australia","Paradip, India",Panamax,coal,2026-07-13,report_00006.html,TBN,,Port Hedland,Port Hedland,Qingdao,ore,160000.0,2026-07-27,2026-07-29,13.45,WEAK_RELATED,RELATED,NO_MATCH,12.0,MISMATCH,0.0,UNKNOWN,0.0,HISTORICAL,1.0,HISTORICAL,0.0,46,True,False,13.0,WEAK,'TBN' 160000/10 Port Hedland/Qingdao 27/29 Jul $13.45 fio 80000shinc/30000shinc - BHP,trade=WEAK_RELATED:12.0; cargo=MISMATCH:0.0; vessel=UNKNOWN:0.0; recency=HISTORICAL:1.0; laycan=HISTORICAL:0.0
CONTRACT_004,4,"Hay Point, Australia","Visakhapatnam, India",Panamax,coal,2026-07-13,report_00006.html,TBN,,Port Hedland,Port Hedland,Qingdao,ore,160000.0,2026-07-27,2026-07-29,13.45,WEAK_RELATED,RELATED,NO_MATCH,12.0,MISMATCH,0.0,UNKNOWN,0.0,HISTORICAL,1.0,HISTORICAL,0.0,46,True,False,13.0,WEAK,'TBN' 160000/10 Port Hedland/Qingdao 27/29 Jul $13.45 fio 80000shinc/30000shinc - BHP,trade=WEAK_RELATED:12.0; cargo=MISMATCH:0.0; vessel=UNKNOWN:0.0; recency=HISTORICAL:1.0; laycan=HISTORICAL:0.0
CONTRACT_005,5,"Hay Point, Australia","Paradip, India",Panamax,coal,2026-07-13,report_00006.html,TBN,,Port Hedland,Port Hedland,Qingdao,ore,160000.0,2026-07-27,2026-07-29,13.45,WEAK_RELATED,RELATED,NO_MATCH,12.0,MISMATCH,0.0,UNKNOWN,0.0,HISTORICAL,1.0,HISTORICAL,0.0,46,True,False,13.0,WEAK,'TBN' 160000/10 Port Hedland/Qingdao 27/29 Jul $13.45 fio 80000shinc/30000shinc - BHP,trade=WEAK_RELATED:12.0; cargo=MISMATCH:0.0; vessel=UNKNOWN:0.0; recency=HISTORICAL:1.0; laycan=HISTORICAL:0.0
CONTRACT_011,11,"Hay Point, Australia","Visakhapatnam, India",Panamax,coal,2026-07-13,report_00006.html,TBN,,Port Hedland,Port Hedland,Qingdao,ore,160000.0,2026-07-27,2026-07-29,13.45,WEAK_RELATED,RELATED,NO_MATCH,12.0,MISMATCH,0.0,UNKNOWN,0.0,HISTORICAL,1.0,HISTORICAL,0.0,46,True,False,13.0,WEAK,'TBN' 160000/10 Port Hedland/Qingdao 27/29 Jul $13.45 fio 80000shinc/30000shinc - BHP,trade=WEAK_RELATED:12.0; cargo=MISMATCH:0.0; vessel=UNKNOWN:0.0; recency=HISTORICAL:1.0; laycan=HISTORICAL:0.0
CONTRACT_017,17,"Queensland, Australia","Haldia, India",Panamax,coal,2026-07-13,report_00006.html,TBN,,Port Hedland,Port Hedland,Qingdao,ore,160000.0,2026-07-27,2026-07-29,13.45,WEAK_RELATED,RELATED,NO_MATCH,12.0,MISMATCH,0.0,UNKNOWN,0.0,HISTORICAL,1.0,HISTORICAL,0.0,46,True,False,13.0,WEAK,'TBN' 160000/10 Port Hedland/Qingdao 27/29 Jul $13.45 fio 80000shinc/30000shinc - BHP,trade=WEAK_RELATED:12.0; cargo=MISMATCH:0.0; vessel=UNKNOWN:0.0; recency=HISTORICAL:1.0; laycan=HISTORICAL:0.0
CONTRACT_020,20,East Coast Australia,East Coast India,Panamax,coal,2026-07-13,report_00006.html,TBN,,Port Hedland,Port Hedland,Qingdao,ore,160000.0,2026-07-27,2026-07-29,13.45,WEAK_RELATED,RELATED,NO_MATCH,12.0,MISMATCH,0.0,UNKNOWN,0.0,HISTORICAL,1.0,HISTORICAL,0.0,46,True,False,13.0,WEAK,'TBN' 160000/10 Port Hedland/Qingdao 27/29 Jul $13.45 fio 80000shinc/30000shinc - BHP,trade=WEAK_RELATED:12.0; cargo=MISMATCH:0.0; vessel=UNKNOWN:0.0; recency=HISTORICAL:1.0; laycan=HISTORICAL:0.0
CONTRACT_000,0,"Queensland (Gladstone / Hay Point), Australia","Visakhapatnam & Haldia, India",Panamax,coal,2026-07-08,report_00005.html,TBN,,Port Hedland,Port Hedland,Qingdao,ore,190000.0,2026-07-23,2026-07-25,13.2,WEAK_RELATED,RELATED,NO_MATCH,12.0,MISMATCH,0.0,UNKNOWN,0.0,HISTORICAL,1.0,HISTORICAL,0.0,51,True,False,13.0,WEAK,'TBN' 190000/10 Port Hedland/Qingdao 23/25 Jul $13.20 fio 80000shinc/30000shinc - BHP,trade=WEAK_RELATED:12.0; cargo=MISMATCH:0.0; vessel=UNKNOWN:0.0; recency=HISTORICAL:1.0; laycan=HISTORICAL:0.0
CONTRACT_002,2,"Hay Point, Australia","Paradip, India",Panamax,coal,2026-07-08,report_00005.html,TBN,,Port Hedland,Port Hedland,Qingdao,ore,190000.0,2026-07-23,2026-07-25,13.2,WEAK_RELATED,RELATED,NO_MATCH,12.0,MISMATCH,0.0,UNKNOWN,0.0,HISTORICAL,1.0,HISTORICAL,0.0,51,True,False,13.0,WEAK,'TBN' 190000/10 Port Hedland/Qingdao 23/25 Jul $13.20 fio 80000shinc/30000shinc - BHP,trade=WEAK_RELATED:12.0; cargo=MISMATCH:0.0; vessel=UNKNOWN:0.0; recency=HISTORICAL:1.0; laycan=HISTORICAL:0.0
CONTRACT_004,4,"Hay Point, Australia","Visakhapatnam, India",Panamax,coal,2026-07-08,report_00005.html,TBN,,Port Hedland,Port Hedland,Qingdao,ore,190000.0,2026-07-23,2026-07-25,13.2,WEAK_RELATED,RELATED,NO_MATCH,12.0,MISMATCH,0.0,UNKNOWN,0.0,HISTORICAL,1.0,HISTORICAL,0.0,51,True,False,13.0,WEAK,'TBN' 190000/10 Port Hedland/Qingdao 23/25 Jul $13.20 fio 80000shinc/30000shinc - BHP,trade=WEAK_RELATED:12.0; cargo=MISMATCH:0.0; vessel=UNKNOWN:0.0; recency=HISTORICAL:1.0; laycan=HISTORICAL:0.0
CONTRACT_005,5,"Hay Point, Australia","Paradip, India",Panamax,coal,2026-07-08,report_00005.html,TBN,,Port Hedland,Port Hedland,Qingdao,ore,190000.0,2026-07-23,2026-07-25,13.2,WEAK_RELATED,RELATED,NO_MATCH,12.0,MISMATCH,0.0,UNKNOWN,0.0,HISTORICAL,1.0,HISTORICAL,0.0,51,True,False,13.0,WEAK,'TBN' 190000/10 Port Hedland/Qingdao 23/25 Jul $13.20 fio 80000shinc/30000shinc - BHP,trade=WEAK_RELATED:12.0; cargo=MISMATCH:0.0; vessel=UNKNOWN:0.0; recency=HISTORICAL:1.0; laycan=HISTORICAL:0.0
CONTRACT_011,11,"Hay Point, Australia","Visakhapatnam, India",Panamax,coal,2026-07-08,report_00005.html,TBN,,Port Hedland,Port Hedland,Qingdao,ore,190000.0,2026-07-23,2026-07-25,13.2,WEAK_RELATED,RELATED,NO_MATCH,12.0,MISMATCH,0.0,UNKNOWN,0.0,HISTORICAL,1.0,HISTORICAL,0.0,51,True,False,13.0,WEAK,'TBN' 190000/10 Port Hedland/Qingdao 23/25 Jul $13.20 fio 80000shinc/30000shinc - BHP,trade=WEAK_RELATED:12.0; cargo=MISMATCH:0.0; vessel=UNKNOWN:0.0; recency=HISTORICAL:1.0; laycan=HISTORICAL:0.0
CONTRACT_017,17,"Queensland, Australia","Haldia, India",Panamax,coal,2026-07-08,report_00005.html,TBN,,Port Hedland,Port Hedland,Qingdao,ore,190000.0,2026-07-23,2026-07-25,13.2,WEAK_RELATED,RELATED,NO_MATCH,12.0,MISMATCH,0.0,UNKNOWN,0.0,HISTORICAL,1.0,HISTORICAL,0.0,51,True,False,13.0,WEAK,'TBN' 190000/10 Port Hedland/Qingdao 23/25 Jul $13.20 fio 80000shinc/30000shinc - BHP,trade=WEAK_RELATED:12.0; cargo=MISMATCH:0.0; vessel=UNKNOWN:0.0; recency=HISTORICAL:1.0; laycan=HISTORICAL:0.0
CONTRACT_020,20,East Coast Australia,East Coast India,Panamax,coal,2026-07-08,report_00005.html,TBN,,Port Hedland,Port Hedland,Qingdao,ore,190000.0,2026-07-23,2026-07-25,13.2,WEAK_RELATED,RELATED,NO_MATCH,12.0,MISMATCH,0.0,UNKNOWN,0.0,HISTORICAL,1.0,HISTORICAL,0.0,51,True,False,13.0,WEAK,'TBN' 190000/10 Port Hedland/Qingdao 23/25 Jul $13.20 fio 80000shinc/30000shinc - BHP,trade=WEAK_RELATED:12.0; cargo=MISMATCH:0.0; vessel=UNKNOWN:0.0; recency=HISTORICAL:1.0; laycan=HISTORICAL:0.0
CONTRACT_000,0,"Queensland (Gladstone / Hay Point), Australia","Visakhapatnam & Haldia, India",Panamax,coal,2026-07-08,report_00005.html,TBN,,Dampier,Dampier,Qingdao,ore,170000.0,2026-07-23,2026-07-25,12.8,WEAK_RELATED,RELATED,NO_MATCH,12.0,MISMATCH,0.0,UNKNOWN,0.0,HISTORICAL,1.0,HISTORICAL,0.0,51,True,False,13.0,WEAK,'TBN' 170000/10 Dampier/Qingdao 23/25 Jul $12.80 fio 90000shinc/30000shinc - Rio Tinto,trade=WEAK_RELATED:12.0; cargo=MISMATCH:0.0; vessel=UNKNOWN:0.0; recency=HISTORICAL:1.0; laycan=HISTORICAL:0.0
CONTRACT_002,2,"Hay Point, Australia","Paradip, India",Panamax,coal,2026-07-08,report_00005.html,TBN,,Dampier,Dampier,Qingdao,ore,170000.0,2026-07-23,2026-07-25,12.8,WEAK_RELATED,RELATED,NO_MATCH,12.0,MISMATCH,0.0,UNKNOWN,0.0,HISTORICAL,1.0,HISTORICAL,0.0,51,True,False,13.0,WEAK,'TBN' 170000/10 Dampier/Qingdao 23/25 Jul $12.80 fio 90000shinc/30000shinc - Rio Tinto,trade=WEAK_RELATED:12.0; cargo=MISMATCH:0.0; vessel=UNKNOWN:0.0; recency=HISTORICAL:1.0; laycan=HISTORICAL:0.0
CONTRACT_004,4,"Hay Point, Australia","Visakhapatnam, India",Panamax,coal,2026-07-08,report_00005.html,TBN,,Dampier,Dampier,Qingdao,ore,170000.0,2026-07-23,2026-07-25,12.8,WEAK_RELATED,RELATED,NO_MATCH,12.0,MISMATCH,0.0,UNKNOWN,0.0,HISTORICAL,1.0,HISTORICAL,0.0,51,True,False,13.0,WEAK,'TBN' 170000/10 Dampier/Qingdao 23/25 Jul $12.80 fio 90000shinc/30000shinc - Rio Tinto,trade=WEAK_RELATED:12.0; cargo=MISMATCH:0.0; vessel=UNKNOWN:0.0; recency=HISTORICAL:1.0; laycan=HISTORICAL:0.0
CONTRACT_005,5,"Hay Point, Australia","Paradip, India",Panamax,coal,2026-07-08,report_00005.html,TBN,,Dampier,Dampier,Qingdao,ore,170000.0,2026-07-23,2026-07-25,12.8,WEAK_RELATED,RELATED,NO_MATCH,12.0,MISMATCH,0.0,UNKNOWN,0.0,HISTORICAL,1.0,HISTORICAL,0.0,51,True,False,13.0,WEAK,'TBN' 170000/10 Dampier/Qingdao 23/25 Jul $12.80 fio 90000shinc/30000shinc - Rio Tinto,trade=WEAK_RELATED:12.0; cargo=MISMATCH:0.0; vessel=UNKNOWN:0.0; recency=HISTORICAL:1.0; laycan=HISTORICAL:0.0
CONTRACT_011,11,"Hay Point, Australia","Visakhapatnam, India",Panamax,coal,2026-07-08,report_00005.html,TBN,,Dampier,Dampier,Qingdao,ore,170000.0,2026-07-23,2026-07-25,12.8,WEAK_RELATED,RELATED,NO_MATCH,12.0,MISMATCH,0.0,UNKNOWN,0.0,HISTORICAL,1.0,HISTORICAL,0.0,51,True,False,13.0,WEAK,'TBN' 170000/10 Dampier/Qingdao 23/25 Jul $12.80 fio 90000shinc/30000shinc - Rio Tinto,trade=WEAK_RELATED:12.0; cargo=MISMATCH:0.0; vessel=UNKNOWN:0.0; recency=HISTORICAL:1.0; laycan=HISTORICAL:0.0
CONTRACT_017,17,"Queensland, Australia","Haldia, India",Panamax,coal,2026-07-08,report_00005.html,TBN,,Dampier,Dampier,Qingdao,ore,170000.0,2026-07-23,2026-07-25,12.8,WEAK_RELATED,RELATED,NO_MATCH,12.0,MISMATCH,0.0,UNKNOWN,0.0,HISTORICAL,1.0,HISTORICAL,0.0,51,True,False,13.0,WEAK,'TBN' 170000/10 Dampier/Qingdao 23/25 Jul $12.80 fio 90000shinc/30000shinc - Rio Tinto,trade=WEAK_RELATED:12.0; cargo=MISMATCH:0.0; vessel=UNKNOWN:0.0; recency=HISTORICAL:1.0; laycan=HISTORICAL:0.0
CONTRACT_020,20,East Coast Australia,East Coast India,Panamax,coal,2026-07-08,report_00005.html,TBN,,Dampier,Dampier,Qingdao,ore,170000.0,2026-07-23,2026-07-25,12.8,WEAK_RELATED,RELATED,NO_MATCH,12.0,MISMATCH,0.0,UNKNOWN,0.0,HISTORICAL,1.0,HISTORICAL,0.0,51,True,False,13.0,WEAK,'TBN' 170000/10 Dampier/Qingdao 23/25 Jul $12.80 fio 90000shinc/30000shinc - Rio Tinto,trade=WEAK_RELATED:12.0; cargo=MISMATCH:0.0; vessel=UNKNOWN:0.0; recency=HISTORICAL:1.0; laycan=HISTORICAL:0.0
CONTRACT_000,0,"Queensland (Gladstone / Hay Point), Australia","Visakhapatnam & Haldia, India",Panamax,coal,2026-07-08,report_00005.html,TBN,,Port Hedland,Port Hedland,Qingdao,ore,160000.0,2026-07-23,2026-07-25,13.0,WEAK_RELATED,RELATED,NO_MATCH,12.0,MISMATCH,0.0,UNKNOWN,0.0,HISTORICAL,1.0,HISTORICAL,0.0,51,True,False,13.0,WEAK,'TBN' 160000/10 Port Hedland/Qingdao 23/25 Jul $13.00 fio 80000shinc/30000shinc - BHP,trade=WEAK_RELATED:12.0; cargo=MISMATCH:0.0; vessel=UNKNOWN:0.0; recency=HISTORICAL:1.0; laycan=HISTORICAL:0.0
CONTRACT_002,2,"Hay Point, Australia","Paradip, India",Panamax,coal,2026-07-08,report_00005.html,TBN,,Port Hedland,Port Hedland,Qingdao,ore,160000.0,2026-07-23,2026-07-25,13.0,WEAK_RELATED,RELATED,NO_MATCH,12.0,MISMATCH,0.0,UNKNOWN,0.0,HISTORICAL,1.0,HISTORICAL,0.0,51,True,False,13.0,WEAK,'TBN' 160000/10 Port Hedland/Qingdao 23/25 Jul $13.00 fio 80000shinc/30000shinc - BHP,trade=WEAK_RELATED:12.0; cargo=MISMATCH:0.0; vessel=UNKNOWN:0.0; recency=HISTORICAL:1.0; laycan=HISTORICAL:0.0
CONTRACT_004,4,"Hay Point, Australia","Visakhapatnam, India",Panamax,coal,2026-07-08,report_00005.html,TBN,,Port Hedland,Port Hedland,Qingdao,ore,160000.0,2026-07-23,2026-07-25,13.0,WEAK_RELATED,RELATED,NO_MATCH,12.0,MISMATCH,0.0,UNKNOWN,0.0,HISTORICAL,1.0,HISTORICAL,0.0,51,True,False,13.0,WEAK,'TBN' 160000/10 Port Hedland/Qingdao 23/25 Jul $13.00 fio 80000shinc/30000shinc - BHP,trade=WEAK_RELATED:12.0; cargo=MISMATCH:0.0; vessel=UNKNOWN:0.0; recency=HISTORICAL:1.0; laycan=HISTORICAL:0.0
CONTRACT_005,5,"Hay Point, Australia","Paradip, India",Panamax,coal,2026-07-08,report_00005.html,TBN,,Port Hedland,Port Hedland,Qingdao,ore,160000.0,2026-07-23,2026-07-25,13.0,WEAK_RELATED,RELATED,NO_MATCH,12.0,MISMATCH,0.0,UNKNOWN,0.0,HISTORICAL,1.0,HISTORICAL,0.0,51,True,False,13.0,WEAK,'TBN' 160000/10 Port Hedland/Qingdao 23/25 Jul $13.00 fio 80000shinc/30000shinc - BHP,trade=WEAK_RELATED:12.0; cargo=MISMATCH:0.0; vessel=UNKNOWN:0.0; recency=HISTORICAL:1.0; laycan=HISTORICAL:0.0
CONTRACT_011,11,"Hay Point, Australia","Visakhapatnam, India",Panamax,coal,2026-07-08,report_00005.html,TBN,,Port Hedland,Port Hedland,Qingdao,ore,160000.0,2026-07-23,2026-07-25,13.0,WEAK_RELATED,RELATED,NO_MATCH,12.0,MISMATCH,0.0,UNKNOWN,0.0,HISTORICAL,1.0,HISTORICAL,0.0,51,True,False,13.0,WEAK,'TBN' 160000/10 Port Hedland/Qingdao 23/25 Jul $13.00 fio 80000shinc/30000shinc - BHP,trade=WEAK_RELATED:12.0; cargo=MISMATCH:0.0; vessel=UNKNOWN:0.0; recency=HISTORICAL:1.0; laycan=HISTORICAL:0.0
CONTRACT_017,17,"Queensland, Australia","Haldia, India",Panamax,coal,2026-07-08,report_00005.html,TBN,,Port Hedland,Port Hedland,Qingdao,ore,160000.0,2026-07-23,2026-07-25,13.0,WEAK_RELATED,RELATED,NO_MATCH,12.0,MISMATCH,0.0,UNKNOWN,0.0,HISTORICAL,1.0,HISTORICAL,0.0,51,True,False,13.0,WEAK,'TBN' 160000/10 Port Hedland/Qingdao 23/25 Jul $13.00 fio 80000shinc/30000shinc - BHP,trade=WEAK_RELATED:12.0; cargo=MISMATCH:0.0; vessel=UNKNOWN:0.0; recency=HISTORICAL:1.0; laycan=HISTORICAL:0.0
CONTRACT_020,20,East Coast Australia,East Coast India,Panamax,coal,2026-07-08,report_00005.html,TBN,,Port Hedland,Port Hedland,Qingdao,ore,160000.0,2026-07-23,2026-07-25,13.0,WEAK_RELATED,RELATED,NO_MATCH,12.0,MISMATCH,0.0,UNKNOWN,0.0,HISTORICAL,1.0,HISTORICAL,0.0,51,True,False,13.0,WEAK,'TBN' 160000/10 Port Hedland/Qingdao 23/25 Jul $13.00 fio 80000shinc/30000shinc - BHP,trade=WEAK_RELATED:12.0; cargo=MISMATCH:0.0; vessel=UNKNOWN:0.0; recency=HISTORICAL:1.0; laycan=HISTORICAL:0.0
CONTRACT_000,0,"Queensland (Gladstone / Hay Point), Australia","Visakhapatnam & Haldia, India",Panamax,coal,2026-07-06,report_00004.html,TBN,,Dampier,Dampier,Qingdao,ore,170000.0,2026-07-20,2026-07-22,12.7,WEAK_RELATED,RELATED,NO_MATCH,12.0,MISMATCH,0.0,UNKNOWN,0.0,HISTORICAL,1.0,HISTORICAL,0.0,53,True,False,13.0,WEAK,'TBN' 170000/10 Dampier/Qingdao 20/22 Jul $12.70 fio 90000shinc/30000shinc - Rio Tinto,trade=WEAK_RELATED:12.0; cargo=MISMATCH:0.0; vessel=UNKNOWN:0.0; recency=HISTORICAL:1.0; laycan=HISTORICAL:0.0
CONTRACT_002,2,"Hay Point, Australia","Paradip, India",Panamax,coal,2026-07-06,report_00004.html,TBN,,Dampier,Dampier,Qingdao,ore,170000.0,2026-07-20,2026-07-22,12.7,WEAK_RELATED,RELATED,NO_MATCH,12.0,MISMATCH,0.0,UNKNOWN,0.0,HISTORICAL,1.0,HISTORICAL,0.0,53,True,False,13.0,WEAK,'TBN' 170000/10 Dampier/Qingdao 20/22 Jul $12.70 fio 90000shinc/30000shinc - Rio Tinto,trade=WEAK_RELATED:12.0; cargo=MISMATCH:0.0; vessel=UNKNOWN:0.0; recency=HISTORICAL:1.0; laycan=HISTORICAL:0.0
CONTRACT_004,4,"Hay Point, Australia","Visakhapatnam, India",Panamax,coal,2026-07-06,report_00004.html,TBN,,Dampier,Dampier,Qingdao,ore,170000.0,2026-07-20,2026-07-22,12.7,WEAK_RELATED,RELATED,NO_MATCH,12.0,MISMATCH,0.0,UNKNOWN,0.0,HISTORICAL,1.0,HISTORICAL,0.0,53,True,False,13.0,WEAK,'TBN' 170000/10 Dampier/Qingdao 20/22 Jul $12.70 fio 90000shinc/30000shinc - Rio Tinto,trade=WEAK_RELATED:12.0; cargo=MISMATCH:0.0; vessel=UNKNOWN:0.0; recency=HISTORICAL:1.0; laycan=HISTORICAL:0.0
CONTRACT_005,5,"Hay Point, Australia","Paradip, India",Panamax,coal,2026-07-06,report_00004.html,TBN,,Dampier,Dampier,Qingdao,ore,170000.0,2026-07-20,2026-07-22,12.7,WEAK_RELATED,RELATED,NO_MATCH,12.0,MISMATCH,0.0,UNKNOWN,0.0,HISTORICAL,1.0,HISTORICAL,0.0,53,True,False,13.0,WEAK,'TBN' 170000/10 Dampier/Qingdao 20/22 Jul $12.70 fio 90000shinc/30000shinc - Rio Tinto,trade=WEAK_RELATED:12.0; cargo=MISMATCH:0.0; vessel=UNKNOWN:0.0; recency=HISTORICAL:1.0; laycan=HISTORICAL:0.0
CONTRACT_011,11,"Hay Point, Australia","Visakhapatnam, India",Panamax,coal,2026-07-06,report_00004.html,TBN,,Dampier,Dampier,Qingdao,ore,170000.0,2026-07-20,2026-07-22,12.7,WEAK_RELATED,RELATED,NO_MATCH,12.0,MISMATCH,0.0,UNKNOWN,0.0,HISTORICAL,1.0,HISTORICAL,0.0,53,True,False,13.0,WEAK,'TBN' 170000/10 Dampier/Qingdao 20/22 Jul $12.70 fio 90000shinc/30000shinc - Rio Tinto,trade=WEAK_RELATED:12.0; cargo=MISMATCH:0.0; vessel=UNKNOWN:0.0; recency=HISTORICAL:1.0; laycan=HISTORICAL:0.0
CONTRACT_017,17,"Queensland, Australia","Haldia, India",Panamax,coal,2026-07-06,report_00004.html,TBN,,Dampier,Dampier,Qingdao,ore,170000.0,2026-07-20,2026-07-22,12.7,WEAK_RELATED,RELATED,NO_MATCH,12.0,MISMATCH,0.0,UNKNOWN,0.0,HISTORICAL,1.0,HISTORICAL,0.0,53,True,False,13.0,WEAK,'TBN' 170000/10 Dampier/Qingdao 20/22 Jul $12.70 fio 90000shinc/30000shinc - Rio Tinto,trade=WEAK_RELATED:12.0; cargo=MISMATCH:0.0; vessel=UNKNOWN:0.0; recency=HISTORICAL:1.0; laycan=HISTORICAL:0.0
CONTRACT_020,20,East Coast Australia,East Coast India,Panamax,coal,2026-07-06,report_00004.html,TBN,,Dampier,Dampier,Qingdao,ore,170000.0,2026-07-20,2026-07-22,12.7,WEAK_RELATED,RELATED,NO_MATCH,12.0,MISMATCH,0.0,UNKNOWN,0.0,HISTORICAL,1.0,HISTORICAL,0.0,53,True,False,13.0,WEAK,'TBN' 170000/10 Dampier/Qingdao 20/22 Jul $12.70 fio 90000shinc/30000shinc - Rio Tinto,trade=WEAK_RELATED:12.0; cargo=MISMATCH:0.0; vessel=UNKNOWN:0.0; recency=HISTORICAL:1.0; laycan=HISTORICAL:0.0
CONTRACT_000,0,"Queensland (Gladstone / Hay Point), Australia","Visakhapatnam & Haldia, India",Panamax,coal,2026-06-22,report_00003.html,TBN,,Dampier,Dampier,Qingdao,ore,170000.0,2026-07-08,2026-07-11,11.65,WEAK_RELATED,RELATED,NO_MATCH,12.0,MISMATCH,0.0,UNKNOWN,0.0,HISTORICAL,1.0,HISTORICAL,0.0,67,True,False,13.0,WEAK,'TBN' 170000/10 Dampier/Qingdao 8/11 Jul $11.65 fio 90000shinc/30000shinc - Rio Tinto,trade=WEAK_RELATED:12.0; cargo=MISMATCH:0.0; vessel=UNKNOWN:0.0; recency=HISTORICAL:1.0; laycan=HISTORICAL:0.0
CONTRACT_002,2,"Hay Point, Australia","Paradip, India",Panamax,coal,2026-06-22,report_00003.html,TBN,,Dampier,Dampier,Qingdao,ore,170000.0,2026-07-08,2026-07-11,11.65,WEAK_RELATED,RELATED,NO_MATCH,12.0,MISMATCH,0.0,UNKNOWN,0.0,HISTORICAL,1.0,HISTORICAL,0.0,67,True,False,13.0,WEAK,'TBN' 170000/10 Dampier/Qingdao 8/11 Jul $11.65 fio 90000shinc/30000shinc - Rio Tinto,trade=WEAK_RELATED:12.0; cargo=MISMATCH:0.0; vessel=UNKNOWN:0.0; recency=HISTORICAL:1.0; laycan=HISTORICAL:0.0
CONTRACT_004,4,"Hay Point, Australia","Visakhapatnam, India",Panamax,coal,2026-06-22,report_00003.html,TBN,,Dampier,Dampier,Qingdao,ore,170000.0,2026-07-08,2026-07-11,11.65,WEAK_RELATED,RELATED,NO_MATCH,12.0,MISMATCH,0.0,UNKNOWN,0.0,HISTORICAL,1.0,HISTORICAL,0.0,67,True,False,13.0,WEAK,'TBN' 170000/10 Dampier/Qingdao 8/11 Jul $11.65 fio 90000shinc/30000shinc - Rio Tinto,trade=WEAK_RELATED:12.0; cargo=MISMATCH:0.0; vessel=UNKNOWN:0.0; recency=HISTORICAL:1.0; laycan=HISTORICAL:0.0
CONTRACT_005,5,"Hay Point, Australia","Paradip, India",Panamax,coal,2026-06-22,report_00003.html,TBN,,Dampier,Dampier,Qingdao,ore,170000.0,2026-07-08,2026-07-11,11.65,WEAK_RELATED,RELATED,NO_MATCH,12.0,MISMATCH,0.0,UNKNOWN,0.0,HISTORICAL,1.0,HISTORICAL,0.0,67,True,False,13.0,WEAK,'TBN' 170000/10 Dampier/Qingdao 8/11 Jul $11.65 fio 90000shinc/30000shinc - Rio Tinto,trade=WEAK_RELATED:12.0; cargo=MISMATCH:0.0; vessel=UNKNOWN:0.0; recency=HISTORICAL:1.0; laycan=HISTORICAL:0.0
CONTRACT_011,11,"Hay Point, Australia","Visakhapatnam, India",Panamax,coal,2026-06-22,report_00003.html,TBN,,Dampier,Dampier,Qingdao,ore,170000.0,2026-07-08,2026-07-11,11.65,WEAK_RELATED,RELATED,NO_MATCH,12.0,MISMATCH,0.0,UNKNOWN,0.0,HISTORICAL,1.0,HISTORICAL,0.0,67,True,False,13.0,WEAK,'TBN' 170000/10 Dampier/Qingdao 8/11 Jul $11.65 fio 90000shinc/30000shinc - Rio Tinto,trade=WEAK_RELATED:12.0; cargo=MISMATCH:0.0; vessel=UNKNOWN:0.0; recency=HISTORICAL:1.0; laycan=HISTORICAL:0.0
CONTRACT_017,17,"Queensland, Australia","Haldia, India",Panamax,coal,2026-06-22,report_00003.html,TBN,,Dampier,Dampier,Qingdao,ore,170000.0,2026-07-08,2026-07-11,11.65,WEAK_RELATED,RELATED,NO_MATCH,12.0,MISMATCH,0.0,UNKNOWN,0.0,HISTORICAL,1.0,HISTORICAL,0.0,67,True,False,13.0,WEAK,'TBN' 170000/10 Dampier/Qingdao 8/11 Jul $11.65 fio 90000shinc/30000shinc - Rio Tinto,trade=WEAK_RELATED:12.0; cargo=MISMATCH:0.0; vessel=UNKNOWN:0.0; recency=HISTORICAL:1.0; laycan=HISTORICAL:0.0
CONTRACT_020,20,East Coast Australia,East Coast India,Panamax,coal,2026-06-22,report_00003.html,TBN,,Dampier,Dampier,Qingdao,ore,170000.0,2026-07-08,2026-07-11,11.65,WEAK_RELATED,RELATED,NO_MATCH,12.0,MISMATCH,0.0,UNKNOWN,0.0,HISTORICAL,1.0,HISTORICAL,0.0,67,True,False,13.0,WEAK,'TBN' 170000/10 Dampier/Qingdao 8/11 Jul $11.65 fio 90000shinc/30000shinc - Rio Tinto,trade=WEAK_RELATED:12.0; cargo=MISMATCH:0.0; vessel=UNKNOWN:0.0; recency=HISTORICAL:1.0; laycan=HISTORICAL:0.0
CONTRACT_000,0,"Queensland (Gladstone / Hay Point), Australia","Visakhapatnam & Haldia, India",Panamax,coal,2026-06-22,report_00003.html,Wooyang TBN,,Gladstone,Gladstone,Boryeong,ore,80000.0,2026-07-07,2026-07-16,15.9,WEAK_RELATED,RELATED,NO_MATCH,12.0,MISMATCH,0.0,UNKNOWN,0.0,HISTORICAL,1.0,HISTORICAL,0.0,67,True,False,13.0,WEAK,'Wooyang TBN' 80000/10 Gladstone/Boryeong 7/16 Jul $15.90 fio 30000mtsatpmshexuu/19000ltshinc - Kepco,trade=WEAK_RELATED:12.0; cargo=MISMATCH:0.0; vessel=UNKNOWN:0.0; recency=HISTORICAL:1.0; laycan=HISTORICAL:0.0
CONTRACT_002,2,"Hay Point, Australia","Paradip, India",Panamax,coal,2026-06-22,report_00003.html,Wooyang TBN,,Gladstone,Gladstone,Boryeong,ore,80000.0,2026-07-07,2026-07-16,15.9,WEAK_RELATED,RELATED,NO_MATCH,12.0,MISMATCH,0.0,UNKNOWN,0.0,HISTORICAL,1.0,HISTORICAL,0.0,67,True,False,13.0,WEAK,'Wooyang TBN' 80000/10 Gladstone/Boryeong 7/16 Jul $15.90 fio 30000mtsatpmshexuu/19000ltshinc - Kepco,trade=WEAK_RELATED:12.0; cargo=MISMATCH:0.0; vessel=UNKNOWN:0.0; recency=HISTORICAL:1.0; laycan=HISTORICAL:0.0
CONTRACT_004,4,"Hay Point, Australia","Visakhapatnam, India",Panamax,coal,2026-06-22,report_00003.html,Wooyang TBN,,Gladstone,Gladstone,Boryeong,ore,80000.0,2026-07-07,2026-07-16,15.9,WEAK_RELATED,RELATED,NO_MATCH,12.0,MISMATCH,0.0,UNKNOWN,0.0,HISTORICAL,1.0,HISTORICAL,0.0,67,True,False,13.0,WEAK,'Wooyang TBN' 80000/10 Gladstone/Boryeong 7/16 Jul $15.90 fio 30000mtsatpmshexuu/19000ltshinc - Kepco,trade=WEAK_RELATED:12.0; cargo=MISMATCH:0.0; vessel=UNKNOWN:0.0; recency=HISTORICAL:1.0; laycan=HISTORICAL:0.0
CONTRACT_005,5,"Hay Point, Australia","Paradip, India",Panamax,coal,2026-06-22,report_00003.html,Wooyang TBN,,Gladstone,Gladstone,Boryeong,ore,80000.0,2026-07-07,2026-07-16,15.9,WEAK_RELATED,RELATED,NO_MATCH,12.0,MISMATCH,0.0,UNKNOWN,0.0,HISTORICAL,1.0,HISTORICAL,0.0,67,True,False,13.0,WEAK,'Wooyang TBN' 80000/10 Gladstone/Boryeong 7/16 Jul $15.90 fio 30000mtsatpmshexuu/19000ltshinc - Kepco,trade=WEAK_RELATED:12.0; cargo=MISMATCH:0.0; vessel=UNKNOWN:0.0; recency=HISTORICAL:1.0; laycan=HISTORICAL:0.0
CONTRACT_011,11,"Hay Point, Australia","Visakhapatnam, India",Panamax,coal,2026-06-22,report_00003.html,Wooyang TBN,,Gladstone,Gladstone,Boryeong,ore,80000.0,2026-07-07,2026-07-16,15.9,WEAK_RELATED,RELATED,NO_MATCH,12.0,MISMATCH,0.0,UNKNOWN,0.0,HISTORICAL,1.0,HISTORICAL,0.0,67,True,False,13.0,WEAK,'Wooyang TBN' 80000/10 Gladstone/Boryeong 7/16 Jul $15.90 fio 30000mtsatpmshexuu/19000ltshinc - Kepco,trade=WEAK_RELATED:12.0; cargo=MISMATCH:0.0; vessel=UNKNOWN:0.0; recency=HISTORICAL:1.0; laycan=HISTORICAL:0.0
CONTRACT_017,17,"Queensland, Australia","Haldia, India",Panamax,coal,2026-06-22,report_00003.html,Wooyang TBN,,Gladstone,Gladstone,Boryeong,ore,80000.0,2026-07-07,2026-07-16,15.9,WEAK_RELATED,RELATED,NO_MATCH,12.0,MISMATCH,0.0,UNKNOWN,0.0,HISTORICAL,1.0,HISTORICAL,0.0,67,True,False,13.0,WEAK,'Wooyang TBN' 80000/10 Gladstone/Boryeong 7/16 Jul $15.90 fio 30000mtsatpmshexuu/19000ltshinc - Kepco,trade=WEAK_RELATED:12.0; cargo=MISMATCH:0.0; vessel=UNKNOWN:0.0; recency=HISTORICAL:1.0; laycan=HISTORICAL:0.0
CONTRACT_020,20,East Coast Australia,East Coast India,Panamax,coal,2026-06-22,report_00003.html,Wooyang TBN,,Gladstone,Gladstone,Boryeong,ore,80000.0,2026-07-07,2026-07-16,15.9,WEAK_RELATED,RELATED,NO_MATCH,12.0,MISMATCH,0.0,UNKNOWN,0.0,HISTORICAL,1.0,HISTORICAL,0.0,67,True,False,13.0,WEAK,'Wooyang TBN' 80000/10 Gladstone/Boryeong 7/16 Jul $15.90 fio 30000mtsatpmshexuu/19000ltshinc - Kepco,trade=WEAK_RELATED:12.0; cargo=MISMATCH:0.0; vessel=UNKNOWN:0.0; recency=HISTORICAL:1.0; laycan=HISTORICAL:0.0
CONTRACT_000,0,"Queensland (Gladstone / Hay Point), Australia","Visakhapatnam & Haldia, India",Panamax,coal,2026-06-18,report_00002.html,TBN,,Port Hedland,Port Hedland,Qingdao,ore,160000.0,2026-07-03,2026-07-05,11.7,WEAK_RELATED,RELATED,NO_MATCH,12.0,MISMATCH,0.0,UNKNOWN,0.0,HISTORICAL,1.0,HISTORICAL,0.0,71,True,False,13.0,WEAK,'TBN' 160000/10 Port Hedland/Qingdao 3/5 Jul $11.70 fio 80000shinc/30000shinc - BHP,trade=WEAK_RELATED:12.0; cargo=MISMATCH:0.0; vessel=UNKNOWN:0.0; recency=HISTORICAL:1.0; laycan=HISTORICAL:0.0
CONTRACT_002,2,"Hay Point, Australia","Paradip, India",Panamax,coal,2026-06-18,report_00002.html,TBN,,Port Hedland,Port Hedland,Qingdao,ore,160000.0,2026-07-03,2026-07-05,11.7,WEAK_RELATED,RELATED,NO_MATCH,12.0,MISMATCH,0.0,UNKNOWN,0.0,HISTORICAL,1.0,HISTORICAL,0.0,71,True,False,13.0,WEAK,'TBN' 160000/10 Port Hedland/Qingdao 3/5 Jul $11.70 fio 80000shinc/30000shinc - BHP,trade=WEAK_RELATED:12.0; cargo=MISMATCH:0.0; vessel=UNKNOWN:0.0; recency=HISTORICAL:1.0; laycan=HISTORICAL:0.0
CONTRACT_004,4,"Hay Point, Australia","Visakhapatnam, India",Panamax,coal,2026-06-18,report_00002.html,TBN,,Port Hedland,Port Hedland,Qingdao,ore,160000.0,2026-07-03,2026-07-05,11.7,WEAK_RELATED,RELATED,NO_MATCH,12.0,MISMATCH,0.0,UNKNOWN,0.0,HISTORICAL,1.0,HISTORICAL,0.0,71,True,False,13.0,WEAK,'TBN' 160000/10 Port Hedland/Qingdao 3/5 Jul $11.70 fio 80000shinc/30000shinc - BHP,trade=WEAK_RELATED:12.0; cargo=MISMATCH:0.0; vessel=UNKNOWN:0.0; recency=HISTORICAL:1.0; laycan=HISTORICAL:0.0
CONTRACT_005,5,"Hay Point, Australia","Paradip, India",Panamax,coal,2026-06-18,report_00002.html,TBN,,Port Hedland,Port Hedland,Qingdao,ore,160000.0,2026-07-03,2026-07-05,11.7,WEAK_RELATED,RELATED,NO_MATCH,12.0,MISMATCH,0.0,UNKNOWN,0.0,HISTORICAL,1.0,HISTORICAL,0.0,71,True,False,13.0,WEAK,'TBN' 160000/10 Port Hedland/Qingdao 3/5 Jul $11.70 fio 80000shinc/30000shinc - BHP,trade=WEAK_RELATED:12.0; cargo=MISMATCH:0.0; vessel=UNKNOWN:0.0; recency=HISTORICAL:1.0; laycan=HISTORICAL:0.0
CONTRACT_011,11,"Hay Point, Australia","Visakhapatnam, India",Panamax,coal,2026-06-18,report_00002.html,TBN,,Port Hedland,Port Hedland,Qingdao,ore,160000.0,2026-07-03,2026-07-05,11.7,WEAK_RELATED,RELATED,NO_MATCH,12.0,MISMATCH,0.0,UNKNOWN,0.0,HISTORICAL,1.0,HISTORICAL,0.0,71,True,False,13.0,WEAK,'TBN' 160000/10 Port Hedland/Qingdao 3/5 Jul $11.70 fio 80000shinc/30000shinc - BHP,trade=WEAK_RELATED:12.0; cargo=MISMATCH:0.0; vessel=UNKNOWN:0.0; recency=HISTORICAL:1.0; laycan=HISTORICAL:0.0
CONTRACT_017,17,"Queensland, Australia","Haldia, India",Panamax,coal,2026-06-18,report_00002.html,TBN,,Port Hedland,Port Hedland,Qingdao,ore,160000.0,2026-07-03,2026-07-05,11.7,WEAK_RELATED,RELATED,NO_MATCH,12.0,MISMATCH,0.0,UNKNOWN,0.0,HISTORICAL,1.0,HISTORICAL,0.0,71,True,False,13.0,WEAK,'TBN' 160000/10 Port Hedland/Qingdao 3/5 Jul $11.70 fio 80000shinc/30000shinc - BHP,trade=WEAK_RELATED:12.0; cargo=MISMATCH:0.0; vessel=UNKNOWN:0.0; recency=HISTORICAL:1.0; laycan=HISTORICAL:0.0
CONTRACT_020,20,East Coast Australia,East Coast India,Panamax,coal,2026-06-18,report_00002.html,TBN,,Port Hedland,Port Hedland,Qingdao,ore,160000.0,2026-07-03,2026-07-05,11.7,WEAK_RELATED,RELATED,NO_MATCH,12.0,MISMATCH,0.0,UNKNOWN,0.0,HISTORICAL,1.0,HISTORICAL,0.0,71,True,False,13.0,WEAK,'TBN' 160000/10 Port Hedland/Qingdao 3/5 Jul $11.70 fio 80000shinc/30000shinc - BHP,trade=WEAK_RELATED:12.0; cargo=MISMATCH:0.0; vessel=UNKNOWN:0.0; recency=HISTORICAL:1.0; laycan=HISTORICAL:0.0
CONTRACT_000,0,"Queensland (Gladstone / Hay Point), Australia","Visakhapatnam & Haldia, India",Panamax,coal,2026-06-10,report_00001.html,TBN,,Dampier,Dampier,Qingdao,ore,170000.0,2026-06-27,2026-06-29,12.0,WEAK_RELATED,RELATED,NO_MATCH,12.0,MISMATCH,0.0,UNKNOWN,0.0,HISTORICAL,1.0,HISTORICAL,0.0,79,True,False,13.0,WEAK,'TBN' 170000/10 Dampier/Qingdao 27/29 Jun $12.00 fio 90000shinc/30000shinc - Rio Tinto,trade=WEAK_RELATED:12.0; cargo=MISMATCH:0.0; vessel=UNKNOWN:0.0; recency=HISTORICAL:1.0; laycan=HISTORICAL:0.0
CONTRACT_002,2,"Hay Point, Australia","Paradip, India",Panamax,coal,2026-06-10,report_00001.html,TBN,,Dampier,Dampier,Qingdao,ore,170000.0,2026-06-27,2026-06-29,12.0,WEAK_RELATED,RELATED,NO_MATCH,12.0,MISMATCH,0.0,UNKNOWN,0.0,HISTORICAL,1.0,HISTORICAL,0.0,79,True,False,13.0,WEAK,'TBN' 170000/10 Dampier/Qingdao 27/29 Jun $12.00 fio 90000shinc/30000shinc - Rio Tinto,trade=WEAK_RELATED:12.0; cargo=MISMATCH:0.0; vessel=UNKNOWN:0.0; recency=HISTORICAL:1.0; laycan=HISTORICAL:0.0
CONTRACT_004,4,"Hay Point, Australia","Visakhapatnam, India",Panamax,coal,2026-06-10,report_00001.html,TBN,,Dampier,Dampier,Qingdao,ore,170000.0,2026-06-27,2026-06-29,12.0,WEAK_RELATED,RELATED,NO_MATCH,12.0,MISMATCH,0.0,UNKNOWN,0.0,HISTORICAL,1.0,HISTORICAL,0.0,79,True,False,13.0,WEAK,'TBN' 170000/10 Dampier/Qingdao 27/29 Jun $12.00 fio 90000shinc/30000shinc - Rio Tinto,trade=WEAK_RELATED:12.0; cargo=MISMATCH:0.0; vessel=UNKNOWN:0.0; recency=HISTORICAL:1.0; laycan=HISTORICAL:0.0
CONTRACT_005,5,"Hay Point, Australia","Paradip, India",Panamax,coal,2026-06-10,report_00001.html,TBN,,Dampier,Dampier,Qingdao,ore,170000.0,2026-06-27,2026-06-29,12.0,WEAK_RELATED,RELATED,NO_MATCH,12.0,MISMATCH,0.0,UNKNOWN,0.0,HISTORICAL,1.0,HISTORICAL,0.0,79,True,False,13.0,WEAK,'TBN' 170000/10 Dampier/Qingdao 27/29 Jun $12.00 fio 90000shinc/30000shinc - Rio Tinto,trade=WEAK_RELATED:12.0; cargo=MISMATCH:0.0; vessel=UNKNOWN:0.0; recency=HISTORICAL:1.0; laycan=HISTORICAL:0.0
CONTRACT_011,11,"Hay Point, Australia","Visakhapatnam, India",Panamax,coal,2026-06-10,report_00001.html,TBN,,Dampier,Dampier,Qingdao,ore,170000.0,2026-06-27,2026-06-29,12.0,WEAK_RELATED,RELATED,NO_MATCH,12.0,MISMATCH,0.0,UNKNOWN,0.0,HISTORICAL,1.0,HISTORICAL,0.0,79,True,False,13.0,WEAK,'TBN' 170000/10 Dampier/Qingdao 27/29 Jun $12.00 fio 90000shinc/30000shinc - Rio Tinto,trade=WEAK_RELATED:12.0; cargo=MISMATCH:0.0; vessel=UNKNOWN:0.0; recency=HISTORICAL:1.0; laycan=HISTORICAL:0.0
CONTRACT_017,17,"Queensland, Australia","Haldia, India",Panamax,coal,2026-06-10,report_00001.html,TBN,,Dampier,Dampier,Qingdao,ore,170000.0,2026-06-27,2026-06-29,12.0,WEAK_RELATED,RELATED,NO_MATCH,12.0,MISMATCH,0.0,UNKNOWN,0.0,HISTORICAL,1.0,HISTORICAL,0.0,79,True,False,13.0,WEAK,'TBN' 170000/10 Dampier/Qingdao 27/29 Jun $12.00 fio 90000shinc/30000shinc - Rio Tinto,trade=WEAK_RELATED:12.0; cargo=MISMATCH:0.0; vessel=UNKNOWN:0.0; recency=HISTORICAL:1.0; laycan=HISTORICAL:0.0
CONTRACT_020,20,East Coast Australia,East Coast India,Panamax,coal,2026-06-10,report_00001.html,TBN,,Dampier,Dampier,Qingdao,ore,170000.0,2026-06-27,2026-06-29,12.0,WEAK_RELATED,RELATED,NO_MATCH,12.0,MISMATCH,0.0,UNKNOWN,0.0,HISTORICAL,1.0,HISTORICAL,0.0,79,True,False,13.0,WEAK,'TBN' 170000/10 Dampier/Qingdao 27/29 Jun $12.00 fio 90000shinc/30000shinc - Rio Tinto,trade=WEAK_RELATED:12.0; cargo=MISMATCH:0.0; vessel=UNKNOWN:0.0; recency=HISTORICAL:1.0; laycan=HISTORICAL:0.0
CONTRACT_000,0,"Queensland (Gladstone / Hay Point), Australia","Visakhapatnam & Haldia, India",Panamax,coal,2026-06-10,report_00001.html,TBN,,Port Hedland,Port Hedland,Qingdao,ore,160000.0,2026-06-27,2026-06-29,11.95,WEAK_RELATED,RELATED,NO_MATCH,12.0,MISMATCH,0.0,UNKNOWN,0.0,HISTORICAL,1.0,HISTORICAL,0.0,79,True,False,13.0,WEAK,'TBN' 160000/10 Port Hedland/Qingdao 27/29 Jun $11.95 fio 80000shinc/30000shinc - BHP,trade=WEAK_RELATED:12.0; cargo=MISMATCH:0.0; vessel=UNKNOWN:0.0; recency=HISTORICAL:1.0; laycan=HISTORICAL:0.0
CONTRACT_002,2,"Hay Point, Australia","Paradip, India",Panamax,coal,2026-06-10,report_00001.html,TBN,,Port Hedland,Port Hedland,Qingdao,ore,160000.0,2026-06-27,2026-06-29,11.95,WEAK_RELATED,RELATED,NO_MATCH,12.0,MISMATCH,0.0,UNKNOWN,0.0,HISTORICAL,1.0,HISTORICAL,0.0,79,True,False,13.0,WEAK,'TBN' 160000/10 Port Hedland/Qingdao 27/29 Jun $11.95 fio 80000shinc/30000shinc - BHP,trade=WEAK_RELATED:12.0; cargo=MISMATCH:0.0; vessel=UNKNOWN:0.0; recency=HISTORICAL:1.0; laycan=HISTORICAL:0.0
CONTRACT_004,4,"Hay Point, Australia","Visakhapatnam, India",Panamax,coal,2026-06-10,report_00001.html,TBN,,Port Hedland,Port Hedland,Qingdao,ore,160000.0,2026-06-27,2026-06-29,11.95,WEAK_RELATED,RELATED,NO_MATCH,12.0,MISMATCH,0.0,UNKNOWN,0.0,HISTORICAL,1.0,HISTORICAL,0.0,79,True,False,13.0,WEAK,'TBN' 160000/10 Port Hedland/Qingdao 27/29 Jun $11.95 fio 80000shinc/30000shinc - BHP,trade=WEAK_RELATED:12.0; cargo=MISMATCH:0.0; vessel=UNKNOWN:0.0; recency=HISTORICAL:1.0; laycan=HISTORICAL:0.0
CONTRACT_005,5,"Hay Point, Australia","Paradip, India",Panamax,coal,2026-06-10,report_00001.html,TBN,,Port Hedland,Port Hedland,Qingdao,ore,160000.0,2026-06-27,2026-06-29,11.95,WEAK_RELATED,RELATED,NO_MATCH,12.0,MISMATCH,0.0,UNKNOWN,0.0,HISTORICAL,1.0,HISTORICAL,0.0,79,True,False,13.0,WEAK,'TBN' 160000/10 Port Hedland/Qingdao 27/29 Jun $11.95 fio 80000shinc/30000shinc - BHP,trade=WEAK_RELATED:12.0; cargo=MISMATCH:0.0; vessel=UNKNOWN:0.0; recency=HISTORICAL:1.0; laycan=HISTORICAL:0.0
CONTRACT_011,11,"Hay Point, Australia","Visakhapatnam, India",Panamax,coal,2026-06-10,report_00001.html,TBN,,Port Hedland,Port Hedland,Qingdao,ore,160000.0,2026-06-27,2026-06-29,11.95,WEAK_RELATED,RELATED,NO_MATCH,12.0,MISMATCH,0.0,UNKNOWN,0.0,HISTORICAL,1.0,HISTORICAL,0.0,79,True,False,13.0,WEAK,'TBN' 160000/10 Port Hedland/Qingdao 27/29 Jun $11.95 fio 80000shinc/30000shinc - BHP,trade=WEAK_RELATED:12.0; cargo=MISMATCH:0.0; vessel=UNKNOWN:0.0; recency=HISTORICAL:1.0; laycan=HISTORICAL:0.0
CONTRACT_017,17,"Queensland, Australia","Haldia, India",Panamax,coal,2026-06-10,report_00001.html,TBN,,Port Hedland,Port Hedland,Qingdao,ore,160000.0,2026-06-27,2026-06-29,11.95,WEAK_RELATED,RELATED,NO_MATCH,12.0,MISMATCH,0.0,UNKNOWN,0.0,HISTORICAL,1.0,HISTORICAL,0.0,79,True,False,13.0,WEAK,'TBN' 160000/10 Port Hedland/Qingdao 27/29 Jun $11.95 fio 80000shinc/30000shinc - BHP,trade=WEAK_RELATED:12.0; cargo=MISMATCH:0.0; vessel=UNKNOWN:0.0; recency=HISTORICAL:1.0; laycan=HISTORICAL:0.0
CONTRACT_020,20,East Coast Australia,East Coast India,Panamax,coal,2026-06-10,report_00001.html,TBN,,Port Hedland,Port Hedland,Qingdao,ore,160000.0,2026-06-27,2026-06-29,11.95,WEAK_RELATED,RELATED,NO_MATCH,12.0,MISMATCH,0.0,UNKNOWN,0.0,HISTORICAL,1.0,HISTORICAL,0.0,79,True,False,13.0,WEAK,'TBN' 160000/10 Port Hedland/Qingdao 27/29 Jun $11.95 fio 80000shinc/30000shinc - BHP,trade=WEAK_RELATED:12.0; cargo=MISMATCH:0.0; vessel=UNKNOWN:0.0; recency=HISTORICAL:1.0; laycan=HISTORICAL:0.0
CONTRACT_000,0,"Queensland (Gladstone / Hay Point), Australia","Visakhapatnam & Haldia, India",Panamax,coal,2026-06-10,report_00001.html,TBN,,Port Hedland,Port Hedland,Qingdao,ore,160000.0,2026-06-27,2026-06-29,11.9,WEAK_RELATED,RELATED,NO_MATCH,12.0,MISMATCH,0.0,UNKNOWN,0.0,HISTORICAL,1.0,HISTORICAL,0.0,79,True,False,13.0,WEAK,'TBN' 160000/10 Port Hedland/Qingdao 27/29 Jun $11.90 fio 80000shinc/30000shinc - BHP,trade=WEAK_RELATED:12.0; cargo=MISMATCH:0.0; vessel=UNKNOWN:0.0; recency=HISTORICAL:1.0; laycan=HISTORICAL:0.0
CONTRACT_002,2,"Hay Point, Australia","Paradip, India",Panamax,coal,2026-06-10,report_00001.html,TBN,,Port Hedland,Port Hedland,Qingdao,ore,160000.0,2026-06-27,2026-06-29,11.9,WEAK_RELATED,RELATED,NO_MATCH,12.0,MISMATCH,0.0,UNKNOWN,0.0,HISTORICAL,1.0,HISTORICAL,0.0,79,True,False,13.0,WEAK,'TBN' 160000/10 Port Hedland/Qingdao 27/29 Jun $11.90 fio 80000shinc/30000shinc - BHP,trade=WEAK_RELATED:12.0; cargo=MISMATCH:0.0; vessel=UNKNOWN:0.0; recency=HISTORICAL:1.0; laycan=HISTORICAL:0.0
CONTRACT_004,4,"Hay Point, Australia","Visakhapatnam, India",Panamax,coal,2026-06-10,report_00001.html,TBN,,Port Hedland,Port Hedland,Qingdao,ore,160000.0,2026-06-27,2026-06-29,11.9,WEAK_RELATED,RELATED,NO_MATCH,12.0,MISMATCH,0.0,UNKNOWN,0.0,HISTORICAL,1.0,HISTORICAL,0.0,79,True,False,13.0,WEAK,'TBN' 160000/10 Port Hedland/Qingdao 27/29 Jun $11.90 fio 80000shinc/30000shinc - BHP,trade=WEAK_RELATED:12.0; cargo=MISMATCH:0.0; vessel=UNKNOWN:0.0; recency=HISTORICAL:1.0; laycan=HISTORICAL:0.0
CONTRACT_005,5,"Hay Point, Australia","Paradip, India",Panamax,coal,2026-06-10,report_00001.html,TBN,,Port Hedland,Port Hedland,Qingdao,ore,160000.0,2026-06-27,2026-06-29,11.9,WEAK_RELATED,RELATED,NO_MATCH,12.0,MISMATCH,0.0,UNKNOWN,0.0,HISTORICAL,1.0,HISTORICAL,0.0,79,True,False,13.0,WEAK,'TBN' 160000/10 Port Hedland/Qingdao 27/29 Jun $11.90 fio 80000shinc/30000shinc - BHP,trade=WEAK_RELATED:12.0; cargo=MISMATCH:0.0; vessel=UNKNOWN:0.0; recency=HISTORICAL:1.0; laycan=HISTORICAL:0.0
CONTRACT_011,11,"Hay Point, Australia","Visakhapatnam, India",Panamax,coal,2026-06-10,report_00001.html,TBN,,Port Hedland,Port Hedland,Qingdao,ore,160000.0,2026-06-27,2026-06-29,11.9,WEAK_RELATED,RELATED,NO_MATCH,12.0,MISMATCH,0.0,UNKNOWN,0.0,HISTORICAL,1.0,HISTORICAL,0.0,79,True,False,13.0,WEAK,'TBN' 160000/10 Port Hedland/Qingdao 27/29 Jun $11.90 fio 80000shinc/30000shinc - BHP,trade=WEAK_RELATED:12.0; cargo=MISMATCH:0.0; vessel=UNKNOWN:0.0; recency=HISTORICAL:1.0; laycan=HISTORICAL:0.0
CONTRACT_017,17,"Queensland, Australia","Haldia, India",Panamax,coal,2026-06-10,report_00001.html,TBN,,Port Hedland,Port Hedland,Qingdao,ore,160000.0,2026-06-27,2026-06-29,11.9,WEAK_RELATED,RELATED,NO_MATCH,12.0,MISMATCH,0.0,UNKNOWN,0.0,HISTORICAL,1.0,HISTORICAL,0.0,79,True,False,13.0,WEAK,'TBN' 160000/10 Port Hedland/Qingdao 27/29 Jun $11.90 fio 80000shinc/30000shinc - BHP,trade=WEAK_RELATED:12.0; cargo=MISMATCH:0.0; vessel=UNKNOWN:0.0; recency=HISTORICAL:1.0; laycan=HISTORICAL:0.0
CONTRACT_020,20,East Coast Australia,East Coast India,Panamax,coal,2026-06-10,report_00001.html,TBN,,Port Hedland,Port Hedland,Qingdao,ore,160000.0,2026-06-27,2026-06-29,11.9,WEAK_RELATED,RELATED,NO_MATCH,12.0,MISMATCH,0.0,UNKNOWN,0.0,HISTORICAL,1.0,HISTORICAL,0.0,79,True,False,13.0,WEAK,'TBN' 160000/10 Port Hedland/Qingdao 27/29 Jun $11.90 fio 80000shinc/30000shinc - BHP,trade=WEAK_RELATED:12.0; cargo=MISMATCH:0.0; vessel=UNKNOWN:0.0; recency=HISTORICAL:1.0; laycan=HISTORICAL:0.0
CONTRACT_000,0,"Queensland (Gladstone / Hay Point), Australia","Visakhapatnam & Haldia, India",Panamax,coal,2026-06-10,report_00001.html,TBN,,Port Hedland,Port Hedland,Qingdao,ore,160000.0,2026-06-22,2026-06-23,12.3,WEAK_RELATED,RELATED,NO_MATCH,12.0,MISMATCH,0.0,UNKNOWN,0.0,HISTORICAL,1.0,HISTORICAL,0.0,79,True,False,13.0,WEAK,'TBN' 160000/10 Port Hedland/Qingdao 22/23 Jun $12.30 fio 80000shinc/30000shinc - FMG,trade=WEAK_RELATED:12.0; cargo=MISMATCH:0.0; vessel=UNKNOWN:0.0; recency=HISTORICAL:1.0; laycan=HISTORICAL:0.0
CONTRACT_002,2,"Hay Point, Australia","Paradip, India",Panamax,coal,2026-06-10,report_00001.html,TBN,,Port Hedland,Port Hedland,Qingdao,ore,160000.0,2026-06-22,2026-06-23,12.3,WEAK_RELATED,RELATED,NO_MATCH,12.0,MISMATCH,0.0,UNKNOWN,0.0,HISTORICAL,1.0,HISTORICAL,0.0,79,True,False,13.0,WEAK,'TBN' 160000/10 Port Hedland/Qingdao 22/23 Jun $12.30 fio 80000shinc/30000shinc - FMG,trade=WEAK_RELATED:12.0; cargo=MISMATCH:0.0; vessel=UNKNOWN:0.0; recency=HISTORICAL:1.0; laycan=HISTORICAL:0.0
CONTRACT_004,4,"Hay Point, Australia","Visakhapatnam, India",Panamax,coal,2026-06-10,report_00001.html,TBN,,Port Hedland,Port Hedland,Qingdao,ore,160000.0,2026-06-22,2026-06-23,12.3,WEAK_RELATED,RELATED,NO_MATCH,12.0,MISMATCH,0.0,UNKNOWN,0.0,HISTORICAL,1.0,HISTORICAL,0.0,79,True,False,13.0,WEAK,'TBN' 160000/10 Port Hedland/Qingdao 22/23 Jun $12.30 fio 80000shinc/30000shinc - FMG,trade=WEAK_RELATED:12.0; cargo=MISMATCH:0.0; vessel=UNKNOWN:0.0; recency=HISTORICAL:1.0; laycan=HISTORICAL:0.0
CONTRACT_005,5,"Hay Point, Australia","Paradip, India",Panamax,coal,2026-06-10,report_00001.html,TBN,,Port Hedland,Port Hedland,Qingdao,ore,160000.0,2026-06-22,2026-06-23,12.3,WEAK_RELATED,RELATED,NO_MATCH,12.0,MISMATCH,0.0,UNKNOWN,0.0,HISTORICAL,1.0,HISTORICAL,0.0,79,True,False,13.0,WEAK,'TBN' 160000/10 Port Hedland/Qingdao 22/23 Jun $12.30 fio 80000shinc/30000shinc - FMG,trade=WEAK_RELATED:12.0; cargo=MISMATCH:0.0; vessel=UNKNOWN:0.0; recency=HISTORICAL:1.0; laycan=HISTORICAL:0.0
CONTRACT_011,11,"Hay Point, Australia","Visakhapatnam, India",Panamax,coal,2026-06-10,report_00001.html,TBN,,Port Hedland,Port Hedland,Qingdao,ore,160000.0,2026-06-22,2026-06-23,12.3,WEAK_RELATED,RELATED,NO_MATCH,12.0,MISMATCH,0.0,UNKNOWN,0.0,HISTORICAL,1.0,HISTORICAL,0.0,79,True,False,13.0,WEAK,'TBN' 160000/10 Port Hedland/Qingdao 22/23 Jun $12.30 fio 80000shinc/30000shinc - FMG,trade=WEAK_RELATED:12.0; cargo=MISMATCH:0.0; vessel=UNKNOWN:0.0; recency=HISTORICAL:1.0; laycan=HISTORICAL:0.0
CONTRACT_017,17,"Queensland, Australia","Haldia, India",Panamax,coal,2026-06-10,report_00001.html,TBN,,Port Hedland,Port Hedland,Qingdao,ore,160000.0,2026-06-22,2026-06-23,12.3,WEAK_RELATED,RELATED,NO_MATCH,12.0,MISMATCH,0.0,UNKNOWN,0.0,HISTORICAL,1.0,HISTORICAL,0.0,79,True,False,13.0,WEAK,'TBN' 160000/10 Port Hedland/Qingdao 22/23 Jun $12.30 fio 80000shinc/30000shinc - FMG,trade=WEAK_RELATED:12.0; cargo=MISMATCH:0.0; vessel=UNKNOWN:0.0; recency=HISTORICAL:1.0; laycan=HISTORICAL:0.0
CONTRACT_020,20,East Coast Australia,East Coast India,Panamax,coal,2026-06-10,report_00001.html,TBN,,Port Hedland,Port Hedland,Qingdao,ore,160000.0,2026-06-22,2026-06-23,12.3,WEAK_RELATED,RELATED,NO_MATCH,12.0,MISMATCH,0.0,UNKNOWN,0.0,HISTORICAL,1.0,HISTORICAL,0.0,79,True,False,13.0,WEAK,'TBN' 160000/10 Port Hedland/Qingdao 22/23 Jun $12.30 fio 80000shinc/30000shinc - FMG,trade=WEAK_RELATED:12.0; cargo=MISMATCH:0.0; vessel=UNKNOWN:0.0; recency=HISTORICAL:1.0; laycan=HISTORICAL:0.0
CONTRACT_000,0,"Queensland (Gladstone / Hay Point), Australia","Visakhapatnam & Haldia, India",Panamax,coal,2026-06-08,report_00000.html,TBN,,Dampier,Dampier,Qingdao,ore,170000.0,2026-06-20,2026-06-29,13.05,WEAK_RELATED,RELATED,NO_MATCH,12.0,MISMATCH,0.0,UNKNOWN,0.0,HISTORICAL,1.0,HISTORICAL,0.0,81,True,False,13.0,WEAK,'TBN' 170000/10 Dampier/Qingdao 20/29 Jun $13.05 fio 90000shinc/30000shinc - NYK,trade=WEAK_RELATED:12.0; cargo=MISMATCH:0.0; vessel=UNKNOWN:0.0; recency=HISTORICAL:1.0; laycan=HISTORICAL:0.0
CONTRACT_002,2,"Hay Point, Australia","Paradip, India",Panamax,coal,2026-06-08,report_00000.html,TBN,,Dampier,Dampier,Qingdao,ore,170000.0,2026-06-20,2026-06-29,13.05,WEAK_RELATED,RELATED,NO_MATCH,12.0,MISMATCH,0.0,UNKNOWN,0.0,HISTORICAL,1.0,HISTORICAL,0.0,81,True,False,13.0,WEAK,'TBN' 170000/10 Dampier/Qingdao 20/29 Jun $13.05 fio 90000shinc/30000shinc - NYK,trade=WEAK_RELATED:12.0; cargo=MISMATCH:0.0; vessel=UNKNOWN:0.0; recency=HISTORICAL:1.0; laycan=HISTORICAL:0.0
CONTRACT_004,4,"Hay Point, Australia","Visakhapatnam, India",Panamax,coal,2026-06-08,report_00000.html,TBN,,Dampier,Dampier,Qingdao,ore,170000.0,2026-06-20,2026-06-29,13.05,WEAK_RELATED,RELATED,NO_MATCH,12.0,MISMATCH,0.0,UNKNOWN,0.0,HISTORICAL,1.0,HISTORICAL,0.0,81,True,False,13.0,WEAK,'TBN' 170000/10 Dampier/Qingdao 20/29 Jun $13.05 fio 90000shinc/30000shinc - NYK,trade=WEAK_RELATED:12.0; cargo=MISMATCH:0.0; vessel=UNKNOWN:0.0; recency=HISTORICAL:1.0; laycan=HISTORICAL:0.0
CONTRACT_005,5,"Hay Point, Australia","Paradip, India",Panamax,coal,2026-06-08,report_00000.html,TBN,,Dampier,Dampier,Qingdao,ore,170000.0,2026-06-20,2026-06-29,13.05,WEAK_RELATED,RELATED,NO_MATCH,12.0,MISMATCH,0.0,UNKNOWN,0.0,HISTORICAL,1.0,HISTORICAL,0.0,81,True,False,13.0,WEAK,'TBN' 170000/10 Dampier/Qingdao 20/29 Jun $13.05 fio 90000shinc/30000shinc - NYK,trade=WEAK_RELATED:12.0; cargo=MISMATCH:0.0; vessel=UNKNOWN:0.0; recency=HISTORICAL:1.0; laycan=HISTORICAL:0.0
CONTRACT_011,11,"Hay Point, Australia","Visakhapatnam, India",Panamax,coal,2026-06-08,report_00000.html,TBN,,Dampier,Dampier,Qingdao,ore,170000.0,2026-06-20,2026-06-29,13.05,WEAK_RELATED,RELATED,NO_MATCH,12.0,MISMATCH,0.0,UNKNOWN,0.0,HISTORICAL,1.0,HISTORICAL,0.0,81,True,False,13.0,WEAK,'TBN' 170000/10 Dampier/Qingdao 20/29 Jun $13.05 fio 90000shinc/30000shinc - NYK,trade=WEAK_RELATED:12.0; cargo=MISMATCH:0.0; vessel=UNKNOWN:0.0; recency=HISTORICAL:1.0; laycan=HISTORICAL:0.0
CONTRACT_017,17,"Queensland, Australia","Haldia, India",Panamax,coal,2026-06-08,report_00000.html,TBN,,Dampier,Dampier,Qingdao,ore,170000.0,2026-06-20,2026-06-29,13.05,WEAK_RELATED,RELATED,NO_MATCH,12.0,MISMATCH,0.0,UNKNOWN,0.0,HISTORICAL,1.0,HISTORICAL,0.0,81,True,False,13.0,WEAK,'TBN' 170000/10 Dampier/Qingdao 20/29 Jun $13.05 fio 90000shinc/30000shinc - NYK,trade=WEAK_RELATED:12.0; cargo=MISMATCH:0.0; vessel=UNKNOWN:0.0; recency=HISTORICAL:1.0; laycan=HISTORICAL:0.0
CONTRACT_020,20,East Coast Australia,East Coast India,Panamax,coal,2026-06-08,report_00000.html,TBN,,Dampier,Dampier,Qingdao,ore,170000.0,2026-06-20,2026-06-29,13.05,WEAK_RELATED,RELATED,NO_MATCH,12.0,MISMATCH,0.0,UNKNOWN,0.0,HISTORICAL,1.0,HISTORICAL,0.0,81,True,False,13.0,WEAK,'TBN' 170000/10 Dampier/Qingdao 20/29 Jun $13.05 fio 90000shinc/30000shinc - NYK,trade=WEAK_RELATED:12.0; cargo=MISMATCH:0.0; vessel=UNKNOWN:0.0; recency=HISTORICAL:1.0; laycan=HISTORICAL:0.0
CONTRACT_000,0,"Queensland (Gladstone / Hay Point), Australia","Visakhapatnam & Haldia, India",Panamax,coal,2026-06-08,report_00000.html,TBN,,Dampier,Dampier,Qingdao,ore,170000.0,2026-06-22,2026-06-24,13.15,WEAK_RELATED,RELATED,NO_MATCH,12.0,MISMATCH,0.0,UNKNOWN,0.0,HISTORICAL,1.0,HISTORICAL,0.0,81,True,False,13.0,WEAK,'TBN' 170000/10 Dampier/Qingdao 22/24 Jun $13.15 fio 90000shinc/30000shinc - Rio Tinto,trade=WEAK_RELATED:12.0; cargo=MISMATCH:0.0; vessel=UNKNOWN:0.0; recency=HISTORICAL:1.0; laycan=HISTORICAL:0.0
CONTRACT_002,2,"Hay Point, Australia","Paradip, India",Panamax,coal,2026-06-08,report_00000.html,TBN,,Dampier,Dampier,Qingdao,ore,170000.0,2026-06-22,2026-06-24,13.15,WEAK_RELATED,RELATED,NO_MATCH,12.0,MISMATCH,0.0,UNKNOWN,0.0,HISTORICAL,1.0,HISTORICAL,0.0,81,True,False,13.0,WEAK,'TBN' 170000/10 Dampier/Qingdao 22/24 Jun $13.15 fio 90000shinc/30000shinc - Rio Tinto,trade=WEAK_RELATED:12.0; cargo=MISMATCH:0.0; vessel=UNKNOWN:0.0; recency=HISTORICAL:1.0; laycan=HISTORICAL:0.0
CONTRACT_004,4,"Hay Point, Australia","Visakhapatnam, India",Panamax,coal,2026-06-08,report_00000.html,TBN,,Dampier,Dampier,Qingdao,ore,170000.0,2026-06-22,2026-06-24,13.15,WEAK_RELATED,RELATED,NO_MATCH,12.0,MISMATCH,0.0,UNKNOWN,0.0,HISTORICAL,1.0,HISTORICAL,0.0,81,True,False,13.0,WEAK,'TBN' 170000/10 Dampier/Qingdao 22/24 Jun $13.15 fio 90000shinc/30000shinc - Rio Tinto,trade=WEAK_RELATED:12.0; cargo=MISMATCH:0.0; vessel=UNKNOWN:0.0; recency=HISTORICAL:1.0; laycan=HISTORICAL:0.0
CONTRACT_005,5,"Hay Point, Australia","Paradip, India",Panamax,coal,2026-06-08,report_00000.html,TBN,,Dampier,Dampier,Qingdao,ore,170000.0,2026-06-22,2026-06-24,13.15,WEAK_RELATED,RELATED,NO_MATCH,12.0,MISMATCH,0.0,UNKNOWN,0.0,HISTORICAL,1.0,HISTORICAL,0.0,81,True,False,13.0,WEAK,'TBN' 170000/10 Dampier/Qingdao 22/24 Jun $13.15 fio 90000shinc/30000shinc - Rio Tinto,trade=WEAK_RELATED:12.0; cargo=MISMATCH:0.0; vessel=UNKNOWN:0.0; recency=HISTORICAL:1.0; laycan=HISTORICAL:0.0
CONTRACT_011,11,"Hay Point, Australia","Visakhapatnam, India",Panamax,coal,2026-06-08,report_00000.html,TBN,,Dampier,Dampier,Qingdao,ore,170000.0,2026-06-22,2026-06-24,13.15,WEAK_RELATED,RELATED,NO_MATCH,12.0,MISMATCH,0.0,UNKNOWN,0.0,HISTORICAL,1.0,HISTORICAL,0.0,81,True,False,13.0,WEAK,'TBN' 170000/10 Dampier/Qingdao 22/24 Jun $13.15 fio 90000shinc/30000shinc - Rio Tinto,trade=WEAK_RELATED:12.0; cargo=MISMATCH:0.0; vessel=UNKNOWN:0.0; recency=HISTORICAL:1.0; laycan=HISTORICAL:0.0
CONTRACT_017,17,"Queensland, Australia","Haldia, India",Panamax,coal,2026-06-08,report_00000.html,TBN,,Dampier,Dampier,Qingdao,ore,170000.0,2026-06-22,2026-06-24,13.15,WEAK_RELATED,RELATED,NO_MATCH,12.0,MISMATCH,0.0,UNKNOWN,0.0,HISTORICAL,1.0,HISTORICAL,0.0,81,True,False,13.0,WEAK,'TBN' 170000/10 Dampier/Qingdao 22/24 Jun $13.15 fio 90000shinc/30000shinc - Rio Tinto,trade=WEAK_RELATED:12.0; cargo=MISMATCH:0.0; vessel=UNKNOWN:0.0; recency=HISTORICAL:1.0; laycan=HISTORICAL:0.0
CONTRACT_020,20,East Coast Australia,East Coast India,Panamax,coal,2026-06-08,report_00000.html,TBN,,Dampier,Dampier,Qingdao,ore,170000.0,2026-06-22,2026-06-24,13.15,WEAK_RELATED,RELATED,NO_MATCH,12.0,MISMATCH,0.0,UNKNOWN,0.0,HISTORICAL,1.0,HISTORICAL,0.0,81,True,False,13.0,WEAK,'TBN' 170000/10 Dampier/Qingdao 22/24 Jun $13.15 fio 90000shinc/30000shinc - Rio Tinto,trade=WEAK_RELATED:12.0; cargo=MISMATCH:0.0; vessel=UNKNOWN:0.0; recency=HISTORICAL:1.0; laycan=HISTORICAL:0.0
