candidate_id,imo,mmsi,vessel_name,vessel_dwt,vessel_dwt_class,route_id,origin,destination,route_vessel_class,cargo_type,class_match,dwt_match,vessel_lat,vessel_lon,origin_latitude,origin_longitude,destination_latitude,destination_longitude,reposition_distance_nm,route_distance_nm,ais_speed_knots,selected_speed_knots,speed_source,reposition_hours,sea_hours,port_days,total_voyage_hours,observation_count,route_freight_rate,freight_rate_unit,cargo_quantity_mt,typical_dwt_min,typical_dwt_max,average_dwt_assumption,bunker_mt_per_day,daily_opex_usd,other_voyage_cost_usd,route_distance_source,route_distance_quality,match_status,candidate_usable
IMO_9324502,9324502,440422000,WHITE ROSE,171827.0,CAPE,16,"Richards Bay, South Africa","Gangavaram, India",Capesize,coal,True,True,-23.79759,151.47986,-28.7707857,32.0577775,13.2351728,78.7511018,6095.538243663349,4164.634114888308,0.3,12.0,ROUTE_SPEED,513.961520305279,347.05284290735904,2.0,909.014363212638,2.0,14.0,$/mt,166250.0,150000.0,200000.0,175000.0,30.0,12000.0,25000.0,SEAROUTE,SEAROUTE_CALCULATED,STRONG,True
IMO_9324502,9324502,440422000,WHITE ROSE,171827.0,CAPE,19,"Richards Bay, South Africa","Kandla, India",Capesize,coal,True,True,-23.79759,151.47986,-28.7707857,32.0577775,23.0177525,70.2096164,6095.538243663349,3938.9061722773454,0.3,12.0,ROUTE_SPEED,513.961520305279,328.2421810231121,2.0,890.2037013283912,2.0,17.45,$/mt,166250.0,150000.0,200000.0,175000.0,30.0,12000.0,25000.0,SEAROUTE,SEAROUTE_CALCULATED,STRONG,True
IMO_9324502,9324502,440422000,WHITE ROSE,171827.0,CAPE,23,"Richards Bay, South Africa","Krishnapatnam, India",Capesize,coal,True,True,-23.79759,151.47986,-28.7707857,32.0577775,14.2592415,80.0564758,6095.538243663349,4164.634114888308,0.3,12.0,ROUTE_SPEED,513.961520305279,347.05284290735904,2.0,909.014363212638,2.0,19.55,$/mt,166250.0,150000.0,200000.0,175000.0,30.0,12000.0,25000.0,SEAROUTE,SEAROUTE_CALCULATED,STRONG,True
IMO_9383508,9383508,352721000,HPC GALAXY,32228.0,HANDYSIZE,12,Mozambique (Beira / Maputo),East Coast India,Handysize,coking coal,True,,-23.88196,151.59079,-25.966213,32.56745,20.286946,86.6739979,6172.277734879844,4601.384016575973,0.3,12.0,ROUTE_SPEED,520.3564779066536,383.4486680479977,2.0,951.8051459546514,2.0,43.75,$/mt,,,,,30.0,12000.0,25000.0,SEAROUTE,SEAROUTE_CALCULATED,CLASS_MATCH_DWT_UNKNOWN,True
IMO_9465186,9465186,636019494,ES GLORY SEA,177000.0,CAPE,16,"Richards Bay, South Africa","Gangavaram, India",Capesize,coal,True,True,-23.75762,151.47274,-28.7707857,32.0577775,13.2351728,78.7511018,6096.737359707118,4164.634114888308,0.1,12.0,ROUTE_SPEED,514.0614466422599,347.05284290735904,2.0,909.1142895496189,2.0,14.0,$/mt,166250.0,150000.0,200000.0,175000.0,30.0,12000.0,25000.0,SEAROUTE,SEAROUTE_CALCULATED,STRONG,True
IMO_9465186,9465186,636019494,ES GLORY SEA,177000.0,CAPE,19,"Richards Bay, South Africa","Kandla, India",Capesize,coal,True,True,-23.75762,151.47274,-28.7707857,32.0577775,23.0177525,70.2096164,6096.737359707118,3938.9061722773454,0.1,12.0,ROUTE_SPEED,514.0614466422599,328.2421810231121,2.0,890.303627665372,2.0,17.45,$/mt,166250.0,150000.0,200000.0,175000.0,30.0,12000.0,25000.0,SEAROUTE,SEAROUTE_CALCULATED,STRONG,True
IMO_9465186,9465186,636019494,ES GLORY SEA,177000.0,CAPE,23,"Richards Bay, South Africa","Krishnapatnam, India",Capesize,coal,True,True,-23.75762,151.47274,-28.7707857,32.0577775,14.2592415,80.0564758,6096.737359707118,4164.634114888308,0.1,12.0,ROUTE_SPEED,514.0614466422599,347.05284290735904,2.0,909.1142895496189,2.0,19.55,$/mt,166250.0,150000.0,200000.0,175000.0,30.0,12000.0,25000.0,SEAROUTE,SEAROUTE_CALCULATED,STRONG,True
IMO_9519779,9519779,205580000,MINERAL STONEHENGE,175713.0,CAPE,16,"Richards Bay, South Africa","Gangavaram, India",Capesize,coal,True,True,-23.81305,151.49913,-28.7707857,32.0577775,13.2351728,78.7511018,6095.781136246191,4164.634114888308,0.0,12.0,ROUTE_SPEED,513.9817613538492,347.05284290735904,2.0,909.0346042612082,2.0,14.0,$/mt,166250.0,150000.0,200000.0,175000.0,30.0,12000.0,25000.0,SEAROUTE,SEAROUTE_CALCULATED,STRONG,True
IMO_9519779,9519779,205580000,MINERAL STONEHENGE,175713.0,CAPE,19,"Richards Bay, South Africa","Kandla, India",Capesize,coal,True,True,-23.81305,151.49913,-28.7707857,32.0577775,23.0177525,70.2096164,6095.781136246191,3938.9061722773454,0.0,12.0,ROUTE_SPEED,513.9817613538492,328.2421810231121,2.0,890.2239423769613,2.0,17.45,$/mt,166250.0,150000.0,200000.0,175000.0,30.0,12000.0,25000.0,SEAROUTE,SEAROUTE_CALCULATED,STRONG,True
IMO_9519779,9519779,205580000,MINERAL STONEHENGE,175713.0,CAPE,23,"Richards Bay, South Africa","Krishnapatnam, India",Capesize,coal,True,True,-23.81305,151.49913,-28.7707857,32.0577775,14.2592415,80.0564758,6095.781136246191,4164.634114888308,0.0,12.0,ROUTE_SPEED,513.9817613538492,347.05284290735904,2.0,909.0346042612082,2.0,19.55,$/mt,166250.0,150000.0,200000.0,175000.0,30.0,12000.0,25000.0,SEAROUTE,SEAROUTE_CALCULATED,STRONG,True
IMO_9523201,9523201,413985000,YUN LONG FENG,,UNKNOWN,0,"Queensland (Gladstone / Hay Point), Australia","Visakhapatnam & Haldia, India",Panamax,coking coal,,,-23.8292,151.58686,-21.298313,149.2693543,17.6935526,83.2921297,198.98887200212567,4926.710066752748,0.1,12.0,ROUTE_SPEED,22.58240600017714,410.5591722293957,2.0,481.1415782295728,2.0,47.0,$/mt,73625.0,70000.0,85000.0,77500.0,30.0,12000.0,25000.0,SEAROUTE,SEAROUTE_CALCULATED,POSITION_ONLY,True
IMO_9523201,9523201,413985000,YUN LONG FENG,,UNKNOWN,2,"Hay Point, Australia","Paradip, India",Panamax,coking coal,,,-23.8292,151.58686,-21.298313,149.2693543,20.286946,86.6739979,198.98887200212567,4899.001585207413,0.1,12.0,ROUTE_SPEED,22.58240600017714,408.25013210061775,2.0,478.83253810079486,2.0,13.8,$/mt,73625.0,70000.0,85000.0,77500.0,30.0,12000.0,25000.0,SEAROUTE,SEAROUTE_CALCULATED,POSITION_ONLY,True
IMO_9523201,9523201,413985000,YUN LONG FENG,,UNKNOWN,4,"Hay Point, Australia","Visakhapatnam, India",Panamax,metallurgical coal,,,-23.8292,151.58686,-21.298313,149.2693543,17.6935526,83.2921297,198.98887200212567,4926.710066752748,0.1,12.0,ROUTE_SPEED,22.58240600017714,410.5591722293957,2.0,481.1415782295728,2.0,23.3,$/mt,73625.0,70000.0,85000.0,77500.0,30.0,12000.0,25000.0,SEAROUTE,SEAROUTE_CALCULATED,POSITION_ONLY,True
IMO_9523201,9523201,413985000,YUN LONG FENG,,UNKNOWN,5,"Hay Point, Australia","Paradip, India",Panamax,metallurgical coal,,,-23.8292,151.58686,-21.298313,149.2693543,20.286946,86.6739979,198.98887200212567,4899.001585207413,0.1,12.0,ROUTE_SPEED,22.58240600017714,408.25013210061775,2.0,478.83253810079486,2.0,21.1,$/mt,73625.0,70000.0,85000.0,77500.0,30.0,12000.0,25000.0,SEAROUTE,SEAROUTE_CALCULATED,POSITION_ONLY,True
IMO_9523201,9523201,413985000,YUN LONG FENG,,UNKNOWN,11,"Hay Point, Australia","Visakhapatnam, India",Panamax,coal,,,-23.8292,151.58686,-21.298313,149.2693543,17.6935526,83.2921297,198.98887200212567,4926.710066752748,0.1,12.0,ROUTE_SPEED,22.58240600017714,410.5591722293957,2.0,481.1415782295728,2.0,27.85,$/mt,73625.0,70000.0,85000.0,77500.0,30.0,12000.0,25000.0,SEAROUTE,SEAROUTE_CALCULATED,POSITION_ONLY,True
IMO_9523201,9523201,413985000,YUN LONG FENG,,UNKNOWN,20,East Coast Australia,East Coast India,Panamax,coal,,,-23.8292,151.58686,-27.4689623,153.0235009,20.286946,86.6739979,231.94682867838154,5329.775100266468,0.1,12.0,ROUTE_SPEED,25.328902389865128,444.1479250222057,2.0,517.4768274120709,2.0,17.7,$/mt,73625.0,70000.0,85000.0,77500.0,30.0,12000.0,25000.0,SEAROUTE,SEAROUTE_CALCULATED,POSITION_ONLY,True
IMO_9523201,9523201,413985000,YUN LONG FENG,,UNKNOWN,17,"Queensland, Australia","Haldia, India",Panamax,coking coal,,,-23.8292,151.58686,-22.1646782,144.5844903,22.028124,88.0632655,399.6519511789836,4732.350582884308,0.1,12.0,ROUTE_SPEED,39.3043292649153,394.3625485736923,2.0,481.6668778386076,2.0,20.3,$/mt,73625.0,70000.0,85000.0,77500.0,30.0,12000.0,25000.0,SEAROUTE,SEAROUTE_CALCULATED,POSITION_ONLY,True
IMO_9523201,9523201,413985000,YUN LONG FENG,,UNKNOWN,10,Indonesia,"Paradip, India",Supramax,thermal coal,,,-23.8292,151.58686,-2.4833826,117.8902853,20.286946,86.6739979,2337.7021043842237,2579.0639841663437,0.1,12.0,ROUTE_SPEED,200.8085086986853,214.92199868052865,2.0,463.7305073792139,2.0,21.3,$/mt,54625.0,50000.0,65000.0,57500.0,30.0,12000.0,25000.0,SEAROUTE,SEAROUTE_CALCULATED,POSITION_ONLY,True
IMO_9523201,9523201,413985000,YUN LONG FENG,,UNKNOWN,21,Indonesia,East Coast India,Panamax,coal,,,-23.8292,151.58686,-2.4833826,117.8902853,20.286946,86.6739979,2337.7021043842237,2579.0639841663437,0.1,12.0,ROUTE_SPEED,200.8085086986853,214.92199868052865,2.0,463.7305073792139,2.0,11.2,$/mt,73625.0,70000.0,85000.0,77500.0,30.0,12000.0,25000.0,SEAROUTE,SEAROUTE_CALCULATED,POSITION_ONLY,True
IMO_9523201,9523201,413985000,YUN LONG FENG,,UNKNOWN,22,Indonesia,West Coast India,Panamax,coal,,,-23.8292,151.58686,-2.4833826,117.8902853,23.0177525,70.2096164,2337.7021043842237,3929.0472301048458,0.1,12.0,ROUTE_SPEED,200.8085086986853,327.42060250873715,2.0,576.2291112074224,2.0,12.85,$/mt,73625.0,70000.0,85000.0,77500.0,30.0,12000.0,25000.0,SEAROUTE,SEAROUTE_CALCULATED,POSITION_ONLY,True
IMO_9523201,9523201,413985000,YUN LONG FENG,,UNKNOWN,13,"Adang Bay (East Kalimantan), Indonesia","Kandla, India",Supramax,steam coal,,,-23.8292,151.58686,-1.7376896,116.3477513,23.0177525,70.2096164,2438.897155528812,3925.9038662092103,0.1,12.0,ROUTE_SPEED,209.241429627401,327.15865551743417,2.0,584.4000851448352,2.0,26.5,$/mt,54625.0,50000.0,65000.0,57500.0,30.0,12000.0,25000.0,SEAROUTE,SEAROUTE_CALCULATED,POSITION_ONLY,True
IMO_9523201,9523201,413985000,YUN LONG FENG,,UNKNOWN,6,"Banjarmasin (South Kalimantan), Indonesia","Krishnapatnam, India",Panamax,thermal coal,,,-23.8292,151.58686,-3.3187496,114.5925828,14.2592415,80.0564758,2471.795435670701,2408.301246605427,0.1,12.0,ROUTE_SPEED,211.98295297255842,200.69177055045225,2.0,460.6747235230107,2.0,11.8,$/mt,73625.0,70000.0,85000.0,77500.0,30.0,12000.0,25000.0,SEAROUTE,SEAROUTE_CALCULATED,POSITION_ONLY,True
IMO_9523201,9523201,413985000,YUN LONG FENG,,UNKNOWN,8,"Banjarmasin (South Kalimantan), Indonesia","Dahej, India",Panamax,thermal coal,,,-23.8292,151.58686,-3.3187496,114.5925828,21.709301,72.5893963,2471.795435670701,3443.2178891213243,0.1,12.0,ROUTE_SPEED,211.98295297255842,286.9348240934437,2.0,546.9177770660021,2.0,13.1,$/mt,73625.0,70000.0,85000.0,77500.0,30.0,12000.0,25000.0,SEAROUTE,SEAROUTE_CALCULATED,POSITION_ONLY,True
IMO_9523201,9523201,413985000,YUN LONG FENG,,UNKNOWN,3,"East Kalimantan, Indonesia","Navlakhi, India",Supramax,coal,,,-23.8292,151.58686,0.7884397,116.2419977,22.9582815,70.4496687,2535.1600104375525,4102.581709223877,0.1,12.0,ROUTE_SPEED,217.26333420312938,341.88180910198975,2.0,607.1451433051191,2.0,18.45,$/mt,54625.0,50000.0,65000.0,57500.0,30.0,12000.0,25000.0,SEAROUTE,SEAROUTE_CALCULATED,POSITION_ONLY,True
IMO_9523201,9523201,413985000,YUN LONG FENG,,UNKNOWN,7,"East Kalimantan, Indonesia","Paradip, India",Supramax,coal,,,-23.8292,151.58686,0.7884397,116.2419977,20.286946,86.6739979,2535.1600104375525,2752.598463285374,0.1,12.0,ROUTE_SPEED,217.26333420312938,229.38320527378116,2.0,494.64653947691056,2.0,16.05,$/mt,54625.0,50000.0,65000.0,57500.0,30.0,12000.0,25000.0,SEAROUTE,SEAROUTE_CALCULATED,POSITION_ONLY,True
IMO_9523201,9523201,413985000,YUN LONG FENG,,UNKNOWN,14,"East Kalimantan, Indonesia","Paradip, India",Supramax,thermal coal,,,-23.8292,151.58686,0.7884397,116.2419977,20.286946,86.6739979,2535.1600104375525,2752.598463285374,0.1,12.0,ROUTE_SPEED,217.26333420312938,229.38320527378116,2.0,494.64653947691056,2.0,15.0,$/mt,54625.0,50000.0,65000.0,57500.0,30.0,12000.0,25000.0,SEAROUTE,SEAROUTE_CALCULATED,POSITION_ONLY,True
IMO_9523201,9523201,413985000,YUN LONG FENG,,UNKNOWN,1,"Richards Bay, South Africa","Navlakhi, India",Supramax,coal,,,-23.8292,151.58686,-28.7707857,32.0577775,22.9582815,70.4496687,6098.925678200851,3938.9061722773454,0.1,12.0,ROUTE_SPEED,514.2438065167375,328.2421810231121,2.0,890.4859875398497,2.0,19.35,$/mt,54625.0,50000.0,65000.0,57500.0,30.0,12000.0,25000.0,SEAROUTE,SEAROUTE_CALCULATED,POSITION_ONLY,True
IMO_9523201,9523201,413985000,YUN LONG FENG,,UNKNOWN,9,"Richards Bay, South Africa","Paradip, India",Panamax,thermal coal,,,-23.8292,151.58686,-28.7707857,32.0577775,20.286946,86.6739979,6098.925678200851,4667.806005082153,0.1,12.0,ROUTE_SPEED,514.2438065167375,388.9838337568461,2.0,951.2276402735836,2.0,18.6,$/mt,73625.0,70000.0,85000.0,77500.0,30.0,12000.0,25000.0,SEAROUTE,SEAROUTE_CALCULATED,POSITION_ONLY,True
IMO_9523201,9523201,413985000,YUN LONG FENG,,UNKNOWN,16,"Richards Bay, South Africa","Gangavaram, India",Capesize,coal,,,-23.8292,151.58686,-28.7707857,32.0577775,13.2351728,78.7511018,6098.925678200851,4164.634114888308,0.1,12.0,ROUTE_SPEED,514.2438065167375,347.05284290735904,2.0,909.2966494240966,2.0,14.0,$/mt,166250.0,150000.0,200000.0,175000.0,30.0,12000.0,25000.0,SEAROUTE,SEAROUTE_CALCULATED,POSITION_ONLY,True
IMO_9523201,9523201,413985000,YUN LONG FENG,,UNKNOWN,18,"Richards Bay, South Africa","Haldia, India",Panamax,coking / thermal coal,,,-23.8292,151.58686,-28.7707857,32.0577775,22.028124,88.0632655,6098.925678200851,4736.344187320068,0.1,12.0,ROUTE_SPEED,514.2438065167375,394.695348943339,2.0,956.9391554600766,2.0,12.8,$/mt,73625.0,70000.0,85000.0,77500.0,30.0,12000.0,25000.0,SEAROUTE,SEAROUTE_CALCULATED,POSITION_ONLY,True
IMO_9523201,9523201,413985000,YUN LONG FENG,,UNKNOWN,19,"Richards Bay, South Africa","Kandla, India",Capesize,coal,,,-23.8292,151.58686,-28.7707857,32.0577775,23.0177525,70.2096164,6098.925678200851,3938.9061722773454,0.1,12.0,ROUTE_SPEED,514.2438065167375,328.2421810231121,2.0,890.4859875398497,2.0,17.45,$/mt,166250.0,150000.0,200000.0,175000.0,30.0,12000.0,25000.0,SEAROUTE,SEAROUTE_CALCULATED,POSITION_ONLY,True
IMO_9523201,9523201,413985000,YUN LONG FENG,,UNKNOWN,23,"Richards Bay, South Africa","Krishnapatnam, India",Capesize,coal,,,-23.8292,151.58686,-28.7707857,32.0577775,14.2592415,80.0564758,6098.925678200851,4164.634114888308,0.1,12.0,ROUTE_SPEED,514.2438065167375,347.05284290735904,2.0,909.2966494240966,2.0,19.55,$/mt,166250.0,150000.0,200000.0,175000.0,30.0,12000.0,25000.0,SEAROUTE,SEAROUTE_CALCULATED,POSITION_ONLY,True
IMO_9523201,9523201,413985000,YUN LONG FENG,,UNKNOWN,12,Mozambique (Beira / Maputo),East Coast India,Handysize,coking coal,,,-23.8292,151.58686,-25.966213,32.56745,20.286946,86.6739979,6173.977686929961,4601.384016575973,0.1,12.0,ROUTE_SPEED,520.4981405774968,383.4486680479977,2.0,951.9468086254944,2.0,43.75,$/mt,,,,,30.0,12000.0,25000.0,SEAROUTE,SEAROUTE_CALCULATED,POSITION_ONLY,True
IMO_9523201,9523201,413985000,YUN LONG FENG,,UNKNOWN,15,Atlantic / Black Sea ports (Taman / Ust-Luga proxy),"Visakhapatnam, India",Panamax,coal,,,-23.8292,151.58686,45.2158646,36.7191326,17.6935526,83.2921297,7438.968610265888,5565.87430627969,0.1,12.0,ROUTE_SPEED,625.9140508554907,463.82285885664083,2.0,1137.7369097121316,2.0,19.5,$/mt,73625.0,70000.0,85000.0,77500.0,30.0,12000.0,25000.0,SEAROUTE,SEAROUTE_CALCULATED,POSITION_ONLY,True
IMO_9523201,9523201,413985000,YUN LONG FENG,,UNKNOWN,24,US East Coast (Hampton Roads / Baltimore),East Coast India (Paradip / Visakhapatnam),Panamax,coal / coking coal,,,-23.8292,151.58686,36.9507552,-76.4114187,20.286946,86.6739979,8228.967447988267,9913.44136694391,0.1,12.0,ROUTE_SPEED,691.7472873323555,826.1201139119926,2.0,1565.867401244348,2.0,44.35,$/mt,73625.0,70000.0,85000.0,77500.0,30.0,12000.0,25000.0,SEAROUTE,SEAROUTE_CALCULATED,POSITION_ONLY,True
IMO_9565546,9565546,351733000,CHESAPEAKE HIGHWAY,,UNKNOWN,0,"Queensland (Gladstone / Hay Point), Australia","Visakhapatnam & Haldia, India",Panamax,coking coal,,,-23.86656,151.57271,-21.298313,149.2693543,17.6935526,83.2921297,200.1944673048224,4926.710066752748,0.1,12.0,ROUTE_SPEED,22.682872275401866,410.5591722293957,2.0,481.24204450479755,2.0,47.0,$/mt,73625.0,70000.0,85000.0,77500.0,30.0,12000.0,25000.0,SEAROUTE,SEAROUTE_CALCULATED,POSITION_ONLY,True
IMO_9565546,9565546,351733000,CHESAPEAKE HIGHWAY,,UNKNOWN,2,"Hay Point, Australia","Paradip, India",Panamax,coking coal,,,-23.86656,151.57271,-21.298313,149.2693543,20.286946,86.6739979,200.1944673048224,4899.001585207413,0.1,12.0,ROUTE_SPEED,22.682872275401866,408.25013210061775,2.0,478.9330043760196,2.0,13.8,$/mt,73625.0,70000.0,85000.0,77500.0,30.0,12000.0,25000.0,SEAROUTE,SEAROUTE_CALCULATED,POSITION_ONLY,True
IMO_9565546,9565546,351733000,CHESAPEAKE HIGHWAY,,UNKNOWN,4,"Hay Point, Australia","Visakhapatnam, India",Panamax,metallurgical coal,,,-23.86656,151.57271,-21.298313,149.2693543,17.6935526,83.2921297,200.1944673048224,4926.710066752748,0.1,12.0,ROUTE_SPEED,22.682872275401866,410.5591722293957,2.0,481.24204450479755,2.0,23.3,$/mt,73625.0,70000.0,85000.0,77500.0,30.0,12000.0,25000.0,SEAROUTE,SEAROUTE_CALCULATED,POSITION_ONLY,True
IMO_9565546,9565546,351733000,CHESAPEAKE HIGHWAY,,UNKNOWN,5,"Hay Point, Australia","Paradip, India",Panamax,metallurgical coal,,,-23.86656,151.57271,-21.298313,149.2693543,20.286946,86.6739979,200.1944673048224,4899.001585207413,0.1,12.0,ROUTE_SPEED,22.682872275401866,408.25013210061775,2.0,478.9330043760196,2.0,21.1,$/mt,73625.0,70000.0,85000.0,77500.0,30.0,12000.0,25000.0,SEAROUTE,SEAROUTE_CALCULATED,POSITION_ONLY,True
IMO_9565546,9565546,351733000,CHESAPEAKE HIGHWAY,,UNKNOWN,11,"Hay Point, Australia","Visakhapatnam, India",Panamax,coal,,,-23.86656,151.57271,-21.298313,149.2693543,17.6935526,83.2921297,200.1944673048224,4926.710066752748,0.1,12.0,ROUTE_SPEED,22.682872275401866,410.5591722293957,2.0,481.24204450479755,2.0,27.85,$/mt,73625.0,70000.0,85000.0,77500.0,30.0,12000.0,25000.0,SEAROUTE,SEAROUTE_CALCULATED,POSITION_ONLY,True
IMO_9565546,9565546,351733000,CHESAPEAKE HIGHWAY,,UNKNOWN,20,East Coast Australia,East Coast India,Panamax,coal,,,-23.86656,151.57271,-27.4689623,153.0235009,20.286946,86.6739979,230.0907038585213,5329.775100266468,0.1,12.0,ROUTE_SPEED,25.174225321543442,444.1479250222057,2.0,517.3221503437492,2.0,17.7,$/mt,73625.0,70000.0,85000.0,77500.0,30.0,12000.0,25000.0,SEAROUTE,SEAROUTE_CALCULATED,POSITION_ONLY,True
IMO_9565546,9565546,351733000,CHESAPEAKE HIGHWAY,,UNKNOWN,17,"Queensland, Australia","Haldia, India",Panamax,coking coal,,,-23.86656,151.57271,-22.1646782,144.5844903,22.028124,88.0632655,399.4102751190015,4732.350582884308,0.1,12.0,ROUTE_SPEED,39.284189593250126,394.3625485736923,2.0,481.64673816694244,2.0,20.3,$/mt,73625.0,70000.0,85000.0,77500.0,30.0,12000.0,25000.0,SEAROUTE,SEAROUTE_CALCULATED,POSITION_ONLY,True
IMO_9565546,9565546,351733000,CHESAPEAKE HIGHWAY,,UNKNOWN,10,Indonesia,"Paradip, India",Supramax,thermal coal,,,-23.86656,151.57271,-2.4833826,117.8902853,20.286946,86.6739979,2338.075041129473,2579.0639841663437,0.1,12.0,ROUTE_SPEED,200.83958676078942,214.92199868052865,2.0,463.76158544131806,2.0,21.3,$/mt,54625.0,50000.0,65000.0,57500.0,30.0,12000.0,25000.0,SEAROUTE,SEAROUTE_CALCULATED,POSITION_ONLY,True
IMO_9565546,9565546,351733000,CHESAPEAKE HIGHWAY,,UNKNOWN,21,Indonesia,East Coast India,Panamax,coal,,,-23.86656,151.57271,-2.4833826,117.8902853,20.286946,86.6739979,2338.075041129473,2579.0639841663437,0.1,12.0,ROUTE_SPEED,200.83958676078942,214.92199868052865,2.0,463.76158544131806,2.0,11.2,$/mt,73625.0,70000.0,85000.0,77500.0,30.0,12000.0,25000.0,SEAROUTE,SEAROUTE_CALCULATED,POSITION_ONLY,True
IMO_9565546,9565546,351733000,CHESAPEAKE HIGHWAY,,UNKNOWN,22,Indonesia,West Coast India,Panamax,coal,,,-23.86656,151.57271,-2.4833826,117.8902853,23.0177525,70.2096164,2338.075041129473,3929.0472301048458,0.1,12.0,ROUTE_SPEED,200.83958676078942,327.42060250873715,2.0,576.2601892695266,2.0,12.85,$/mt,73625.0,70000.0,85000.0,77500.0,30.0,12000.0,25000.0,SEAROUTE,SEAROUTE_CALCULATED,POSITION_ONLY,True
IMO_9565546,9565546,351733000,CHESAPEAKE HIGHWAY,,UNKNOWN,13,"Adang Bay (East Kalimantan), Indonesia","Kandla, India",Supramax,steam coal,,,-23.86656,151.57271,-1.7376896,116.3477513,23.0177525,70.2096164,2439.250677574888,3925.9038662092103,0.1,12.0,ROUTE_SPEED,209.27088979790733,327.15865551743417,2.0,584.4295453153416,2.0,26.5,$/mt,54625.0,50000.0,65000.0,57500.0,30.0,12000.0,25000.0,SEAROUTE,SEAROUTE_CALCULATED,POSITION_ONLY,True
IMO_9565546,9565546,351733000,CHESAPEAKE HIGHWAY,,UNKNOWN,6,"Banjarmasin (South Kalimantan), Indonesia","Krishnapatnam, India",Panamax,thermal coal,,,-23.86656,151.57271,-3.3187496,114.5925828,14.2592415,80.0564758,2472.004640417038,2408.301246605427,0.1,12.0,ROUTE_SPEED,212.00038670141984,200.69177055045225,2.0,460.6921572518721,2.0,11.8,$/mt,73625.0,70000.0,85000.0,77500.0,30.0,12000.0,25000.0,SEAROUTE,SEAROUTE_CALCULATED,POSITION_ONLY,True
IMO_9565546,9565546,351733000,CHESAPEAKE HIGHWAY,,UNKNOWN,8,"Banjarmasin (South Kalimantan), Indonesia","Dahej, India",Panamax,thermal coal,,,-23.86656,151.57271,-3.3187496,114.5925828,21.709301,72.5893963,2472.004640417038,3443.2178891213243,0.1,12.0,ROUTE_SPEED,212.00038670141984,286.9348240934437,2.0,546.9352107948636,2.0,13.1,$/mt,73625.0,70000.0,85000.0,77500.0,30.0,12000.0,25000.0,SEAROUTE,SEAROUTE_CALCULATED,POSITION_ONLY,True
IMO_9565546,9565546,351733000,CHESAPEAKE HIGHWAY,,UNKNOWN,3,"East Kalimantan, Indonesia","Navlakhi, India",Supramax,coal,,,-23.86656,151.57271,0.7884397,116.2419977,22.9582815,70.4496687,2535.634038950212,4102.581709223877,0.1,12.0,ROUTE_SPEED,217.30283657918434,341.88180910198975,2.0,607.1846456811741,2.0,18.45,$/mt,54625.0,50000.0,65000.0,57500.0,30.0,12000.0,25000.0,SEAROUTE,SEAROUTE_CALCULATED,POSITION_ONLY,True
IMO_9565546,9565546,351733000,CHESAPEAKE HIGHWAY,,UNKNOWN,7,"East Kalimantan, Indonesia","Paradip, India",Supramax,coal,,,-23.86656,151.57271,0.7884397,116.2419977,20.286946,86.6739979,2535.634038950212,2752.598463285374,0.1,12.0,ROUTE_SPEED,217.30283657918434,229.38320527378116,2.0,494.6860418529655,2.0,16.05,$/mt,54625.0,50000.0,65000.0,57500.0,30.0,12000.0,25000.0,SEAROUTE,SEAROUTE_CALCULATED,POSITION_ONLY,True
IMO_9565546,9565546,351733000,CHESAPEAKE HIGHWAY,,UNKNOWN,14,"East Kalimantan, Indonesia","Paradip, India",Supramax,thermal coal,,,-23.86656,151.57271,0.7884397,116.2419977,20.286946,86.6739979,2535.634038950212,2752.598463285374,0.1,12.0,ROUTE_SPEED,217.30283657918434,229.38320527378116,2.0,494.6860418529655,2.0,15.0,$/mt,54625.0,50000.0,65000.0,57500.0,30.0,12000.0,25000.0,SEAROUTE,SEAROUTE_CALCULATED,POSITION_ONLY,True
IMO_9565546,9565546,351733000,CHESAPEAKE HIGHWAY,,UNKNOWN,1,"Richards Bay, South Africa","Navlakhi, India",Supramax,coal,,,-23.86656,151.57271,-28.7707857,32.0577775,22.9582815,70.4496687,6096.912974525976,3938.9061722773454,0.1,12.0,ROUTE_SPEED,514.0760812104979,328.2421810231121,2.0,890.3182622336101,2.0,19.35,$/mt,54625.0,50000.0,65000.0,57500.0,30.0,12000.0,25000.0,SEAROUTE,SEAROUTE_CALCULATED,POSITION_ONLY,True
IMO_9565546,9565546,351733000,CHESAPEAKE HIGHWAY,,UNKNOWN,9,"Richards Bay, South Africa","Paradip, India",Panamax,thermal coal,,,-23.86656,151.57271,-28.7707857,32.0577775,20.286946,86.6739979,6096.912974525976,4667.806005082153,0.1,12.0,ROUTE_SPEED,514.0760812104979,388.9838337568461,2.0,951.059914967344,2.0,18.6,$/mt,73625.0,70000.0,85000.0,77500.0,30.0,12000.0,25000.0,SEAROUTE,SEAROUTE_CALCULATED,POSITION_ONLY,True
IMO_9565546,9565546,351733000,CHESAPEAKE HIGHWAY,,UNKNOWN,16,"Richards Bay, South Africa","Gangavaram, India",Capesize,coal,,,-23.86656,151.57271,-28.7707857,32.0577775,13.2351728,78.7511018,6096.912974525976,4164.634114888308,0.1,12.0,ROUTE_SPEED,514.0760812104979,347.05284290735904,2.0,909.128924117857,2.0,14.0,$/mt,166250.0,150000.0,200000.0,175000.0,30.0,12000.0,25000.0,SEAROUTE,SEAROUTE_CALCULATED,POSITION_ONLY,True
IMO_9565546,9565546,351733000,CHESAPEAKE HIGHWAY,,UNKNOWN,18,"Richards Bay, South Africa","Haldia, India",Panamax,coking / thermal coal,,,-23.86656,151.57271,-28.7707857,32.0577775,22.028124,88.0632655,6096.912974525976,4736.344187320068,0.1,12.0,ROUTE_SPEED,514.0760812104979,394.695348943339,2.0,956.771430153837,2.0,12.8,$/mt,73625.0,70000.0,85000.0,77500.0,30.0,12000.0,25000.0,SEAROUTE,SEAROUTE_CALCULATED,POSITION_ONLY,True
IMO_9565546,9565546,351733000,CHESAPEAKE HIGHWAY,,UNKNOWN,19,"Richards Bay, South Africa","Kandla, India",Capesize,coal,,,-23.86656,151.57271,-28.7707857,32.0577775,23.0177525,70.2096164,6096.912974525976,3938.9061722773454,0.1,12.0,ROUTE_SPEED,514.0760812104979,328.2421810231121,2.0,890.3182622336101,2.0,17.45,$/mt,166250.0,150000.0,200000.0,175000.0,30.0,12000.0,25000.0,SEAROUTE,SEAROUTE_CALCULATED,POSITION_ONLY,True
IMO_9565546,9565546,351733000,CHESAPEAKE HIGHWAY,,UNKNOWN,23,"Richards Bay, South Africa","Krishnapatnam, India",Capesize,coal,,,-23.86656,151.57271,-28.7707857,32.0577775,14.2592415,80.0564758,6096.912974525976,4164.634114888308,0.1,12.0,ROUTE_SPEED,514.0760812104979,347.05284290735904,2.0,909.128924117857,2.0,19.55,$/mt,166250.0,150000.0,200000.0,175000.0,30.0,12000.0,25000.0,SEAROUTE,SEAROUTE_CALCULATED,POSITION_ONLY,True
IMO_9565546,9565546,351733000,CHESAPEAKE HIGHWAY,,UNKNOWN,12,Mozambique (Beira / Maputo),East Coast India,Handysize,coking coal,,,-23.86656,151.57271,-25.966213,32.56745,20.286946,86.6739979,6172.024382736188,4601.384016575973,0.1,12.0,ROUTE_SPEED,520.3353652280157,383.4486680479977,2.0,951.7840332760134,2.0,43.75,$/mt,,,,,30.0,12000.0,25000.0,SEAROUTE,SEAROUTE_CALCULATED,POSITION_ONLY,True
IMO_9565546,9565546,351733000,CHESAPEAKE HIGHWAY,,UNKNOWN,15,Atlantic / Black Sea ports (Taman / Ust-Luga proxy),"Visakhapatnam, India",Panamax,coal,,,-23.86656,151.57271,45.2158646,36.7191326,17.6935526,83.2921297,7439.80108961071,5565.87430627969,0.1,12.0,ROUTE_SPEED,625.9834241342259,463.82285885664083,2.0,1137.8062829908667,2.0,19.5,$/mt,73625.0,70000.0,85000.0,77500.0,30.0,12000.0,25000.0,SEAROUTE,SEAROUTE_CALCULATED,POSITION_ONLY,True
IMO_9565546,9565546,351733000,CHESAPEAKE HIGHWAY,,UNKNOWN,24,US East Coast (Hampton Roads / Baltimore),East Coast India (Paradip / Visakhapatnam),Panamax,coal / coking coal,,,-23.86656,151.57271,36.9507552,-76.4114187,20.286946,86.6739979,8230.743507463398,9913.44136694391,0.1,12.0,ROUTE_SPEED,691.8952922886165,826.1201139119926,2.0,1566.015406200609,2.0,44.35,$/mt,73625.0,70000.0,85000.0,77500.0,30.0,12000.0,25000.0,SEAROUTE,SEAROUTE_CALCULATED,POSITION_ONLY,True
IMO_9587350,9587350,636019937,ANABELA,177029.0,CAPE,16,"Richards Bay, South Africa","Gangavaram, India",Capesize,coal,True,True,-23.76171,151.51549,-28.7707857,32.0577775,13.2351728,78.7511018,6098.413904202513,4164.634114888308,0.2,12.0,ROUTE_SPEED,514.2011586835426,347.05284290735904,2.0,909.2540015909017,2.0,14.0,$/mt,166250.0,150000.0,200000.0,175000.0,30.0,12000.0,25000.0,SEAROUTE,SEAROUTE_CALCULATED,STRONG,True
IMO_9587350,9587350,636019937,ANABELA,177029.0,CAPE,19,"Richards Bay, South Africa","Kandla, India",Capesize,coal,True,True,-23.76171,151.51549,-28.7707857,32.0577775,23.0177525,70.2096164,6098.413904202513,3938.9061722773454,0.2,12.0,ROUTE_SPEED,514.2011586835426,328.2421810231121,2.0,890.4433397066548,2.0,17.45,$/mt,166250.0,150000.0,200000.0,175000.0,30.0,12000.0,25000.0,SEAROUTE,SEAROUTE_CALCULATED,STRONG,True
IMO_9587350,9587350,636019937,ANABELA,177029.0,CAPE,23,"Richards Bay, South Africa","Krishnapatnam, India",Capesize,coal,True,True,-23.76171,151.51549,-28.7707857,32.0577775,14.2592415,80.0564758,6098.413904202513,4164.634114888308,0.2,12.0,ROUTE_SPEED,514.2011586835426,347.05284290735904,2.0,909.2540015909017,2.0,19.55,$/mt,166250.0,150000.0,200000.0,175000.0,30.0,12000.0,25000.0,SEAROUTE,SEAROUTE_CALCULATED,STRONG,True
IMO_9614919,9614919,431812000,SG UNITED,,UNKNOWN,0,"Queensland (Gladstone / Hay Point), Australia","Visakhapatnam & Haldia, India",Panamax,coking coal,,,-23.8134,151.46051,-21.298313,149.2693543,17.6935526,83.2921297,193.8045025741088,4926.710066752748,0.2,12.0,ROUTE_SPEED,22.150375214509065,410.5591722293957,2.0,480.70954744390474,2.0,47.0,$/mt,73625.0,70000.0,85000.0,77500.0,30.0,12000.0,25000.0,SEAROUTE,SEAROUTE_CALCULATED,POSITION_ONLY,True
IMO_9614919,9614919,431812000,SG UNITED,,UNKNOWN,2,"Hay Point, Australia","Paradip, India",Panamax,coking coal,,,-23.8134,151.46051,-21.298313,149.2693543,20.286946,86.6739979,193.8045025741088,4899.001585207413,0.2,12.0,ROUTE_SPEED,22.150375214509065,408.25013210061775,2.0,478.4005073151268,2.0,13.8,$/mt,73625.0,70000.0,85000.0,77500.0,30.0,12000.0,25000.0,SEAROUTE,SEAROUTE_CALCULATED,POSITION_ONLY,True
IMO_9614919,9614919,431812000,SG UNITED,,UNKNOWN,4,"Hay Point, Australia","Visakhapatnam, India",Panamax,metallurgical coal,,,-23.8134,151.46051,-21.298313,149.2693543,17.6935526,83.2921297,193.8045025741088,4926.710066752748,0.2,12.0,ROUTE_SPEED,22.150375214509065,410.5591722293957,2.0,480.70954744390474,2.0,23.3,$/mt,73625.0,70000.0,85000.0,77500.0,30.0,12000.0,25000.0,SEAROUTE,SEAROUTE_CALCULATED,POSITION_ONLY,True
IMO_9614919,9614919,431812000,SG UNITED,,UNKNOWN,5,"Hay Point, Australia","Paradip, India",Panamax,metallurgical coal,,,-23.8134,151.46051,-21.298313,149.2693543,20.286946,86.6739979,193.8045025741088,4899.001585207413,0.2,12.0,ROUTE_SPEED,22.150375214509065,408.25013210061775,2.0,478.4005073151268,2.0,21.1,$/mt,73625.0,70000.0,85000.0,77500.0,30.0,12000.0,25000.0,SEAROUTE,SEAROUTE_CALCULATED,POSITION_ONLY,True
IMO_9614919,9614919,431812000,SG UNITED,,UNKNOWN,11,"Hay Point, Australia","Visakhapatnam, India",Panamax,coal,,,-23.8134,151.46051,-21.298313,149.2693543,17.6935526,83.2921297,193.8045025741088,4926.710066752748,0.2,12.0,ROUTE_SPEED,22.150375214509065,410.5591722293957,2.0,480.70954744390474,2.0,27.85,$/mt,73625.0,70000.0,85000.0,77500.0,30.0,12000.0,25000.0,SEAROUTE,SEAROUTE_CALCULATED,POSITION_ONLY,True
IMO_9614919,9614919,431812000,SG UNITED,,UNKNOWN,20,East Coast Australia,East Coast India,Panamax,coal,,,-23.8134,151.46051,-27.4689623,153.0235009,20.286946,86.6739979,235.21345644457304,5329.775100266468,0.2,12.0,ROUTE_SPEED,25.601121370381087,444.1479250222057,2.0,517.7490463925867,2.0,17.7,$/mt,73625.0,70000.0,85000.0,77500.0,30.0,12000.0,25000.0,SEAROUTE,SEAROUTE_CALCULATED,POSITION_ONLY,True
IMO_9614919,9614919,431812000,SG UNITED,,UNKNOWN,17,"Queensland, Australia","Haldia, India",Panamax,coking coal,,,-23.8134,151.46051,-22.1646782,144.5844903,22.028124,88.0632655,392.6784324343474,4732.350582884308,0.2,12.0,ROUTE_SPEED,38.72320270286229,394.3625485736923,2.0,481.0857512765546,2.0,20.3,$/mt,73625.0,70000.0,85000.0,77500.0,30.0,12000.0,25000.0,SEAROUTE,SEAROUTE_CALCULATED,POSITION_ONLY,True
IMO_9614919,9614919,431812000,SG UNITED,,UNKNOWN,10,Indonesia,"Paradip, India",Supramax,thermal coal,,,-23.8134,151.46051,-2.4833826,117.8902853,20.286946,86.6739979,2331.1363866542606,2579.0639841663437,0.2,12.0,ROUTE_SPEED,200.26136555452172,214.92199868052865,2.0,463.18336423505036,2.0,21.3,$/mt,54625.0,50000.0,65000.0,57500.0,30.0,12000.0,25000.0,SEAROUTE,SEAROUTE_CALCULATED,POSITION_ONLY,True
IMO_9614919,9614919,431812000,SG UNITED,,UNKNOWN,21,Indonesia,East Coast India,Panamax,coal,,,-23.8134,151.46051,-2.4833826,117.8902853,20.286946,86.6739979,2331.1363866542606,2579.0639841663437,0.2,12.0,ROUTE_SPEED,200.26136555452172,214.92199868052865,2.0,463.18336423505036,2.0,11.2,$/mt,73625.0,70000.0,85000.0,77500.0,30.0,12000.0,25000.0,SEAROUTE,SEAROUTE_CALCULATED,POSITION_ONLY,True
IMO_9614919,9614919,431812000,SG UNITED,,UNKNOWN,22,Indonesia,West Coast India,Panamax,coal,,,-23.8134,151.46051,-2.4833826,117.8902853,23.0177525,70.2096164,2331.1363866542606,3929.0472301048458,0.2,12.0,ROUTE_SPEED,200.26136555452172,327.42060250873715,2.0,575.6819680632589,2.0,12.85,$/mt,73625.0,70000.0,85000.0,77500.0,30.0,12000.0,25000.0,SEAROUTE,SEAROUTE_CALCULATED,POSITION_ONLY,True
IMO_9614919,9614919,431812000,SG UNITED,,UNKNOWN,13,"Adang Bay (East Kalimantan), Indonesia","Kandla, India",Supramax,steam coal,,,-23.8134,151.46051,-1.7376896,116.3477513,23.0177525,70.2096164,2432.311445339113,3925.9038662092103,0.2,12.0,ROUTE_SPEED,208.6926204449261,327.15865551743417,2.0,583.8512759623602,2.0,26.5,$/mt,54625.0,50000.0,65000.0,57500.0,30.0,12000.0,25000.0,SEAROUTE,SEAROUTE_CALCULATED,POSITION_ONLY,True
IMO_9614919,9614919,431812000,SG UNITED,,UNKNOWN,6,"Banjarmasin (South Kalimantan), Indonesia","Krishnapatnam, India",Panamax,thermal coal,,,-23.8134,151.46051,-3.3187496,114.5925828,14.2592415,80.0564758,2465.075953537876,2408.301246605427,0.2,12.0,ROUTE_SPEED,211.42299612815634,200.69177055045225,2.0,460.1147666786086,2.0,11.8,$/mt,73625.0,70000.0,85000.0,77500.0,30.0,12000.0,25000.0,SEAROUTE,SEAROUTE_CALCULATED,POSITION_ONLY,True
IMO_9614919,9614919,431812000,SG UNITED,,UNKNOWN,8,"Banjarmasin (South Kalimantan), Indonesia","Dahej, India",Panamax,thermal coal,,,-23.8134,151.46051,-3.3187496,114.5925828,21.709301,72.5893963,2465.075953537876,3443.2178891213243,0.2,12.0,ROUTE_SPEED,211.42299612815634,286.9348240934437,2.0,546.3578202216,2.0,13.1,$/mt,73625.0,70000.0,85000.0,77500.0,30.0,12000.0,25000.0,SEAROUTE,SEAROUTE_CALCULATED,POSITION_ONLY,True
IMO_9614919,9614919,431812000,SG UNITED,,UNKNOWN,3,"East Kalimantan, Indonesia","Navlakhi, India",Supramax,coal,,,-23.8134,151.46051,0.7884397,116.2419977,22.9582815,70.4496687,2528.70613738762,4102.581709223877,0.2,12.0,ROUTE_SPEED,216.72551144896832,341.88180910198975,2.0,606.6073205509581,2.0,18.45,$/mt,54625.0,50000.0,65000.0,57500.0,30.0,12000.0,25000.0,SEAROUTE,SEAROUTE_CALCULATED,POSITION_ONLY,True
IMO_9614919,9614919,431812000,SG UNITED,,UNKNOWN,7,"East Kalimantan, Indonesia","Paradip, India",Supramax,coal,,,-23.8134,151.46051,0.7884397,116.2419977,20.286946,86.6739979,2528.70613738762,2752.598463285374,0.2,12.0,ROUTE_SPEED,216.72551144896832,229.38320527378116,2.0,494.1087167227495,2.0,16.05,$/mt,54625.0,50000.0,65000.0,57500.0,30.0,12000.0,25000.0,SEAROUTE,SEAROUTE_CALCULATED,POSITION_ONLY,True
IMO_9614919,9614919,431812000,SG UNITED,,UNKNOWN,14,"East Kalimantan, Indonesia","Paradip, India",Supramax,thermal coal,,,-23.8134,151.46051,0.7884397,116.2419977,20.286946,86.6739979,2528.70613738762,2752.598463285374,0.2,12.0,ROUTE_SPEED,216.72551144896832,229.38320527378116,2.0,494.1087167227495,2.0,15.0,$/mt,54625.0,50000.0,65000.0,57500.0,30.0,12000.0,25000.0,SEAROUTE,SEAROUTE_CALCULATED,POSITION_ONLY,True
IMO_9614919,9614919,431812000,SG UNITED,,UNKNOWN,1,"Richards Bay, South Africa","Navlakhi, India",Supramax,coal,,,-23.8134,151.46051,-28.7707857,32.0577775,22.9582815,70.4496687,6094.115046675666,3938.9061722773454,0.2,12.0,ROUTE_SPEED,513.8429205563054,328.2421810231121,2.0,890.0851015794176,2.0,19.35,$/mt,54625.0,50000.0,65000.0,57500.0,30.0,12000.0,25000.0,SEAROUTE,SEAROUTE_CALCULATED,POSITION_ONLY,True
IMO_9614919,9614919,431812000,SG UNITED,,UNKNOWN,9,"Richards Bay, South Africa","Paradip, India",Panamax,thermal coal,,,-23.8134,151.46051,-28.7707857,32.0577775,20.286946,86.6739979,6094.115046675666,4667.806005082153,0.2,12.0,ROUTE_SPEED,513.8429205563054,388.9838337568461,2.0,950.8267543131515,2.0,18.6,$/mt,73625.0,70000.0,85000.0,77500.0,30.0,12000.0,25000.0,SEAROUTE,SEAROUTE_CALCULATED,POSITION_ONLY,True
IMO_9614919,9614919,431812000,SG UNITED,,UNKNOWN,16,"Richards Bay, South Africa","Gangavaram, India",Capesize,coal,,,-23.8134,151.46051,-28.7707857,32.0577775,13.2351728,78.7511018,6094.115046675666,4164.634114888308,0.2,12.0,ROUTE_SPEED,513.8429205563054,347.05284290735904,2.0,908.8957634636645,2.0,14.0,$/mt,166250.0,150000.0,200000.0,175000.0,30.0,12000.0,25000.0,SEAROUTE,SEAROUTE_CALCULATED,POSITION_ONLY,True
IMO_9614919,9614919,431812000,SG UNITED,,UNKNOWN,18,"Richards Bay, South Africa","Haldia, India",Panamax,coking / thermal coal,,,-23.8134,151.46051,-28.7707857,32.0577775,22.028124,88.0632655,6094.115046675666,4736.344187320068,0.2,12.0,ROUTE_SPEED,513.8429205563054,394.695348943339,2.0,956.5382694996445,2.0,12.8,$/mt,73625.0,70000.0,85000.0,77500.0,30.0,12000.0,25000.0,SEAROUTE,SEAROUTE_CALCULATED,POSITION_ONLY,True
IMO_9614919,9614919,431812000,SG UNITED,,UNKNOWN,19,"Richards Bay, South Africa","Kandla, India",Capesize,coal,,,-23.8134,151.46051,-28.7707857,32.0577775,23.0177525,70.2096164,6094.115046675666,3938.9061722773454,0.2,12.0,ROUTE_SPEED,513.8429205563054,328.2421810231121,2.0,890.0851015794176,2.0,17.45,$/mt,166250.0,150000.0,200000.0,175000.0,30.0,12000.0,25000.0,SEAROUTE,SEAROUTE_CALCULATED,POSITION_ONLY,True
IMO_9614919,9614919,431812000,SG UNITED,,UNKNOWN,23,"Richards Bay, South Africa","Krishnapatnam, India",Capesize,coal,,,-23.8134,151.46051,-28.7707857,32.0577775,14.2592415,80.0564758,6094.115046675666,4164.634114888308,0.2,12.0,ROUTE_SPEED,513.8429205563054,347.05284290735904,2.0,908.8957634636645,2.0,19.55,$/mt,166250.0,150000.0,200000.0,175000.0,30.0,12000.0,25000.0,SEAROUTE,SEAROUTE_CALCULATED,POSITION_ONLY,True
IMO_9614919,9614919,431812000,SG UNITED,,UNKNOWN,12,Mozambique (Beira / Maputo),East Coast India,Handysize,coking coal,,,-23.8134,151.46051,-25.966213,32.56745,20.286946,86.6739979,6168.940154928059,4601.384016575973,0.2,12.0,ROUTE_SPEED,520.0783462440049,383.4486680479977,2.0,951.5270142920026,2.0,43.75,$/mt,,,,,30.0,12000.0,25000.0,SEAROUTE,SEAROUTE_CALCULATED,POSITION_ONLY,True
IMO_9614919,9614919,431812000,SG UNITED,,UNKNOWN,15,Atlantic / Black Sea ports (Taman / Ust-Luga proxy),"Visakhapatnam, India",Panamax,coal,,,-23.8134,151.46051,45.2158646,36.7191326,17.6935526,83.2921297,7433.0199113380695,5565.87430627969,0.2,12.0,ROUTE_SPEED,625.4183259448391,463.82285885664083,2.0,1137.24118480148,2.0,19.5,$/mt,73625.0,70000.0,85000.0,77500.0,30.0,12000.0,25000.0,SEAROUTE,SEAROUTE_CALCULATED,POSITION_ONLY,True
IMO_9614919,9614919,431812000,SG UNITED,,UNKNOWN,24,US East Coast (Hampton Roads / Baltimore),East Coast India (Paradip / Visakhapatnam),Panamax,coal / coking coal,,,-23.8134,151.46051,36.9507552,-76.4114187,20.286946,86.6739979,8234.551217548587,9913.44136694391,0.2,12.0,ROUTE_SPEED,692.2126014623823,826.1201139119926,2.0,1566.3327153743749,2.0,44.35,$/mt,73625.0,70000.0,85000.0,77500.0,30.0,12000.0,25000.0,SEAROUTE,SEAROUTE_CALCULATED,POSITION_ONLY,True
IMO_9689897,9689897,565285000,STRATEGIC HARMONY,,UNKNOWN,0,"Queensland (Gladstone / Hay Point), Australia","Visakhapatnam & Haldia, India",Panamax,coking coal,,,-23.85092,151.47758,-21.298313,149.2693543,17.6935526,83.2921297,196.1434180686582,4926.710066752748,0.0,12.0,ROUTE_SPEED,22.34528483905485,410.5591722293957,2.0,480.90445706845054,2.0,47.0,$/mt,73625.0,70000.0,85000.0,77500.0,30.0,12000.0,25000.0,SEAROUTE,SEAROUTE_CALCULATED,POSITION_ONLY,True
IMO_9689897,9689897,565285000,STRATEGIC HARMONY,,UNKNOWN,2,"Hay Point, Australia","Paradip, India",Panamax,coking coal,,,-23.85092,151.47758,-21.298313,149.2693543,20.286946,86.6739979,196.1434180686582,4899.001585207413,0.0,12.0,ROUTE_SPEED,22.34528483905485,408.25013210061775,2.0,478.5954169396726,2.0,13.8,$/mt,73625.0,70000.0,85000.0,77500.0,30.0,12000.0,25000.0,SEAROUTE,SEAROUTE_CALCULATED,POSITION_ONLY,True
IMO_9689897,9689897,565285000,STRATEGIC HARMONY,,UNKNOWN,4,"Hay Point, Australia","Visakhapatnam, India",Panamax,metallurgical coal,,,-23.85092,151.47758,-21.298313,149.2693543,17.6935526,83.2921297,196.1434180686582,4926.710066752748,0.0,12.0,ROUTE_SPEED,22.34528483905485,410.5591722293957,2.0,480.90445706845054,2.0,23.3,$/mt,73625.0,70000.0,85000.0,77500.0,30.0,12000.0,25000.0,SEAROUTE,SEAROUTE_CALCULATED,POSITION_ONLY,True
IMO_9689897,9689897,565285000,STRATEGIC HARMONY,,UNKNOWN,5,"Hay Point, Australia","Paradip, India",Panamax,metallurgical coal,,,-23.85092,151.47758,-21.298313,149.2693543,20.286946,86.6739979,196.1434180686582,4899.001585207413,0.0,12.0,ROUTE_SPEED,22.34528483905485,408.25013210061775,2.0,478.5954169396726,2.0,21.1,$/mt,73625.0,70000.0,85000.0,77500.0,30.0,12000.0,25000.0,SEAROUTE,SEAROUTE_CALCULATED,POSITION_ONLY,True
IMO_9689897,9689897,565285000,STRATEGIC HARMONY,,UNKNOWN,11,"Hay Point, Australia","Visakhapatnam, India",Panamax,coal,,,-23.85092,151.47758,-21.298313,149.2693543,17.6935526,83.2921297,196.1434180686582,4926.710066752748,0.0,12.0,ROUTE_SPEED,22.34528483905485,410.5591722293957,2.0,480.90445706845054,2.0,27.85,$/mt,73625.0,70000.0,85000.0,77500.0,30.0,12000.0,25000.0,SEAROUTE,SEAROUTE_CALCULATED,POSITION_ONLY,True
IMO_9689897,9689897,565285000,STRATEGIC HARMONY,,UNKNOWN,20,East Coast Australia,East Coast India,Panamax,coal,,,-23.85092,151.47758,-27.4689623,153.0235009,20.286946,86.6739979,232.77472655255303,5329.775100266468,0.0,12.0,ROUTE_SPEED,25.39789387937942,444.1479250222057,2.0,517.5458189015851,2.0,17.7,$/mt,73625.0,70000.0,85000.0,77500.0,30.0,12000.0,25000.0,SEAROUTE,SEAROUTE_CALCULATED,POSITION_ONLY,True
IMO_9689897,9689897,565285000,STRATEGIC HARMONY,,UNKNOWN,17,"Queensland, Australia","Haldia, India",Panamax,coking coal,,,-23.85092,151.47758,-22.1646782,144.5844903,22.028124,88.0632655,394.1116989065871,4732.350582884308,0.0,12.0,ROUTE_SPEED,38.842641575548924,394.3625485736923,2.0,481.2051901492413,2.0,20.3,$/mt,73625.0,70000.0,85000.0,77500.0,30.0,12000.0,25000.0,SEAROUTE,SEAROUTE_CALCULATED,POSITION_ONLY,True
IMO_9689897,9689897,565285000,STRATEGIC HARMONY,,UNKNOWN,10,Indonesia,"Paradip, India",Supramax,thermal coal,,,-23.85092,151.47758,-2.4833826,117.8902853,20.286946,86.6739979,2333.027997773854,2579.0639841663437,0.0,12.0,ROUTE_SPEED,200.41899981448785,214.92199868052865,2.0,463.3409984950165,2.0,21.3,$/mt,54625.0,50000.0,65000.0,57500.0,30.0,12000.0,25000.0,SEAROUTE,SEAROUTE_CALCULATED,POSITION_ONLY,True
IMO_9689897,9689897,565285000,STRATEGIC HARMONY,,UNKNOWN,21,Indonesia,East Coast India,Panamax,coal,,,-23.85092,151.47758,-2.4833826,117.8902853,20.286946,86.6739979,2333.027997773854,2579.0639841663437,0.0,12.0,ROUTE_SPEED,200.41899981448785,214.92199868052865,2.0,463.3409984950165,2.0,11.2,$/mt,73625.0,70000.0,85000.0,77500.0,30.0,12000.0,25000.0,SEAROUTE,SEAROUTE_CALCULATED,POSITION_ONLY,True
IMO_9689897,9689897,565285000,STRATEGIC HARMONY,,UNKNOWN,22,Indonesia,West Coast India,Panamax,coal,,,-23.85092,151.47758,-2.4833826,117.8902853,23.0177525,70.2096164,2333.027997773854,3929.0472301048458,0.0,12.0,ROUTE_SPEED,200.41899981448785,327.42060250873715,2.0,575.839602323225,2.0,12.85,$/mt,73625.0,70000.0,85000.0,77500.0,30.0,12000.0,25000.0,SEAROUTE,SEAROUTE_CALCULATED,POSITION_ONLY,True
IMO_9689897,9689897,565285000,STRATEGIC HARMONY,,UNKNOWN,13,"Adang Bay (East Kalimantan), Indonesia","Kandla, India",Supramax,steam coal,,,-23.85092,151.47758,-1.7376896,116.3477513,23.0177525,70.2096164,2434.1901445170615,3925.9038662092103,0.0,12.0,ROUTE_SPEED,208.84917870975514,327.15865551743417,2.0,584.0078342271893,2.0,26.5,$/mt,54625.0,50000.0,65000.0,57500.0,30.0,12000.0,25000.0,SEAROUTE,SEAROUTE_CALCULATED,POSITION_ONLY,True
IMO_9689897,9689897,565285000,STRATEGIC HARMONY,,UNKNOWN,6,"Banjarmasin (South Kalimantan), Indonesia","Krishnapatnam, India",Panamax,thermal coal,,,-23.85092,151.47758,-3.3187496,114.5925828,14.2592415,80.0564758,2466.85562813358,2408.301246605427,0.0,12.0,ROUTE_SPEED,211.571302344465,200.69177055045225,2.0,460.2630728949173,2.0,11.8,$/mt,73625.0,70000.0,85000.0,77500.0,30.0,12000.0,25000.0,SEAROUTE,SEAROUTE_CALCULATED,POSITION_ONLY,True
IMO_9689897,9689897,565285000,STRATEGIC HARMONY,,UNKNOWN,8,"Banjarmasin (South Kalimantan), Indonesia","Dahej, India",Panamax,thermal coal,,,-23.85092,151.47758,-3.3187496,114.5925828,21.709301,72.5893963,2466.85562813358,3443.2178891213243,0.0,12.0,ROUTE_SPEED,211.571302344465,286.9348240934437,2.0,546.5061264379087,2.0,13.1,$/mt,73625.0,70000.0,85000.0,77500.0,30.0,12000.0,25000.0,SEAROUTE,SEAROUTE_CALCULATED,POSITION_ONLY,True
IMO_9689897,9689897,565285000,STRATEGIC HARMONY,,UNKNOWN,3,"East Kalimantan, Indonesia","Navlakhi, India",Supramax,coal,,,-23.85092,151.47758,0.7884397,116.2419977,22.9582815,70.4496687,2530.6626646800746,4102.581709223877,0.0,12.0,ROUTE_SPEED,216.88855539000622,341.88180910198975,2.0,606.7703644919959,2.0,18.45,$/mt,54625.0,50000.0,65000.0,57500.0,30.0,12000.0,25000.0,SEAROUTE,SEAROUTE_CALCULATED,POSITION_ONLY,True
IMO_9689897,9689897,565285000,STRATEGIC HARMONY,,UNKNOWN,7,"East Kalimantan, Indonesia","Paradip, India",Supramax,coal,,,-23.85092,151.47758,0.7884397,116.2419977,20.286946,86.6739979,2530.6626646800746,2752.598463285374,0.0,12.0,ROUTE_SPEED,216.88855539000622,229.38320527378116,2.0,494.2717606637874,2.0,16.05,$/mt,54625.0,50000.0,65000.0,57500.0,30.0,12000.0,25000.0,SEAROUTE,SEAROUTE_CALCULATED,POSITION_ONLY,True
IMO_9689897,9689897,565285000,STRATEGIC HARMONY,,UNKNOWN,14,"East Kalimantan, Indonesia","Paradip, India",Supramax,thermal coal,,,-23.85092,151.47758,0.7884397,116.2419977,20.286946,86.6739979,2530.6626646800746,2752.598463285374,0.0,12.0,ROUTE_SPEED,216.88855539000622,229.38320527378116,2.0,494.2717606637874,2.0,15.0,$/mt,54625.0,50000.0,65000.0,57500.0,30.0,12000.0,25000.0,SEAROUTE,SEAROUTE_CALCULATED,POSITION_ONLY,True
IMO_9689897,9689897,565285000,STRATEGIC HARMONY,,UNKNOWN,1,"Richards Bay, South Africa","Navlakhi, India",Supramax,coal,,,-23.85092,151.47758,-28.7707857,32.0577775,22.9582815,70.4496687,6093.433627793486,3938.9061722773454,0.0,12.0,ROUTE_SPEED,513.7861356494573,328.2421810231121,2.0,890.0283166725694,2.0,19.35,$/mt,54625.0,50000.0,65000.0,57500.0,30.0,12000.0,25000.0,SEAROUTE,SEAROUTE_CALCULATED,POSITION_ONLY,True
IMO_9689897,9689897,565285000,STRATEGIC HARMONY,,UNKNOWN,9,"Richards Bay, South Africa","Paradip, India",Panamax,thermal coal,,,-23.85092,151.47758,-28.7707857,32.0577775,20.286946,86.6739979,6093.433627793486,4667.806005082153,0.0,12.0,ROUTE_SPEED,513.7861356494573,388.9838337568461,2.0,950.7699694063033,2.0,18.6,$/mt,73625.0,70000.0,85000.0,77500.0,30.0,12000.0,25000.0,SEAROUTE,SEAROUTE_CALCULATED,POSITION_ONLY,True
IMO_9689897,9689897,565285000,STRATEGIC HARMONY,,UNKNOWN,16,"Richards Bay, South Africa","Gangavaram, India",Capesize,coal,,,-23.85092,151.47758,-28.7707857,32.0577775,13.2351728,78.7511018,6093.433627793486,4164.634114888308,0.0,12.0,ROUTE_SPEED,513.7861356494573,347.05284290735904,2.0,908.8389785568163,2.0,14.0,$/mt,166250.0,150000.0,200000.0,175000.0,30.0,12000.0,25000.0,SEAROUTE,SEAROUTE_CALCULATED,POSITION_ONLY,True
IMO_9689897,9689897,565285000,STRATEGIC HARMONY,,UNKNOWN,18,"Richards Bay, South Africa","Haldia, India",Panamax,coking / thermal coal,,,-23.85092,151.47758,-28.7707857,32.0577775,22.028124,88.0632655,6093.433627793486,4736.344187320068,0.0,12.0,ROUTE_SPEED,513.7861356494573,394.695348943339,2.0,956.4814845927963,2.0,12.8,$/mt,73625.0,70000.0,85000.0,77500.0,30.0,12000.0,25000.0,SEAROUTE,SEAROUTE_CALCULATED,POSITION_ONLY,True
IMO_9689897,9689897,565285000,STRATEGIC HARMONY,,UNKNOWN,19,"Richards Bay, South Africa","Kandla, India",Capesize,coal,,,-23.85092,151.47758,-28.7707857,32.0577775,23.0177525,70.2096164,6093.433627793486,3938.9061722773454,0.0,12.0,ROUTE_SPEED,513.7861356494573,328.2421810231121,2.0,890.0283166725694,2.0,17.45,$/mt,166250.0,150000.0,200000.0,175000.0,30.0,12000.0,25000.0,SEAROUTE,SEAROUTE_CALCULATED,POSITION_ONLY,True
IMO_9689897,9689897,565285000,STRATEGIC HARMONY,,UNKNOWN,23,"Richards Bay, South Africa","Krishnapatnam, India",Capesize,coal,,,-23.85092,151.47758,-28.7707857,32.0577775,14.2592415,80.0564758,6093.433627793486,4164.634114888308,0.0,12.0,ROUTE_SPEED,513.7861356494573,347.05284290735904,2.0,908.8389785568163,2.0,19.55,$/mt,166250.0,150000.0,200000.0,175000.0,30.0,12000.0,25000.0,SEAROUTE,SEAROUTE_CALCULATED,POSITION_ONLY,True
IMO_9689897,9689897,565285000,STRATEGIC HARMONY,,UNKNOWN,12,Mozambique (Beira / Maputo),East Coast India,Handysize,coking coal,,,-23.85092,151.47758,-25.966213,32.56745,20.286946,86.6739979,6168.366162792282,4601.384016575973,0.0,12.0,ROUTE_SPEED,520.0305135660235,383.4486680479977,2.0,951.4791816140212,2.0,43.75,$/mt,,,,,30.0,12000.0,25000.0,SEAROUTE,SEAROUTE_CALCULATED,POSITION_ONLY,True
IMO_9689897,9689897,565285000,STRATEGIC HARMONY,,UNKNOWN,15,Atlantic / Black Sea ports (Taman / Ust-Luga proxy),"Visakhapatnam, India",Panamax,coal,,,-23.85092,151.47758,45.2158646,36.7191326,17.6935526,83.2921297,7435.179102012345,5565.87430627969,0.0,12.0,ROUTE_SPEED,625.5982585010287,463.82285885664083,2.0,1137.4211173576696,2.0,19.5,$/mt,73625.0,70000.0,85000.0,77500.0,30.0,12000.0,25000.0,SEAROUTE,SEAROUTE_CALCULATED,POSITION_ONLY,True
IMO_9689897,9689897,565285000,STRATEGIC HARMONY,,UNKNOWN,24,US East Coast (Hampton Roads / Baltimore),East Coast India (Paradip / Visakhapatnam),Panamax,coal / coking coal,,,-23.85092,151.47758,36.9507552,-76.4114187,20.286946,86.6739979,8234.838142956418,9913.44136694391,0.0,12.0,ROUTE_SPEED,692.2365119130349,826.1201139119926,2.0,1566.3566258250275,2.0,44.35,$/mt,73625.0,70000.0,85000.0,77500.0,30.0,12000.0,25000.0,SEAROUTE,SEAROUTE_CALCULATED,POSITION_ONLY,True
IMO_9694945,9694945,269084000,BREGAGLIA,,UNKNOWN,0,"Queensland (Gladstone / Hay Point), Australia","Visakhapatnam & Haldia, India",Panamax,coking coal,,,-23.83375,151.47999,-21.298313,149.2693543,17.6935526,83.2921297,195.42763186065798,4926.710066752748,0.0,12.0,ROUTE_SPEED,22.285635988388165,410.5591722293957,2.0,480.84480821778385,2.0,47.0,$/mt,73625.0,70000.0,85000.0,77500.0,30.0,12000.0,25000.0,SEAROUTE,SEAROUTE_CALCULATED,POSITION_ONLY,True
IMO_9694945,9694945,269084000,BREGAGLIA,,UNKNOWN,2,"Hay Point, Australia","Paradip, India",Panamax,coking coal,,,-23.83375,151.47999,-21.298313,149.2693543,20.286946,86.6739979,195.42763186065798,4899.001585207413,0.0,12.0,ROUTE_SPEED,22.285635988388165,408.25013210061775,2.0,478.5357680890059,2.0,13.8,$/mt,73625.0,70000.0,85000.0,77500.0,30.0,12000.0,25000.0,SEAROUTE,SEAROUTE_CALCULATED,POSITION_ONLY,True
IMO_9694945,9694945,269084000,BREGAGLIA,,UNKNOWN,4,"Hay Point, Australia","Visakhapatnam, India",Panamax,metallurgical coal,,,-23.83375,151.47999,-21.298313,149.2693543,17.6935526,83.2921297,195.42763186065798,4926.710066752748,0.0,12.0,ROUTE_SPEED,22.285635988388165,410.5591722293957,2.0,480.84480821778385,2.0,23.3,$/mt,73625.0,70000.0,85000.0,77500.0,30.0,12000.0,25000.0,SEAROUTE,SEAROUTE_CALCULATED,POSITION_ONLY,True
IMO_9694945,9694945,269084000,BREGAGLIA,,UNKNOWN,5,"Hay Point, Australia","Paradip, India",Panamax,metallurgical coal,,,-23.83375,151.47999,-21.298313,149.2693543,20.286946,86.6739979,195.42763186065798,4899.001585207413,0.0,12.0,ROUTE_SPEED,22.285635988388165,408.25013210061775,2.0,478.5357680890059,2.0,21.1,$/mt,73625.0,70000.0,85000.0,77500.0,30.0,12000.0,25000.0,SEAROUTE,SEAROUTE_CALCULATED,POSITION_ONLY,True
IMO_9694945,9694945,269084000,BREGAGLIA,,UNKNOWN,11,"Hay Point, Australia","Visakhapatnam, India",Panamax,coal,,,-23.83375,151.47999,-21.298313,149.2693543,17.6935526,83.2921297,195.42763186065798,4926.710066752748,0.0,12.0,ROUTE_SPEED,22.285635988388165,410.5591722293957,2.0,480.84480821778385,2.0,27.85,$/mt,73625.0,70000.0,85000.0,77500.0,30.0,12000.0,25000.0,SEAROUTE,SEAROUTE_CALCULATED,POSITION_ONLY,True
IMO_9694945,9694945,269084000,BREGAGLIA,,UNKNOWN,20,East Coast Australia,East Coast India,Panamax,coal,,,-23.83375,151.47999,-27.4689623,153.0235009,20.286946,86.6739979,233.69251114141295,5329.775100266468,0.0,12.0,ROUTE_SPEED,25.474375928451078,444.1479250222057,2.0,517.6223009506568,2.0,17.7,$/mt,73625.0,70000.0,85000.0,77500.0,30.0,12000.0,25000.0,SEAROUTE,SEAROUTE_CALCULATED,POSITION_ONLY,True
IMO_9694945,9694945,269084000,BREGAGLIA,,UNKNOWN,17,"Queensland, Australia","Haldia, India",Panamax,coking coal,,,-23.83375,151.47999,-22.1646782,144.5844903,22.028124,88.0632655,394.00078293035114,4732.350582884308,0.0,12.0,ROUTE_SPEED,38.83339857752926,394.3625485736923,2.0,481.19594715122156,2.0,20.3,$/mt,73625.0,70000.0,85000.0,77500.0,30.0,12000.0,25000.0,SEAROUTE,SEAROUTE_CALCULATED,POSITION_ONLY,True
IMO_9694945,9694945,269084000,BREGAGLIA,,UNKNOWN,10,Indonesia,"Paradip, India",Supramax,thermal coal,,,-23.83375,151.47999,-2.4833826,117.8902853,20.286946,86.6739979,2332.656909900386,2579.0639841663437,0.0,12.0,ROUTE_SPEED,200.38807582503216,214.92199868052865,2.0,463.3100745055608,2.0,21.3,$/mt,54625.0,50000.0,65000.0,57500.0,30.0,12000.0,25000.0,SEAROUTE,SEAROUTE_CALCULATED,POSITION_ONLY,True
IMO_9694945,9694945,269084000,BREGAGLIA,,UNKNOWN,21,Indonesia,East Coast India,Panamax,coal,,,-23.83375,151.47999,-2.4833826,117.8902853,20.286946,86.6739979,2332.656909900386,2579.0639841663437,0.0,12.0,ROUTE_SPEED,200.38807582503216,214.92199868052865,2.0,463.3100745055608,2.0,11.2,$/mt,73625.0,70000.0,85000.0,77500.0,30.0,12000.0,25000.0,SEAROUTE,SEAROUTE_CALCULATED,POSITION_ONLY,True
IMO_9694945,9694945,269084000,BREGAGLIA,,UNKNOWN,22,Indonesia,West Coast India,Panamax,coal,,,-23.83375,151.47999,-2.4833826,117.8902853,23.0177525,70.2096164,2332.656909900386,3929.0472301048458,0.0,12.0,ROUTE_SPEED,200.38807582503216,327.42060250873715,2.0,575.8086783337693,2.0,12.85,$/mt,73625.0,70000.0,85000.0,77500.0,30.0,12000.0,25000.0,SEAROUTE,SEAROUTE_CALCULATED,POSITION_ONLY,True
IMO_9694945,9694945,269084000,BREGAGLIA,,UNKNOWN,13,"Adang Bay (East Kalimantan), Indonesia","Kandla, India",Supramax,steam coal,,,-23.83375,151.47999,-1.7376896,116.3477513,23.0177525,70.2096164,2433.827165259886,3925.9038662092103,0.0,12.0,ROUTE_SPEED,208.81893043832383,327.15865551743417,2.0,583.9775859557581,2.0,26.5,$/mt,54625.0,50000.0,65000.0,57500.0,30.0,12000.0,25000.0,SEAROUTE,SEAROUTE_CALCULATED,POSITION_ONLY,True
IMO_9694945,9694945,269084000,BREGAGLIA,,UNKNOWN,6,"Banjarmasin (South Kalimantan), Indonesia","Krishnapatnam, India",Panamax,thermal coal,,,-23.83375,151.47999,-3.3187496,114.5925828,14.2592415,80.0564758,2466.553048539943,2408.301246605427,0.0,12.0,ROUTE_SPEED,211.5460873783286,200.69177055045225,2.0,460.23785792878084,2.0,11.8,$/mt,73625.0,70000.0,85000.0,77500.0,30.0,12000.0,25000.0,SEAROUTE,SEAROUTE_CALCULATED,POSITION_ONLY,True
IMO_9694945,9694945,269084000,BREGAGLIA,,UNKNOWN,8,"Banjarmasin (South Kalimantan), Indonesia","Dahej, India",Panamax,thermal coal,,,-23.83375,151.47999,-3.3187496,114.5925828,21.709301,72.5893963,2466.553048539943,3443.2178891213243,0.0,12.0,ROUTE_SPEED,211.5460873783286,286.9348240934437,2.0,546.4809114717723,2.0,13.1,$/mt,73625.0,70000.0,85000.0,77500.0,30.0,12000.0,25000.0,SEAROUTE,SEAROUTE_CALCULATED,POSITION_ONLY,True
IMO_9694945,9694945,269084000,BREGAGLIA,,UNKNOWN,3,"East Kalimantan, Indonesia","Navlakhi, India",Supramax,coal,,,-23.83375,151.47999,0.7884397,116.2419977,22.9582815,70.4496687,2530.2499379217684,4102.581709223877,0.0,12.0,ROUTE_SPEED,216.8541614934807,341.88180910198975,2.0,606.7359705954705,2.0,18.45,$/mt,54625.0,50000.0,65000.0,57500.0,30.0,12000.0,25000.0,SEAROUTE,SEAROUTE_CALCULATED,POSITION_ONLY,True
IMO_9694945,9694945,269084000,BREGAGLIA,,UNKNOWN,7,"East Kalimantan, Indonesia","Paradip, India",Supramax,coal,,,-23.83375,151.47999,0.7884397,116.2419977,20.286946,86.6739979,2530.2499379217684,2752.598463285374,0.0,12.0,ROUTE_SPEED,216.8541614934807,229.38320527378116,2.0,494.23736676726185,2.0,16.05,$/mt,54625.0,50000.0,65000.0,57500.0,30.0,12000.0,25000.0,SEAROUTE,SEAROUTE_CALCULATED,POSITION_ONLY,True
IMO_9694945,9694945,269084000,BREGAGLIA,,UNKNOWN,14,"East Kalimantan, Indonesia","Paradip, India",Supramax,thermal coal,,,-23.83375,151.47999,0.7884397,116.2419977,20.286946,86.6739979,2530.2499379217684,2752.598463285374,0.0,12.0,ROUTE_SPEED,216.8541614934807,229.38320527378116,2.0,494.23736676726185,2.0,15.0,$/mt,54625.0,50000.0,65000.0,57500.0,30.0,12000.0,25000.0,SEAROUTE,SEAROUTE_CALCULATED,POSITION_ONLY,True
IMO_9694945,9694945,269084000,BREGAGLIA,,UNKNOWN,1,"Richards Bay, South Africa","Navlakhi, India",Supramax,coal,,,-23.83375,151.47999,-28.7707857,32.0577775,22.9582815,70.4496687,6094.182969031079,3938.9061722773454,0.0,12.0,ROUTE_SPEED,513.8485807525899,328.2421810231121,2.0,890.090761775702,2.0,19.35,$/mt,54625.0,50000.0,65000.0,57500.0,30.0,12000.0,25000.0,SEAROUTE,SEAROUTE_CALCULATED,POSITION_ONLY,True
IMO_9694945,9694945,269084000,BREGAGLIA,,UNKNOWN,9,"Richards Bay, South Africa","Paradip, India",Panamax,thermal coal,,,-23.83375,151.47999,-28.7707857,32.0577775,20.286946,86.6739979,6094.182969031079,4667.806005082153,0.0,12.0,ROUTE_SPEED,513.8485807525899,388.9838337568461,2.0,950.8324145094359,2.0,18.6,$/mt,73625.0,70000.0,85000.0,77500.0,30.0,12000.0,25000.0,SEAROUTE,SEAROUTE_CALCULATED,POSITION_ONLY,True
IMO_9694945,9694945,269084000,BREGAGLIA,,UNKNOWN,16,"Richards Bay, South Africa","Gangavaram, India",Capesize,coal,,,-23.83375,151.47999,-28.7707857,32.0577775,13.2351728,78.7511018,6094.182969031079,4164.634114888308,0.0,12.0,ROUTE_SPEED,513.8485807525899,347.05284290735904,2.0,908.9014236599489,2.0,14.0,$/mt,166250.0,150000.0,200000.0,175000.0,30.0,12000.0,25000.0,SEAROUTE,SEAROUTE_CALCULATED,POSITION_ONLY,True
IMO_9694945,9694945,269084000,BREGAGLIA,,UNKNOWN,18,"Richards Bay, South Africa","Haldia, India",Panamax,coking / thermal coal,,,-23.83375,151.47999,-28.7707857,32.0577775,22.028124,88.0632655,6094.182969031079,4736.344187320068,0.0,12.0,ROUTE_SPEED,513.8485807525899,394.695348943339,2.0,956.5439296959289,2.0,12.8,$/mt,73625.0,70000.0,85000.0,77500.0,30.0,12000.0,25000.0,SEAROUTE,SEAROUTE_CALCULATED,POSITION_ONLY,True
IMO_9694945,9694945,269084000,BREGAGLIA,,UNKNOWN,19,"Richards Bay, South Africa","Kandla, India",Capesize,coal,,,-23.83375,151.47999,-28.7707857,32.0577775,23.0177525,70.2096164,6094.182969031079,3938.9061722773454,0.0,12.0,ROUTE_SPEED,513.8485807525899,328.2421810231121,2.0,890.090761775702,2.0,17.45,$/mt,166250.0,150000.0,200000.0,175000.0,30.0,12000.0,25000.0,SEAROUTE,SEAROUTE_CALCULATED,POSITION_ONLY,True
IMO_9694945,9694945,269084000,BREGAGLIA,,UNKNOWN,23,"Richards Bay, South Africa","Krishnapatnam, India",Capesize,coal,,,-23.83375,151.47999,-28.7707857,32.0577775,14.2592415,80.0564758,6094.182969031079,4164.634114888308,0.0,12.0,ROUTE_SPEED,513.8485807525899,347.05284290735904,2.0,908.9014236599489,2.0,19.55,$/mt,166250.0,150000.0,200000.0,175000.0,30.0,12000.0,25000.0,SEAROUTE,SEAROUTE_CALCULATED,POSITION_ONLY,True
IMO_9694945,9694945,269084000,BREGAGLIA,,UNKNOWN,12,Mozambique (Beira / Maputo),East Coast India,Handysize,coking coal,,,-23.83375,151.47999,-25.966213,32.56745,20.286946,86.6739979,6169.081923481947,4601.384016575973,0.0,12.0,ROUTE_SPEED,520.0901602901623,383.4486680479977,2.0,951.5388283381601,2.0,43.75,$/mt,,,,,30.0,12000.0,25000.0,SEAROUTE,SEAROUTE_CALCULATED,POSITION_ONLY,True
IMO_9694945,9694945,269084000,BREGAGLIA,,UNKNOWN,15,Atlantic / Black Sea ports (Taman / Ust-Luga proxy),"Visakhapatnam, India",Panamax,coal,,,-23.83375,151.47999,45.2158646,36.7191326,17.6935526,83.2921297,7434.623351403506,5565.87430627969,0.0,12.0,ROUTE_SPEED,625.5519459502922,463.82285885664083,2.0,1137.374804806933,2.0,19.5,$/mt,73625.0,70000.0,85000.0,77500.0,30.0,12000.0,25000.0,SEAROUTE,SEAROUTE_CALCULATED,POSITION_ONLY,True
IMO_9694945,9694945,269084000,BREGAGLIA,,UNKNOWN,24,US East Coast (Hampton Roads / Baltimore),East Coast India (Paradip / Visakhapatnam),Panamax,coal / coking coal,,,-23.83375,151.47999,36.9507552,-76.4114187,20.286946,86.6739979,8234.217668054778,9913.44136694391,0.0,12.0,ROUTE_SPEED,692.1848056712315,826.1201139119926,2.0,1566.304919583224,2.0,44.35,$/mt,73625.0,70000.0,85000.0,77500.0,30.0,12000.0,25000.0,SEAROUTE,SEAROUTE_CALCULATED,POSITION_ONLY,True
IMO_9700823,9700823,352286000,CAPE HOPE,,UNKNOWN,0,"Queensland (Gladstone / Hay Point), Australia","Visakhapatnam & Haldia, India",Panamax,coking coal,,,-23.8005,151.49697,-21.298313,149.2693543,17.6935526,83.2921297,194.48268524383866,4926.710066752748,0.2,12.0,ROUTE_SPEED,22.206890436986555,410.5591722293957,2.0,480.76606266638225,2.0,47.0,$/mt,73625.0,70000.0,85000.0,77500.0,30.0,12000.0,25000.0,SEAROUTE,SEAROUTE_CALCULATED,POSITION_ONLY,True
IMO_9700823,9700823,352286000,CAPE HOPE,,UNKNOWN,2,"Hay Point, Australia","Paradip, India",Panamax,coking coal,,,-23.8005,151.49697,-21.298313,149.2693543,20.286946,86.6739979,194.48268524383866,4899.001585207413,0.2,12.0,ROUTE_SPEED,22.206890436986555,408.25013210061775,2.0,478.4570225376043,2.0,13.8,$/mt,73625.0,70000.0,85000.0,77500.0,30.0,12000.0,25000.0,SEAROUTE,SEAROUTE_CALCULATED,POSITION_ONLY,True
IMO_9700823,9700823,352286000,CAPE HOPE,,UNKNOWN,4,"Hay Point, Australia","Visakhapatnam, India",Panamax,metallurgical coal,,,-23.8005,151.49697,-21.298313,149.2693543,17.6935526,83.2921297,194.48268524383866,4926.710066752748,0.2,12.0,ROUTE_SPEED,22.206890436986555,410.5591722293957,2.0,480.76606266638225,2.0,23.3,$/mt,73625.0,70000.0,85000.0,77500.0,30.0,12000.0,25000.0,SEAROUTE,SEAROUTE_CALCULATED,POSITION_ONLY,True
IMO_9700823,9700823,352286000,CAPE HOPE,,UNKNOWN,5,"Hay Point, Australia","Paradip, India",Panamax,metallurgical coal,,,-23.8005,151.49697,-21.298313,149.2693543,20.286946,86.6739979,194.48268524383866,4899.001585207413,0.2,12.0,ROUTE_SPEED,22.206890436986555,408.25013210061775,2.0,478.4570225376043,2.0,21.1,$/mt,73625.0,70000.0,85000.0,77500.0,30.0,12000.0,25000.0,SEAROUTE,SEAROUTE_CALCULATED,POSITION_ONLY,True
IMO_9700823,9700823,352286000,CAPE HOPE,,UNKNOWN,11,"Hay Point, Australia","Visakhapatnam, India",Panamax,coal,,,-23.8005,151.49697,-21.298313,149.2693543,17.6935526,83.2921297,194.48268524383866,4926.710066752748,0.2,12.0,ROUTE_SPEED,22.206890436986555,410.5591722293957,2.0,480.76606266638225,2.0,27.85,$/mt,73625.0,70000.0,85000.0,77500.0,30.0,12000.0,25000.0,SEAROUTE,SEAROUTE_CALCULATED,POSITION_ONLY,True
IMO_9700823,9700823,352286000,CAPE HOPE,,UNKNOWN,20,East Coast Australia,East Coast India,Panamax,coal,,,-23.8005,151.49697,-27.4689623,153.0235009,20.286946,86.6739979,235.2378328113168,5329.775100266468,0.2,12.0,ROUTE_SPEED,25.6031527342764,444.1479250222057,2.0,517.7510777564821,2.0,17.7,$/mt,73625.0,70000.0,85000.0,77500.0,30.0,12000.0,25000.0,SEAROUTE,SEAROUTE_CALCULATED,POSITION_ONLY,True
IMO_9700823,9700823,352286000,CAPE HOPE,,UNKNOWN,17,"Queensland, Australia","Haldia, India",Panamax,coking coal,,,-23.8005,151.49697,-22.1646782,144.5844903,22.028124,88.0632655,394.4526757530835,4732.350582884308,0.2,12.0,ROUTE_SPEED,38.871056312756956,394.3625485736923,2.0,481.23360488644926,2.0,20.3,$/mt,73625.0,70000.0,85000.0,77500.0,30.0,12000.0,25000.0,SEAROUTE,SEAROUTE_CALCULATED,POSITION_ONLY,True
IMO_9700823,9700823,352286000,CAPE HOPE,,UNKNOWN,10,Indonesia,"Paradip, India",Supramax,thermal coal,,,-23.8005,151.49697,-2.4833826,117.8902853,20.286946,86.6739979,2332.5355980299873,2579.0639841663437,0.2,12.0,ROUTE_SPEED,200.37796650249894,214.92199868052865,2.0,463.29996518302755,2.0,21.3,$/mt,54625.0,50000.0,65000.0,57500.0,30.0,12000.0,25000.0,SEAROUTE,SEAROUTE_CALCULATED,POSITION_ONLY,True
IMO_9700823,9700823,352286000,CAPE HOPE,,UNKNOWN,21,Indonesia,East Coast India,Panamax,coal,,,-23.8005,151.49697,-2.4833826,117.8902853,20.286946,86.6739979,2332.5355980299873,2579.0639841663437,0.2,12.0,ROUTE_SPEED,200.37796650249894,214.92199868052865,2.0,463.29996518302755,2.0,11.2,$/mt,73625.0,70000.0,85000.0,77500.0,30.0,12000.0,25000.0,SEAROUTE,SEAROUTE_CALCULATED,POSITION_ONLY,True
IMO_9700823,9700823,352286000,CAPE HOPE,,UNKNOWN,22,Indonesia,West Coast India,Panamax,coal,,,-23.8005,151.49697,-2.4833826,117.8902853,23.0177525,70.2096164,2332.5355980299873,3929.0472301048458,0.2,12.0,ROUTE_SPEED,200.37796650249894,327.42060250873715,2.0,575.798569011236,2.0,12.85,$/mt,73625.0,70000.0,85000.0,77500.0,30.0,12000.0,25000.0,SEAROUTE,SEAROUTE_CALCULATED,POSITION_ONLY,True
IMO_9700823,9700823,352286000,CAPE HOPE,,UNKNOWN,13,"Adang Bay (East Kalimantan), Indonesia","Kandla, India",Supramax,steam coal,,,-23.8005,151.49697,-1.7376896,116.3477513,23.0177525,70.2096164,2433.7241322623695,3925.9038662092103,0.2,12.0,ROUTE_SPEED,208.81034435519746,327.15865551743417,2.0,583.9689998726317,2.0,26.5,$/mt,54625.0,50000.0,65000.0,57500.0,30.0,12000.0,25000.0,SEAROUTE,SEAROUTE_CALCULATED,POSITION_ONLY,True
IMO_9700823,9700823,352286000,CAPE HOPE,,UNKNOWN,6,"Banjarmasin (South Kalimantan), Indonesia","Krishnapatnam, India",Panamax,thermal coal,,,-23.8005,151.49697,-3.3187496,114.5925828,14.2592415,80.0564758,2466.585155507798,2408.301246605427,0.2,12.0,ROUTE_SPEED,211.54876295898316,200.69177055045225,2.0,460.2405335094354,2.0,11.8,$/mt,73625.0,70000.0,85000.0,77500.0,30.0,12000.0,25000.0,SEAROUTE,SEAROUTE_CALCULATED,POSITION_ONLY,True
IMO_9700823,9700823,352286000,CAPE HOPE,,UNKNOWN,8,"Banjarmasin (South Kalimantan), Indonesia","Dahej, India",Panamax,thermal coal,,,-23.8005,151.49697,-3.3187496,114.5925828,21.709301,72.5893963,2466.585155507798,3443.2178891213243,0.2,12.0,ROUTE_SPEED,211.54876295898316,286.9348240934437,2.0,546.4835870524269,2.0,13.1,$/mt,73625.0,70000.0,85000.0,77500.0,30.0,12000.0,25000.0,SEAROUTE,SEAROUTE_CALCULATED,POSITION_ONLY,True
IMO_9700823,9700823,352286000,CAPE HOPE,,UNKNOWN,3,"East Kalimantan, Indonesia","Navlakhi, India",Supramax,coal,,,-23.8005,151.49697,0.7884397,116.2419977,22.9582815,70.4496687,2530.0334452755224,4102.581709223877,0.2,12.0,ROUTE_SPEED,216.83612043962685,341.88180910198975,2.0,606.7179295416166,2.0,18.45,$/mt,54625.0,50000.0,65000.0,57500.0,30.0,12000.0,25000.0,SEAROUTE,SEAROUTE_CALCULATED,POSITION_ONLY,True
IMO_9700823,9700823,352286000,CAPE HOPE,,UNKNOWN,7,"East Kalimantan, Indonesia","Paradip, India",Supramax,coal,,,-23.8005,151.49697,0.7884397,116.2419977,20.286946,86.6739979,2530.0334452755224,2752.598463285374,0.2,12.0,ROUTE_SPEED,216.83612043962685,229.38320527378116,2.0,494.219325713408,2.0,16.05,$/mt,54625.0,50000.0,65000.0,57500.0,30.0,12000.0,25000.0,SEAROUTE,SEAROUTE_CALCULATED,POSITION_ONLY,True
IMO_9700823,9700823,352286000,CAPE HOPE,,UNKNOWN,14,"East Kalimantan, Indonesia","Paradip, India",Supramax,thermal coal,,,-23.8005,151.49697,0.7884397,116.2419977,20.286946,86.6739979,2530.0334452755224,2752.598463285374,0.2,12.0,ROUTE_SPEED,216.83612043962685,229.38320527378116,2.0,494.219325713408,2.0,15.0,$/mt,54625.0,50000.0,65000.0,57500.0,30.0,12000.0,25000.0,SEAROUTE,SEAROUTE_CALCULATED,POSITION_ONLY,True
IMO_9700823,9700823,352286000,CAPE HOPE,,UNKNOWN,1,"Richards Bay, South Africa","Navlakhi, India",Supramax,coal,,,-23.8005,151.49697,-28.7707857,32.0577775,22.9582815,70.4496687,6096.161082145293,3938.9061722773454,0.2,12.0,ROUTE_SPEED,514.0134235121077,328.2421810231121,2.0,890.2556045352198,2.0,19.35,$/mt,54625.0,50000.0,65000.0,57500.0,30.0,12000.0,25000.0,SEAROUTE,SEAROUTE_CALCULATED,POSITION_ONLY,True
IMO_9700823,9700823,352286000,CAPE HOPE,,UNKNOWN,9,"Richards Bay, South Africa","Paradip, India",Panamax,thermal coal,,,-23.8005,151.49697,-28.7707857,32.0577775,20.286946,86.6739979,6096.161082145293,4667.806005082153,0.2,12.0,ROUTE_SPEED,514.0134235121077,388.9838337568461,2.0,950.9972572689537,2.0,18.6,$/mt,73625.0,70000.0,85000.0,77500.0,30.0,12000.0,25000.0,SEAROUTE,SEAROUTE_CALCULATED,POSITION_ONLY,True
IMO_9700823,9700823,352286000,CAPE HOPE,,UNKNOWN,16,"Richards Bay, South Africa","Gangavaram, India",Capesize,coal,,,-23.8005,151.49697,-28.7707857,32.0577775,13.2351728,78.7511018,6096.161082145293,4164.634114888308,0.2,12.0,ROUTE_SPEED,514.0134235121077,347.05284290735904,2.0,909.0662664194667,2.0,14.0,$/mt,166250.0,150000.0,200000.0,175000.0,30.0,12000.0,25000.0,SEAROUTE,SEAROUTE_CALCULATED,POSITION_ONLY,True
IMO_9700823,9700823,352286000,CAPE HOPE,,UNKNOWN,18,"Richards Bay, South Africa","Haldia, India",Panamax,coking / thermal coal,,,-23.8005,151.49697,-28.7707857,32.0577775,22.028124,88.0632655,6096.161082145293,4736.344187320068,0.2,12.0,ROUTE_SPEED,514.0134235121077,394.695348943339,2.0,956.7087724554467,2.0,12.8,$/mt,73625.0,70000.0,85000.0,77500.0,30.0,12000.0,25000.0,SEAROUTE,SEAROUTE_CALCULATED,POSITION_ONLY,True
IMO_9700823,9700823,352286000,CAPE HOPE,,UNKNOWN,19,"Richards Bay, South Africa","Kandla, India",Capesize,coal,,,-23.8005,151.49697,-28.7707857,32.0577775,23.0177525,70.2096164,6096.161082145293,3938.9061722773454,0.2,12.0,ROUTE_SPEED,514.0134235121077,328.2421810231121,2.0,890.2556045352198,2.0,17.45,$/mt,166250.0,150000.0,200000.0,175000.0,30.0,12000.0,25000.0,SEAROUTE,SEAROUTE_CALCULATED,POSITION_ONLY,True
IMO_9700823,9700823,352286000,CAPE HOPE,,UNKNOWN,23,"Richards Bay, South Africa","Krishnapatnam, India",Capesize,coal,,,-23.8005,151.49697,-28.7707857,32.0577775,14.2592415,80.0564758,6096.161082145293,4164.634114888308,0.2,12.0,ROUTE_SPEED,514.0134235121077,347.05284290735904,2.0,909.0662664194667,2.0,19.55,$/mt,166250.0,150000.0,200000.0,175000.0,30.0,12000.0,25000.0,SEAROUTE,SEAROUTE_CALCULATED,POSITION_ONLY,True
IMO_9700823,9700823,352286000,CAPE HOPE,,UNKNOWN,12,Mozambique (Beira / Maputo),East Coast India,Handysize,coking coal,,,-23.8005,151.49697,-25.966213,32.56745,20.286946,86.6739979,6171.013762113106,4601.384016575973,0.2,12.0,ROUTE_SPEED,520.2511468427589,383.4486680479977,2.0,951.6998148907567,2.0,43.75,$/mt,,,,,30.0,12000.0,25000.0,SEAROUTE,SEAROUTE_CALCULATED,POSITION_ONLY,True
IMO_9700823,9700823,352286000,CAPE HOPE,,UNKNOWN,15,Atlantic / Black Sea ports (Taman / Ust-Luga proxy),"Visakhapatnam, India",Panamax,coal,,,-23.8005,151.49697,45.2158646,36.7191326,17.6935526,83.2921297,7434.067503680471,5565.87430627969,0.2,12.0,ROUTE_SPEED,625.505625306706,463.82285885664083,2.0,1137.3284841633467,2.0,19.5,$/mt,73625.0,70000.0,85000.0,77500.0,30.0,12000.0,25000.0,SEAROUTE,SEAROUTE_CALCULATED,POSITION_ONLY,True
IMO_9700823,9700823,352286000,CAPE HOPE,,UNKNOWN,24,US East Coast (Hampton Roads / Baltimore),East Coast India (Paradip / Visakhapatnam),Panamax,coal / coking coal,,,-23.8005,151.49697,36.9507552,-76.4114187,20.286946,86.6739979,8232.425973842703,9913.44136694391,0.2,12.0,ROUTE_SPEED,692.0354978202253,826.1201139119926,2.0,1566.155611732218,2.0,44.35,$/mt,73625.0,70000.0,85000.0,77500.0,30.0,12000.0,25000.0,SEAROUTE,SEAROUTE_CALCULATED,POSITION_ONLY,True
IMO_9708318,9708318,636016900,CAROLA,,UNKNOWN,0,"Queensland (Gladstone / Hay Point), Australia","Visakhapatnam & Haldia, India",Panamax,coking coal,,,-23.89876,151.57304,-21.298313,149.2693543,17.6935526,83.2921297,201.6892151786675,4926.710066752748,0.2,12.0,ROUTE_SPEED,22.80743459822229,410.5591722293957,2.0,481.366606827618,2.0,47.0,$/mt,73625.0,70000.0,85000.0,77500.0,30.0,12000.0,25000.0,SEAROUTE,SEAROUTE_CALCULATED,POSITION_ONLY,True
IMO_9708318,9708318,636016900,CAROLA,,UNKNOWN,2,"Hay Point, Australia","Paradip, India",Panamax,coking coal,,,-23.89876,151.57304,-21.298313,149.2693543,20.286946,86.6739979,201.6892151786675,4899.001585207413,0.2,12.0,ROUTE_SPEED,22.80743459822229,408.25013210061775,2.0,479.05756669884005,2.0,13.8,$/mt,73625.0,70000.0,85000.0,77500.0,30.0,12000.0,25000.0,SEAROUTE,SEAROUTE_CALCULATED,POSITION_ONLY,True
IMO_9708318,9708318,636016900,CAROLA,,UNKNOWN,4,"Hay Point, Australia","Visakhapatnam, India",Panamax,metallurgical coal,,,-23.89876,151.57304,-21.298313,149.2693543,17.6935526,83.2921297,201.6892151786675,4926.710066752748,0.2,12.0,ROUTE_SPEED,22.80743459822229,410.5591722293957,2.0,481.366606827618,2.0,23.3,$/mt,73625.0,70000.0,85000.0,77500.0,30.0,12000.0,25000.0,SEAROUTE,SEAROUTE_CALCULATED,POSITION_ONLY,True
IMO_9708318,9708318,636016900,CAROLA,,UNKNOWN,5,"Hay Point, Australia","Paradip, India",Panamax,metallurgical coal,,,-23.89876,151.57304,-21.298313,149.2693543,20.286946,86.6739979,201.6892151786675,4899.001585207413,0.2,12.0,ROUTE_SPEED,22.80743459822229,408.25013210061775,2.0,479.05756669884005,2.0,21.1,$/mt,73625.0,70000.0,85000.0,77500.0,30.0,12000.0,25000.0,SEAROUTE,SEAROUTE_CALCULATED,POSITION_ONLY,True
IMO_9708318,9708318,636016900,CAROLA,,UNKNOWN,11,"Hay Point, Australia","Visakhapatnam, India",Panamax,coal,,,-23.89876,151.57304,-21.298313,149.2693543,17.6935526,83.2921297,201.6892151786675,4926.710066752748,0.2,12.0,ROUTE_SPEED,22.80743459822229,410.5591722293957,2.0,481.366606827618,2.0,27.85,$/mt,73625.0,70000.0,85000.0,77500.0,30.0,12000.0,25000.0,SEAROUTE,SEAROUTE_CALCULATED,POSITION_ONLY,True
IMO_9708318,9708318,636016900,CAROLA,,UNKNOWN,20,East Coast Australia,East Coast India,Panamax,coal,,,-23.89876,151.57304,-27.4689623,153.0235009,20.286946,86.6739979,228.26466091134185,5329.775100266468,0.2,12.0,ROUTE_SPEED,25.022055075945154,444.1479250222057,2.0,517.1699800981509,2.0,17.7,$/mt,73625.0,70000.0,85000.0,77500.0,30.0,12000.0,25000.0,SEAROUTE,SEAROUTE_CALCULATED,POSITION_ONLY,True
IMO_9708318,9708318,636016900,CAROLA,,UNKNOWN,17,"Queensland, Australia","Haldia, India",Panamax,coking coal,,,-23.89876,151.57304,-22.1646782,144.5844903,22.028124,88.0632655,399.88146024575855,4732.350582884308,0.2,12.0,ROUTE_SPEED,39.32345502047988,394.3625485736923,2.0,481.6860035941722,2.0,20.3,$/mt,73625.0,70000.0,85000.0,77500.0,30.0,12000.0,25000.0,SEAROUTE,SEAROUTE_CALCULATED,POSITION_ONLY,True
IMO_9708318,9708318,636016900,CAROLA,,UNKNOWN,10,Indonesia,"Paradip, India",Supramax,thermal coal,,,-23.89876,151.57304,-2.4833826,117.8902853,20.286946,86.6739979,2339.0042849469855,2579.0639841663437,0.2,12.0,ROUTE_SPEED,200.91702374558213,214.92199868052865,2.0,463.8390224261108,2.0,21.3,$/mt,54625.0,50000.0,65000.0,57500.0,30.0,12000.0,25000.0,SEAROUTE,SEAROUTE_CALCULATED,POSITION_ONLY,True
IMO_9708318,9708318,636016900,CAROLA,,UNKNOWN,21,Indonesia,East Coast India,Panamax,coal,,,-23.89876,151.57304,-2.4833826,117.8902853,20.286946,86.6739979,2339.0042849469855,2579.0639841663437,0.2,12.0,ROUTE_SPEED,200.91702374558213,214.92199868052865,2.0,463.8390224261108,2.0,11.2,$/mt,73625.0,70000.0,85000.0,77500.0,30.0,12000.0,25000.0,SEAROUTE,SEAROUTE_CALCULATED,POSITION_ONLY,True
IMO_9708318,9708318,636016900,CAROLA,,UNKNOWN,22,Indonesia,West Coast India,Panamax,coal,,,-23.89876,151.57304,-2.4833826,117.8902853,23.0177525,70.2096164,2339.0042849469855,3929.0472301048458,0.2,12.0,ROUTE_SPEED,200.91702374558213,327.42060250873715,2.0,576.3376262543193,2.0,12.85,$/mt,73625.0,70000.0,85000.0,77500.0,30.0,12000.0,25000.0,SEAROUTE,SEAROUTE_CALCULATED,POSITION_ONLY,True
IMO_9708318,9708318,636016900,CAROLA,,UNKNOWN,13,"Adang Bay (East Kalimantan), Indonesia","Kandla, India",Supramax,steam coal,,,-23.89876,151.57304,-1.7376896,116.3477513,23.0177525,70.2096164,2440.165789682823,3925.9038662092103,0.2,12.0,ROUTE_SPEED,209.34714914023525,327.15865551743417,2.0,584.5058046576694,2.0,26.5,$/mt,54625.0,50000.0,65000.0,57500.0,30.0,12000.0,25000.0,SEAROUTE,SEAROUTE_CALCULATED,POSITION_ONLY,True
IMO_9708318,9708318,636016900,CAROLA,,UNKNOWN,6,"Banjarmasin (South Kalimantan), Indonesia","Krishnapatnam, India",Panamax,thermal coal,,,-23.89876,151.57304,-3.3187496,114.5925828,14.2592415,80.0564758,2472.813810115013,2408.301246605427,0.2,12.0,ROUTE_SPEED,212.06781750958442,200.69177055045225,2.0,460.75958806003666,2.0,11.8,$/mt,73625.0,70000.0,85000.0,77500.0,30.0,12000.0,25000.0,SEAROUTE,SEAROUTE_CALCULATED,POSITION_ONLY,True
IMO_9708318,9708318,636016900,CAROLA,,UNKNOWN,8,"Banjarmasin (South Kalimantan), Indonesia","Dahej, India",Panamax,thermal coal,,,-23.89876,151.57304,-3.3187496,114.5925828,21.709301,72.5893963,2472.813810115013,3443.2178891213243,0.2,12.0,ROUTE_SPEED,212.06781750958442,286.9348240934437,2.0,547.0026416030281,2.0,13.1,$/mt,73625.0,70000.0,85000.0,77500.0,30.0,12000.0,25000.0,SEAROUTE,SEAROUTE_CALCULATED,POSITION_ONLY,True
IMO_9708318,9708318,636016900,CAROLA,,UNKNOWN,3,"East Kalimantan, Indonesia","Navlakhi, India",Supramax,coal,,,-23.89876,151.57304,0.7884397,116.2419977,22.9582815,70.4496687,2536.635624941347,4102.581709223877,0.2,12.0,ROUTE_SPEED,217.3863020784456,341.88180910198975,2.0,607.2681111804353,2.0,18.45,$/mt,54625.0,50000.0,65000.0,57500.0,30.0,12000.0,25000.0,SEAROUTE,SEAROUTE_CALCULATED,POSITION_ONLY,True
IMO_9708318,9708318,636016900,CAROLA,,UNKNOWN,7,"East Kalimantan, Indonesia","Paradip, India",Supramax,coal,,,-23.89876,151.57304,0.7884397,116.2419977,20.286946,86.6739979,2536.635624941347,2752.598463285374,0.2,12.0,ROUTE_SPEED,217.3863020784456,229.38320527378116,2.0,494.76950735222675,2.0,16.05,$/mt,54625.0,50000.0,65000.0,57500.0,30.0,12000.0,25000.0,SEAROUTE,SEAROUTE_CALCULATED,POSITION_ONLY,True
IMO_9708318,9708318,636016900,CAROLA,,UNKNOWN,14,"East Kalimantan, Indonesia","Paradip, India",Supramax,thermal coal,,,-23.89876,151.57304,0.7884397,116.2419977,20.286946,86.6739979,2536.635624941347,2752.598463285374,0.2,12.0,ROUTE_SPEED,217.3863020784456,229.38320527378116,2.0,494.76950735222675,2.0,15.0,$/mt,54625.0,50000.0,65000.0,57500.0,30.0,12000.0,25000.0,SEAROUTE,SEAROUTE_CALCULATED,POSITION_ONLY,True
IMO_9708318,9708318,636016900,CAROLA,,UNKNOWN,1,"Richards Bay, South Africa","Navlakhi, India",Supramax,coal,,,-23.89876,151.57304,-28.7707857,32.0577775,22.9582815,70.4496687,6095.713717444154,3938.9061722773454,0.2,12.0,ROUTE_SPEED,513.9761431203463,328.2421810231121,2.0,890.2183241434584,2.0,19.35,$/mt,54625.0,50000.0,65000.0,57500.0,30.0,12000.0,25000.0,SEAROUTE,SEAROUTE_CALCULATED,POSITION_ONLY,True
IMO_9708318,9708318,636016900,CAROLA,,UNKNOWN,9,"Richards Bay, South Africa","Paradip, India",Panamax,thermal coal,,,-23.89876,151.57304,-28.7707857,32.0577775,20.286946,86.6739979,6095.713717444154,4667.806005082153,0.2,12.0,ROUTE_SPEED,513.9761431203463,388.9838337568461,2.0,950.9599768771923,2.0,18.6,$/mt,73625.0,70000.0,85000.0,77500.0,30.0,12000.0,25000.0,SEAROUTE,SEAROUTE_CALCULATED,POSITION_ONLY,True
IMO_9708318,9708318,636016900,CAROLA,,UNKNOWN,16,"Richards Bay, South Africa","Gangavaram, India",Capesize,coal,,,-23.89876,151.57304,-28.7707857,32.0577775,13.2351728,78.7511018,6095.713717444154,4164.634114888308,0.2,12.0,ROUTE_SPEED,513.9761431203463,347.05284290735904,2.0,909.0289860277053,2.0,14.0,$/mt,166250.0,150000.0,200000.0,175000.0,30.0,12000.0,25000.0,SEAROUTE,SEAROUTE_CALCULATED,POSITION_ONLY,True
IMO_9708318,9708318,636016900,CAROLA,,UNKNOWN,18,"Richards Bay, South Africa","Haldia, India",Panamax,coking / thermal coal,,,-23.89876,151.57304,-28.7707857,32.0577775,22.028124,88.0632655,6095.713717444154,4736.344187320068,0.2,12.0,ROUTE_SPEED,513.9761431203463,394.695348943339,2.0,956.6714920636853,2.0,12.8,$/mt,73625.0,70000.0,85000.0,77500.0,30.0,12000.0,25000.0,SEAROUTE,SEAROUTE_CALCULATED,POSITION_ONLY,True
IMO_9708318,9708318,636016900,CAROLA,,UNKNOWN,19,"Richards Bay, South Africa","Kandla, India",Capesize,coal,,,-23.89876,151.57304,-28.7707857,32.0577775,23.0177525,70.2096164,6095.713717444154,3938.9061722773454,0.2,12.0,ROUTE_SPEED,513.9761431203463,328.2421810231121,2.0,890.2183241434584,2.0,17.45,$/mt,166250.0,150000.0,200000.0,175000.0,30.0,12000.0,25000.0,SEAROUTE,SEAROUTE_CALCULATED,POSITION_ONLY,True
IMO_9708318,9708318,636016900,CAROLA,,UNKNOWN,23,"Richards Bay, South Africa","Krishnapatnam, India",Capesize,coal,,,-23.89876,151.57304,-28.7707857,32.0577775,14.2592415,80.0564758,6095.713717444154,4164.634114888308,0.2,12.0,ROUTE_SPEED,513.9761431203463,347.05284290735904,2.0,909.0289860277053,2.0,19.55,$/mt,166250.0,150000.0,200000.0,175000.0,30.0,12000.0,25000.0,SEAROUTE,SEAROUTE_CALCULATED,POSITION_ONLY,True
IMO_9708318,9708318,636016900,CAROLA,,UNKNOWN,12,Mozambique (Beira / Maputo),East Coast India,Handysize,coking coal,,,-23.89876,151.57304,-25.966213,32.56745,20.286946,86.6739979,6170.895397121862,4601.384016575973,0.2,12.0,ROUTE_SPEED,520.2412830934885,383.4486680479977,2.0,951.6899511414863,2.0,43.75,$/mt,,,,,30.0,12000.0,25000.0,SEAROUTE,SEAROUTE_CALCULATED,POSITION_ONLY,True
IMO_9708318,9708318,636016900,CAROLA,,UNKNOWN,15,Atlantic / Black Sea ports (Taman / Ust-Luga proxy),"Visakhapatnam, India",Panamax,coal,,,-23.89876,151.57304,45.2158646,36.7191326,17.6935526,83.2921297,7441.047840146929,5565.87430627969,0.2,12.0,ROUTE_SPEED,626.087320012244,463.82285885664083,2.0,1137.910178868885,2.0,19.5,$/mt,73625.0,70000.0,85000.0,77500.0,30.0,12000.0,25000.0,SEAROUTE,SEAROUTE_CALCULATED,POSITION_ONLY,True
IMO_9708318,9708318,636016900,CAROLA,,UNKNOWN,24,US East Coast (Hampton Roads / Baltimore),East Coast India (Paradip / Visakhapatnam),Panamax,coal / coking coal,,,-23.89876,151.57304,36.9507552,-76.4114187,20.286946,86.6739979,8231.673625146663,9913.44136694391,0.2,12.0,ROUTE_SPEED,691.9728020955553,826.1201139119926,2.0,1566.092916007548,2.0,44.35,$/mt,73625.0,70000.0,85000.0,77500.0,30.0,12000.0,25000.0,SEAROUTE,SEAROUTE_CALCULATED,POSITION_ONLY,True
IMO_9713442,9713442,372754000,CAPE HARVEST,,UNKNOWN,0,"Queensland (Gladstone / Hay Point), Australia","Visakhapatnam & Haldia, India",Panamax,coking coal,,,-23.84951,151.45999,-21.298313,149.2693543,17.6935526,83.2921297,195.47045335694773,4926.710066752748,0.3,12.0,ROUTE_SPEED,22.28920444641231,410.5591722293957,2.0,480.848376675808,2.0,47.0,$/mt,73625.0,70000.0,85000.0,77500.0,30.0,12000.0,25000.0,SEAROUTE,SEAROUTE_CALCULATED,POSITION_ONLY,True
IMO_9713442,9713442,372754000,CAPE HARVEST,,UNKNOWN,2,"Hay Point, Australia","Paradip, India",Panamax,coking coal,,,-23.84951,151.45999,-21.298313,149.2693543,20.286946,86.6739979,195.47045335694773,4899.001585207413,0.3,12.0,ROUTE_SPEED,22.28920444641231,408.25013210061775,2.0,478.5393365470301,2.0,13.8,$/mt,73625.0,70000.0,85000.0,77500.0,30.0,12000.0,25000.0,SEAROUTE,SEAROUTE_CALCULATED,POSITION_ONLY,True
IMO_9713442,9713442,372754000,CAPE HARVEST,,UNKNOWN,4,"Hay Point, Australia","Visakhapatnam, India",Panamax,metallurgical coal,,,-23.84951,151.45999,-21.298313,149.2693543,17.6935526,83.2921297,195.47045335694773,4926.710066752748,0.3,12.0,ROUTE_SPEED,22.28920444641231,410.5591722293957,2.0,480.848376675808,2.0,23.3,$/mt,73625.0,70000.0,85000.0,77500.0,30.0,12000.0,25000.0,SEAROUTE,SEAROUTE_CALCULATED,POSITION_ONLY,True
IMO_9713442,9713442,372754000,CAPE HARVEST,,UNKNOWN,5,"Hay Point, Australia","Paradip, India",Panamax,metallurgical coal,,,-23.84951,151.45999,-21.298313,149.2693543,20.286946,86.6739979,195.47045335694773,4899.001585207413,0.3,12.0,ROUTE_SPEED,22.28920444641231,408.25013210061775,2.0,478.5393365470301,2.0,21.1,$/mt,73625.0,70000.0,85000.0,77500.0,30.0,12000.0,25000.0,SEAROUTE,SEAROUTE_CALCULATED,POSITION_ONLY,True
IMO_9713442,9713442,372754000,CAPE HARVEST,,UNKNOWN,11,"Hay Point, Australia","Visakhapatnam, India",Panamax,coal,,,-23.84951,151.45999,-21.298313,149.2693543,17.6935526,83.2921297,195.47045335694773,4926.710066752748,0.3,12.0,ROUTE_SPEED,22.28920444641231,410.5591722293957,2.0,480.848376675808,2.0,27.85,$/mt,73625.0,70000.0,85000.0,77500.0,30.0,12000.0,25000.0,SEAROUTE,SEAROUTE_CALCULATED,POSITION_ONLY,True
IMO_9713442,9713442,372754000,CAPE HARVEST,,UNKNOWN,20,East Coast Australia,East Coast India,Panamax,coal,,,-23.84951,151.45999,-27.4689623,153.0235009,20.286946,86.6739979,233.1974353179505,5329.775100266468,0.3,12.0,ROUTE_SPEED,25.43311960982921,444.1479250222057,2.0,517.581044632035,2.0,17.7,$/mt,73625.0,70000.0,85000.0,77500.0,30.0,12000.0,25000.0,SEAROUTE,SEAROUTE_CALCULATED,POSITION_ONLY,True
IMO_9713442,9713442,372754000,CAPE HARVEST,,UNKNOWN,17,"Queensland, Australia","Haldia, India",Panamax,coking coal,,,-23.84951,151.45999,-22.1646782,144.5844903,22.028124,88.0632655,393.1527767700944,4732.350582884308,0.3,12.0,ROUTE_SPEED,38.76273139750787,394.3625485736923,2.0,481.1252799712002,2.0,20.3,$/mt,73625.0,70000.0,85000.0,77500.0,30.0,12000.0,25000.0,SEAROUTE,SEAROUTE_CALCULATED,POSITION_ONLY,True
IMO_9713442,9713442,372754000,CAPE HARVEST,,UNKNOWN,10,Indonesia,"Paradip, India",Supramax,thermal coal,,,-23.84951,151.45999,-2.4833826,117.8902853,20.286946,86.6739979,2332.137067052458,2579.0639841663437,0.3,12.0,ROUTE_SPEED,200.34475558770484,214.92199868052865,2.0,463.2667542682335,2.0,21.3,$/mt,54625.0,50000.0,65000.0,57500.0,30.0,12000.0,25000.0,SEAROUTE,SEAROUTE_CALCULATED,POSITION_ONLY,True
IMO_9713442,9713442,372754000,CAPE HARVEST,,UNKNOWN,21,Indonesia,East Coast India,Panamax,coal,,,-23.84951,151.45999,-2.4833826,117.8902853,20.286946,86.6739979,2332.137067052458,2579.0639841663437,0.3,12.0,ROUTE_SPEED,200.34475558770484,214.92199868052865,2.0,463.2667542682335,2.0,11.2,$/mt,73625.0,70000.0,85000.0,77500.0,30.0,12000.0,25000.0,SEAROUTE,SEAROUTE_CALCULATED,POSITION_ONLY,True
IMO_9713442,9713442,372754000,CAPE HARVEST,,UNKNOWN,22,Indonesia,West Coast India,Panamax,coal,,,-23.84951,151.45999,-2.4833826,117.8902853,23.0177525,70.2096164,2332.137067052458,3929.0472301048458,0.3,12.0,ROUTE_SPEED,200.34475558770484,327.42060250873715,2.0,575.765358096442,2.0,12.85,$/mt,73625.0,70000.0,85000.0,77500.0,30.0,12000.0,25000.0,SEAROUTE,SEAROUTE_CALCULATED,POSITION_ONLY,True
IMO_9713442,9713442,372754000,CAPE HARVEST,,UNKNOWN,13,"Adang Bay (East Kalimantan), Indonesia","Kandla, India",Supramax,steam coal,,,-23.84951,151.45999,-1.7376896,116.3477513,23.0177525,70.2096164,2433.296048330174,3925.9038662092103,0.3,12.0,ROUTE_SPEED,208.77467069418117,327.15865551743417,2.0,583.9333262116154,2.0,26.5,$/mt,54625.0,50000.0,65000.0,57500.0,30.0,12000.0,25000.0,SEAROUTE,SEAROUTE_CALCULATED,POSITION_ONLY,True
IMO_9713442,9713442,372754000,CAPE HARVEST,,UNKNOWN,6,"Banjarmasin (South Kalimantan), Indonesia","Krishnapatnam, India",Panamax,thermal coal,,,-23.84951,151.45999,-3.3187496,114.5925828,14.2592415,80.0564758,2465.9402054717607,2408.301246605427,0.3,12.0,ROUTE_SPEED,211.49501712264671,200.69177055045225,2.0,460.18678767309893,2.0,11.8,$/mt,73625.0,70000.0,85000.0,77500.0,30.0,12000.0,25000.0,SEAROUTE,SEAROUTE_CALCULATED,POSITION_ONLY,True
IMO_9713442,9713442,372754000,CAPE HARVEST,,UNKNOWN,8,"Banjarmasin (South Kalimantan), Indonesia","Dahej, India",Panamax,thermal coal,,,-23.84951,151.45999,-3.3187496,114.5925828,21.709301,72.5893963,2465.9402054717607,3443.2178891213243,0.3,12.0,ROUTE_SPEED,211.49501712264671,286.9348240934437,2.0,546.4298412160904,2.0,13.1,$/mt,73625.0,70000.0,85000.0,77500.0,30.0,12000.0,25000.0,SEAROUTE,SEAROUTE_CALCULATED,POSITION_ONLY,True
IMO_9713442,9713442,372754000,CAPE HARVEST,,UNKNOWN,3,"East Kalimantan, Indonesia","Navlakhi, India",Supramax,coal,,,-23.84951,151.45999,0.7884397,116.2419977,22.9582815,70.4496687,2529.7891059866975,4102.581709223877,0.3,12.0,ROUTE_SPEED,216.8157588322248,341.88180910198975,2.0,606.6975679342145,2.0,18.45,$/mt,54625.0,50000.0,65000.0,57500.0,30.0,12000.0,25000.0,SEAROUTE,SEAROUTE_CALCULATED,POSITION_ONLY,True
IMO_9713442,9713442,372754000,CAPE HARVEST,,UNKNOWN,7,"East Kalimantan, Indonesia","Paradip, India",Supramax,coal,,,-23.84951,151.45999,0.7884397,116.2419977,20.286946,86.6739979,2529.7891059866975,2752.598463285374,0.3,12.0,ROUTE_SPEED,216.8157588322248,229.38320527378116,2.0,494.198964106006,2.0,16.05,$/mt,54625.0,50000.0,65000.0,57500.0,30.0,12000.0,25000.0,SEAROUTE,SEAROUTE_CALCULATED,POSITION_ONLY,True
IMO_9713442,9713442,372754000,CAPE HARVEST,,UNKNOWN,14,"East Kalimantan, Indonesia","Paradip, India",Supramax,thermal coal,,,-23.84951,151.45999,0.7884397,116.2419977,20.286946,86.6739979,2529.7891059866975,2752.598463285374,0.3,12.0,ROUTE_SPEED,216.8157588322248,229.38320527378116,2.0,494.198964106006,2.0,15.0,$/mt,54625.0,50000.0,65000.0,57500.0,30.0,12000.0,25000.0,SEAROUTE,SEAROUTE_CALCULATED,POSITION_ONLY,True
IMO_9713442,9713442,372754000,CAPE HARVEST,,UNKNOWN,1,"Richards Bay, South Africa","Navlakhi, India",Supramax,coal,,,-23.84951,151.45999,-28.7707857,32.0577775,22.9582815,70.4496687,6092.734063235637,3938.9061722773454,0.3,12.0,ROUTE_SPEED,513.7278386029698,328.2421810231121,2.0,889.9700196260819,2.0,19.35,$/mt,54625.0,50000.0,65000.0,57500.0,30.0,12000.0,25000.0,SEAROUTE,SEAROUTE_CALCULATED,POSITION_ONLY,True
IMO_9713442,9713442,372754000,CAPE HARVEST,,UNKNOWN,9,"Richards Bay, South Africa","Paradip, India",Panamax,thermal coal,,,-23.84951,151.45999,-28.7707857,32.0577775,20.286946,86.6739979,6092.734063235637,4667.806005082153,0.3,12.0,ROUTE_SPEED,513.7278386029698,388.9838337568461,2.0,950.7116723598158,2.0,18.6,$/mt,73625.0,70000.0,85000.0,77500.0,30.0,12000.0,25000.0,SEAROUTE,SEAROUTE_CALCULATED,POSITION_ONLY,True
IMO_9713442,9713442,372754000,CAPE HARVEST,,UNKNOWN,16,"Richards Bay, South Africa","Gangavaram, India",Capesize,coal,,,-23.84951,151.45999,-28.7707857,32.0577775,13.2351728,78.7511018,6092.734063235637,4164.634114888308,0.3,12.0,ROUTE_SPEED,513.7278386029698,347.05284290735904,2.0,908.7806815103288,2.0,14.0,$/mt,166250.0,150000.0,200000.0,175000.0,30.0,12000.0,25000.0,SEAROUTE,SEAROUTE_CALCULATED,POSITION_ONLY,True
IMO_9713442,9713442,372754000,CAPE HARVEST,,UNKNOWN,18,"Richards Bay, South Africa","Haldia, India",Panamax,coking / thermal coal,,,-23.84951,151.45999,-28.7707857,32.0577775,22.028124,88.0632655,6092.734063235637,4736.344187320068,0.3,12.0,ROUTE_SPEED,513.7278386029698,394.695348943339,2.0,956.4231875463088,2.0,12.8,$/mt,73625.0,70000.0,85000.0,77500.0,30.0,12000.0,25000.0,SEAROUTE,SEAROUTE_CALCULATED,POSITION_ONLY,True
IMO_9713442,9713442,372754000,CAPE HARVEST,,UNKNOWN,19,"Richards Bay, South Africa","Kandla, India",Capesize,coal,,,-23.84951,151.45999,-28.7707857,32.0577775,23.0177525,70.2096164,6092.734063235637,3938.9061722773454,0.3,12.0,ROUTE_SPEED,513.7278386029698,328.2421810231121,2.0,889.9700196260819,2.0,17.45,$/mt,166250.0,150000.0,200000.0,175000.0,30.0,12000.0,25000.0,SEAROUTE,SEAROUTE_CALCULATED,POSITION_ONLY,True
IMO_9713442,9713442,372754000,CAPE HARVEST,,UNKNOWN,23,"Richards Bay, South Africa","Krishnapatnam, India",Capesize,coal,,,-23.84951,151.45999,-28.7707857,32.0577775,14.2592415,80.0564758,6092.734063235637,4164.634114888308,0.3,12.0,ROUTE_SPEED,513.7278386029698,347.05284290735904,2.0,908.7806815103288,2.0,19.55,$/mt,166250.0,150000.0,200000.0,175000.0,30.0,12000.0,25000.0,SEAROUTE,SEAROUTE_CALCULATED,POSITION_ONLY,True
IMO_9713442,9713442,372754000,CAPE HARVEST,,UNKNOWN,12,Mozambique (Beira / Maputo),East Coast India,Handysize,coking coal,,,-23.84951,151.45999,-25.966213,32.56745,20.286946,86.6739979,6167.636746774941,4601.384016575973,0.3,12.0,ROUTE_SPEED,519.9697288979118,383.4486680479977,2.0,951.4183969459095,2.0,43.75,$/mt,,,,,30.0,12000.0,25000.0,SEAROUTE,SEAROUTE_CALCULATED,POSITION_ONLY,True
IMO_9713442,9713442,372754000,CAPE HARVEST,,UNKNOWN,15,Atlantic / Black Sea ports (Taman / Ust-Luga proxy),"Visakhapatnam, India",Panamax,coal,,,-23.84951,151.45999,45.2158646,36.7191326,17.6935526,83.2921297,7434.3812258610815,5565.87430627969,0.3,12.0,ROUTE_SPEED,625.5317688217568,463.82285885664083,2.0,1137.3546276783977,2.0,19.5,$/mt,73625.0,70000.0,85000.0,77500.0,30.0,12000.0,25000.0,SEAROUTE,SEAROUTE_CALCULATED,POSITION_ONLY,True
IMO_9713442,9713442,372754000,CAPE HARVEST,,UNKNOWN,24,US East Coast (Hampton Roads / Baltimore),East Coast India (Paradip / Visakhapatnam),Panamax,coal / coking coal,,,-23.84951,151.45999,36.9507552,-76.4114187,20.286946,86.6739979,8235.638766449978,9913.44136694391,0.3,12.0,ROUTE_SPEED,692.3032305374982,826.1201139119926,2.0,1566.4233444494907,2.0,44.35,$/mt,73625.0,70000.0,85000.0,77500.0,30.0,12000.0,25000.0,SEAROUTE,SEAROUTE_CALCULATED,POSITION_ONLY,True
IMO_9747390,9747390,538006474,DSI PEGASUS,,UNKNOWN,0,"Queensland (Gladstone / Hay Point), Australia","Visakhapatnam & Haldia, India",Panamax,coking coal,,,-23.79018,151.18005,-21.298313,149.2693543,17.6935526,83.2921297,183.3224725780983,4926.710066752748,0.0,12.0,ROUTE_SPEED,21.276872714841524,410.5591722293957,2.0,479.83604494423724,2.0,47.0,$/mt,73625.0,70000.0,85000.0,77500.0,30.0,12000.0,25000.0,SEAROUTE,SEAROUTE_CALCULATED,POSITION_ONLY,True
IMO_9747390,9747390,538006474,DSI PEGASUS,,UNKNOWN,2,"Hay Point, Australia","Paradip, India",Panamax,coking coal,,,-23.79018,151.18005,-21.298313,149.2693543,20.286946,86.6739979,183.3224725780983,4899.001585207413,0.0,12.0,ROUTE_SPEED,21.276872714841524,408.25013210061775,2.0,477.5270048154593,2.0,13.8,$/mt,73625.0,70000.0,85000.0,77500.0,30.0,12000.0,25000.0,SEAROUTE,SEAROUTE_CALCULATED,POSITION_ONLY,True
IMO_9747390,9747390,538006474,DSI PEGASUS,,UNKNOWN,4,"Hay Point, Australia","Visakhapatnam, India",Panamax,metallurgical coal,,,-23.79018,151.18005,-21.298313,149.2693543,17.6935526,83.2921297,183.3224725780983,4926.710066752748,0.0,12.0,ROUTE_SPEED,21.276872714841524,410.5591722293957,2.0,479.83604494423724,2.0,23.3,$/mt,73625.0,70000.0,85000.0,77500.0,30.0,12000.0,25000.0,SEAROUTE,SEAROUTE_CALCULATED,POSITION_ONLY,True
IMO_9747390,9747390,538006474,DSI PEGASUS,,UNKNOWN,5,"Hay Point, Australia","Paradip, India",Panamax,metallurgical coal,,,-23.79018,151.18005,-21.298313,149.2693543,20.286946,86.6739979,183.3224725780983,4899.001585207413,0.0,12.0,ROUTE_SPEED,21.276872714841524,408.25013210061775,2.0,477.5270048154593,2.0,21.1,$/mt,73625.0,70000.0,85000.0,77500.0,30.0,12000.0,25000.0,SEAROUTE,SEAROUTE_CALCULATED,POSITION_ONLY,True
IMO_9747390,9747390,538006474,DSI PEGASUS,,UNKNOWN,11,"Hay Point, Australia","Visakhapatnam, India",Panamax,coal,,,-23.79018,151.18005,-21.298313,149.2693543,17.6935526,83.2921297,183.3224725780983,4926.710066752748,0.0,12.0,ROUTE_SPEED,21.276872714841524,410.5591722293957,2.0,479.83604494423724,2.0,27.85,$/mt,73625.0,70000.0,85000.0,77500.0,30.0,12000.0,25000.0,SEAROUTE,SEAROUTE_CALCULATED,POSITION_ONLY,True
IMO_9747390,9747390,538006474,DSI PEGASUS,,UNKNOWN,20,East Coast Australia,East Coast India,Panamax,coal,,,-23.79018,151.18005,-27.4689623,153.0235009,20.286946,86.6739979,242.36033472576835,5329.775100266468,0.0,12.0,ROUTE_SPEED,26.196694560480697,444.1479250222057,2.0,518.3446195826864,2.0,17.7,$/mt,73625.0,70000.0,85000.0,77500.0,30.0,12000.0,25000.0,SEAROUTE,SEAROUTE_CALCULATED,POSITION_ONLY,True
IMO_9747390,9747390,538006474,DSI PEGASUS,,UNKNOWN,17,"Queensland, Australia","Haldia, India",Panamax,coking coal,,,-23.79018,151.18005,-22.1646782,144.5844903,22.028124,88.0632655,377.3702794078067,4732.350582884308,0.0,12.0,ROUTE_SPEED,37.4475232839839,394.3625485736923,2.0,479.81007185767623,2.0,20.3,$/mt,73625.0,70000.0,85000.0,77500.0,30.0,12000.0,25000.0,SEAROUTE,SEAROUTE_CALCULATED,POSITION_ONLY,True
IMO_9747390,9747390,538006474,DSI PEGASUS,,UNKNOWN,10,Indonesia,"Paradip, India",Supramax,thermal coal,,,-23.79018,151.18005,-2.4833826,117.8902853,20.286946,86.6739979,2316.9143312648794,2579.0639841663437,0.0,12.0,ROUTE_SPEED,199.07619427207328,214.92199868052865,2.0,461.9981929526019,2.0,21.3,$/mt,54625.0,50000.0,65000.0,57500.0,30.0,12000.0,25000.0,SEAROUTE,SEAROUTE_CALCULATED,POSITION_ONLY,True
IMO_9747390,9747390,538006474,DSI PEGASUS,,UNKNOWN,21,Indonesia,East Coast India,Panamax,coal,,,-23.79018,151.18005,-2.4833826,117.8902853,20.286946,86.6739979,2316.9143312648794,2579.0639841663437,0.0,12.0,ROUTE_SPEED,199.07619427207328,214.92199868052865,2.0,461.9981929526019,2.0,11.2,$/mt,73625.0,70000.0,85000.0,77500.0,30.0,12000.0,25000.0,SEAROUTE,SEAROUTE_CALCULATED,POSITION_ONLY,True
IMO_9747390,9747390,538006474,DSI PEGASUS,,UNKNOWN,22,Indonesia,West Coast India,Panamax,coal,,,-23.79018,151.18005,-2.4833826,117.8902853,23.0177525,70.2096164,2316.9143312648794,3929.0472301048458,0.0,12.0,ROUTE_SPEED,199.07619427207328,327.42060250873715,2.0,574.4967967808104,2.0,12.85,$/mt,73625.0,70000.0,85000.0,77500.0,30.0,12000.0,25000.0,SEAROUTE,SEAROUTE_CALCULATED,POSITION_ONLY,True
IMO_9747390,9747390,538006474,DSI PEGASUS,,UNKNOWN,13,"Adang Bay (East Kalimantan), Indonesia","Kandla, India",Supramax,steam coal,,,-23.79018,151.18005,-1.7376896,116.3477513,23.0177525,70.2096164,2418.0387306618204,3925.9038662092103,0.0,12.0,ROUTE_SPEED,207.5032275551517,327.15865551743417,2.0,582.6618830725859,2.0,26.5,$/mt,54625.0,50000.0,65000.0,57500.0,30.0,12000.0,25000.0,SEAROUTE,SEAROUTE_CALCULATED,POSITION_ONLY,True
IMO_9747390,9747390,538006474,DSI PEGASUS,,UNKNOWN,6,"Banjarmasin (South Kalimantan), Indonesia","Krishnapatnam, India",Panamax,thermal coal,,,-23.79018,151.18005,-3.3187496,114.5925828,14.2592415,80.0564758,2450.463250249995,2408.301246605427,0.0,12.0,ROUTE_SPEED,210.20527085416623,200.69177055045225,2.0,458.89704140461845,2.0,11.8,$/mt,73625.0,70000.0,85000.0,77500.0,30.0,12000.0,25000.0,SEAROUTE,SEAROUTE_CALCULATED,POSITION_ONLY,True
IMO_9747390,9747390,538006474,DSI PEGASUS,,UNKNOWN,8,"Banjarmasin (South Kalimantan), Indonesia","Dahej, India",Panamax,thermal coal,,,-23.79018,151.18005,-3.3187496,114.5925828,21.709301,72.5893963,2450.463250249995,3443.2178891213243,0.0,12.0,ROUTE_SPEED,210.20527085416623,286.9348240934437,2.0,545.1400949476099,2.0,13.1,$/mt,73625.0,70000.0,85000.0,77500.0,30.0,12000.0,25000.0,SEAROUTE,SEAROUTE_CALCULATED,POSITION_ONLY,True
IMO_9747390,9747390,538006474,DSI PEGASUS,,UNKNOWN,3,"East Kalimantan, Indonesia","Navlakhi, India",Supramax,coal,,,-23.79018,151.18005,0.7884397,116.2419977,22.9582815,70.4496687,2514.7608934060495,4102.581709223877,0.0,12.0,ROUTE_SPEED,215.56340778383745,341.88180910198975,2.0,605.4452168858272,2.0,18.45,$/mt,54625.0,50000.0,65000.0,57500.0,30.0,12000.0,25000.0,SEAROUTE,SEAROUTE_CALCULATED,POSITION_ONLY,True
IMO_9747390,9747390,538006474,DSI PEGASUS,,UNKNOWN,7,"East Kalimantan, Indonesia","Paradip, India",Supramax,coal,,,-23.79018,151.18005,0.7884397,116.2419977,20.286946,86.6739979,2514.7608934060495,2752.598463285374,0.0,12.0,ROUTE_SPEED,215.56340778383745,229.38320527378116,2.0,492.9466130576186,2.0,16.05,$/mt,54625.0,50000.0,65000.0,57500.0,30.0,12000.0,25000.0,SEAROUTE,SEAROUTE_CALCULATED,POSITION_ONLY,True
IMO_9747390,9747390,538006474,DSI PEGASUS,,UNKNOWN,14,"East Kalimantan, Indonesia","Paradip, India",Supramax,thermal coal,,,-23.79018,151.18005,0.7884397,116.2419977,20.286946,86.6739979,2514.7608934060495,2752.598463285374,0.0,12.0,ROUTE_SPEED,215.56340778383745,229.38320527378116,2.0,492.9466130576186,2.0,15.0,$/mt,54625.0,50000.0,65000.0,57500.0,30.0,12000.0,25000.0,SEAROUTE,SEAROUTE_CALCULATED,POSITION_ONLY,True
IMO_9747390,9747390,538006474,DSI PEGASUS,,UNKNOWN,1,"Richards Bay, South Africa","Navlakhi, India",Supramax,coal,,,-23.79018,151.18005,-28.7707857,32.0577775,22.9582815,70.4496687,6082.968413906344,3938.9061722773454,0.0,12.0,ROUTE_SPEED,512.9140344921952,328.2421810231121,2.0,889.1562155153074,2.0,19.35,$/mt,54625.0,50000.0,65000.0,57500.0,30.0,12000.0,25000.0,SEAROUTE,SEAROUTE_CALCULATED,POSITION_ONLY,True
IMO_9747390,9747390,538006474,DSI PEGASUS,,UNKNOWN,9,"Richards Bay, South Africa","Paradip, India",Panamax,thermal coal,,,-23.79018,151.18005,-28.7707857,32.0577775,20.286946,86.6739979,6082.968413906344,4667.806005082153,0.0,12.0,ROUTE_SPEED,512.9140344921952,388.9838337568461,2.0,949.8978682490413,2.0,18.6,$/mt,73625.0,70000.0,85000.0,77500.0,30.0,12000.0,25000.0,SEAROUTE,SEAROUTE_CALCULATED,POSITION_ONLY,True
IMO_9747390,9747390,538006474,DSI PEGASUS,,UNKNOWN,16,"Richards Bay, South Africa","Gangavaram, India",Capesize,coal,,,-23.79018,151.18005,-28.7707857,32.0577775,13.2351728,78.7511018,6082.968413906344,4164.634114888308,0.0,12.0,ROUTE_SPEED,512.9140344921952,347.05284290735904,2.0,907.9668773995543,2.0,14.0,$/mt,166250.0,150000.0,200000.0,175000.0,30.0,12000.0,25000.0,SEAROUTE,SEAROUTE_CALCULATED,POSITION_ONLY,True
IMO_9747390,9747390,538006474,DSI PEGASUS,,UNKNOWN,18,"Richards Bay, South Africa","Haldia, India",Panamax,coking / thermal coal,,,-23.79018,151.18005,-28.7707857,32.0577775,22.028124,88.0632655,6082.968413906344,4736.344187320068,0.0,12.0,ROUTE_SPEED,512.9140344921952,394.695348943339,2.0,955.6093834355343,2.0,12.8,$/mt,73625.0,70000.0,85000.0,77500.0,30.0,12000.0,25000.0,SEAROUTE,SEAROUTE_CALCULATED,POSITION_ONLY,True
IMO_9747390,9747390,538006474,DSI PEGASUS,,UNKNOWN,19,"Richards Bay, South Africa","Kandla, India",Capesize,coal,,,-23.79018,151.18005,-28.7707857,32.0577775,23.0177525,70.2096164,6082.968413906344,3938.9061722773454,0.0,12.0,ROUTE_SPEED,512.9140344921952,328.2421810231121,2.0,889.1562155153074,2.0,17.45,$/mt,166250.0,150000.0,200000.0,175000.0,30.0,12000.0,25000.0,SEAROUTE,SEAROUTE_CALCULATED,POSITION_ONLY,True
IMO_9747390,9747390,538006474,DSI PEGASUS,,UNKNOWN,23,"Richards Bay, South Africa","Krishnapatnam, India",Capesize,coal,,,-23.79018,151.18005,-28.7707857,32.0577775,14.2592415,80.0564758,6082.968413906344,4164.634114888308,0.0,12.0,ROUTE_SPEED,512.9140344921952,347.05284290735904,2.0,907.9668773995543,2.0,19.55,$/mt,166250.0,150000.0,200000.0,175000.0,30.0,12000.0,25000.0,SEAROUTE,SEAROUTE_CALCULATED,POSITION_ONLY,True
IMO_9747390,9747390,538006474,DSI PEGASUS,,UNKNOWN,12,Mozambique (Beira / Maputo),East Coast India,Handysize,coking coal,,,-23.79018,151.18005,-25.966213,32.56745,20.286946,86.6739979,6157.3162139786655,4601.384016575973,0.0,12.0,ROUTE_SPEED,519.1096844982221,383.4486680479977,2.0,950.5583525462198,2.0,43.75,$/mt,,,,,30.0,12000.0,25000.0,SEAROUTE,SEAROUTE_CALCULATED,POSITION_ONLY,True
IMO_9747390,9747390,538006474,DSI PEGASUS,,UNKNOWN,15,Atlantic / Black Sea ports (Taman / Ust-Luga proxy),"Visakhapatnam, India",Panamax,coal,,,-23.79018,151.18005,45.2158646,36.7191326,17.6935526,83.2921297,7420.269757218665,5565.87430627969,0.0,12.0,ROUTE_SPEED,624.3558131015554,463.82285885664083,2.0,1136.1786719581962,2.0,19.5,$/mt,73625.0,70000.0,85000.0,77500.0,30.0,12000.0,25000.0,SEAROUTE,SEAROUTE_CALCULATED,POSITION_ONLY,True
IMO_9747390,9747390,538006474,DSI PEGASUS,,UNKNOWN,24,US East Coast (Hampton Roads / Baltimore),East Coast India (Paradip / Visakhapatnam),Panamax,coal / coking coal,,,-23.79018,151.18005,36.9507552,-76.4114187,20.286946,86.6739979,8247.291059757255,9913.44136694391,0.0,12.0,ROUTE_SPEED,693.2742549797713,826.1201139119926,2.0,1567.3943688917639,2.0,44.35,$/mt,73625.0,70000.0,85000.0,77500.0,30.0,12000.0,25000.0,SEAROUTE,SEAROUTE_CALCULATED,POSITION_ONLY,True
IMO_9774472,9774472,636017368,KANG MAY,,UNKNOWN,0,"Queensland (Gladstone / Hay Point), Australia","Visakhapatnam & Haldia, India",Panamax,coking coal,,,-23.79253,151.18373,-21.298313,149.2693543,17.6935526,83.2921297,183.55501524216112,4926.710066752748,0.1,12.0,ROUTE_SPEED,21.296251270180093,410.5591722293957,2.0,479.8554234995758,2.0,47.0,$/mt,73625.0,70000.0,85000.0,77500.0,30.0,12000.0,25000.0,SEAROUTE,SEAROUTE_CALCULATED,POSITION_ONLY,True
IMO_9774472,9774472,636017368,KANG MAY,,UNKNOWN,2,"Hay Point, Australia","Paradip, India",Panamax,coking coal,,,-23.79253,151.18373,-21.298313,149.2693543,20.286946,86.6739979,183.55501524216112,4899.001585207413,0.1,12.0,ROUTE_SPEED,21.296251270180093,408.25013210061775,2.0,477.54638337079786,2.0,13.8,$/mt,73625.0,70000.0,85000.0,77500.0,30.0,12000.0,25000.0,SEAROUTE,SEAROUTE_CALCULATED,POSITION_ONLY,True
IMO_9774472,9774472,636017368,KANG MAY,,UNKNOWN,4,"Hay Point, Australia","Visakhapatnam, India",Panamax,metallurgical coal,,,-23.79253,151.18373,-21.298313,149.2693543,17.6935526,83.2921297,183.55501524216112,4926.710066752748,0.1,12.0,ROUTE_SPEED,21.296251270180093,410.5591722293957,2.0,479.8554234995758,2.0,23.3,$/mt,73625.0,70000.0,85000.0,77500.0,30.0,12000.0,25000.0,SEAROUTE,SEAROUTE_CALCULATED,POSITION_ONLY,True
IMO_9774472,9774472,636017368,KANG MAY,,UNKNOWN,5,"Hay Point, Australia","Paradip, India",Panamax,metallurgical coal,,,-23.79253,151.18373,-21.298313,149.2693543,20.286946,86.6739979,183.55501524216112,4899.001585207413,0.1,12.0,ROUTE_SPEED,21.296251270180093,408.25013210061775,2.0,477.54638337079786,2.0,21.1,$/mt,73625.0,70000.0,85000.0,77500.0,30.0,12000.0,25000.0,SEAROUTE,SEAROUTE_CALCULATED,POSITION_ONLY,True
IMO_9774472,9774472,636017368,KANG MAY,,UNKNOWN,11,"Hay Point, Australia","Visakhapatnam, India",Panamax,coal,,,-23.79253,151.18373,-21.298313,149.2693543,17.6935526,83.2921297,183.55501524216112,4926.710066752748,0.1,12.0,ROUTE_SPEED,21.296251270180093,410.5591722293957,2.0,479.8554234995758,2.0,27.85,$/mt,73625.0,70000.0,85000.0,77500.0,30.0,12000.0,25000.0,SEAROUTE,SEAROUTE_CALCULATED,POSITION_ONLY,True
IMO_9774472,9774472,636017368,KANG MAY,,UNKNOWN,20,East Coast Australia,East Coast India,Panamax,coal,,,-23.79253,151.18373,-27.4689623,153.0235009,20.286946,86.6739979,242.14941661340796,5329.775100266468,0.1,12.0,ROUTE_SPEED,26.17911805111733,444.1479250222057,2.0,518.327043073323,2.0,17.7,$/mt,73625.0,70000.0,85000.0,77500.0,30.0,12000.0,25000.0,SEAROUTE,SEAROUTE_CALCULATED,POSITION_ONLY,True
IMO_9774472,9774472,636017368,KANG MAY,,UNKNOWN,17,"Queensland, Australia","Haldia, India",Panamax,coking coal,,,-23.79253,151.18373,-22.1646782,144.5844903,22.028124,88.0632655,377.60009717428716,4732.350582884308,0.1,12.0,ROUTE_SPEED,37.46667476452393,394.3625485736923,2.0,479.82922333821625,2.0,20.3,$/mt,73625.0,70000.0,85000.0,77500.0,30.0,12000.0,25000.0,SEAROUTE,SEAROUTE_CALCULATED,POSITION_ONLY,True
IMO_9774472,9774472,636017368,KANG MAY,,UNKNOWN,10,Indonesia,"Paradip, India",Supramax,thermal coal,,,-23.79253,151.18373,-2.4833826,117.8902853,20.286946,86.6739979,2317.159309086641,2579.0639841663437,0.1,12.0,ROUTE_SPEED,199.09660909055341,214.92199868052865,2.0,462.0186077710821,2.0,21.3,$/mt,54625.0,50000.0,65000.0,57500.0,30.0,12000.0,25000.0,SEAROUTE,SEAROUTE_CALCULATED,POSITION_ONLY,True
IMO_9774472,9774472,636017368,KANG MAY,,UNKNOWN,21,Indonesia,East Coast India,Panamax,coal,,,-23.79253,151.18373,-2.4833826,117.8902853,20.286946,86.6739979,2317.159309086641,2579.0639841663437,0.1,12.0,ROUTE_SPEED,199.09660909055341,214.92199868052865,2.0,462.0186077710821,2.0,11.2,$/mt,73625.0,70000.0,85000.0,77500.0,30.0,12000.0,25000.0,SEAROUTE,SEAROUTE_CALCULATED,POSITION_ONLY,True
IMO_9774472,9774472,636017368,KANG MAY,,UNKNOWN,22,Indonesia,West Coast India,Panamax,coal,,,-23.79253,151.18373,-2.4833826,117.8902853,23.0177525,70.2096164,2317.159309086641,3929.0472301048458,0.1,12.0,ROUTE_SPEED,199.09660909055341,327.42060250873715,2.0,574.5172115992906,2.0,12.85,$/mt,73625.0,70000.0,85000.0,77500.0,30.0,12000.0,25000.0,SEAROUTE,SEAROUTE_CALCULATED,POSITION_ONLY,True
IMO_9774472,9774472,636017368,KANG MAY,,UNKNOWN,13,"Adang Bay (East Kalimantan), Indonesia","Kandla, India",Supramax,steam coal,,,-23.79253,151.18373,-1.7376896,116.3477513,23.0177525,70.2096164,2418.283464426485,3925.9038662092103,0.1,12.0,ROUTE_SPEED,207.5236220355404,327.15865551743417,2.0,582.6822775529746,2.0,26.5,$/mt,54625.0,50000.0,65000.0,57500.0,30.0,12000.0,25000.0,SEAROUTE,SEAROUTE_CALCULATED,POSITION_ONLY,True
IMO_9774472,9774472,636017368,KANG MAY,,UNKNOWN,6,"Banjarmasin (South Kalimantan), Indonesia","Krishnapatnam, India",Panamax,thermal coal,,,-23.79253,151.18373,-3.3187496,114.5925828,14.2592415,80.0564758,2450.7056811428083,2408.301246605427,0.1,12.0,ROUTE_SPEED,210.22547342856737,200.69177055045225,2.0,458.91724397901964,2.0,11.8,$/mt,73625.0,70000.0,85000.0,77500.0,30.0,12000.0,25000.0,SEAROUTE,SEAROUTE_CALCULATED,POSITION_ONLY,True
IMO_9774472,9774472,636017368,KANG MAY,,UNKNOWN,8,"Banjarmasin (South Kalimantan), Indonesia","Dahej, India",Panamax,thermal coal,,,-23.79253,151.18373,-3.3187496,114.5925828,21.709301,72.5893963,2450.7056811428083,3443.2178891213243,0.1,12.0,ROUTE_SPEED,210.22547342856737,286.9348240934437,2.0,545.1602975220111,2.0,13.1,$/mt,73625.0,70000.0,85000.0,77500.0,30.0,12000.0,25000.0,SEAROUTE,SEAROUTE_CALCULATED,POSITION_ONLY,True
IMO_9774472,9774472,636017368,KANG MAY,,UNKNOWN,3,"East Kalimantan, Indonesia","Navlakhi, India",Supramax,coal,,,-23.79253,151.18373,0.7884397,116.2419977,22.9582815,70.4496687,2515.006840447626,4102.581709223877,0.1,12.0,ROUTE_SPEED,215.5839033706355,341.88180910198975,2.0,605.4657124726252,2.0,18.45,$/mt,54625.0,50000.0,65000.0,57500.0,30.0,12000.0,25000.0,SEAROUTE,SEAROUTE_CALCULATED,POSITION_ONLY,True
IMO_9774472,9774472,636017368,KANG MAY,,UNKNOWN,7,"East Kalimantan, Indonesia","Paradip, India",Supramax,coal,,,-23.79253,151.18373,0.7884397,116.2419977,20.286946,86.6739979,2515.006840447626,2752.598463285374,0.1,12.0,ROUTE_SPEED,215.5839033706355,229.38320527378116,2.0,492.96710864441667,2.0,16.05,$/mt,54625.0,50000.0,65000.0,57500.0,30.0,12000.0,25000.0,SEAROUTE,SEAROUTE_CALCULATED,POSITION_ONLY,True
IMO_9774472,9774472,636017368,KANG MAY,,UNKNOWN,14,"East Kalimantan, Indonesia","Paradip, India",Supramax,thermal coal,,,-23.79253,151.18373,0.7884397,116.2419977,20.286946,86.6739979,2515.006840447626,2752.598463285374,0.1,12.0,ROUTE_SPEED,215.5839033706355,229.38320527378116,2.0,492.96710864441667,2.0,15.0,$/mt,54625.0,50000.0,65000.0,57500.0,30.0,12000.0,25000.0,SEAROUTE,SEAROUTE_CALCULATED,POSITION_ONLY,True
IMO_9774472,9774472,636017368,KANG MAY,,UNKNOWN,1,"Richards Bay, South Africa","Navlakhi, India",Supramax,coal,,,-23.79253,151.18373,-28.7707857,32.0577775,22.9582815,70.4496687,6083.0381569603705,3938.9061722773454,0.1,12.0,ROUTE_SPEED,512.9198464133642,328.2421810231121,2.0,889.1620274364764,2.0,19.35,$/mt,54625.0,50000.0,65000.0,57500.0,30.0,12000.0,25000.0,SEAROUTE,SEAROUTE_CALCULATED,POSITION_ONLY,True
IMO_9774472,9774472,636017368,KANG MAY,,UNKNOWN,9,"Richards Bay, South Africa","Paradip, India",Panamax,thermal coal,,,-23.79253,151.18373,-28.7707857,32.0577775,20.286946,86.6739979,6083.0381569603705,4667.806005082153,0.1,12.0,ROUTE_SPEED,512.9198464133642,388.9838337568461,2.0,949.9036801702102,2.0,18.6,$/mt,73625.0,70000.0,85000.0,77500.0,30.0,12000.0,25000.0,SEAROUTE,SEAROUTE_CALCULATED,POSITION_ONLY,True
IMO_9774472,9774472,636017368,KANG MAY,,UNKNOWN,16,"Richards Bay, South Africa","Gangavaram, India",Capesize,coal,,,-23.79253,151.18373,-28.7707857,32.0577775,13.2351728,78.7511018,6083.0381569603705,4164.634114888308,0.1,12.0,ROUTE_SPEED,512.9198464133642,347.05284290735904,2.0,907.9726893207232,2.0,14.0,$/mt,166250.0,150000.0,200000.0,175000.0,30.0,12000.0,25000.0,SEAROUTE,SEAROUTE_CALCULATED,POSITION_ONLY,True
IMO_9774472,9774472,636017368,KANG MAY,,UNKNOWN,18,"Richards Bay, South Africa","Haldia, India",Panamax,coking / thermal coal,,,-23.79253,151.18373,-28.7707857,32.0577775,22.028124,88.0632655,6083.0381569603705,4736.344187320068,0.1,12.0,ROUTE_SPEED,512.9198464133642,394.695348943339,2.0,955.6151953567032,2.0,12.8,$/mt,73625.0,70000.0,85000.0,77500.0,30.0,12000.0,25000.0,SEAROUTE,SEAROUTE_CALCULATED,POSITION_ONLY,True
IMO_9774472,9774472,636017368,KANG MAY,,UNKNOWN,19,"Richards Bay, South Africa","Kandla, India",Capesize,coal,,,-23.79253,151.18373,-28.7707857,32.0577775,23.0177525,70.2096164,6083.0381569603705,3938.9061722773454,0.1,12.0,ROUTE_SPEED,512.9198464133642,328.2421810231121,2.0,889.1620274364764,2.0,17.45,$/mt,166250.0,150000.0,200000.0,175000.0,30.0,12000.0,25000.0,SEAROUTE,SEAROUTE_CALCULATED,POSITION_ONLY,True
IMO_9774472,9774472,636017368,KANG MAY,,UNKNOWN,23,"Richards Bay, South Africa","Krishnapatnam, India",Capesize,coal,,,-23.79253,151.18373,-28.7707857,32.0577775,14.2592415,80.0564758,6083.0381569603705,4164.634114888308,0.1,12.0,ROUTE_SPEED,512.9198464133642,347.05284290735904,2.0,907.9726893207232,2.0,19.55,$/mt,166250.0,150000.0,200000.0,175000.0,30.0,12000.0,25000.0,SEAROUTE,SEAROUTE_CALCULATED,POSITION_ONLY,True
IMO_9774472,9774472,636017368,KANG MAY,,UNKNOWN,12,Mozambique (Beira / Maputo),East Coast India,Handysize,coking coal,,,-23.79253,151.18373,-25.966213,32.56745,20.286946,86.6739979,6157.396666160908,4601.384016575973,0.1,12.0,ROUTE_SPEED,519.1163888467423,383.4486680479977,2.0,950.5650568947401,2.0,43.75,$/mt,,,,,30.0,12000.0,25000.0,SEAROUTE,SEAROUTE_CALCULATED,POSITION_ONLY,True
IMO_9774472,9774472,636017368,KANG MAY,,UNKNOWN,15,Atlantic / Black Sea ports (Taman / Ust-Luga proxy),"Visakhapatnam, India",Panamax,coal,,,-23.79253,151.18373,45.2158646,36.7191326,17.6935526,83.2921297,7420.515446519593,5565.87430627969,0.1,12.0,ROUTE_SPEED,624.3762872099661,463.82285885664083,2.0,1136.199146066607,2.0,19.5,$/mt,73625.0,70000.0,85000.0,77500.0,30.0,12000.0,25000.0,SEAROUTE,SEAROUTE_CALCULATED,POSITION_ONLY,True
IMO_9774472,9774472,636017368,KANG MAY,,UNKNOWN,24,US East Coast (Hampton Roads / Baltimore),East Coast India (Paradip / Visakhapatnam),Panamax,coal / coking coal,,,-23.79253,151.18373,36.9507552,-76.4114187,20.286946,86.6739979,8247.184228826056,9913.44136694391,0.1,12.0,ROUTE_SPEED,693.2653524021713,826.1201139119926,2.0,1567.3854663141638,2.0,44.35,$/mt,73625.0,70000.0,85000.0,77500.0,30.0,12000.0,25000.0,SEAROUTE,SEAROUTE_CALCULATED,POSITION_ONLY,True
IMO_9789831,9789831,636017377,JIA MAY,,UNKNOWN,0,"Queensland (Gladstone / Hay Point), Australia","Visakhapatnam & Haldia, India",Panamax,coking coal,,,-23.76622,151.49601,-21.298313,149.2693543,17.6935526,83.2921297,192.87322616931172,4926.710066752748,0.2,12.0,ROUTE_SPEED,22.072768847442642,410.5591722293957,2.0,480.63194107683836,2.0,47.0,$/mt,73625.0,70000.0,85000.0,77500.0,30.0,12000.0,25000.0,SEAROUTE,SEAROUTE_CALCULATED,POSITION_ONLY,True
IMO_9789831,9789831,636017377,JIA MAY,,UNKNOWN,2,"Hay Point, Australia","Paradip, India",Panamax,coking coal,,,-23.76622,151.49601,-21.298313,149.2693543,20.286946,86.6739979,192.87322616931172,4899.001585207413,0.2,12.0,ROUTE_SPEED,22.072768847442642,408.25013210061775,2.0,478.3229009480604,2.0,13.8,$/mt,73625.0,70000.0,85000.0,77500.0,30.0,12000.0,25000.0,SEAROUTE,SEAROUTE_CALCULATED,POSITION_ONLY,True
IMO_9789831,9789831,636017377,JIA MAY,,UNKNOWN,4,"Hay Point, Australia","Visakhapatnam, India",Panamax,metallurgical coal,,,-23.76622,151.49601,-21.298313,149.2693543,17.6935526,83.2921297,192.87322616931172,4926.710066752748,0.2,12.0,ROUTE_SPEED,22.072768847442642,410.5591722293957,2.0,480.63194107683836,2.0,23.3,$/mt,73625.0,70000.0,85000.0,77500.0,30.0,12000.0,25000.0,SEAROUTE,SEAROUTE_CALCULATED,POSITION_ONLY,True
IMO_9789831,9789831,636017377,JIA MAY,,UNKNOWN,5,"Hay Point, Australia","Paradip, India",Panamax,metallurgical coal,,,-23.76622,151.49601,-21.298313,149.2693543,20.286946,86.6739979,192.87322616931172,4899.001585207413,0.2,12.0,ROUTE_SPEED,22.072768847442642,408.25013210061775,2.0,478.3229009480604,2.0,21.1,$/mt,73625.0,70000.0,85000.0,77500.0,30.0,12000.0,25000.0,SEAROUTE,SEAROUTE_CALCULATED,POSITION_ONLY,True
IMO_9789831,9789831,636017377,JIA MAY,,UNKNOWN,11,"Hay Point, Australia","Visakhapatnam, India",Panamax,coal,,,-23.76622,151.49601,-21.298313,149.2693543,17.6935526,83.2921297,192.87322616931172,4926.710066752748,0.2,12.0,ROUTE_SPEED,22.072768847442642,410.5591722293957,2.0,480.63194107683836,2.0,27.85,$/mt,73625.0,70000.0,85000.0,77500.0,30.0,12000.0,25000.0,SEAROUTE,SEAROUTE_CALCULATED,POSITION_ONLY,True
IMO_9789831,9789831,636017377,JIA MAY,,UNKNOWN,20,East Coast Australia,East Coast India,Panamax,coal,,,-23.76622,151.49601,-27.4689623,153.0235009,20.286946,86.6739979,237.18812382782073,5329.775100266468,0.2,12.0,ROUTE_SPEED,25.765676985651726,444.1479250222057,2.0,517.9136020078574,2.0,17.7,$/mt,73625.0,70000.0,85000.0,77500.0,30.0,12000.0,25000.0,SEAROUTE,SEAROUTE_CALCULATED,POSITION_ONLY,True
IMO_9789831,9789831,636017377,JIA MAY,,UNKNOWN,17,"Queensland, Australia","Haldia, India",Panamax,coking coal,,,-23.76622,151.49601,-22.1646782,144.5844903,22.028124,88.0632655,393.94164923831465,4732.350582884308,0.2,12.0,ROUTE_SPEED,38.82847076985956,394.3625485736923,2.0,481.1910193435519,2.0,20.3,$/mt,73625.0,70000.0,85000.0,77500.0,30.0,12000.0,25000.0,SEAROUTE,SEAROUTE_CALCULATED,POSITION_ONLY,True
IMO_9789831,9789831,636017377,JIA MAY,,UNKNOWN,10,Indonesia,"Paradip, India",Supramax,thermal coal,,,-23.76622,151.49601,-2.4833826,117.8902853,20.286946,86.6739979,2331.517987885663,2579.0639841663437,0.2,12.0,ROUTE_SPEED,200.2931656571386,214.92199868052865,2.0,463.21516433766726,2.0,21.3,$/mt,54625.0,50000.0,65000.0,57500.0,30.0,12000.0,25000.0,SEAROUTE,SEAROUTE_CALCULATED,POSITION_ONLY,True
IMO_9789831,9789831,636017377,JIA MAY,,UNKNOWN,21,Indonesia,East Coast India,Panamax,coal,,,-23.76622,151.49601,-2.4833826,117.8902853,20.286946,86.6739979,2331.517987885663,2579.0639841663437,0.2,12.0,ROUTE_SPEED,200.2931656571386,214.92199868052865,2.0,463.21516433766726,2.0,11.2,$/mt,73625.0,70000.0,85000.0,77500.0,30.0,12000.0,25000.0,SEAROUTE,SEAROUTE_CALCULATED,POSITION_ONLY,True
IMO_9789831,9789831,636017377,JIA MAY,,UNKNOWN,22,Indonesia,West Coast India,Panamax,coal,,,-23.76622,151.49601,-2.4833826,117.8902853,23.0177525,70.2096164,2331.517987885663,3929.0472301048458,0.2,12.0,ROUTE_SPEED,200.2931656571386,327.42060250873715,2.0,575.7137681658758,2.0,12.85,$/mt,73625.0,70000.0,85000.0,77500.0,30.0,12000.0,25000.0,SEAROUTE,SEAROUTE_CALCULATED,POSITION_ONLY,True
IMO_9789831,9789831,636017377,JIA MAY,,UNKNOWN,13,"Adang Bay (East Kalimantan), Indonesia","Kandla, India",Supramax,steam coal,,,-23.76622,151.49601,-1.7376896,116.3477513,23.0177525,70.2096164,2432.7213512811136,3925.9038662092103,0.2,12.0,ROUTE_SPEED,208.72677927342613,327.15865551743417,2.0,583.8854347908602,2.0,26.5,$/mt,54625.0,50000.0,65000.0,57500.0,30.0,12000.0,25000.0,SEAROUTE,SEAROUTE_CALCULATED,POSITION_ONLY,True
IMO_9789831,9789831,636017377,JIA MAY,,UNKNOWN,6,"Banjarmasin (South Kalimantan), Indonesia","Krishnapatnam, India",Panamax,thermal coal,,,-23.76622,151.49601,-3.3187496,114.5925828,14.2592415,80.0564758,2465.6944996418188,2408.301246605427,0.2,12.0,ROUTE_SPEED,211.47454163681823,200.69177055045225,2.0,460.1663121872705,2.0,11.8,$/mt,73625.0,70000.0,85000.0,77500.0,30.0,12000.0,25000.0,SEAROUTE,SEAROUTE_CALCULATED,POSITION_ONLY,True
IMO_9789831,9789831,636017377,JIA MAY,,UNKNOWN,8,"Banjarmasin (South Kalimantan), Indonesia","Dahej, India",Panamax,thermal coal,,,-23.76622,151.49601,-3.3187496,114.5925828,21.709301,72.5893963,2465.6944996418188,3443.2178891213243,0.2,12.0,ROUTE_SPEED,211.47454163681823,286.9348240934437,2.0,546.4093657302619,2.0,13.1,$/mt,73625.0,70000.0,85000.0,77500.0,30.0,12000.0,25000.0,SEAROUTE,SEAROUTE_CALCULATED,POSITION_ONLY,True
IMO_9789831,9789831,636017377,JIA MAY,,UNKNOWN,3,"East Kalimantan, Indonesia","Navlakhi, India",Supramax,coal,,,-23.76622,151.49601,0.7884397,116.2419977,22.9582815,70.4496687,2528.9391151590976,4102.581709223877,0.2,12.0,ROUTE_SPEED,216.74492626325812,341.88180910198975,2.0,606.6267353652479,2.0,18.45,$/mt,54625.0,50000.0,65000.0,57500.0,30.0,12000.0,25000.0,SEAROUTE,SEAROUTE_CALCULATED,POSITION_ONLY,True
IMO_9789831,9789831,636017377,JIA MAY,,UNKNOWN,7,"East Kalimantan, Indonesia","Paradip, India",Supramax,coal,,,-23.76622,151.49601,0.7884397,116.2419977,20.286946,86.6739979,2528.9391151590976,2752.598463285374,0.2,12.0,ROUTE_SPEED,216.74492626325812,229.38320527378116,2.0,494.1281315370393,2.0,16.05,$/mt,54625.0,50000.0,65000.0,57500.0,30.0,12000.0,25000.0,SEAROUTE,SEAROUTE_CALCULATED,POSITION_ONLY,True
IMO_9789831,9789831,636017377,JIA MAY,,UNKNOWN,14,"East Kalimantan, Indonesia","Paradip, India",Supramax,thermal coal,,,-23.76622,151.49601,0.7884397,116.2419977,20.286946,86.6739979,2528.9391151590976,2752.598463285374,0.2,12.0,ROUTE_SPEED,216.74492626325812,229.38320527378116,2.0,494.1281315370393,2.0,15.0,$/mt,54625.0,50000.0,65000.0,57500.0,30.0,12000.0,25000.0,SEAROUTE,SEAROUTE_CALCULATED,POSITION_ONLY,True
IMO_9789831,9789831,636017377,JIA MAY,,UNKNOWN,1,"Richards Bay, South Africa","Navlakhi, India",Supramax,coal,,,-23.76622,151.49601,-28.7707857,32.0577775,22.9582815,70.4496687,6097.4101719082755,3938.9061722773454,0.2,12.0,ROUTE_SPEED,514.1175143256896,328.2421810231121,2.0,890.3596953488018,2.0,19.35,$/mt,54625.0,50000.0,65000.0,57500.0,30.0,12000.0,25000.0,SEAROUTE,SEAROUTE_CALCULATED,POSITION_ONLY,True
IMO_9789831,9789831,636017377,JIA MAY,,UNKNOWN,9,"Richards Bay, South Africa","Paradip, India",Panamax,thermal coal,,,-23.76622,151.49601,-28.7707857,32.0577775,20.286946,86.6739979,6097.4101719082755,4667.806005082153,0.2,12.0,ROUTE_SPEED,514.1175143256896,388.9838337568461,2.0,951.1013480825357,2.0,18.6,$/mt,73625.0,70000.0,85000.0,77500.0,30.0,12000.0,25000.0,SEAROUTE,SEAROUTE_CALCULATED,POSITION_ONLY,True
IMO_9789831,9789831,636017377,JIA MAY,,UNKNOWN,16,"Richards Bay, South Africa","Gangavaram, India",Capesize,coal,,,-23.76622,151.49601,-28.7707857,32.0577775,13.2351728,78.7511018,6097.4101719082755,4164.634114888308,0.2,12.0,ROUTE_SPEED,514.1175143256896,347.05284290735904,2.0,909.1703572330487,2.0,14.0,$/mt,166250.0,150000.0,200000.0,175000.0,30.0,12000.0,25000.0,SEAROUTE,SEAROUTE_CALCULATED,POSITION_ONLY,True
IMO_9789831,9789831,636017377,JIA MAY,,UNKNOWN,18,"Richards Bay, South Africa","Haldia, India",Panamax,coking / thermal coal,,,-23.76622,151.49601,-28.7707857,32.0577775,22.028124,88.0632655,6097.4101719082755,4736.344187320068,0.2,12.0,ROUTE_SPEED,514.1175143256896,394.695348943339,2.0,956.8128632690286,2.0,12.8,$/mt,73625.0,70000.0,85000.0,77500.0,30.0,12000.0,25000.0,SEAROUTE,SEAROUTE_CALCULATED,POSITION_ONLY,True
IMO_9789831,9789831,636017377,JIA MAY,,UNKNOWN,19,"Richards Bay, South Africa","Kandla, India",Capesize,coal,,,-23.76622,151.49601,-28.7707857,32.0577775,23.0177525,70.2096164,6097.4101719082755,3938.9061722773454,0.2,12.0,ROUTE_SPEED,514.1175143256896,328.2421810231121,2.0,890.3596953488018,2.0,17.45,$/mt,166250.0,150000.0,200000.0,175000.0,30.0,12000.0,25000.0,SEAROUTE,SEAROUTE_CALCULATED,POSITION_ONLY,True
IMO_9789831,9789831,636017377,JIA MAY,,UNKNOWN,23,"Richards Bay, South Africa","Krishnapatnam, India",Capesize,coal,,,-23.76622,151.49601,-28.7707857,32.0577775,14.2592415,80.0564758,6097.4101719082755,4164.634114888308,0.2,12.0,ROUTE_SPEED,514.1175143256896,347.05284290735904,2.0,909.1703572330487,2.0,19.55,$/mt,166250.0,150000.0,200000.0,175000.0,30.0,12000.0,25000.0,SEAROUTE,SEAROUTE_CALCULATED,POSITION_ONLY,True
IMO_9789831,9789831,636017377,JIA MAY,,UNKNOWN,12,Mozambique (Beira / Maputo),East Coast India,Handysize,coking coal,,,-23.76622,151.49601,-25.966213,32.56745,20.286946,86.6739979,6172.186975607597,4601.384016575973,0.2,12.0,ROUTE_SPEED,520.3489146339664,383.4486680479977,2.0,951.7975826819641,2.0,43.75,$/mt,,,,,30.0,12000.0,25000.0,SEAROUTE,SEAROUTE_CALCULATED,POSITION_ONLY,True
IMO_9789831,9789831,636017377,JIA MAY,,UNKNOWN,15,Atlantic / Black Sea ports (Taman / Ust-Luga proxy),"Visakhapatnam, India",Panamax,coal,,,-23.76622,151.49601,45.2158646,36.7191326,17.6935526,83.2921297,7432.713030461302,5565.87430627969,0.2,12.0,ROUTE_SPEED,625.3927525384419,463.82285885664083,2.0,1137.2156113950828,2.0,19.5,$/mt,73625.0,70000.0,85000.0,77500.0,30.0,12000.0,25000.0,SEAROUTE,SEAROUTE_CALCULATED,POSITION_ONLY,True
IMO_9789831,9789831,636017377,JIA MAY,,UNKNOWN,24,US East Coast (Hampton Roads / Baltimore),East Coast India (Paradip / Visakhapatnam),Panamax,coal / coking coal,,,-23.76622,151.49601,36.9507552,-76.4114187,20.286946,86.6739979,8231.461803780632,9913.44136694391,0.2,12.0,ROUTE_SPEED,691.9551503150527,826.1201139119926,2.0,1566.0752642270454,2.0,44.35,$/mt,73625.0,70000.0,85000.0,77500.0,30.0,12000.0,25000.0,SEAROUTE,SEAROUTE_CALCULATED,POSITION_ONLY,True
IMO_9790880,9790880,431491000,NSU VOYAGER,,UNKNOWN,0,"Queensland (Gladstone / Hay Point), Australia","Visakhapatnam & Haldia, India",Panamax,coking coal,,,-23.77969,151.51859,-21.298313,149.2693543,17.6935526,83.2921297,194.2925386288926,4926.710066752748,0.1,12.0,ROUTE_SPEED,22.19104488574105,410.5591722293957,2.0,480.75021711513676,2.0,47.0,$/mt,73625.0,70000.0,85000.0,77500.0,30.0,12000.0,25000.0,SEAROUTE,SEAROUTE_CALCULATED,POSITION_ONLY,True
IMO_9790880,9790880,431491000,NSU VOYAGER,,UNKNOWN,2,"Hay Point, Australia","Paradip, India",Panamax,coking coal,,,-23.77969,151.51859,-21.298313,149.2693543,20.286946,86.6739979,194.2925386288926,4899.001585207413,0.1,12.0,ROUTE_SPEED,22.19104488574105,408.25013210061775,2.0,478.4411769863588,2.0,13.8,$/mt,73625.0,70000.0,85000.0,77500.0,30.0,12000.0,25000.0,SEAROUTE,SEAROUTE_CALCULATED,POSITION_ONLY,True
IMO_9790880,9790880,431491000,NSU VOYAGER,,UNKNOWN,4,"Hay Point, Australia","Visakhapatnam, India",Panamax,metallurgical coal,,,-23.77969,151.51859,-21.298313,149.2693543,17.6935526,83.2921297,194.2925386288926,4926.710066752748,0.1,12.0,ROUTE_SPEED,22.19104488574105,410.5591722293957,2.0,480.75021711513676,2.0,23.3,$/mt,73625.0,70000.0,85000.0,77500.0,30.0,12000.0,25000.0,SEAROUTE,SEAROUTE_CALCULATED,POSITION_ONLY,True
IMO_9790880,9790880,431491000,NSU VOYAGER,,UNKNOWN,5,"Hay Point, Australia","Paradip, India",Panamax,metallurgical coal,,,-23.77969,151.51859,-21.298313,149.2693543,20.286946,86.6739979,194.2925386288926,4899.001585207413,0.1,12.0,ROUTE_SPEED,22.19104488574105,408.25013210061775,2.0,478.4411769863588,2.0,21.1,$/mt,73625.0,70000.0,85000.0,77500.0,30.0,12000.0,25000.0,SEAROUTE,SEAROUTE_CALCULATED,POSITION_ONLY,True
IMO_9790880,9790880,431491000,NSU VOYAGER,,UNKNOWN,11,"Hay Point, Australia","Visakhapatnam, India",Panamax,coal,,,-23.77969,151.51859,-21.298313,149.2693543,17.6935526,83.2921297,194.2925386288926,4926.710066752748,0.1,12.0,ROUTE_SPEED,22.19104488574105,410.5591722293957,2.0,480.75021711513676,2.0,27.85,$/mt,73625.0,70000.0,85000.0,77500.0,30.0,12000.0,25000.0,SEAROUTE,SEAROUTE_CALCULATED,POSITION_ONLY,True
IMO_9790880,9790880,431491000,NSU VOYAGER,,UNKNOWN,20,East Coast Australia,East Coast India,Panamax,coal,,,-23.77969,151.51859,-27.4689623,153.0235009,20.286946,86.6739979,236.00419955527525,5329.775100266468,0.1,12.0,ROUTE_SPEED,25.66701662960627,444.1479250222057,2.0,517.814941651812,2.0,17.7,$/mt,73625.0,70000.0,85000.0,77500.0,30.0,12000.0,25000.0,SEAROUTE,SEAROUTE_CALCULATED,POSITION_ONLY,True
IMO_9790880,9790880,431491000,NSU VOYAGER,,UNKNOWN,17,"Queensland, Australia","Haldia, India",Panamax,coking coal,,,-23.77969,151.51859,-22.1646782,144.5844903,22.028124,88.0632655,395.33060343101664,4732.350582884308,0.1,12.0,ROUTE_SPEED,38.94421695258472,394.3625485736923,2.0,481.30676552627705,2.0,20.3,$/mt,73625.0,70000.0,85000.0,77500.0,30.0,12000.0,25000.0,SEAROUTE,SEAROUTE_CALCULATED,POSITION_ONLY,True
IMO_9790880,9790880,431491000,NSU VOYAGER,,UNKNOWN,10,Indonesia,"Paradip, India",Supramax,thermal coal,,,-23.77969,151.51859,-2.4833826,117.8902853,20.286946,86.6739979,2332.9934251419118,2579.0639841663437,0.1,12.0,ROUTE_SPEED,200.41611876182597,214.92199868052865,2.0,463.3381174423546,2.0,21.3,$/mt,54625.0,50000.0,65000.0,57500.0,30.0,12000.0,25000.0,SEAROUTE,SEAROUTE_CALCULATED,POSITION_ONLY,True
IMO_9790880,9790880,431491000,NSU VOYAGER,,UNKNOWN,21,Indonesia,East Coast India,Panamax,coal,,,-23.77969,151.51859,-2.4833826,117.8902853,20.286946,86.6739979,2332.9934251419118,2579.0639841663437,0.1,12.0,ROUTE_SPEED,200.41611876182597,214.92199868052865,2.0,463.3381174423546,2.0,11.2,$/mt,73625.0,70000.0,85000.0,77500.0,30.0,12000.0,25000.0,SEAROUTE,SEAROUTE_CALCULATED,POSITION_ONLY,True
IMO_9790880,9790880,431491000,NSU VOYAGER,,UNKNOWN,22,Indonesia,West Coast India,Panamax,coal,,,-23.77969,151.51859,-2.4833826,117.8902853,23.0177525,70.2096164,2332.9934251419118,3929.0472301048458,0.1,12.0,ROUTE_SPEED,200.41611876182597,327.42060250873715,2.0,575.8367212705631,2.0,12.85,$/mt,73625.0,70000.0,85000.0,77500.0,30.0,12000.0,25000.0,SEAROUTE,SEAROUTE_CALCULATED,POSITION_ONLY,True
IMO_9790880,9790880,431491000,NSU VOYAGER,,UNKNOWN,13,"Adang Bay (East Kalimantan), Indonesia","Kandla, India",Supramax,steam coal,,,-23.77969,151.51859,-1.7376896,116.3477513,23.0177525,70.2096164,2434.19568070484,3925.9038662092103,0.1,12.0,ROUTE_SPEED,208.84964005873667,327.15865551743417,2.0,584.0082955761709,2.0,26.5,$/mt,54625.0,50000.0,65000.0,57500.0,30.0,12000.0,25000.0,SEAROUTE,SEAROUTE_CALCULATED,POSITION_ONLY,True
IMO_9790880,9790880,431491000,NSU VOYAGER,,UNKNOWN,6,"Banjarmasin (South Kalimantan), Indonesia","Krishnapatnam, India",Panamax,thermal coal,,,-23.77969,151.51859,-3.3187496,114.5925828,14.2592415,80.0564758,2467.1574509566753,2408.301246605427,0.1,12.0,ROUTE_SPEED,211.5964542463896,200.69177055045225,2.0,460.28822479684186,2.0,11.8,$/mt,73625.0,70000.0,85000.0,77500.0,30.0,12000.0,25000.0,SEAROUTE,SEAROUTE_CALCULATED,POSITION_ONLY,True
IMO_9790880,9790880,431491000,NSU VOYAGER,,UNKNOWN,8,"Banjarmasin (South Kalimantan), Indonesia","Dahej, India",Panamax,thermal coal,,,-23.77969,151.51859,-3.3187496,114.5925828,21.709301,72.5893963,2467.1574509566753,3443.2178891213243,0.1,12.0,ROUTE_SPEED,211.5964542463896,286.9348240934437,2.0,546.5312783398333,2.0,13.1,$/mt,73625.0,70000.0,85000.0,77500.0,30.0,12000.0,25000.0,SEAROUTE,SEAROUTE_CALCULATED,POSITION_ONLY,True
IMO_9790880,9790880,431491000,NSU VOYAGER,,UNKNOWN,3,"East Kalimantan, Indonesia","Navlakhi, India",Supramax,coal,,,-23.77969,151.51859,0.7884397,116.2419977,22.9582815,70.4496687,2530.418729498476,4102.581709223877,0.1,12.0,ROUTE_SPEED,216.86822745820632,341.88180910198975,2.0,606.7500365601961,2.0,18.45,$/mt,54625.0,50000.0,65000.0,57500.0,30.0,12000.0,25000.0,SEAROUTE,SEAROUTE_CALCULATED,POSITION_ONLY,True
IMO_9790880,9790880,431491000,NSU VOYAGER,,UNKNOWN,7,"East Kalimantan, Indonesia","Paradip, India",Supramax,coal,,,-23.77969,151.51859,0.7884397,116.2419977,20.286946,86.6739979,2530.418729498476,2752.598463285374,0.1,12.0,ROUTE_SPEED,216.86822745820632,229.38320527378116,2.0,494.2514327319875,2.0,16.05,$/mt,54625.0,50000.0,65000.0,57500.0,30.0,12000.0,25000.0,SEAROUTE,SEAROUTE_CALCULATED,POSITION_ONLY,True
IMO_9790880,9790880,431491000,NSU VOYAGER,,UNKNOWN,14,"East Kalimantan, Indonesia","Paradip, India",Supramax,thermal coal,,,-23.77969,151.51859,0.7884397,116.2419977,20.286946,86.6739979,2530.418729498476,2752.598463285374,0.1,12.0,ROUTE_SPEED,216.86822745820632,229.38320527378116,2.0,494.2514327319875,2.0,15.0,$/mt,54625.0,50000.0,65000.0,57500.0,30.0,12000.0,25000.0,SEAROUTE,SEAROUTE_CALCULATED,POSITION_ONLY,True
IMO_9790880,9790880,431491000,NSU VOYAGER,,UNKNOWN,1,"Richards Bay, South Africa","Navlakhi, India",Supramax,coal,,,-23.77969,151.51859,-28.7707857,32.0577775,22.9582815,70.4496687,6097.869768229044,3938.9061722773454,0.1,12.0,ROUTE_SPEED,514.1558140190871,328.2421810231121,2.0,890.3979950421992,2.0,19.35,$/mt,54625.0,50000.0,65000.0,57500.0,30.0,12000.0,25000.0,SEAROUTE,SEAROUTE_CALCULATED,POSITION_ONLY,True
IMO_9790880,9790880,431491000,NSU VOYAGER,,UNKNOWN,9,"Richards Bay, South Africa","Paradip, India",Panamax,thermal coal,,,-23.77969,151.51859,-28.7707857,32.0577775,20.286946,86.6739979,6097.869768229044,4667.806005082153,0.1,12.0,ROUTE_SPEED,514.1558140190871,388.9838337568461,2.0,951.1396477759331,2.0,18.6,$/mt,73625.0,70000.0,85000.0,77500.0,30.0,12000.0,25000.0,SEAROUTE,SEAROUTE_CALCULATED,POSITION_ONLY,True
IMO_9790880,9790880,431491000,NSU VOYAGER,,UNKNOWN,16,"Richards Bay, South Africa","Gangavaram, India",Capesize,coal,,,-23.77969,151.51859,-28.7707857,32.0577775,13.2351728,78.7511018,6097.869768229044,4164.634114888308,0.1,12.0,ROUTE_SPEED,514.1558140190871,347.05284290735904,2.0,909.2086569264461,2.0,14.0,$/mt,166250.0,150000.0,200000.0,175000.0,30.0,12000.0,25000.0,SEAROUTE,SEAROUTE_CALCULATED,POSITION_ONLY,True
IMO_9790880,9790880,431491000,NSU VOYAGER,,UNKNOWN,18,"Richards Bay, South Africa","Haldia, India",Panamax,coking / thermal coal,,,-23.77969,151.51859,-28.7707857,32.0577775,22.028124,88.0632655,6097.869768229044,4736.344187320068,0.1,12.0,ROUTE_SPEED,514.1558140190871,394.695348943339,2.0,956.8511629624261,2.0,12.8,$/mt,73625.0,70000.0,85000.0,77500.0,30.0,12000.0,25000.0,SEAROUTE,SEAROUTE_CALCULATED,POSITION_ONLY,True
IMO_9790880,9790880,431491000,NSU VOYAGER,,UNKNOWN,19,"Richards Bay, South Africa","Kandla, India",Capesize,coal,,,-23.77969,151.51859,-28.7707857,32.0577775,23.0177525,70.2096164,6097.869768229044,3938.9061722773454,0.1,12.0,ROUTE_SPEED,514.1558140190871,328.2421810231121,2.0,890.3979950421992,2.0,17.45,$/mt,166250.0,150000.0,200000.0,175000.0,30.0,12000.0,25000.0,SEAROUTE,SEAROUTE_CALCULATED,POSITION_ONLY,True
IMO_9790880,9790880,431491000,NSU VOYAGER,,UNKNOWN,23,"Richards Bay, South Africa","Krishnapatnam, India",Capesize,coal,,,-23.77969,151.51859,-28.7707857,32.0577775,14.2592415,80.0564758,6097.869768229044,4164.634114888308,0.1,12.0,ROUTE_SPEED,514.1558140190871,347.05284290735904,2.0,909.2086569264461,2.0,19.55,$/mt,166250.0,150000.0,200000.0,175000.0,30.0,12000.0,25000.0,SEAROUTE,SEAROUTE_CALCULATED,POSITION_ONLY,True
IMO_9790880,9790880,431491000,NSU VOYAGER,,UNKNOWN,12,Mozambique (Beira / Maputo),East Coast India,Handysize,coking coal,,,-23.77969,151.51859,-25.966213,32.56745,20.286946,86.6739979,6172.710252603892,4601.384016575973,0.1,12.0,ROUTE_SPEED,520.3925210503243,383.4486680479977,2.0,951.841189098322,2.0,43.75,$/mt,,,,,30.0,12000.0,25000.0,SEAROUTE,SEAROUTE_CALCULATED,POSITION_ONLY,True
IMO_9790880,9790880,431491000,NSU VOYAGER,,UNKNOWN,15,Atlantic / Black Sea ports (Taman / Ust-Luga proxy),"Visakhapatnam, India",Panamax,coal,,,-23.77969,151.51859,45.2158646,36.7191326,17.6935526,83.2921297,7434.184283878584,5565.87430627969,0.1,12.0,ROUTE_SPEED,625.515356989882,463.82285885664083,2.0,1137.3382158465229,2.0,19.5,$/mt,73625.0,70000.0,85000.0,77500.0,30.0,12000.0,25000.0,SEAROUTE,SEAROUTE_CALCULATED,POSITION_ONLY,True
IMO_9790880,9790880,431491000,NSU VOYAGER,,UNKNOWN,24,US East Coast (Hampton Roads / Baltimore),East Coast India (Paradip / Visakhapatnam),Panamax,coal / coking coal,,,-23.77969,151.51859,36.9507552,-76.4114187,20.286946,86.6739979,8230.777944030022,9913.44136694391,0.1,12.0,ROUTE_SPEED,691.8981620025019,826.1201139119926,2.0,1566.0182759144946,2.0,44.35,$/mt,73625.0,70000.0,85000.0,77500.0,30.0,12000.0,25000.0,SEAROUTE,SEAROUTE_CALCULATED,POSITION_ONLY,True
IMO_9802205,9802205,636018574,MEDI PALMAROLA,,UNKNOWN,0,"Queensland (Gladstone / Hay Point), Australia","Visakhapatnam & Haldia, India",Panamax,coking coal,,,-23.90016,151.58984,-21.298313,149.2693543,17.6935526,83.2921297,202.34436911425027,4926.710066752748,0.1,12.0,ROUTE_SPEED,22.862030759520856,410.5591722293957,2.0,481.42120298891655,2.0,47.0,$/mt,73625.0,70000.0,85000.0,77500.0,30.0,12000.0,25000.0,SEAROUTE,SEAROUTE_CALCULATED,POSITION_ONLY,True
IMO_9802205,9802205,636018574,MEDI PALMAROLA,,UNKNOWN,2,"Hay Point, Australia","Paradip, India",Panamax,coking coal,,,-23.90016,151.58984,-21.298313,149.2693543,20.286946,86.6739979,202.34436911425027,4899.001585207413,0.1,12.0,ROUTE_SPEED,22.862030759520856,408.25013210061775,2.0,479.1121628601386,2.0,13.8,$/mt,73625.0,70000.0,85000.0,77500.0,30.0,12000.0,25000.0,SEAROUTE,SEAROUTE_CALCULATED,POSITION_ONLY,True
IMO_9802205,9802205,636018574,MEDI PALMAROLA,,UNKNOWN,4,"Hay Point, Australia","Visakhapatnam, India",Panamax,metallurgical coal,,,-23.90016,151.58984,-21.298313,149.2693543,17.6935526,83.2921297,202.34436911425027,4926.710066752748,0.1,12.0,ROUTE_SPEED,22.862030759520856,410.5591722293957,2.0,481.42120298891655,2.0,23.3,$/mt,73625.0,70000.0,85000.0,77500.0,30.0,12000.0,25000.0,SEAROUTE,SEAROUTE_CALCULATED,POSITION_ONLY,True
IMO_9802205,9802205,636018574,MEDI PALMAROLA,,UNKNOWN,5,"Hay Point, Australia","Paradip, India",Panamax,metallurgical coal,,,-23.90016,151.58984,-21.298313,149.2693543,20.286946,86.6739979,202.34436911425027,4899.001585207413,0.1,12.0,ROUTE_SPEED,22.862030759520856,408.25013210061775,2.0,479.1121628601386,2.0,21.1,$/mt,73625.0,70000.0,85000.0,77500.0,30.0,12000.0,25000.0,SEAROUTE,SEAROUTE_CALCULATED,POSITION_ONLY,True
IMO_9802205,9802205,636018574,MEDI PALMAROLA,,UNKNOWN,11,"Hay Point, Australia","Visakhapatnam, India",Panamax,coal,,,-23.90016,151.58984,-21.298313,149.2693543,17.6935526,83.2921297,202.34436911425027,4926.710066752748,0.1,12.0,ROUTE_SPEED,22.862030759520856,410.5591722293957,2.0,481.42120298891655,2.0,27.85,$/mt,73625.0,70000.0,85000.0,77500.0,30.0,12000.0,25000.0,SEAROUTE,SEAROUTE_CALCULATED,POSITION_ONLY,True
IMO_9802205,9802205,636018574,MEDI PALMAROLA,,UNKNOWN,20,East Coast Australia,East Coast India,Panamax,coal,,,-23.90016,151.58984,-27.4689623,153.0235009,20.286946,86.6739979,227.87470493491864,5329.775100266468,0.1,12.0,ROUTE_SPEED,24.989558744576552,444.1479250222057,2.0,517.1374837667822,2.0,17.7,$/mt,73625.0,70000.0,85000.0,77500.0,30.0,12000.0,25000.0,SEAROUTE,SEAROUTE_CALCULATED,POSITION_ONLY,True
IMO_9802205,9802205,636018574,MEDI PALMAROLA,,UNKNOWN,17,"Queensland, Australia","Haldia, India",Panamax,coking coal,,,-23.90016,151.58984,-22.1646782,144.5844903,22.028124,88.0632655,400.79734978555734,4732.350582884308,0.1,12.0,ROUTE_SPEED,39.39977914879645,394.3625485736923,2.0,481.76232772248875,2.0,20.3,$/mt,73625.0,70000.0,85000.0,77500.0,30.0,12000.0,25000.0,SEAROUTE,SEAROUTE_CALCULATED,POSITION_ONLY,True
IMO_9802205,9802205,636018574,MEDI PALMAROLA,,UNKNOWN,10,Indonesia,"Paradip, India",Supramax,thermal coal,,,-23.90016,151.58984,-2.4833826,117.8902853,20.286946,86.6739979,2339.8567386403274,2579.0639841663437,0.1,12.0,ROUTE_SPEED,200.9880615533606,214.92199868052865,2.0,463.9100602338892,2.0,21.3,$/mt,54625.0,50000.0,65000.0,57500.0,30.0,12000.0,25000.0,SEAROUTE,SEAROUTE_CALCULATED,POSITION_ONLY,True
IMO_9802205,9802205,636018574,MEDI PALMAROLA,,UNKNOWN,21,Indonesia,East Coast India,Panamax,coal,,,-23.90016,151.58984,-2.4833826,117.8902853,20.286946,86.6739979,2339.8567386403274,2579.0639841663437,0.1,12.0,ROUTE_SPEED,200.9880615533606,214.92199868052865,2.0,463.9100602338892,2.0,11.2,$/mt,73625.0,70000.0,85000.0,77500.0,30.0,12000.0,25000.0,SEAROUTE,SEAROUTE_CALCULATED,POSITION_ONLY,True
IMO_9802205,9802205,636018574,MEDI PALMAROLA,,UNKNOWN,22,Indonesia,West Coast India,Panamax,coal,,,-23.90016,151.58984,-2.4833826,117.8902853,23.0177525,70.2096164,2339.8567386403274,3929.0472301048458,0.1,12.0,ROUTE_SPEED,200.9880615533606,327.42060250873715,2.0,576.4086640620977,2.0,12.85,$/mt,73625.0,70000.0,85000.0,77500.0,30.0,12000.0,25000.0,SEAROUTE,SEAROUTE_CALCULATED,POSITION_ONLY,True
IMO_9802205,9802205,636018574,MEDI PALMAROLA,,UNKNOWN,13,"Adang Bay (East Kalimantan), Indonesia","Kandla, India",Supramax,steam coal,,,-23.90016,151.58984,-1.7376896,116.3477513,23.0177525,70.2096164,2441.0212259406235,3925.9038662092103,0.1,12.0,ROUTE_SPEED,209.41843549505197,327.15865551743417,2.0,584.5770910124861,2.0,26.5,$/mt,54625.0,50000.0,65000.0,57500.0,30.0,12000.0,25000.0,SEAROUTE,SEAROUTE_CALCULATED,POSITION_ONLY,True
IMO_9802205,9802205,636018574,MEDI PALMAROLA,,UNKNOWN,6,"Banjarmasin (South Kalimantan), Indonesia","Krishnapatnam, India",Panamax,thermal coal,,,-23.90016,151.58984,-3.3187496,114.5925828,14.2592415,80.0564758,2473.6893393736223,2408.301246605427,0.1,12.0,ROUTE_SPEED,212.1407782811352,200.69177055045225,2.0,460.8325488315875,2.0,11.8,$/mt,73625.0,70000.0,85000.0,77500.0,30.0,12000.0,25000.0,SEAROUTE,SEAROUTE_CALCULATED,POSITION_ONLY,True
IMO_9802205,9802205,636018574,MEDI PALMAROLA,,UNKNOWN,8,"Banjarmasin (South Kalimantan), Indonesia","Dahej, India",Panamax,thermal coal,,,-23.90016,151.58984,-3.3187496,114.5925828,21.709301,72.5893963,2473.6893393736223,3443.2178891213243,0.1,12.0,ROUTE_SPEED,212.1407782811352,286.9348240934437,2.0,547.0756023745789,2.0,13.1,$/mt,73625.0,70000.0,85000.0,77500.0,30.0,12000.0,25000.0,SEAROUTE,SEAROUTE_CALCULATED,POSITION_ONLY,True
IMO_9802205,9802205,636018574,MEDI PALMAROLA,,UNKNOWN,3,"East Kalimantan, Indonesia","Navlakhi, India",Supramax,coal,,,-23.90016,151.58984,0.7884397,116.2419977,22.9582815,70.4496687,2537.4716806941624,4102.581709223877,0.1,12.0,ROUTE_SPEED,217.4559733911802,341.88180910198975,2.0,607.3377824931699,2.0,18.45,$/mt,54625.0,50000.0,65000.0,57500.0,30.0,12000.0,25000.0,SEAROUTE,SEAROUTE_CALCULATED,POSITION_ONLY,True
IMO_9802205,9802205,636018574,MEDI PALMAROLA,,UNKNOWN,7,"East Kalimantan, Indonesia","Paradip, India",Supramax,coal,,,-23.90016,151.58984,0.7884397,116.2419977,20.286946,86.6739979,2537.4716806941624,2752.598463285374,0.1,12.0,ROUTE_SPEED,217.4559733911802,229.38320527378116,2.0,494.83917866496137,2.0,16.05,$/mt,54625.0,50000.0,65000.0,57500.0,30.0,12000.0,25000.0,SEAROUTE,SEAROUTE_CALCULATED,POSITION_ONLY,True
IMO_9802205,9802205,636018574,MEDI PALMAROLA,,UNKNOWN,14,"East Kalimantan, Indonesia","Paradip, India",Supramax,thermal coal,,,-23.90016,151.58984,0.7884397,116.2419977,20.286946,86.6739979,2537.4716806941624,2752.598463285374,0.1,12.0,ROUTE_SPEED,217.4559733911802,229.38320527378116,2.0,494.83917866496137,2.0,15.0,$/mt,54625.0,50000.0,65000.0,57500.0,30.0,12000.0,25000.0,SEAROUTE,SEAROUTE_CALCULATED,POSITION_ONLY,True
IMO_9802205,9802205,636018574,MEDI PALMAROLA,,UNKNOWN,1,"Richards Bay, South Africa","Navlakhi, India",Supramax,coal,,,-23.90016,151.58984,-28.7707857,32.0577775,22.9582815,70.4496687,6096.378834972959,3938.9061722773454,0.1,12.0,ROUTE_SPEED,514.03156958108,328.2421810231121,2.0,890.2737506041922,2.0,19.35,$/mt,54625.0,50000.0,65000.0,57500.0,30.0,12000.0,25000.0,SEAROUTE,SEAROUTE_CALCULATED,POSITION_ONLY,True
IMO_9802205,9802205,636018574,MEDI PALMAROLA,,UNKNOWN,9,"Richards Bay, South Africa","Paradip, India",Panamax,thermal coal,,,-23.90016,151.58984,-28.7707857,32.0577775,20.286946,86.6739979,6096.378834972959,4667.806005082153,0.1,12.0,ROUTE_SPEED,514.03156958108,388.9838337568461,2.0,951.015403337926,2.0,18.6,$/mt,73625.0,70000.0,85000.0,77500.0,30.0,12000.0,25000.0,SEAROUTE,SEAROUTE_CALCULATED,POSITION_ONLY,True
IMO_9802205,9802205,636018574,MEDI PALMAROLA,,UNKNOWN,16,"Richards Bay, South Africa","Gangavaram, India",Capesize,coal,,,-23.90016,151.58984,-28.7707857,32.0577775,13.2351728,78.7511018,6096.378834972959,4164.634114888308,0.1,12.0,ROUTE_SPEED,514.03156958108,347.05284290735904,2.0,909.084412488439,2.0,14.0,$/mt,166250.0,150000.0,200000.0,175000.0,30.0,12000.0,25000.0,SEAROUTE,SEAROUTE_CALCULATED,POSITION_ONLY,True
IMO_9802205,9802205,636018574,MEDI PALMAROLA,,UNKNOWN,18,"Richards Bay, South Africa","Haldia, India",Panamax,coking / thermal coal,,,-23.90016,151.58984,-28.7707857,32.0577775,22.028124,88.0632655,6096.378834972959,4736.344187320068,0.1,12.0,ROUTE_SPEED,514.03156958108,394.695348943339,2.0,956.726918524419,2.0,12.8,$/mt,73625.0,70000.0,85000.0,77500.0,30.0,12000.0,25000.0,SEAROUTE,SEAROUTE_CALCULATED,POSITION_ONLY,True
IMO_9802205,9802205,636018574,MEDI PALMAROLA,,UNKNOWN,19,"Richards Bay, South Africa","Kandla, India",Capesize,coal,,,-23.90016,151.58984,-28.7707857,32.0577775,23.0177525,70.2096164,6096.378834972959,3938.9061722773454,0.1,12.0,ROUTE_SPEED,514.03156958108,328.2421810231121,2.0,890.2737506041922,2.0,17.45,$/mt,166250.0,150000.0,200000.0,175000.0,30.0,12000.0,25000.0,SEAROUTE,SEAROUTE_CALCULATED,POSITION_ONLY,True
IMO_9802205,9802205,636018574,MEDI PALMAROLA,,UNKNOWN,23,"Richards Bay, South Africa","Krishnapatnam, India",Capesize,coal,,,-23.90016,151.58984,-28.7707857,32.0577775,14.2592415,80.0564758,6096.378834972959,4164.634114888308,0.1,12.0,ROUTE_SPEED,514.03156958108,347.05284290735904,2.0,909.084412488439,2.0,19.55,$/mt,166250.0,150000.0,200000.0,175000.0,30.0,12000.0,25000.0,SEAROUTE,SEAROUTE_CALCULATED,POSITION_ONLY,True
IMO_9802205,9802205,636018574,MEDI PALMAROLA,,UNKNOWN,12,Mozambique (Beira / Maputo),East Coast India,Handysize,coking coal,,,-23.90016,151.58984,-25.966213,32.56745,20.286946,86.6739979,6171.589147912846,4601.384016575973,0.1,12.0,ROUTE_SPEED,520.2990956594039,383.4486680479977,2.0,951.7477637074016,2.0,43.75,$/mt,,,,,30.0,12000.0,25000.0,SEAROUTE,SEAROUTE_CALCULATED,POSITION_ONLY,True
IMO_9802205,9802205,636018574,MEDI PALMAROLA,,UNKNOWN,15,Atlantic / Black Sea ports (Taman / Ust-Luga proxy),"Visakhapatnam, India",Panamax,coal,,,-23.90016,151.58984,45.2158646,36.7191326,17.6935526,83.2921297,7441.811900513393,5565.87430627969,0.1,12.0,ROUTE_SPEED,626.1509917094494,463.82285885664083,2.0,1137.9738505660903,2.0,19.5,$/mt,73625.0,70000.0,85000.0,77500.0,30.0,12000.0,25000.0,SEAROUTE,SEAROUTE_CALCULATED,POSITION_ONLY,True
IMO_9802205,9802205,636018574,MEDI PALMAROLA,,UNKNOWN,24,US East Coast (Hampton Roads / Baltimore),East Coast India (Paradip / Visakhapatnam),Panamax,coal / coking coal,,,-23.90016,151.58984,36.9507552,-76.4114187,20.286946,86.6739979,8230.910330039926,9913.44136694391,0.1,12.0,ROUTE_SPEED,691.9091941699938,826.1201139119926,2.0,1566.0293080819865,2.0,44.35,$/mt,73625.0,70000.0,85000.0,77500.0,30.0,12000.0,25000.0,SEAROUTE,SEAROUTE_CALCULATED,POSITION_ONLY,True
IMO_9815939,9815939,636018518,MEDI GINEVRA,,UNKNOWN,0,"Queensland (Gladstone / Hay Point), Australia","Visakhapatnam & Haldia, India",Panamax,coking coal,,,-23.88145,151.57301,-21.298313,149.2693543,17.6935526,83.2921297,200.8899359965577,4926.710066752748,0.1,12.0,ROUTE_SPEED,22.740827999713144,410.5591722293957,2.0,481.30000022910883,2.0,47.0,$/mt,73625.0,70000.0,85000.0,77500.0,30.0,12000.0,25000.0,SEAROUTE,SEAROUTE_CALCULATED,POSITION_ONLY,True
IMO_9815939,9815939,636018518,MEDI GINEVRA,,UNKNOWN,2,"Hay Point, Australia","Paradip, India",Panamax,coking coal,,,-23.88145,151.57301,-21.298313,149.2693543,20.286946,86.6739979,200.8899359965577,4899.001585207413,0.1,12.0,ROUTE_SPEED,22.740827999713144,408.25013210061775,2.0,478.9909601003309,2.0,13.8,$/mt,73625.0,70000.0,85000.0,77500.0,30.0,12000.0,25000.0,SEAROUTE,SEAROUTE_CALCULATED,POSITION_ONLY,True
IMO_9815939,9815939,636018518,MEDI GINEVRA,,UNKNOWN,4,"Hay Point, Australia","Visakhapatnam, India",Panamax,metallurgical coal,,,-23.88145,151.57301,-21.298313,149.2693543,17.6935526,83.2921297,200.8899359965577,4926.710066752748,0.1,12.0,ROUTE_SPEED,22.740827999713144,410.5591722293957,2.0,481.30000022910883,2.0,23.3,$/mt,73625.0,70000.0,85000.0,77500.0,30.0,12000.0,25000.0,SEAROUTE,SEAROUTE_CALCULATED,POSITION_ONLY,True
IMO_9815939,9815939,636018518,MEDI GINEVRA,,UNKNOWN,5,"Hay Point, Australia","Paradip, India",Panamax,metallurgical coal,,,-23.88145,151.57301,-21.298313,149.2693543,20.286946,86.6739979,200.8899359965577,4899.001585207413,0.1,12.0,ROUTE_SPEED,22.740827999713144,408.25013210061775,2.0,478.9909601003309,2.0,21.1,$/mt,73625.0,70000.0,85000.0,77500.0,30.0,12000.0,25000.0,SEAROUTE,SEAROUTE_CALCULATED,POSITION_ONLY,True
IMO_9815939,9815939,636018518,MEDI GINEVRA,,UNKNOWN,11,"Hay Point, Australia","Visakhapatnam, India",Panamax,coal,,,-23.88145,151.57301,-21.298313,149.2693543,17.6935526,83.2921297,200.8899359965577,4926.710066752748,0.1,12.0,ROUTE_SPEED,22.740827999713144,410.5591722293957,2.0,481.30000022910883,2.0,27.85,$/mt,73625.0,70000.0,85000.0,77500.0,30.0,12000.0,25000.0,SEAROUTE,SEAROUTE_CALCULATED,POSITION_ONLY,True
IMO_9815939,9815939,636018518,MEDI GINEVRA,,UNKNOWN,20,East Coast Australia,East Coast India,Panamax,coal,,,-23.88145,151.57301,-27.4689623,153.0235009,20.286946,86.6739979,229.24335243349685,5329.775100266468,0.1,12.0,ROUTE_SPEED,25.103612702791406,444.1479250222057,2.0,517.2515377249971,2.0,17.7,$/mt,73625.0,70000.0,85000.0,77500.0,30.0,12000.0,25000.0,SEAROUTE,SEAROUTE_CALCULATED,POSITION_ONLY,True
IMO_9815939,9815939,636018518,MEDI GINEVRA,,UNKNOWN,17,"Queensland, Australia","Haldia, India",Panamax,coking coal,,,-23.88145,151.57301,-22.1646782,144.5844903,22.028124,88.0632655,399.63494090086044,4732.350582884308,0.1,12.0,ROUTE_SPEED,39.30291174173837,394.3625485736923,2.0,481.66546031543066,2.0,20.3,$/mt,73625.0,70000.0,85000.0,77500.0,30.0,12000.0,25000.0,SEAROUTE,SEAROUTE_CALCULATED,POSITION_ONLY,True
IMO_9815939,9815939,636018518,MEDI GINEVRA,,UNKNOWN,10,Indonesia,"Paradip, India",Supramax,thermal coal,,,-23.88145,151.57301,-2.4833826,117.8902853,20.286946,86.6739979,2338.5117493074254,2579.0639841663437,0.1,12.0,ROUTE_SPEED,200.87597910895212,214.92199868052865,2.0,463.7979777894808,2.0,21.3,$/mt,54625.0,50000.0,65000.0,57500.0,30.0,12000.0,25000.0,SEAROUTE,SEAROUTE_CALCULATED,POSITION_ONLY,True
IMO_9815939,9815939,636018518,MEDI GINEVRA,,UNKNOWN,21,Indonesia,East Coast India,Panamax,coal,,,-23.88145,151.57301,-2.4833826,117.8902853,20.286946,86.6739979,2338.5117493074254,2579.0639841663437,0.1,12.0,ROUTE_SPEED,200.87597910895212,214.92199868052865,2.0,463.7979777894808,2.0,11.2,$/mt,73625.0,70000.0,85000.0,77500.0,30.0,12000.0,25000.0,SEAROUTE,SEAROUTE_CALCULATED,POSITION_ONLY,True
IMO_9815939,9815939,636018518,MEDI GINEVRA,,UNKNOWN,22,Indonesia,West Coast India,Panamax,coal,,,-23.88145,151.57301,-2.4833826,117.8902853,23.0177525,70.2096164,2338.5117493074254,3929.0472301048458,0.1,12.0,ROUTE_SPEED,200.87597910895212,327.42060250873715,2.0,576.2965816176893,2.0,12.85,$/mt,73625.0,70000.0,85000.0,77500.0,30.0,12000.0,25000.0,SEAROUTE,SEAROUTE_CALCULATED,POSITION_ONLY,True
IMO_9815939,9815939,636018518,MEDI GINEVRA,,UNKNOWN,13,"Adang Bay (East Kalimantan), Indonesia","Kandla, India",Supramax,steam coal,,,-23.88145,151.57301,-1.7376896,116.3477513,23.0177525,70.2096164,2439.6808888391824,3925.9038662092103,0.1,12.0,ROUTE_SPEED,209.30674073659853,327.15865551743417,2.0,584.4653962540327,2.0,26.5,$/mt,54625.0,50000.0,65000.0,57500.0,30.0,12000.0,25000.0,SEAROUTE,SEAROUTE_CALCULATED,POSITION_ONLY,True
IMO_9815939,9815939,636018518,MEDI GINEVRA,,UNKNOWN,6,"Banjarmasin (South Kalimantan), Indonesia","Krishnapatnam, India",Panamax,thermal coal,,,-23.88145,151.57301,-3.3187496,114.5925828,14.2592415,80.0564758,2472.3860732206426,2408.301246605427,0.1,12.0,ROUTE_SPEED,212.03217276838689,200.69177055045225,2.0,460.72394331883913,2.0,11.8,$/mt,73625.0,70000.0,85000.0,77500.0,30.0,12000.0,25000.0,SEAROUTE,SEAROUTE_CALCULATED,POSITION_ONLY,True
IMO_9815939,9815939,636018518,MEDI GINEVRA,,UNKNOWN,8,"Banjarmasin (South Kalimantan), Indonesia","Dahej, India",Panamax,thermal coal,,,-23.88145,151.57301,-3.3187496,114.5925828,21.709301,72.5893963,2472.3860732206426,3443.2178891213243,0.1,12.0,ROUTE_SPEED,212.03217276838689,286.9348240934437,2.0,546.9669968618306,2.0,13.1,$/mt,73625.0,70000.0,85000.0,77500.0,30.0,12000.0,25000.0,SEAROUTE,SEAROUTE_CALCULATED,POSITION_ONLY,True
IMO_9815939,9815939,636018518,MEDI GINEVRA,,UNKNOWN,3,"East Kalimantan, Indonesia","Navlakhi, India",Supramax,coal,,,-23.88145,151.57301,0.7884397,116.2419977,22.9582815,70.4496687,2536.104047686381,4102.581709223877,0.1,12.0,ROUTE_SPEED,217.34200397386508,341.88180910198975,2.0,607.2238130758549,2.0,18.45,$/mt,54625.0,50000.0,65000.0,57500.0,30.0,12000.0,25000.0,SEAROUTE,SEAROUTE_CALCULATED,POSITION_ONLY,True
IMO_9815939,9815939,636018518,MEDI GINEVRA,,UNKNOWN,7,"East Kalimantan, Indonesia","Paradip, India",Supramax,coal,,,-23.88145,151.57301,0.7884397,116.2419977,20.286946,86.6739979,2536.104047686381,2752.598463285374,0.1,12.0,ROUTE_SPEED,217.34200397386508,229.38320527378116,2.0,494.72520924764626,2.0,16.05,$/mt,54625.0,50000.0,65000.0,57500.0,30.0,12000.0,25000.0,SEAROUTE,SEAROUTE_CALCULATED,POSITION_ONLY,True
IMO_9815939,9815939,636018518,MEDI GINEVRA,,UNKNOWN,14,"East Kalimantan, Indonesia","Paradip, India",Supramax,thermal coal,,,-23.88145,151.57301,0.7884397,116.2419977,20.286946,86.6739979,2536.104047686381,2752.598463285374,0.1,12.0,ROUTE_SPEED,217.34200397386508,229.38320527378116,2.0,494.72520924764626,2.0,15.0,$/mt,54625.0,50000.0,65000.0,57500.0,30.0,12000.0,25000.0,SEAROUTE,SEAROUTE_CALCULATED,POSITION_ONLY,True
IMO_9815939,9815939,636018518,MEDI GINEVRA,,UNKNOWN,1,"Richards Bay, South Africa","Navlakhi, India",Supramax,coal,,,-23.88145,151.57301,-28.7707857,32.0577775,22.9582815,70.4496687,6096.364729170839,3938.9061722773454,0.1,12.0,ROUTE_SPEED,514.03039409757,328.2421810231121,2.0,890.2725751206822,2.0,19.35,$/mt,54625.0,50000.0,65000.0,57500.0,30.0,12000.0,25000.0,SEAROUTE,SEAROUTE_CALCULATED,POSITION_ONLY,True
IMO_9815939,9815939,636018518,MEDI GINEVRA,,UNKNOWN,9,"Richards Bay, South Africa","Paradip, India",Panamax,thermal coal,,,-23.88145,151.57301,-28.7707857,32.0577775,20.286946,86.6739979,6096.364729170839,4667.806005082153,0.1,12.0,ROUTE_SPEED,514.03039409757,388.9838337568461,2.0,951.014227854416,2.0,18.6,$/mt,73625.0,70000.0,85000.0,77500.0,30.0,12000.0,25000.0,SEAROUTE,SEAROUTE_CALCULATED,POSITION_ONLY,True
IMO_9815939,9815939,636018518,MEDI GINEVRA,,UNKNOWN,16,"Richards Bay, South Africa","Gangavaram, India",Capesize,coal,,,-23.88145,151.57301,-28.7707857,32.0577775,13.2351728,78.7511018,6096.364729170839,4164.634114888308,0.1,12.0,ROUTE_SPEED,514.03039409757,347.05284290735904,2.0,909.0832370049291,2.0,14.0,$/mt,166250.0,150000.0,200000.0,175000.0,30.0,12000.0,25000.0,SEAROUTE,SEAROUTE_CALCULATED,POSITION_ONLY,True
IMO_9815939,9815939,636018518,MEDI GINEVRA,,UNKNOWN,18,"Richards Bay, South Africa","Haldia, India",Panamax,coking / thermal coal,,,-23.88145,151.57301,-28.7707857,32.0577775,22.028124,88.0632655,6096.364729170839,4736.344187320068,0.1,12.0,ROUTE_SPEED,514.03039409757,394.695348943339,2.0,956.725743040909,2.0,12.8,$/mt,73625.0,70000.0,85000.0,77500.0,30.0,12000.0,25000.0,SEAROUTE,SEAROUTE_CALCULATED,POSITION_ONLY,True
IMO_9815939,9815939,636018518,MEDI GINEVRA,,UNKNOWN,19,"Richards Bay, South Africa","Kandla, India",Capesize,coal,,,-23.88145,151.57301,-28.7707857,32.0577775,23.0177525,70.2096164,6096.364729170839,3938.9061722773454,0.1,12.0,ROUTE_SPEED,514.03039409757,328.2421810231121,2.0,890.2725751206822,2.0,17.45,$/mt,166250.0,150000.0,200000.0,175000.0,30.0,12000.0,25000.0,SEAROUTE,SEAROUTE_CALCULATED,POSITION_ONLY,True
IMO_9815939,9815939,636018518,MEDI GINEVRA,,UNKNOWN,23,"Richards Bay, South Africa","Krishnapatnam, India",Capesize,coal,,,-23.88145,151.57301,-28.7707857,32.0577775,14.2592415,80.0564758,6096.364729170839,4164.634114888308,0.1,12.0,ROUTE_SPEED,514.03039409757,347.05284290735904,2.0,909.0832370049291,2.0,19.55,$/mt,166250.0,150000.0,200000.0,175000.0,30.0,12000.0,25000.0,SEAROUTE,SEAROUTE_CALCULATED,POSITION_ONLY,True
IMO_9815939,9815939,636018518,MEDI GINEVRA,,UNKNOWN,12,Mozambique (Beira / Maputo),East Coast India,Handysize,coking coal,,,-23.88145,151.57301,-25.966213,32.56745,20.286946,86.6739979,6171.508860401888,4601.384016575973,0.1,12.0,ROUTE_SPEED,520.2924050334907,383.4486680479977,2.0,951.7410730814884,2.0,43.75,$/mt,,,,,30.0,12000.0,25000.0,SEAROUTE,SEAROUTE_CALCULATED,POSITION_ONLY,True
IMO_9815939,9815939,636018518,MEDI GINEVRA,,UNKNOWN,15,Atlantic / Black Sea ports (Taman / Ust-Luga proxy),"Visakhapatnam, India",Panamax,coal,,,-23.88145,151.57301,45.2158646,36.7191326,17.6935526,83.2921297,7440.383902435687,5565.87430627969,0.1,12.0,ROUTE_SPEED,626.0319918696406,463.82285885664083,2.0,1137.8548507262815,2.0,19.5,$/mt,73625.0,70000.0,85000.0,77500.0,30.0,12000.0,25000.0,SEAROUTE,SEAROUTE_CALCULATED,POSITION_ONLY,True
IMO_9815939,9815939,636018518,MEDI GINEVRA,,UNKNOWN,24,US East Coast (Hampton Roads / Baltimore),East Coast India (Paradip / Visakhapatnam),Panamax,coal / coking coal,,,-23.88145,151.57301,36.9507552,-76.4114187,20.286946,86.6739979,8231.166667915944,9913.44136694391,0.1,12.0,ROUTE_SPEED,691.930555659662,826.1201139119926,2.0,1566.0506695716545,2.0,44.35,$/mt,73625.0,70000.0,85000.0,77500.0,30.0,12000.0,25000.0,SEAROUTE,SEAROUTE_CALCULATED,POSITION_ONLY,True
IMO_9877872,9877872,538009641,SDTR ERICA,,UNKNOWN,0,"Queensland (Gladstone / Hay Point), Australia","Visakhapatnam & Haldia, India",Panamax,coking coal,,,-23.85242,151.61422,-21.298313,149.2693543,17.6935526,83.2921297,201.02564838587722,4926.710066752748,0.0,12.0,ROUTE_SPEED,22.75213736548977,410.5591722293957,2.0,481.3113095948855,2.0,47.0,$/mt,73625.0,70000.0,85000.0,77500.0,30.0,12000.0,25000.0,SEAROUTE,SEAROUTE_CALCULATED,POSITION_ONLY,True
IMO_9877872,9877872,538009641,SDTR ERICA,,UNKNOWN,2,"Hay Point, Australia","Paradip, India",Panamax,coking coal,,,-23.85242,151.61422,-21.298313,149.2693543,20.286946,86.6739979,201.02564838587722,4899.001585207413,0.0,12.0,ROUTE_SPEED,22.75213736548977,408.25013210061775,2.0,479.0022694661075,2.0,13.8,$/mt,73625.0,70000.0,85000.0,77500.0,30.0,12000.0,25000.0,SEAROUTE,SEAROUTE_CALCULATED,POSITION_ONLY,True
IMO_9877872,9877872,538009641,SDTR ERICA,,UNKNOWN,4,"Hay Point, Australia","Visakhapatnam, India",Panamax,metallurgical coal,,,-23.85242,151.61422,-21.298313,149.2693543,17.6935526,83.2921297,201.02564838587722,4926.710066752748,0.0,12.0,ROUTE_SPEED,22.75213736548977,410.5591722293957,2.0,481.3113095948855,2.0,23.3,$/mt,73625.0,70000.0,85000.0,77500.0,30.0,12000.0,25000.0,SEAROUTE,SEAROUTE_CALCULATED,POSITION_ONLY,True
IMO_9877872,9877872,538009641,SDTR ERICA,,UNKNOWN,5,"Hay Point, Australia","Paradip, India",Panamax,metallurgical coal,,,-23.85242,151.61422,-21.298313,149.2693543,20.286946,86.6739979,201.02564838587722,4899.001585207413,0.0,12.0,ROUTE_SPEED,22.75213736548977,408.25013210061775,2.0,479.0022694661075,2.0,21.1,$/mt,73625.0,70000.0,85000.0,77500.0,30.0,12000.0,25000.0,SEAROUTE,SEAROUTE_CALCULATED,POSITION_ONLY,True
IMO_9877872,9877872,538009641,SDTR ERICA,,UNKNOWN,11,"Hay Point, Australia","Visakhapatnam, India",Panamax,coal,,,-23.85242,151.61422,-21.298313,149.2693543,17.6935526,83.2921297,201.02564838587722,4926.710066752748,0.0,12.0,ROUTE_SPEED,22.75213736548977,410.5591722293957,2.0,481.3113095948855,2.0,27.85,$/mt,73625.0,70000.0,85000.0,77500.0,30.0,12000.0,25000.0,SEAROUTE,SEAROUTE_CALCULATED,POSITION_ONLY,True
IMO_9877872,9877872,538009641,SDTR ERICA,,UNKNOWN,20,East Coast Australia,East Coast India,Panamax,coal,,,-23.85242,151.61422,-27.4689623,153.0235009,20.286946,86.6739979,230.13667427474687,5329.775100266468,0.0,12.0,ROUTE_SPEED,25.178056189562238,444.1479250222057,2.0,517.325981211768,2.0,17.7,$/mt,73625.0,70000.0,85000.0,77500.0,30.0,12000.0,25000.0,SEAROUTE,SEAROUTE_CALCULATED,POSITION_ONLY,True
IMO_9877872,9877872,538009641,SDTR ERICA,,UNKNOWN,17,"Queensland, Australia","Haldia, India",Panamax,coking coal,,,-23.85242,151.61422,-22.1646782,144.5844903,22.028124,88.0632655,401.4324155430747,4732.350582884308,0.0,12.0,ROUTE_SPEED,39.452701295256226,394.3625485736923,2.0,481.81524986894857,2.0,20.3,$/mt,73625.0,70000.0,85000.0,77500.0,30.0,12000.0,25000.0,SEAROUTE,SEAROUTE_CALCULATED,POSITION_ONLY,True
IMO_9877872,9877872,538009641,SDTR ERICA,,UNKNOWN,10,Indonesia,"Paradip, India",Supramax,thermal coal,,,-23.85242,151.61422,-2.4833826,117.8902853,20.286946,86.6739979,2339.684354175987,2579.0639841663437,0.0,12.0,ROUTE_SPEED,200.97369618133226,214.92199868052865,2.0,463.8956948618609,2.0,21.3,$/mt,54625.0,50000.0,65000.0,57500.0,30.0,12000.0,25000.0,SEAROUTE,SEAROUTE_CALCULATED,POSITION_ONLY,True
IMO_9877872,9877872,538009641,SDTR ERICA,,UNKNOWN,21,Indonesia,East Coast India,Panamax,coal,,,-23.85242,151.61422,-2.4833826,117.8902853,20.286946,86.6739979,2339.684354175987,2579.0639841663437,0.0,12.0,ROUTE_SPEED,200.97369618133226,214.92199868052865,2.0,463.8956948618609,2.0,11.2,$/mt,73625.0,70000.0,85000.0,77500.0,30.0,12000.0,25000.0,SEAROUTE,SEAROUTE_CALCULATED,POSITION_ONLY,True
IMO_9877872,9877872,538009641,SDTR ERICA,,UNKNOWN,22,Indonesia,West Coast India,Panamax,coal,,,-23.85242,151.61422,-2.4833826,117.8902853,23.0177525,70.2096164,2339.684354175987,3929.0472301048458,0.0,12.0,ROUTE_SPEED,200.97369618133226,327.42060250873715,2.0,576.3942986900694,2.0,12.85,$/mt,73625.0,70000.0,85000.0,77500.0,30.0,12000.0,25000.0,SEAROUTE,SEAROUTE_CALCULATED,POSITION_ONLY,True
IMO_9877872,9877872,538009641,SDTR ERICA,,UNKNOWN,13,"Adang Bay (East Kalimantan), Indonesia","Kandla, India",Supramax,steam coal,,,-23.85242,151.61422,-1.7376896,116.3477513,23.0177525,70.2096164,2440.8750332974387,3925.9038662092103,0.0,12.0,ROUTE_SPEED,209.40625277478657,327.15865551743417,2.0,584.5649082922207,2.0,26.5,$/mt,54625.0,50000.0,65000.0,57500.0,30.0,12000.0,25000.0,SEAROUTE,SEAROUTE_CALCULATED,POSITION_ONLY,True
IMO_9877872,9877872,538009641,SDTR ERICA,,UNKNOWN,6,"Banjarmasin (South Kalimantan), Indonesia","Krishnapatnam, India",Panamax,thermal coal,,,-23.85242,151.61422,-3.3187496,114.5925828,14.2592415,80.0564758,2473.7367087516977,2408.301246605427,0.0,12.0,ROUTE_SPEED,212.14472572930813,200.69177055045225,2.0,460.83649627976035,2.0,11.8,$/mt,73625.0,70000.0,85000.0,77500.0,30.0,12000.0,25000.0,SEAROUTE,SEAROUTE_CALCULATED,POSITION_ONLY,True
IMO_9877872,9877872,538009641,SDTR ERICA,,UNKNOWN,8,"Banjarmasin (South Kalimantan), Indonesia","Dahej, India",Panamax,thermal coal,,,-23.85242,151.61422,-3.3187496,114.5925828,21.709301,72.5893963,2473.7367087516977,3443.2178891213243,0.0,12.0,ROUTE_SPEED,212.14472572930813,286.9348240934437,2.0,547.0795498227518,2.0,13.1,$/mt,73625.0,70000.0,85000.0,77500.0,30.0,12000.0,25000.0,SEAROUTE,SEAROUTE_CALCULATED,POSITION_ONLY,True
IMO_9877872,9877872,538009641,SDTR ERICA,,UNKNOWN,3,"East Kalimantan, Indonesia","Navlakhi, India",Supramax,coal,,,-23.85242,151.61422,0.7884397,116.2419977,22.9582815,70.4496687,2537.162978350294,4102.581709223877,0.0,12.0,ROUTE_SPEED,217.43024819585784,341.88180910198975,2.0,607.3120572978476,2.0,18.45,$/mt,54625.0,50000.0,65000.0,57500.0,30.0,12000.0,25000.0,SEAROUTE,SEAROUTE_CALCULATED,POSITION_ONLY,True
IMO_9877872,9877872,538009641,SDTR ERICA,,UNKNOWN,7,"East Kalimantan, Indonesia","Paradip, India",Supramax,coal,,,-23.85242,151.61422,0.7884397,116.2419977,20.286946,86.6739979,2537.162978350294,2752.598463285374,0.0,12.0,ROUTE_SPEED,217.43024819585784,229.38320527378116,2.0,494.813453469639,2.0,16.05,$/mt,54625.0,50000.0,65000.0,57500.0,30.0,12000.0,25000.0,SEAROUTE,SEAROUTE_CALCULATED,POSITION_ONLY,True
IMO_9877872,9877872,538009641,SDTR ERICA,,UNKNOWN,14,"East Kalimantan, Indonesia","Paradip, India",Supramax,thermal coal,,,-23.85242,151.61422,0.7884397,116.2419977,20.286946,86.6739979,2537.162978350294,2752.598463285374,0.0,12.0,ROUTE_SPEED,217.43024819585784,229.38320527378116,2.0,494.813453469639,2.0,15.0,$/mt,54625.0,50000.0,65000.0,57500.0,30.0,12000.0,25000.0,SEAROUTE,SEAROUTE_CALCULATED,POSITION_ONLY,True
IMO_9877872,9877872,538009641,SDTR ERICA,,UNKNOWN,1,"Richards Bay, South Africa","Navlakhi, India",Supramax,coal,,,-23.85242,151.61422,-28.7707857,32.0577775,22.9582815,70.4496687,6099.220192993215,3938.9061722773454,0.0,12.0,ROUTE_SPEED,514.2683494161013,328.2421810231121,2.0,890.5105304392134,2.0,19.35,$/mt,54625.0,50000.0,65000.0,57500.0,30.0,12000.0,25000.0,SEAROUTE,SEAROUTE_CALCULATED,POSITION_ONLY,True
IMO_9877872,9877872,538009641,SDTR ERICA,,UNKNOWN,9,"Richards Bay, South Africa","Paradip, India",Panamax,thermal coal,,,-23.85242,151.61422,-28.7707857,32.0577775,20.286946,86.6739979,6099.220192993215,4667.806005082153,0.0,12.0,ROUTE_SPEED,514.2683494161013,388.9838337568461,2.0,951.2521831729473,2.0,18.6,$/mt,73625.0,70000.0,85000.0,77500.0,30.0,12000.0,25000.0,SEAROUTE,SEAROUTE_CALCULATED,POSITION_ONLY,True
IMO_9877872,9877872,538009641,SDTR ERICA,,UNKNOWN,16,"Richards Bay, South Africa","Gangavaram, India",Capesize,coal,,,-23.85242,151.61422,-28.7707857,32.0577775,13.2351728,78.7511018,6099.220192993215,4164.634114888308,0.0,12.0,ROUTE_SPEED,514.2683494161013,347.05284290735904,2.0,909.3211923234603,2.0,14.0,$/mt,166250.0,150000.0,200000.0,175000.0,30.0,12000.0,25000.0,SEAROUTE,SEAROUTE_CALCULATED,POSITION_ONLY,True
IMO_9877872,9877872,538009641,SDTR ERICA,,UNKNOWN,18,"Richards Bay, South Africa","Haldia, India",Panamax,coking / thermal coal,,,-23.85242,151.61422,-28.7707857,32.0577775,22.028124,88.0632655,6099.220192993215,4736.344187320068,0.0,12.0,ROUTE_SPEED,514.2683494161013,394.695348943339,2.0,956.9636983594403,2.0,12.8,$/mt,73625.0,70000.0,85000.0,77500.0,30.0,12000.0,25000.0,SEAROUTE,SEAROUTE_CALCULATED,POSITION_ONLY,True
IMO_9877872,9877872,538009641,SDTR ERICA,,UNKNOWN,19,"Richards Bay, South Africa","Kandla, India",Capesize,coal,,,-23.85242,151.61422,-28.7707857,32.0577775,23.0177525,70.2096164,6099.220192993215,3938.9061722773454,0.0,12.0,ROUTE_SPEED,514.2683494161013,328.2421810231121,2.0,890.5105304392134,2.0,17.45,$/mt,166250.0,150000.0,200000.0,175000.0,30.0,12000.0,25000.0,SEAROUTE,SEAROUTE_CALCULATED,POSITION_ONLY,True
IMO_9877872,9877872,538009641,SDTR ERICA,,UNKNOWN,23,"Richards Bay, South Africa","Krishnapatnam, India",Capesize,coal,,,-23.85242,151.61422,-28.7707857,32.0577775,14.2592415,80.0564758,6099.220192993215,4164.634114888308,0.0,12.0,ROUTE_SPEED,514.2683494161013,347.05284290735904,2.0,909.3211923234603,2.0,19.55,$/mt,166250.0,150000.0,200000.0,175000.0,30.0,12000.0,25000.0,SEAROUTE,SEAROUTE_CALCULATED,POSITION_ONLY,True
IMO_9877872,9877872,538009641,SDTR ERICA,,UNKNOWN,12,Mozambique (Beira / Maputo),East Coast India,Handysize,coking coal,,,-23.85242,151.61422,-25.966213,32.56745,20.286946,86.6739979,6174.364256847053,4601.384016575973,0.0,12.0,ROUTE_SPEED,520.5303547372545,383.4486680479977,2.0,951.9790227852523,2.0,43.75,$/mt,,,,,30.0,12000.0,25000.0,SEAROUTE,SEAROUTE_CALCULATED,POSITION_ONLY,True
IMO_9877872,9877872,538009641,SDTR ERICA,,UNKNOWN,15,Atlantic / Black Sea ports (Taman / Ust-Luga proxy),"Visakhapatnam, India",Panamax,coal,,,-23.85242,151.61422,45.2158646,36.7191326,17.6935526,83.2921297,7441.015072669176,5565.87430627969,0.0,12.0,ROUTE_SPEED,626.084589389098,463.82285885664083,2.0,1137.9074482457388,2.0,19.5,$/mt,73625.0,70000.0,85000.0,77500.0,30.0,12000.0,25000.0,SEAROUTE,SEAROUTE_CALCULATED,POSITION_ONLY,True
IMO_9877872,9877872,538009641,SDTR ERICA,,UNKNOWN,24,US East Coast (Hampton Roads / Baltimore),East Coast India (Paradip / Visakhapatnam),Panamax,coal / coking coal,,,-23.85242,151.61422,36.9507552,-76.4114187,20.286946,86.6739979,8228.340422896626,9913.44136694391,0.0,12.0,ROUTE_SPEED,691.6950352413855,826.1201139119926,2.0,1565.8151491533781,2.0,44.35,$/mt,73625.0,70000.0,85000.0,77500.0,30.0,12000.0,25000.0,SEAROUTE,SEAROUTE_CALCULATED,POSITION_ONLY,True
IMO_9885063,9885063,636020378,BRILLIANT MERCURY,,UNKNOWN,0,"Queensland (Gladstone / Hay Point), Australia","Visakhapatnam & Haldia, India",Panamax,coking coal,,,-23.81812,151.24128,-21.298313,149.2693543,17.6935526,83.2921297,186.65541099237777,4926.710066752748,0.0,12.0,ROUTE_SPEED,21.55461758269815,410.5591722293957,2.0,480.11378981209384,2.0,47.0,$/mt,73625.0,70000.0,85000.0,77500.0,30.0,12000.0,25000.0,SEAROUTE,SEAROUTE_CALCULATED,POSITION_ONLY,True
IMO_9885063,9885063,636020378,BRILLIANT MERCURY,,UNKNOWN,2,"Hay Point, Australia","Paradip, India",Panamax,coking coal,,,-23.81812,151.24128,-21.298313,149.2693543,20.286946,86.6739979,186.65541099237777,4899.001585207413,0.0,12.0,ROUTE_SPEED,21.55461758269815,408.25013210061775,2.0,477.8047496833159,2.0,13.8,$/mt,73625.0,70000.0,85000.0,77500.0,30.0,12000.0,25000.0,SEAROUTE,SEAROUTE_CALCULATED,POSITION_ONLY,True
IMO_9885063,9885063,636020378,BRILLIANT MERCURY,,UNKNOWN,4,"Hay Point, Australia","Visakhapatnam, India",Panamax,metallurgical coal,,,-23.81812,151.24128,-21.298313,149.2693543,17.6935526,83.2921297,186.65541099237777,4926.710066752748,0.0,12.0,ROUTE_SPEED,21.55461758269815,410.5591722293957,2.0,480.11378981209384,2.0,23.3,$/mt,73625.0,70000.0,85000.0,77500.0,30.0,12000.0,25000.0,SEAROUTE,SEAROUTE_CALCULATED,POSITION_ONLY,True
IMO_9885063,9885063,636020378,BRILLIANT MERCURY,,UNKNOWN,5,"Hay Point, Australia","Paradip, India",Panamax,metallurgical coal,,,-23.81812,151.24128,-21.298313,149.2693543,20.286946,86.6739979,186.65541099237777,4899.001585207413,0.0,12.0,ROUTE_SPEED,21.55461758269815,408.25013210061775,2.0,477.8047496833159,2.0,21.1,$/mt,73625.0,70000.0,85000.0,77500.0,30.0,12000.0,25000.0,SEAROUTE,SEAROUTE_CALCULATED,POSITION_ONLY,True
IMO_9885063,9885063,636020378,BRILLIANT MERCURY,,UNKNOWN,11,"Hay Point, Australia","Visakhapatnam, India",Panamax,coal,,,-23.81812,151.24128,-21.298313,149.2693543,17.6935526,83.2921297,186.65541099237777,4926.710066752748,0.0,12.0,ROUTE_SPEED,21.55461758269815,410.5591722293957,2.0,480.11378981209384,2.0,27.85,$/mt,73625.0,70000.0,85000.0,77500.0,30.0,12000.0,25000.0,SEAROUTE,SEAROUTE_CALCULATED,POSITION_ONLY,True
IMO_9885063,9885063,636020378,BRILLIANT MERCURY,,UNKNOWN,20,East Coast Australia,East Coast India,Panamax,coal,,,-23.81812,151.24128,-27.4689623,153.0235009,20.286946,86.6739979,239.4745273613477,5329.775100266468,0.0,12.0,ROUTE_SPEED,25.95621061344564,444.1479250222057,2.0,518.1041356356513,2.0,17.7,$/mt,73625.0,70000.0,85000.0,77500.0,30.0,12000.0,25000.0,SEAROUTE,SEAROUTE_CALCULATED,POSITION_ONLY,True
IMO_9885063,9885063,636020378,BRILLIANT MERCURY,,UNKNOWN,17,"Queensland, Australia","Haldia, India",Panamax,coking coal,,,-23.81812,151.24128,-22.1646782,144.5844903,22.028124,88.0632655,381.03588500548716,4732.350582884308,0.0,12.0,ROUTE_SPEED,37.752990417123925,394.3625485736923,2.0,480.1155389908163,2.0,20.3,$/mt,73625.0,70000.0,85000.0,77500.0,30.0,12000.0,25000.0,SEAROUTE,SEAROUTE_CALCULATED,POSITION_ONLY,True
IMO_9885063,9885063,636020378,BRILLIANT MERCURY,,UNKNOWN,10,Indonesia,"Paradip, India",Supramax,thermal coal,,,-23.81812,151.24128,-2.4833826,117.8902853,20.286946,86.6739979,2320.6708367263645,2579.0639841663437,0.0,12.0,ROUTE_SPEED,199.3892363938637,214.92199868052865,2.0,462.31123507439236,2.0,21.3,$/mt,54625.0,50000.0,65000.0,57500.0,30.0,12000.0,25000.0,SEAROUTE,SEAROUTE_CALCULATED,POSITION_ONLY,True
IMO_9885063,9885063,636020378,BRILLIANT MERCURY,,UNKNOWN,21,Indonesia,East Coast India,Panamax,coal,,,-23.81812,151.24128,-2.4833826,117.8902853,20.286946,86.6739979,2320.6708367263645,2579.0639841663437,0.0,12.0,ROUTE_SPEED,199.3892363938637,214.92199868052865,2.0,462.31123507439236,2.0,11.2,$/mt,73625.0,70000.0,85000.0,77500.0,30.0,12000.0,25000.0,SEAROUTE,SEAROUTE_CALCULATED,POSITION_ONLY,True
IMO_9885063,9885063,636020378,BRILLIANT MERCURY,,UNKNOWN,22,Indonesia,West Coast India,Panamax,coal,,,-23.81812,151.24128,-2.4833826,117.8902853,23.0177525,70.2096164,2320.6708367263645,3929.0472301048458,0.0,12.0,ROUTE_SPEED,199.3892363938637,327.42060250873715,2.0,574.8098389026009,2.0,12.85,$/mt,73625.0,70000.0,85000.0,77500.0,30.0,12000.0,25000.0,SEAROUTE,SEAROUTE_CALCULATED,POSITION_ONLY,True
IMO_9885063,9885063,636020378,BRILLIANT MERCURY,,UNKNOWN,13,"Adang Bay (East Kalimantan), Indonesia","Kandla, India",Supramax,steam coal,,,-23.81812,151.24128,-1.7376896,116.3477513,23.0177525,70.2096164,2421.796179527833,3925.9038662092103,0.0,12.0,ROUTE_SPEED,207.81634829398607,327.15865551743417,2.0,582.9750038114203,2.0,26.5,$/mt,54625.0,50000.0,65000.0,57500.0,30.0,12000.0,25000.0,SEAROUTE,SEAROUTE_CALCULATED,POSITION_ONLY,True
IMO_9885063,9885063,636020378,BRILLIANT MERCURY,,UNKNOWN,6,"Banjarmasin (South Kalimantan), Indonesia","Krishnapatnam, India",Panamax,thermal coal,,,-23.81812,151.24128,-3.3187496,114.5925828,14.2592415,80.0564758,2454.219425936015,2408.301246605427,0.0,12.0,ROUTE_SPEED,210.5182854946679,200.69177055045225,2.0,459.21005604512015,2.0,11.8,$/mt,73625.0,70000.0,85000.0,77500.0,30.0,12000.0,25000.0,SEAROUTE,SEAROUTE_CALCULATED,POSITION_ONLY,True
IMO_9885063,9885063,636020378,BRILLIANT MERCURY,,UNKNOWN,8,"Banjarmasin (South Kalimantan), Indonesia","Dahej, India",Panamax,thermal coal,,,-23.81812,151.24128,-3.3187496,114.5925828,21.709301,72.5893963,2454.219425936015,3443.2178891213243,0.0,12.0,ROUTE_SPEED,210.5182854946679,286.9348240934437,2.0,545.4531095881116,2.0,13.1,$/mt,73625.0,70000.0,85000.0,77500.0,30.0,12000.0,25000.0,SEAROUTE,SEAROUTE_CALCULATED,POSITION_ONLY,True
IMO_9885063,9885063,636020378,BRILLIANT MERCURY,,UNKNOWN,3,"East Kalimantan, Indonesia","Navlakhi, India",Supramax,coal,,,-23.81812,151.24128,0.7884397,116.2419977,22.9582815,70.4496687,2518.508387338591,4102.581709223877,0.0,12.0,ROUTE_SPEED,215.8756989448826,341.88180910198975,2.0,605.7575080468723,2.0,18.45,$/mt,54625.0,50000.0,65000.0,57500.0,30.0,12000.0,25000.0,SEAROUTE,SEAROUTE_CALCULATED,POSITION_ONLY,True
IMO_9885063,9885063,636020378,BRILLIANT MERCURY,,UNKNOWN,7,"East Kalimantan, Indonesia","Paradip, India",Supramax,coal,,,-23.81812,151.24128,0.7884397,116.2419977,20.286946,86.6739979,2518.508387338591,2752.598463285374,0.0,12.0,ROUTE_SPEED,215.8756989448826,229.38320527378116,2.0,493.25890421866376,2.0,16.05,$/mt,54625.0,50000.0,65000.0,57500.0,30.0,12000.0,25000.0,SEAROUTE,SEAROUTE_CALCULATED,POSITION_ONLY,True
IMO_9885063,9885063,636020378,BRILLIANT MERCURY,,UNKNOWN,14,"East Kalimantan, Indonesia","Paradip, India",Supramax,thermal coal,,,-23.81812,151.24128,0.7884397,116.2419977,20.286946,86.6739979,2518.508387338591,2752.598463285374,0.0,12.0,ROUTE_SPEED,215.8756989448826,229.38320527378116,2.0,493.25890421866376,2.0,15.0,$/mt,54625.0,50000.0,65000.0,57500.0,30.0,12000.0,25000.0,SEAROUTE,SEAROUTE_CALCULATED,POSITION_ONLY,True
IMO_9885063,9885063,636020378,BRILLIANT MERCURY,,UNKNOWN,1,"Richards Bay, South Africa","Navlakhi, India",Supramax,coal,,,-23.81812,151.24128,-28.7707857,32.0577775,22.9582815,70.4496687,6084.546146772771,3938.9061722773454,0.0,12.0,ROUTE_SPEED,513.0455122310643,328.2421810231121,2.0,889.2876932541765,2.0,19.35,$/mt,54625.0,50000.0,65000.0,57500.0,30.0,12000.0,25000.0,SEAROUTE,SEAROUTE_CALCULATED,POSITION_ONLY,True
IMO_9885063,9885063,636020378,BRILLIANT MERCURY,,UNKNOWN,9,"Richards Bay, South Africa","Paradip, India",Panamax,thermal coal,,,-23.81812,151.24128,-28.7707857,32.0577775,20.286946,86.6739979,6084.546146772771,4667.806005082153,0.0,12.0,ROUTE_SPEED,513.0455122310643,388.9838337568461,2.0,950.0293459879103,2.0,18.6,$/mt,73625.0,70000.0,85000.0,77500.0,30.0,12000.0,25000.0,SEAROUTE,SEAROUTE_CALCULATED,POSITION_ONLY,True
IMO_9885063,9885063,636020378,BRILLIANT MERCURY,,UNKNOWN,16,"Richards Bay, South Africa","Gangavaram, India",Capesize,coal,,,-23.81812,151.24128,-28.7707857,32.0577775,13.2351728,78.7511018,6084.546146772771,4164.634114888308,0.0,12.0,ROUTE_SPEED,513.0455122310643,347.05284290735904,2.0,908.0983551384234,2.0,14.0,$/mt,166250.0,150000.0,200000.0,175000.0,30.0,12000.0,25000.0,SEAROUTE,SEAROUTE_CALCULATED,POSITION_ONLY,True
IMO_9885063,9885063,636020378,BRILLIANT MERCURY,,UNKNOWN,18,"Richards Bay, South Africa","Haldia, India",Panamax,coking / thermal coal,,,-23.81812,151.24128,-28.7707857,32.0577775,22.028124,88.0632655,6084.546146772771,4736.344187320068,0.0,12.0,ROUTE_SPEED,513.0455122310643,394.695348943339,2.0,955.7408611744033,2.0,12.8,$/mt,73625.0,70000.0,85000.0,77500.0,30.0,12000.0,25000.0,SEAROUTE,SEAROUTE_CALCULATED,POSITION_ONLY,True
IMO_9885063,9885063,636020378,BRILLIANT MERCURY,,UNKNOWN,19,"Richards Bay, South Africa","Kandla, India",Capesize,coal,,,-23.81812,151.24128,-28.7707857,32.0577775,23.0177525,70.2096164,6084.546146772771,3938.9061722773454,0.0,12.0,ROUTE_SPEED,513.0455122310643,328.2421810231121,2.0,889.2876932541765,2.0,17.45,$/mt,166250.0,150000.0,200000.0,175000.0,30.0,12000.0,25000.0,SEAROUTE,SEAROUTE_CALCULATED,POSITION_ONLY,True
IMO_9885063,9885063,636020378,BRILLIANT MERCURY,,UNKNOWN,23,"Richards Bay, South Africa","Krishnapatnam, India",Capesize,coal,,,-23.81812,151.24128,-28.7707857,32.0577775,14.2592415,80.0564758,6084.546146772771,4164.634114888308,0.0,12.0,ROUTE_SPEED,513.0455122310643,347.05284290735904,2.0,908.0983551384234,2.0,19.55,$/mt,166250.0,150000.0,200000.0,175000.0,30.0,12000.0,25000.0,SEAROUTE,SEAROUTE_CALCULATED,POSITION_ONLY,True
IMO_9885063,9885063,636020378,BRILLIANT MERCURY,,UNKNOWN,12,Mozambique (Beira / Maputo),East Coast India,Handysize,coking coal,,,-23.81812,151.24128,-25.966213,32.56745,20.286946,86.6739979,6159.047823822803,4601.384016575973,0.0,12.0,ROUTE_SPEED,519.253985318567,383.4486680479977,2.0,950.7026533665646,2.0,43.75,$/mt,,,,,30.0,12000.0,25000.0,SEAROUTE,SEAROUTE_CALCULATED,POSITION_ONLY,True
IMO_9885063,9885063,636020378,BRILLIANT MERCURY,,UNKNOWN,15,Atlantic / Black Sea ports (Taman / Ust-Luga proxy),"Visakhapatnam, India",Panamax,coal,,,-23.81812,151.24128,45.2158646,36.7191326,17.6935526,83.2921297,7423.929763768853,5565.87430627969,0.0,12.0,ROUTE_SPEED,624.6608136474044,463.82285885664083,2.0,1136.4836725040452,2.0,19.5,$/mt,73625.0,70000.0,85000.0,77500.0,30.0,12000.0,25000.0,SEAROUTE,SEAROUTE_CALCULATED,POSITION_ONLY,True
IMO_9885063,9885063,636020378,BRILLIANT MERCURY,,UNKNOWN,24,US East Coast (Hampton Roads / Baltimore),East Coast India (Paradip / Visakhapatnam),Panamax,coal / coking coal,,,-23.81812,151.24128,36.9507552,-76.4114187,20.286946,86.6739979,8245.18398610408,9913.44136694391,0.0,12.0,ROUTE_SPEED,693.0986655086734,826.1201139119926,2.0,1567.2187794206661,2.0,44.35,$/mt,73625.0,70000.0,85000.0,77500.0,30.0,12000.0,25000.0,SEAROUTE,SEAROUTE_CALCULATED,POSITION_ONLY,True
IMO_9889306,9889306,352393000,AZUL TIERRA,,UNKNOWN,0,"Queensland (Gladstone / Hay Point), Australia","Visakhapatnam & Haldia, India",Panamax,coking coal,,,-23.79716,151.5176,-21.298313,149.2693543,17.6935526,83.2921297,195.05773677762667,4926.710066752748,0.1,12.0,ROUTE_SPEED,22.254811398135555,410.5591722293957,2.0,480.81398362753123,2.0,47.0,$/mt,73625.0,70000.0,85000.0,77500.0,30.0,12000.0,25000.0,SEAROUTE,SEAROUTE_CALCULATED,POSITION_ONLY,True
IMO_9889306,9889306,352393000,AZUL TIERRA,,UNKNOWN,2,"Hay Point, Australia","Paradip, India",Panamax,coking coal,,,-23.79716,151.5176,-21.298313,149.2693543,20.286946,86.6739979,195.05773677762667,4899.001585207413,0.1,12.0,ROUTE_SPEED,22.254811398135555,408.25013210061775,2.0,478.5049434987533,2.0,13.8,$/mt,73625.0,70000.0,85000.0,77500.0,30.0,12000.0,25000.0,SEAROUTE,SEAROUTE_CALCULATED,POSITION_ONLY,True
IMO_9889306,9889306,352393000,AZUL TIERRA,,UNKNOWN,4,"Hay Point, Australia","Visakhapatnam, India",Panamax,metallurgical coal,,,-23.79716,151.5176,-21.298313,149.2693543,17.6935526,83.2921297,195.05773677762667,4926.710066752748,0.1,12.0,ROUTE_SPEED,22.254811398135555,410.5591722293957,2.0,480.81398362753123,2.0,23.3,$/mt,73625.0,70000.0,85000.0,77500.0,30.0,12000.0,25000.0,SEAROUTE,SEAROUTE_CALCULATED,POSITION_ONLY,True
IMO_9889306,9889306,352393000,AZUL TIERRA,,UNKNOWN,5,"Hay Point, Australia","Paradip, India",Panamax,metallurgical coal,,,-23.79716,151.5176,-21.298313,149.2693543,20.286946,86.6739979,195.05773677762667,4899.001585207413,0.1,12.0,ROUTE_SPEED,22.254811398135555,408.25013210061775,2.0,478.5049434987533,2.0,21.1,$/mt,73625.0,70000.0,85000.0,77500.0,30.0,12000.0,25000.0,SEAROUTE,SEAROUTE_CALCULATED,POSITION_ONLY,True
IMO_9889306,9889306,352393000,AZUL TIERRA,,UNKNOWN,11,"Hay Point, Australia","Visakhapatnam, India",Panamax,coal,,,-23.79716,151.5176,-21.298313,149.2693543,17.6935526,83.2921297,195.05773677762667,4926.710066752748,0.1,12.0,ROUTE_SPEED,22.254811398135555,410.5591722293957,2.0,480.81398362753123,2.0,27.85,$/mt,73625.0,70000.0,85000.0,77500.0,30.0,12000.0,25000.0,SEAROUTE,SEAROUTE_CALCULATED,POSITION_ONLY,True
IMO_9889306,9889306,352393000,AZUL TIERRA,,UNKNOWN,20,East Coast Australia,East Coast India,Panamax,coal,,,-23.79716,151.5176,-27.4689623,153.0235009,20.286946,86.6739979,235.03659059444186,5329.775100266468,0.1,12.0,ROUTE_SPEED,25.586382549536822,444.1479250222057,2.0,517.7343075717425,2.0,17.7,$/mt,73625.0,70000.0,85000.0,77500.0,30.0,12000.0,25000.0,SEAROUTE,SEAROUTE_CALCULATED,POSITION_ONLY,True
IMO_9889306,9889306,352393000,AZUL TIERRA,,UNKNOWN,17,"Queensland, Australia","Haldia, India",Panamax,coking coal,,,-23.79716,151.5176,-22.1646782,144.5844903,22.028124,88.0632655,395.5117438569521,4732.350582884308,0.1,12.0,ROUTE_SPEED,38.95931198807934,394.3625485736923,2.0,481.32186056177164,2.0,20.3,$/mt,73625.0,70000.0,85000.0,77500.0,30.0,12000.0,25000.0,SEAROUTE,SEAROUTE_CALCULATED,POSITION_ONLY,True
IMO_9889306,9889306,352393000,AZUL TIERRA,,UNKNOWN,10,Indonesia,"Paradip, India",Supramax,thermal coal,,,-23.79716,151.5176,-2.4833826,117.8902853,20.286946,86.6739979,2333.4401267909398,2579.0639841663437,0.1,12.0,ROUTE_SPEED,200.45334389924497,214.92199868052865,2.0,463.3753425797736,2.0,21.3,$/mt,54625.0,50000.0,65000.0,57500.0,30.0,12000.0,25000.0,SEAROUTE,SEAROUTE_CALCULATED,POSITION_ONLY,True
IMO_9889306,9889306,352393000,AZUL TIERRA,,UNKNOWN,21,Indonesia,East Coast India,Panamax,coal,,,-23.79716,151.5176,-2.4833826,117.8902853,20.286946,86.6739979,2333.4401267909398,2579.0639841663437,0.1,12.0,ROUTE_SPEED,200.45334389924497,214.92199868052865,2.0,463.3753425797736,2.0,11.2,$/mt,73625.0,70000.0,85000.0,77500.0,30.0,12000.0,25000.0,SEAROUTE,SEAROUTE_CALCULATED,POSITION_ONLY,True
IMO_9889306,9889306,352393000,AZUL TIERRA,,UNKNOWN,22,Indonesia,West Coast India,Panamax,coal,,,-23.79716,151.5176,-2.4833826,117.8902853,23.0177525,70.2096164,2333.4401267909398,3929.0472301048458,0.1,12.0,ROUTE_SPEED,200.45334389924497,327.42060250873715,2.0,575.8739464079821,2.0,12.85,$/mt,73625.0,70000.0,85000.0,77500.0,30.0,12000.0,25000.0,SEAROUTE,SEAROUTE_CALCULATED,POSITION_ONLY,True
IMO_9889306,9889306,352393000,AZUL TIERRA,,UNKNOWN,13,"Adang Bay (East Kalimantan), Indonesia","Kandla, India",Supramax,steam coal,,,-23.79716,151.5176,-1.7376896,116.3477513,23.0177525,70.2096164,2434.6345185927316,3925.9038662092103,0.1,12.0,ROUTE_SPEED,208.88620988272763,327.15865551743417,2.0,584.0448654001618,2.0,26.5,$/mt,54625.0,50000.0,65000.0,57500.0,30.0,12000.0,25000.0,SEAROUTE,SEAROUTE_CALCULATED,POSITION_ONLY,True
IMO_9889306,9889306,352393000,AZUL TIERRA,,UNKNOWN,6,"Banjarmasin (South Kalimantan), Indonesia","Krishnapatnam, India",Panamax,thermal coal,,,-23.79716,151.5176,-3.3187496,114.5925828,14.2592415,80.0564758,2467.5369874575017,2408.301246605427,0.1,12.0,ROUTE_SPEED,211.62808228812514,200.69177055045225,2.0,460.3198528385774,2.0,11.8,$/mt,73625.0,70000.0,85000.0,77500.0,30.0,12000.0,25000.0,SEAROUTE,SEAROUTE_CALCULATED,POSITION_ONLY,True
IMO_9889306,9889306,352393000,AZUL TIERRA,,UNKNOWN,8,"Banjarmasin (South Kalimantan), Indonesia","Dahej, India",Panamax,thermal coal,,,-23.79716,151.5176,-3.3187496,114.5925828,21.709301,72.5893963,2467.5369874575017,3443.2178891213243,0.1,12.0,ROUTE_SPEED,211.62808228812514,286.9348240934437,2.0,546.5629063815688,2.0,13.1,$/mt,73625.0,70000.0,85000.0,77500.0,30.0,12000.0,25000.0,SEAROUTE,SEAROUTE_CALCULATED,POSITION_ONLY,True
IMO_9889306,9889306,352393000,AZUL TIERRA,,UNKNOWN,3,"East Kalimantan, Indonesia","Navlakhi, India",Supramax,coal,,,-23.79716,151.5176,0.7884397,116.2419977,22.9582815,70.4496687,2530.9062620369905,4102.581709223877,0.1,12.0,ROUTE_SPEED,216.90885516974922,341.88180910198975,2.0,606.7906642717389,2.0,18.45,$/mt,54625.0,50000.0,65000.0,57500.0,30.0,12000.0,25000.0,SEAROUTE,SEAROUTE_CALCULATED,POSITION_ONLY,True
IMO_9889306,9889306,352393000,AZUL TIERRA,,UNKNOWN,7,"East Kalimantan, Indonesia","Paradip, India",Supramax,coal,,,-23.79716,151.5176,0.7884397,116.2419977,20.286946,86.6739979,2530.9062620369905,2752.598463285374,0.1,12.0,ROUTE_SPEED,216.90885516974922,229.38320527378116,2.0,494.2920604435304,2.0,16.05,$/mt,54625.0,50000.0,65000.0,57500.0,30.0,12000.0,25000.0,SEAROUTE,SEAROUTE_CALCULATED,POSITION_ONLY,True
IMO_9889306,9889306,352393000,AZUL TIERRA,,UNKNOWN,14,"East Kalimantan, Indonesia","Paradip, India",Supramax,thermal coal,,,-23.79716,151.5176,0.7884397,116.2419977,20.286946,86.6739979,2530.9062620369905,2752.598463285374,0.1,12.0,ROUTE_SPEED,216.90885516974922,229.38320527378116,2.0,494.2920604435304,2.0,15.0,$/mt,54625.0,50000.0,65000.0,57500.0,30.0,12000.0,25000.0,SEAROUTE,SEAROUTE_CALCULATED,POSITION_ONLY,True
IMO_9889306,9889306,352393000,AZUL TIERRA,,UNKNOWN,1,"Richards Bay, South Africa","Navlakhi, India",Supramax,coal,,,-23.79716,151.5176,-28.7707857,32.0577775,22.9582815,70.4496687,6097.1697138616655,3938.9061722773454,0.1,12.0,ROUTE_SPEED,514.0974761551388,328.2421810231121,2.0,890.339657178251,2.0,19.35,$/mt,54625.0,50000.0,65000.0,57500.0,30.0,12000.0,25000.0,SEAROUTE,SEAROUTE_CALCULATED,POSITION_ONLY,True
IMO_9889306,9889306,352393000,AZUL TIERRA,,UNKNOWN,9,"Richards Bay, South Africa","Paradip, India",Panamax,thermal coal,,,-23.79716,151.5176,-28.7707857,32.0577775,20.286946,86.6739979,6097.1697138616655,4667.806005082153,0.1,12.0,ROUTE_SPEED,514.0974761551388,388.9838337568461,2.0,951.0813099119848,2.0,18.6,$/mt,73625.0,70000.0,85000.0,77500.0,30.0,12000.0,25000.0,SEAROUTE,SEAROUTE_CALCULATED,POSITION_ONLY,True
IMO_9889306,9889306,352393000,AZUL TIERRA,,UNKNOWN,16,"Richards Bay, South Africa","Gangavaram, India",Capesize,coal,,,-23.79716,151.5176,-28.7707857,32.0577775,13.2351728,78.7511018,6097.1697138616655,4164.634114888308,0.1,12.0,ROUTE_SPEED,514.0974761551388,347.05284290735904,2.0,909.1503190624978,2.0,14.0,$/mt,166250.0,150000.0,200000.0,175000.0,30.0,12000.0,25000.0,SEAROUTE,SEAROUTE_CALCULATED,POSITION_ONLY,True
IMO_9889306,9889306,352393000,AZUL TIERRA,,UNKNOWN,18,"Richards Bay, South Africa","Haldia, India",Panamax,coking / thermal coal,,,-23.79716,151.5176,-28.7707857,32.0577775,22.028124,88.0632655,6097.1697138616655,4736.344187320068,0.1,12.0,ROUTE_SPEED,514.0974761551388,394.695348943339,2.0,956.7928250984778,2.0,12.8,$/mt,73625.0,70000.0,85000.0,77500.0,30.0,12000.0,25000.0,SEAROUTE,SEAROUTE_CALCULATED,POSITION_ONLY,True
IMO_9889306,9889306,352393000,AZUL TIERRA,,UNKNOWN,19,"Richards Bay, South Africa","Kandla, India",Capesize,coal,,,-23.79716,151.5176,-28.7707857,32.0577775,23.0177525,70.2096164,6097.1697138616655,3938.9061722773454,0.1,12.0,ROUTE_SPEED,514.0974761551388,328.2421810231121,2.0,890.339657178251,2.0,17.45,$/mt,166250.0,150000.0,200000.0,175000.0,30.0,12000.0,25000.0,SEAROUTE,SEAROUTE_CALCULATED,POSITION_ONLY,True
IMO_9889306,9889306,352393000,AZUL TIERRA,,UNKNOWN,23,"Richards Bay, South Africa","Krishnapatnam, India",Capesize,coal,,,-23.79716,151.5176,-28.7707857,32.0577775,14.2592415,80.0564758,6097.1697138616655,4164.634114888308,0.1,12.0,ROUTE_SPEED,514.0974761551388,347.05284290735904,2.0,909.1503190624978,2.0,19.55,$/mt,166250.0,150000.0,200000.0,175000.0,30.0,12000.0,25000.0,SEAROUTE,SEAROUTE_CALCULATED,POSITION_ONLY,True
IMO_9889306,9889306,352393000,AZUL TIERRA,,UNKNOWN,12,Mozambique (Beira / Maputo),East Coast India,Handysize,coking coal,,,-23.79716,151.5176,-25.966213,32.56745,20.286946,86.6739979,6172.046601199646,4601.384016575973,0.1,12.0,ROUTE_SPEED,520.3372167666372,383.4486680479977,2.0,951.785884814635,2.0,43.75,$/mt,,,,,30.0,12000.0,25000.0,SEAROUTE,SEAROUTE_CALCULATED,POSITION_ONLY,True
IMO_9889306,9889306,352393000,AZUL TIERRA,,UNKNOWN,15,Atlantic / Black Sea ports (Taman / Ust-Luga proxy),"Visakhapatnam, India",Panamax,coal,,,-23.79716,151.5176,45.2158646,36.7191326,17.6935526,83.2921297,7434.811961128736,5565.87430627969,0.1,12.0,ROUTE_SPEED,625.5676634273947,463.82285885664083,2.0,1137.3905222840356,2.0,19.5,$/mt,73625.0,70000.0,85000.0,77500.0,30.0,12000.0,25000.0,SEAROUTE,SEAROUTE_CALCULATED,POSITION_ONLY,True
IMO_9889306,9889306,352393000,AZUL TIERRA,,UNKNOWN,24,US East Coast (Hampton Roads / Baltimore),East Coast India (Paradip / Visakhapatnam),Panamax,coal / coking coal,,,-23.79716,151.5176,36.9507552,-76.4114187,20.286946,86.6739979,8231.340019377118,9913.44136694391,0.1,12.0,ROUTE_SPEED,691.9450016147598,826.1201139119926,2.0,1566.0651155267524,2.0,44.35,$/mt,73625.0,70000.0,85000.0,77500.0,30.0,12000.0,25000.0,SEAROUTE,SEAROUTE_CALCULATED,POSITION_ONLY,True
IMO_9894818,9894818,538009407,DESERT NAMULI,,UNKNOWN,0,"Queensland (Gladstone / Hay Point), Australia","Visakhapatnam & Haldia, India",Panamax,coking coal,,,-23.82325,151.24626,-21.298313,149.2693543,17.6935526,83.2921297,187.065540451902,4926.710066752748,0.0,12.0,ROUTE_SPEED,21.5887950376585,410.5591722293957,2.0,480.1479672670542,2.0,47.0,$/mt,73625.0,70000.0,85000.0,77500.0,30.0,12000.0,25000.0,SEAROUTE,SEAROUTE_CALCULATED,POSITION_ONLY,True
IMO_9894818,9894818,538009407,DESERT NAMULI,,UNKNOWN,2,"Hay Point, Australia","Paradip, India",Panamax,coking coal,,,-23.82325,151.24626,-21.298313,149.2693543,20.286946,86.6739979,187.065540451902,4899.001585207413,0.0,12.0,ROUTE_SPEED,21.5887950376585,408.25013210061775,2.0,477.83892713827623,2.0,13.8,$/mt,73625.0,70000.0,85000.0,77500.0,30.0,12000.0,25000.0,SEAROUTE,SEAROUTE_CALCULATED,POSITION_ONLY,True
IMO_9894818,9894818,538009407,DESERT NAMULI,,UNKNOWN,4,"Hay Point, Australia","Visakhapatnam, India",Panamax,metallurgical coal,,,-23.82325,151.24626,-21.298313,149.2693543,17.6935526,83.2921297,187.065540451902,4926.710066752748,0.0,12.0,ROUTE_SPEED,21.5887950376585,410.5591722293957,2.0,480.1479672670542,2.0,23.3,$/mt,73625.0,70000.0,85000.0,77500.0,30.0,12000.0,25000.0,SEAROUTE,SEAROUTE_CALCULATED,POSITION_ONLY,True
IMO_9894818,9894818,538009407,DESERT NAMULI,,UNKNOWN,5,"Hay Point, Australia","Paradip, India",Panamax,metallurgical coal,,,-23.82325,151.24626,-21.298313,149.2693543,20.286946,86.6739979,187.065540451902,4899.001585207413,0.0,12.0,ROUTE_SPEED,21.5887950376585,408.25013210061775,2.0,477.83892713827623,2.0,21.1,$/mt,73625.0,70000.0,85000.0,77500.0,30.0,12000.0,25000.0,SEAROUTE,SEAROUTE_CALCULATED,POSITION_ONLY,True
IMO_9894818,9894818,538009407,DESERT NAMULI,,UNKNOWN,11,"Hay Point, Australia","Visakhapatnam, India",Panamax,coal,,,-23.82325,151.24626,-21.298313,149.2693543,17.6935526,83.2921297,187.065540451902,4926.710066752748,0.0,12.0,ROUTE_SPEED,21.5887950376585,410.5591722293957,2.0,480.1479672670542,2.0,27.85,$/mt,73625.0,70000.0,85000.0,77500.0,30.0,12000.0,25000.0,SEAROUTE,SEAROUTE_CALCULATED,POSITION_ONLY,True
IMO_9894818,9894818,538009407,DESERT NAMULI,,UNKNOWN,20,East Coast Australia,East Coast India,Panamax,coal,,,-23.82325,151.24626,-27.4689623,153.0235009,20.286946,86.6739979,239.08331305162136,5329.775100266468,0.0,12.0,ROUTE_SPEED,25.923609420968447,444.1479250222057,2.0,518.0715344431742,2.0,17.7,$/mt,73625.0,70000.0,85000.0,77500.0,30.0,12000.0,25000.0,SEAROUTE,SEAROUTE_CALCULATED,POSITION_ONLY,True
IMO_9894818,9894818,538009407,DESERT NAMULI,,UNKNOWN,17,"Queensland, Australia","Haldia, India",Panamax,coking coal,,,-23.82325,151.24626,-22.1646782,144.5844903,22.028124,88.0632655,381.3749828372355,4732.350582884308,0.0,12.0,ROUTE_SPEED,37.78124856976963,394.3625485736923,2.0,480.14379714346194,2.0,20.3,$/mt,73625.0,70000.0,85000.0,77500.0,30.0,12000.0,25000.0,SEAROUTE,SEAROUTE_CALCULATED,POSITION_ONLY,True
IMO_9894818,9894818,538009407,DESERT NAMULI,,UNKNOWN,10,Indonesia,"Paradip, India",Supramax,thermal coal,,,-23.82325,151.24626,-2.4833826,117.8902853,20.286946,86.6739979,2321.0580230885707,2579.0639841663437,0.0,12.0,ROUTE_SPEED,199.42150192404756,214.92199868052865,2.0,462.3435006045762,2.0,21.3,$/mt,54625.0,50000.0,65000.0,57500.0,30.0,12000.0,25000.0,SEAROUTE,SEAROUTE_CALCULATED,POSITION_ONLY,True
IMO_9894818,9894818,538009407,DESERT NAMULI,,UNKNOWN,21,Indonesia,East Coast India,Panamax,coal,,,-23.82325,151.24626,-2.4833826,117.8902853,20.286946,86.6739979,2321.0580230885707,2579.0639841663437,0.0,12.0,ROUTE_SPEED,199.42150192404756,214.92199868052865,2.0,462.3435006045762,2.0,11.2,$/mt,73625.0,70000.0,85000.0,77500.0,30.0,12000.0,25000.0,SEAROUTE,SEAROUTE_CALCULATED,POSITION_ONLY,True
IMO_9894818,9894818,538009407,DESERT NAMULI,,UNKNOWN,22,Indonesia,West Coast India,Panamax,coal,,,-23.82325,151.24626,-2.4833826,117.8902853,23.0177525,70.2096164,2321.0580230885707,3929.0472301048458,0.0,12.0,ROUTE_SPEED,199.42150192404756,327.42060250873715,2.0,574.8421044327847,2.0,12.85,$/mt,73625.0,70000.0,85000.0,77500.0,30.0,12000.0,25000.0,SEAROUTE,SEAROUTE_CALCULATED,POSITION_ONLY,True
IMO_9894818,9894818,538009407,DESERT NAMULI,,UNKNOWN,13,"Adang Bay (East Kalimantan), Indonesia","Kandla, India",Supramax,steam coal,,,-23.82325,151.24626,-1.7376896,116.3477513,23.0177525,70.2096164,2422.182159781172,3925.9038662092103,0.0,12.0,ROUTE_SPEED,207.84851331509765,327.15865551743417,2.0,583.0071688325318,2.0,26.5,$/mt,54625.0,50000.0,65000.0,57500.0,30.0,12000.0,25000.0,SEAROUTE,SEAROUTE_CALCULATED,POSITION_ONLY,True
IMO_9894818,9894818,538009407,DESERT NAMULI,,UNKNOWN,6,"Banjarmasin (South Kalimantan), Indonesia","Krishnapatnam, India",Panamax,thermal coal,,,-23.82325,151.24626,-3.3187496,114.5925828,14.2592415,80.0564758,2454.595809406246,2408.301246605427,0.0,12.0,ROUTE_SPEED,210.54965078385385,200.69177055045225,2.0,459.2414213343061,2.0,11.8,$/mt,73625.0,70000.0,85000.0,77500.0,30.0,12000.0,25000.0,SEAROUTE,SEAROUTE_CALCULATED,POSITION_ONLY,True
IMO_9894818,9894818,538009407,DESERT NAMULI,,UNKNOWN,8,"Banjarmasin (South Kalimantan), Indonesia","Dahej, India",Panamax,thermal coal,,,-23.82325,151.24626,-3.3187496,114.5925828,21.709301,72.5893963,2454.595809406246,3443.2178891213243,0.0,12.0,ROUTE_SPEED,210.54965078385385,286.9348240934437,2.0,545.4844748772975,2.0,13.1,$/mt,73625.0,70000.0,85000.0,77500.0,30.0,12000.0,25000.0,SEAROUTE,SEAROUTE_CALCULATED,POSITION_ONLY,True
IMO_9894818,9894818,538009407,DESERT NAMULI,,UNKNOWN,3,"East Kalimantan, Indonesia","Navlakhi, India",Supramax,coal,,,-23.82325,151.24626,0.7884397,116.2419977,22.9582815,70.4496687,2518.9012887803974,4102.581709223877,0.0,12.0,ROUTE_SPEED,215.90844073169978,341.88180910198975,2.0,605.7902498336896,2.0,18.45,$/mt,54625.0,50000.0,65000.0,57500.0,30.0,12000.0,25000.0,SEAROUTE,SEAROUTE_CALCULATED,POSITION_ONLY,True
IMO_9894818,9894818,538009407,DESERT NAMULI,,UNKNOWN,7,"East Kalimantan, Indonesia","Paradip, India",Supramax,coal,,,-23.82325,151.24626,0.7884397,116.2419977,20.286946,86.6739979,2518.9012887803974,2752.598463285374,0.0,12.0,ROUTE_SPEED,215.90844073169978,229.38320527378116,2.0,493.29164600548097,2.0,16.05,$/mt,54625.0,50000.0,65000.0,57500.0,30.0,12000.0,25000.0,SEAROUTE,SEAROUTE_CALCULATED,POSITION_ONLY,True
IMO_9894818,9894818,538009407,DESERT NAMULI,,UNKNOWN,14,"East Kalimantan, Indonesia","Paradip, India",Supramax,thermal coal,,,-23.82325,151.24626,0.7884397,116.2419977,20.286946,86.6739979,2518.9012887803974,2752.598463285374,0.0,12.0,ROUTE_SPEED,215.90844073169978,229.38320527378116,2.0,493.29164600548097,2.0,15.0,$/mt,54625.0,50000.0,65000.0,57500.0,30.0,12000.0,25000.0,SEAROUTE,SEAROUTE_CALCULATED,POSITION_ONLY,True
IMO_9894818,9894818,538009407,DESERT NAMULI,,UNKNOWN,1,"Richards Bay, South Africa","Navlakhi, India",Supramax,coal,,,-23.82325,151.24626,-28.7707857,32.0577775,22.9582815,70.4496687,6084.567088841142,3938.9061722773454,0.0,12.0,ROUTE_SPEED,513.0472574034286,328.2421810231121,2.0,889.2894384265408,2.0,19.35,$/mt,54625.0,50000.0,65000.0,57500.0,30.0,12000.0,25000.0,SEAROUTE,SEAROUTE_CALCULATED,POSITION_ONLY,True
IMO_9894818,9894818,538009407,DESERT NAMULI,,UNKNOWN,9,"Richards Bay, South Africa","Paradip, India",Panamax,thermal coal,,,-23.82325,151.24626,-28.7707857,32.0577775,20.286946,86.6739979,6084.567088841142,4667.806005082153,0.0,12.0,ROUTE_SPEED,513.0472574034286,388.9838337568461,2.0,950.0310911602746,2.0,18.6,$/mt,73625.0,70000.0,85000.0,77500.0,30.0,12000.0,25000.0,SEAROUTE,SEAROUTE_CALCULATED,POSITION_ONLY,True
IMO_9894818,9894818,538009407,DESERT NAMULI,,UNKNOWN,16,"Richards Bay, South Africa","Gangavaram, India",Capesize,coal,,,-23.82325,151.24626,-28.7707857,32.0577775,13.2351728,78.7511018,6084.567088841142,4164.634114888308,0.0,12.0,ROUTE_SPEED,513.0472574034286,347.05284290735904,2.0,908.1001003107876,2.0,14.0,$/mt,166250.0,150000.0,200000.0,175000.0,30.0,12000.0,25000.0,SEAROUTE,SEAROUTE_CALCULATED,POSITION_ONLY,True
IMO_9894818,9894818,538009407,DESERT NAMULI,,UNKNOWN,18,"Richards Bay, South Africa","Haldia, India",Panamax,coking / thermal coal,,,-23.82325,151.24626,-28.7707857,32.0577775,22.028124,88.0632655,6084.567088841142,4736.344187320068,0.0,12.0,ROUTE_SPEED,513.0472574034286,394.695348943339,2.0,955.7426063467676,2.0,12.8,$/mt,73625.0,70000.0,85000.0,77500.0,30.0,12000.0,25000.0,SEAROUTE,SEAROUTE_CALCULATED,POSITION_ONLY,True
IMO_9894818,9894818,538009407,DESERT NAMULI,,UNKNOWN,19,"Richards Bay, South Africa","Kandla, India",Capesize,coal,,,-23.82325,151.24626,-28.7707857,32.0577775,23.0177525,70.2096164,6084.567088841142,3938.9061722773454,0.0,12.0,ROUTE_SPEED,513.0472574034286,328.2421810231121,2.0,889.2894384265408,2.0,17.45,$/mt,166250.0,150000.0,200000.0,175000.0,30.0,12000.0,25000.0,SEAROUTE,SEAROUTE_CALCULATED,POSITION_ONLY,True
IMO_9894818,9894818,538009407,DESERT NAMULI,,UNKNOWN,23,"Richards Bay, South Africa","Krishnapatnam, India",Capesize,coal,,,-23.82325,151.24626,-28.7707857,32.0577775,14.2592415,80.0564758,6084.567088841142,4164.634114888308,0.0,12.0,ROUTE_SPEED,513.0472574034286,347.05284290735904,2.0,908.1001003107876,2.0,19.55,$/mt,166250.0,150000.0,200000.0,175000.0,30.0,12000.0,25000.0,SEAROUTE,SEAROUTE_CALCULATED,POSITION_ONLY,True
IMO_9894818,9894818,538009407,DESERT NAMULI,,UNKNOWN,12,Mozambique (Beira / Maputo),East Coast India,Handysize,coking coal,,,-23.82325,151.24626,-25.966213,32.56745,20.286946,86.6739979,6159.087494151866,4601.384016575973,0.0,12.0,ROUTE_SPEED,519.2572911793221,383.4486680479977,2.0,950.7059592273199,2.0,43.75,$/mt,,,,,30.0,12000.0,25000.0,SEAROUTE,SEAROUTE_CALCULATED,POSITION_ONLY,True
IMO_9894818,9894818,538009407,DESERT NAMULI,,UNKNOWN,15,Atlantic / Black Sea ports (Taman / Ust-Luga proxy),"Visakhapatnam, India",Panamax,coal,,,-23.82325,151.24626,45.2158646,36.7191326,17.6935526,83.2921297,7424.336913699476,5565.87430627969,0.0,12.0,ROUTE_SPEED,624.6947428082897,463.82285885664083,2.0,1136.5176016649305,2.0,19.5,$/mt,73625.0,70000.0,85000.0,77500.0,30.0,12000.0,25000.0,SEAROUTE,SEAROUTE_CALCULATED,POSITION_ONLY,True
IMO_9894818,9894818,538009407,DESERT NAMULI,,UNKNOWN,24,US East Coast (Hampton Roads / Baltimore),East Coast India (Paradip / Visakhapatnam),Panamax,coal / coking coal,,,-23.82325,151.24626,36.9507552,-76.4114187,20.286946,86.6739979,8245.096726838505,9913.44136694391,0.0,12.0,ROUTE_SPEED,693.0913939032088,826.1201139119926,2.0,1567.2115078152015,2.0,44.35,$/mt,73625.0,70000.0,85000.0,77500.0,30.0,12000.0,25000.0,SEAROUTE,SEAROUTE_CALCULATED,POSITION_ONLY,True
IMO_9906740,9906740,636021216,TAHO CIRCULAR,,UNKNOWN,0,"Queensland (Gladstone / Hay Point), Australia","Visakhapatnam & Haldia, India",Panamax,coking coal,,,-23.8323,151.49698,-21.298313,149.2693543,17.6935526,83.2921297,195.95243819717825,4926.710066752748,0.0,12.0,ROUTE_SPEED,22.329369849764856,410.5591722293957,2.0,480.8885420791606,2.0,47.0,$/mt,73625.0,70000.0,85000.0,77500.0,30.0,12000.0,25000.0,SEAROUTE,SEAROUTE_CALCULATED,POSITION_ONLY,True
IMO_9906740,9906740,636021216,TAHO CIRCULAR,,UNKNOWN,2,"Hay Point, Australia","Paradip, India",Panamax,coking coal,,,-23.8323,151.49698,-21.298313,149.2693543,20.286946,86.6739979,195.95243819717825,4899.001585207413,0.0,12.0,ROUTE_SPEED,22.329369849764856,408.25013210061775,2.0,478.5795019503826,2.0,13.8,$/mt,73625.0,70000.0,85000.0,77500.0,30.0,12000.0,25000.0,SEAROUTE,SEAROUTE_CALCULATED,POSITION_ONLY,True
IMO_9906740,9906740,636021216,TAHO CIRCULAR,,UNKNOWN,4,"Hay Point, Australia","Visakhapatnam, India",Panamax,metallurgical coal,,,-23.8323,151.49698,-21.298313,149.2693543,17.6935526,83.2921297,195.95243819717825,4926.710066752748,0.0,12.0,ROUTE_SPEED,22.329369849764856,410.5591722293957,2.0,480.8885420791606,2.0,23.3,$/mt,73625.0,70000.0,85000.0,77500.0,30.0,12000.0,25000.0,SEAROUTE,SEAROUTE_CALCULATED,POSITION_ONLY,True
IMO_9906740,9906740,636021216,TAHO CIRCULAR,,UNKNOWN,5,"Hay Point, Australia","Paradip, India",Panamax,metallurgical coal,,,-23.8323,151.49698,-21.298313,149.2693543,20.286946,86.6739979,195.95243819717825,4899.001585207413,0.0,12.0,ROUTE_SPEED,22.329369849764856,408.25013210061775,2.0,478.5795019503826,2.0,21.1,$/mt,73625.0,70000.0,85000.0,77500.0,30.0,12000.0,25000.0,SEAROUTE,SEAROUTE_CALCULATED,POSITION_ONLY,True
IMO_9906740,9906740,636021216,TAHO CIRCULAR,,UNKNOWN,11,"Hay Point, Australia","Visakhapatnam, India",Panamax,coal,,,-23.8323,151.49698,-21.298313,149.2693543,17.6935526,83.2921297,195.95243819717825,4926.710066752748,0.0,12.0,ROUTE_SPEED,22.329369849764856,410.5591722293957,2.0,480.8885420791606,2.0,27.85,$/mt,73625.0,70000.0,85000.0,77500.0,30.0,12000.0,25000.0,SEAROUTE,SEAROUTE_CALCULATED,POSITION_ONLY,True
IMO_9906740,9906740,636021216,TAHO CIRCULAR,,UNKNOWN,20,East Coast Australia,East Coast India,Panamax,coal,,,-23.8323,151.49698,-27.4689623,153.0235009,20.286946,86.6739979,233.44716219212825,5329.775100266468,0.0,12.0,ROUTE_SPEED,25.453930182677354,444.1479250222057,2.0,517.6018552048831,2.0,17.7,$/mt,73625.0,70000.0,85000.0,77500.0,30.0,12000.0,25000.0,SEAROUTE,SEAROUTE_CALCULATED,POSITION_ONLY,True
IMO_9906740,9906740,636021216,TAHO CIRCULAR,,UNKNOWN,17,"Queensland, Australia","Haldia, India",Panamax,coking coal,,,-23.8323,151.49698,-22.1646782,144.5844903,22.028124,88.0632655,394.8886131862239,4732.350582884308,0.0,12.0,ROUTE_SPEED,38.907384432185324,394.3625485736923,2.0,481.26993300587765,2.0,20.3,$/mt,73625.0,70000.0,85000.0,77500.0,30.0,12000.0,25000.0,SEAROUTE,SEAROUTE_CALCULATED,POSITION_ONLY,True
IMO_9906740,9906740,636021216,TAHO CIRCULAR,,UNKNOWN,10,Indonesia,"Paradip, India",Supramax,thermal coal,,,-23.8323,151.49698,-2.4833826,117.8902853,20.286946,86.6739979,2333.4379822571823,2579.0639841663437,0.0,12.0,ROUTE_SPEED,200.45316518809852,214.92199868052865,2.0,463.37516386862717,2.0,21.3,$/mt,54625.0,50000.0,65000.0,57500.0,30.0,12000.0,25000.0,SEAROUTE,SEAROUTE_CALCULATED,POSITION_ONLY,True
IMO_9906740,9906740,636021216,TAHO CIRCULAR,,UNKNOWN,21,Indonesia,East Coast India,Panamax,coal,,,-23.8323,151.49698,-2.4833826,117.8902853,20.286946,86.6739979,2333.4379822571823,2579.0639841663437,0.0,12.0,ROUTE_SPEED,200.45316518809852,214.92199868052865,2.0,463.37516386862717,2.0,11.2,$/mt,73625.0,70000.0,85000.0,77500.0,30.0,12000.0,25000.0,SEAROUTE,SEAROUTE_CALCULATED,POSITION_ONLY,True
IMO_9906740,9906740,636021216,TAHO CIRCULAR,,UNKNOWN,22,Indonesia,West Coast India,Panamax,coal,,,-23.8323,151.49698,-2.4833826,117.8902853,23.0177525,70.2096164,2333.4379822571823,3929.0472301048458,0.0,12.0,ROUTE_SPEED,200.45316518809852,327.42060250873715,2.0,575.8737676968357,2.0,12.85,$/mt,73625.0,70000.0,85000.0,77500.0,30.0,12000.0,25000.0,SEAROUTE,SEAROUTE_CALCULATED,POSITION_ONLY,True
IMO_9906740,9906740,636021216,TAHO CIRCULAR,,UNKNOWN,13,"Adang Bay (East Kalimantan), Indonesia","Kandla, India",Supramax,steam coal,,,-23.8323,151.49698,-1.7376896,116.3477513,23.0177525,70.2096164,2434.6125205325693,3925.9038662092103,0.0,12.0,ROUTE_SPEED,208.88437671104745,327.15865551743417,2.0,584.0430322284816,2.0,26.5,$/mt,54625.0,50000.0,65000.0,57500.0,30.0,12000.0,25000.0,SEAROUTE,SEAROUTE_CALCULATED,POSITION_ONLY,True
IMO_9906740,9906740,636021216,TAHO CIRCULAR,,UNKNOWN,6,"Banjarmasin (South Kalimantan), Indonesia","Krishnapatnam, India",Panamax,thermal coal,,,-23.8323,151.49698,-3.3187496,114.5925828,14.2592415,80.0564758,2467.3682754535225,2408.301246605427,0.0,12.0,ROUTE_SPEED,211.6140229544602,200.69177055045225,2.0,460.30579350491246,2.0,11.8,$/mt,73625.0,70000.0,85000.0,77500.0,30.0,12000.0,25000.0,SEAROUTE,SEAROUTE_CALCULATED,POSITION_ONLY,True
IMO_9906740,9906740,636021216,TAHO CIRCULAR,,UNKNOWN,8,"Banjarmasin (South Kalimantan), Indonesia","Dahej, India",Panamax,thermal coal,,,-23.8323,151.49698,-3.3187496,114.5925828,21.709301,72.5893963,2467.3682754535225,3443.2178891213243,0.0,12.0,ROUTE_SPEED,211.6140229544602,286.9348240934437,2.0,546.5488470479039,2.0,13.1,$/mt,73625.0,70000.0,85000.0,77500.0,30.0,12000.0,25000.0,SEAROUTE,SEAROUTE_CALCULATED,POSITION_ONLY,True
IMO_9906740,9906740,636021216,TAHO CIRCULAR,,UNKNOWN,3,"East Kalimantan, Indonesia","Navlakhi, India",Supramax,coal,,,-23.8323,151.49698,0.7884397,116.2419977,22.9582815,70.4496687,2531.007868836832,4102.581709223877,0.0,12.0,ROUTE_SPEED,216.91732240306933,341.88180910198975,2.0,606.7991315050591,2.0,18.45,$/mt,54625.0,50000.0,65000.0,57500.0,30.0,12000.0,25000.0,SEAROUTE,SEAROUTE_CALCULATED,POSITION_ONLY,True
IMO_9906740,9906740,636021216,TAHO CIRCULAR,,UNKNOWN,7,"East Kalimantan, Indonesia","Paradip, India",Supramax,coal,,,-23.8323,151.49698,0.7884397,116.2419977,20.286946,86.6739979,2531.007868836832,2752.598463285374,0.0,12.0,ROUTE_SPEED,216.91732240306933,229.38320527378116,2.0,494.3005276768505,2.0,16.05,$/mt,54625.0,50000.0,65000.0,57500.0,30.0,12000.0,25000.0,SEAROUTE,SEAROUTE_CALCULATED,POSITION_ONLY,True
IMO_9906740,9906740,636021216,TAHO CIRCULAR,,UNKNOWN,14,"East Kalimantan, Indonesia","Paradip, India",Supramax,thermal coal,,,-23.8323,151.49698,0.7884397,116.2419977,20.286946,86.6739979,2531.007868836832,2752.598463285374,0.0,12.0,ROUTE_SPEED,216.91732240306933,229.38320527378116,2.0,494.3005276768505,2.0,15.0,$/mt,54625.0,50000.0,65000.0,57500.0,30.0,12000.0,25000.0,SEAROUTE,SEAROUTE_CALCULATED,POSITION_ONLY,True
IMO_9906740,9906740,636021216,TAHO CIRCULAR,,UNKNOWN,1,"Richards Bay, South Africa","Navlakhi, India",Supramax,coal,,,-23.8323,151.49698,-28.7707857,32.0577775,22.9582815,70.4496687,6094.964521538971,3938.9061722773454,0.0,12.0,ROUTE_SPEED,513.9137101282477,328.2421810231121,2.0,890.1558911513598,2.0,19.35,$/mt,54625.0,50000.0,65000.0,57500.0,30.0,12000.0,25000.0,SEAROUTE,SEAROUTE_CALCULATED,POSITION_ONLY,True
IMO_9906740,9906740,636021216,TAHO CIRCULAR,,UNKNOWN,9,"Richards Bay, South Africa","Paradip, India",Panamax,thermal coal,,,-23.8323,151.49698,-28.7707857,32.0577775,20.286946,86.6739979,6094.964521538971,4667.806005082153,0.0,12.0,ROUTE_SPEED,513.9137101282477,388.9838337568461,2.0,950.8975438850937,2.0,18.6,$/mt,73625.0,70000.0,85000.0,77500.0,30.0,12000.0,25000.0,SEAROUTE,SEAROUTE_CALCULATED,POSITION_ONLY,True
IMO_9906740,9906740,636021216,TAHO CIRCULAR,,UNKNOWN,16,"Richards Bay, South Africa","Gangavaram, India",Capesize,coal,,,-23.8323,151.49698,-28.7707857,32.0577775,13.2351728,78.7511018,6094.964521538971,4164.634114888308,0.0,12.0,ROUTE_SPEED,513.9137101282477,347.05284290735904,2.0,908.9665530356067,2.0,14.0,$/mt,166250.0,150000.0,200000.0,175000.0,30.0,12000.0,25000.0,SEAROUTE,SEAROUTE_CALCULATED,POSITION_ONLY,True
IMO_9906740,9906740,636021216,TAHO CIRCULAR,,UNKNOWN,18,"Richards Bay, South Africa","Haldia, India",Panamax,coking / thermal coal,,,-23.8323,151.49698,-28.7707857,32.0577775,22.028124,88.0632655,6094.964521538971,4736.344187320068,0.0,12.0,ROUTE_SPEED,513.9137101282477,394.695348943339,2.0,956.6090590715867,2.0,12.8,$/mt,73625.0,70000.0,85000.0,77500.0,30.0,12000.0,25000.0,SEAROUTE,SEAROUTE_CALCULATED,POSITION_ONLY,True
IMO_9906740,9906740,636021216,TAHO CIRCULAR,,UNKNOWN,19,"Richards Bay, South Africa","Kandla, India",Capesize,coal,,,-23.8323,151.49698,-28.7707857,32.0577775,23.0177525,70.2096164,6094.964521538971,3938.9061722773454,0.0,12.0,ROUTE_SPEED,513.9137101282477,328.2421810231121,2.0,890.1558911513598,2.0,17.45,$/mt,166250.0,150000.0,200000.0,175000.0,30.0,12000.0,25000.0,SEAROUTE,SEAROUTE_CALCULATED,POSITION_ONLY,True
IMO_9906740,9906740,636021216,TAHO CIRCULAR,,UNKNOWN,23,"Richards Bay, South Africa","Krishnapatnam, India",Capesize,coal,,,-23.8323,151.49698,-28.7707857,32.0577775,14.2592415,80.0564758,6094.964521538971,4164.634114888308,0.0,12.0,ROUTE_SPEED,513.9137101282477,347.05284290735904,2.0,908.9665530356067,2.0,19.55,$/mt,166250.0,150000.0,200000.0,175000.0,30.0,12000.0,25000.0,SEAROUTE,SEAROUTE_CALCULATED,POSITION_ONLY,True
IMO_9906740,9906740,636021216,TAHO CIRCULAR,,UNKNOWN,12,Mozambique (Beira / Maputo),East Coast India,Handysize,coking coal,,,-23.8323,151.49698,-25.966213,32.56745,20.286946,86.6739979,6169.886219210125,4601.384016575973,0.0,12.0,ROUTE_SPEED,520.157184934177,383.4486680479977,2.0,951.6058529821748,2.0,43.75,$/mt,,,,,30.0,12000.0,25000.0,SEAROUTE,SEAROUTE_CALCULATED,POSITION_ONLY,True
IMO_9906740,9906740,636021216,TAHO CIRCULAR,,UNKNOWN,15,Atlantic / Black Sea ports (Taman / Ust-Luga proxy),"Visakhapatnam, India",Panamax,coal,,,-23.8323,151.49698,45.2158646,36.7191326,17.6935526,83.2921297,7435.286310988166,5565.87430627969,0.0,12.0,ROUTE_SPEED,625.6071925823472,463.82285885664083,2.0,1137.4300514389881,2.0,19.5,$/mt,73625.0,70000.0,85000.0,77500.0,30.0,12000.0,25000.0,SEAROUTE,SEAROUTE_CALCULATED,POSITION_ONLY,True
IMO_9906740,9906740,636021216,TAHO CIRCULAR,,UNKNOWN,24,US East Coast (Hampton Roads / Baltimore),East Coast India (Paradip / Visakhapatnam),Panamax,coal / coking coal,,,-23.8323,151.49698,36.9507552,-76.4114187,20.286946,86.6739979,8233.3616408558,9913.44136694391,0.0,12.0,ROUTE_SPEED,692.1134700713166,826.1201139119926,2.0,1566.233583983309,2.0,44.35,$/mt,73625.0,70000.0,85000.0,77500.0,30.0,12000.0,25000.0,SEAROUTE,SEAROUTE_CALCULATED,POSITION_ONLY,True
IMO_9914371,9914371,538012764,METIS TITANIUM,,UNKNOWN,0,"Queensland (Gladstone / Hay Point), Australia","Visakhapatnam & Haldia, India",Panamax,coking coal,,,-23.84856,151.58976,-21.298313,149.2693543,17.6935526,83.2921297,199.97532401498515,4926.710066752748,0.0,12.0,ROUTE_SPEED,22.664610334582097,410.5591722293957,2.0,481.2237825639778,2.0,47.0,$/mt,73625.0,70000.0,85000.0,77500.0,30.0,12000.0,25000.0,SEAROUTE,SEAROUTE_CALCULATED,POSITION_ONLY,True
IMO_9914371,9914371,538012764,METIS TITANIUM,,UNKNOWN,2,"Hay Point, Australia","Paradip, India",Panamax,coking coal,,,-23.84856,151.58976,-21.298313,149.2693543,20.286946,86.6739979,199.97532401498515,4899.001585207413,0.0,12.0,ROUTE_SPEED,22.664610334582097,408.25013210061775,2.0,478.91474243519986,2.0,13.8,$/mt,73625.0,70000.0,85000.0,77500.0,30.0,12000.0,25000.0,SEAROUTE,SEAROUTE_CALCULATED,POSITION_ONLY,True
IMO_9914371,9914371,538012764,METIS TITANIUM,,UNKNOWN,4,"Hay Point, Australia","Visakhapatnam, India",Panamax,metallurgical coal,,,-23.84856,151.58976,-21.298313,149.2693543,17.6935526,83.2921297,199.97532401498515,4926.710066752748,0.0,12.0,ROUTE_SPEED,22.664610334582097,410.5591722293957,2.0,481.2237825639778,2.0,23.3,$/mt,73625.0,70000.0,85000.0,77500.0,30.0,12000.0,25000.0,SEAROUTE,SEAROUTE_CALCULATED,POSITION_ONLY,True
IMO_9914371,9914371,538012764,METIS TITANIUM,,UNKNOWN,5,"Hay Point, Australia","Paradip, India",Panamax,metallurgical coal,,,-23.84856,151.58976,-21.298313,149.2693543,20.286946,86.6739979,199.97532401498515,4899.001585207413,0.0,12.0,ROUTE_SPEED,22.664610334582097,408.25013210061775,2.0,478.91474243519986,2.0,21.1,$/mt,73625.0,70000.0,85000.0,77500.0,30.0,12000.0,25000.0,SEAROUTE,SEAROUTE_CALCULATED,POSITION_ONLY,True
IMO_9914371,9914371,538012764,METIS TITANIUM,,UNKNOWN,11,"Hay Point, Australia","Visakhapatnam, India",Panamax,coal,,,-23.84856,151.58976,-21.298313,149.2693543,17.6935526,83.2921297,199.97532401498515,4926.710066752748,0.0,12.0,ROUTE_SPEED,22.664610334582097,410.5591722293957,2.0,481.2237825639778,2.0,27.85,$/mt,73625.0,70000.0,85000.0,77500.0,30.0,12000.0,25000.0,SEAROUTE,SEAROUTE_CALCULATED,POSITION_ONLY,True
IMO_9914371,9914371,538012764,METIS TITANIUM,,UNKNOWN,20,East Coast Australia,East Coast India,Panamax,coal,,,-23.84856,151.58976,-27.4689623,153.0235009,20.286946,86.6739979,230.79716684770753,5329.775100266468,0.0,12.0,ROUTE_SPEED,25.23309723730896,444.1479250222057,2.0,517.3810222595147,2.0,17.7,$/mt,73625.0,70000.0,85000.0,77500.0,30.0,12000.0,25000.0,SEAROUTE,SEAROUTE_CALCULATED,POSITION_ONLY,True
IMO_9914371,9914371,538012764,METIS TITANIUM,,UNKNOWN,17,"Queensland, Australia","Haldia, India",Panamax,coking coal,,,-23.84856,151.58976,-22.1646782,144.5844903,22.028124,88.0632655,400.0718562274956,4732.350582884308,0.0,12.0,ROUTE_SPEED,39.3393213522913,394.3625485736923,2.0,481.7018699259836,2.0,20.3,$/mt,73625.0,70000.0,85000.0,77500.0,30.0,12000.0,25000.0,SEAROUTE,SEAROUTE_CALCULATED,POSITION_ONLY,True
IMO_9914371,9914371,538012764,METIS TITANIUM,,UNKNOWN,10,Indonesia,"Paradip, India",Supramax,thermal coal,,,-23.84856,151.58976,-2.4833826,117.8902853,20.286946,86.6739979,2338.3905450226816,2579.0639841663437,0.0,12.0,ROUTE_SPEED,200.86587875189014,214.92199868052865,2.0,463.7878774324188,2.0,21.3,$/mt,54625.0,50000.0,65000.0,57500.0,30.0,12000.0,25000.0,SEAROUTE,SEAROUTE_CALCULATED,POSITION_ONLY,True
IMO_9914371,9914371,538012764,METIS TITANIUM,,UNKNOWN,21,Indonesia,East Coast India,Panamax,coal,,,-23.84856,151.58976,-2.4833826,117.8902853,20.286946,86.6739979,2338.3905450226816,2579.0639841663437,0.0,12.0,ROUTE_SPEED,200.86587875189014,214.92199868052865,2.0,463.7878774324188,2.0,11.2,$/mt,73625.0,70000.0,85000.0,77500.0,30.0,12000.0,25000.0,SEAROUTE,SEAROUTE_CALCULATED,POSITION_ONLY,True
IMO_9914371,9914371,538012764,METIS TITANIUM,,UNKNOWN,22,Indonesia,West Coast India,Panamax,coal,,,-23.84856,151.58976,-2.4833826,117.8902853,23.0177525,70.2096164,2338.3905450226816,3929.0472301048458,0.0,12.0,ROUTE_SPEED,200.86587875189014,327.42060250873715,2.0,576.2864812606273,2.0,12.85,$/mt,73625.0,70000.0,85000.0,77500.0,30.0,12000.0,25000.0,SEAROUTE,SEAROUTE_CALCULATED,POSITION_ONLY,True
IMO_9914371,9914371,538012764,METIS TITANIUM,,UNKNOWN,13,"Adang Bay (East Kalimantan), Indonesia","Kandla, India",Supramax,steam coal,,,-23.84856,151.58976,-1.7376896,116.3477513,23.0177525,70.2096164,2439.577724692722,3925.9038662092103,0.0,12.0,ROUTE_SPEED,209.2981437243935,327.15865551743417,2.0,584.4567992418276,2.0,26.5,$/mt,54625.0,50000.0,65000.0,57500.0,30.0,12000.0,25000.0,SEAROUTE,SEAROUTE_CALCULATED,POSITION_ONLY,True
IMO_9914371,9914371,538012764,METIS TITANIUM,,UNKNOWN,6,"Banjarmasin (South Kalimantan), Indonesia","Krishnapatnam, India",Panamax,thermal coal,,,-23.84856,151.58976,-3.3187496,114.5925828,14.2592415,80.0564758,2472.4162527364697,2408.301246605427,0.0,12.0,ROUTE_SPEED,212.03468772803913,200.69177055045225,2.0,460.72645827849135,2.0,11.8,$/mt,73625.0,70000.0,85000.0,77500.0,30.0,12000.0,25000.0,SEAROUTE,SEAROUTE_CALCULATED,POSITION_ONLY,True
IMO_9914371,9914371,538012764,METIS TITANIUM,,UNKNOWN,8,"Banjarmasin (South Kalimantan), Indonesia","Dahej, India",Panamax,thermal coal,,,-23.84856,151.58976,-3.3187496,114.5925828,21.709301,72.5893963,2472.4162527364697,3443.2178891213243,0.0,12.0,ROUTE_SPEED,212.03468772803913,286.9348240934437,2.0,546.9695118214828,2.0,13.1,$/mt,73625.0,70000.0,85000.0,77500.0,30.0,12000.0,25000.0,SEAROUTE,SEAROUTE_CALCULATED,POSITION_ONLY,True
IMO_9914371,9914371,538012764,METIS TITANIUM,,UNKNOWN,3,"East Kalimantan, Indonesia","Navlakhi, India",Supramax,coal,,,-23.84856,151.58976,0.7884397,116.2419977,22.9582815,70.4496687,2535.8889367932925,4102.581709223877,0.0,12.0,ROUTE_SPEED,217.32407806610772,341.88180910198975,2.0,607.2058871680974,2.0,18.45,$/mt,54625.0,50000.0,65000.0,57500.0,30.0,12000.0,25000.0,SEAROUTE,SEAROUTE_CALCULATED,POSITION_ONLY,True
IMO_9914371,9914371,538012764,METIS TITANIUM,,UNKNOWN,7,"East Kalimantan, Indonesia","Paradip, India",Supramax,coal,,,-23.84856,151.58976,0.7884397,116.2419977,20.286946,86.6739979,2535.8889367932925,2752.598463285374,0.0,12.0,ROUTE_SPEED,217.32407806610772,229.38320527378116,2.0,494.7072833398889,2.0,16.05,$/mt,54625.0,50000.0,65000.0,57500.0,30.0,12000.0,25000.0,SEAROUTE,SEAROUTE_CALCULATED,POSITION_ONLY,True
IMO_9914371,9914371,538012764,METIS TITANIUM,,UNKNOWN,14,"East Kalimantan, Indonesia","Paradip, India",Supramax,thermal coal,,,-23.84856,151.58976,0.7884397,116.2419977,20.286946,86.6739979,2535.8889367932925,2752.598463285374,0.0,12.0,ROUTE_SPEED,217.32407806610772,229.38320527378116,2.0,494.7072833398889,2.0,15.0,$/mt,54625.0,50000.0,65000.0,57500.0,30.0,12000.0,25000.0,SEAROUTE,SEAROUTE_CALCULATED,POSITION_ONLY,True
IMO_9914371,9914371,538012764,METIS TITANIUM,,UNKNOWN,1,"Richards Bay, South Africa","Navlakhi, India",Supramax,coal,,,-23.84856,151.58976,-28.7707857,32.0577775,22.9582815,70.4496687,6098.320125236802,3938.9061722773454,0.0,12.0,ROUTE_SPEED,514.1933437697335,328.2421810231121,2.0,890.4355247928456,2.0,19.35,$/mt,54625.0,50000.0,65000.0,57500.0,30.0,12000.0,25000.0,SEAROUTE,SEAROUTE_CALCULATED,POSITION_ONLY,True
IMO_9914371,9914371,538012764,METIS TITANIUM,,UNKNOWN,9,"Richards Bay, South Africa","Paradip, India",Panamax,thermal coal,,,-23.84856,151.58976,-28.7707857,32.0577775,20.286946,86.6739979,6098.320125236802,4667.806005082153,0.0,12.0,ROUTE_SPEED,514.1933437697335,388.9838337568461,2.0,951.1771775265795,2.0,18.6,$/mt,73625.0,70000.0,85000.0,77500.0,30.0,12000.0,25000.0,SEAROUTE,SEAROUTE_CALCULATED,POSITION_ONLY,True
IMO_9914371,9914371,538012764,METIS TITANIUM,,UNKNOWN,16,"Richards Bay, South Africa","Gangavaram, India",Capesize,coal,,,-23.84856,151.58976,-28.7707857,32.0577775,13.2351728,78.7511018,6098.320125236802,4164.634114888308,0.0,12.0,ROUTE_SPEED,514.1933437697335,347.05284290735904,2.0,909.2461866770925,2.0,14.0,$/mt,166250.0,150000.0,200000.0,175000.0,30.0,12000.0,25000.0,SEAROUTE,SEAROUTE_CALCULATED,POSITION_ONLY,True
IMO_9914371,9914371,538012764,METIS TITANIUM,,UNKNOWN,18,"Richards Bay, South Africa","Haldia, India",Panamax,coking / thermal coal,,,-23.84856,151.58976,-28.7707857,32.0577775,22.028124,88.0632655,6098.320125236802,4736.344187320068,0.0,12.0,ROUTE_SPEED,514.1933437697335,394.695348943339,2.0,956.8886927130725,2.0,12.8,$/mt,73625.0,70000.0,85000.0,77500.0,30.0,12000.0,25000.0,SEAROUTE,SEAROUTE_CALCULATED,POSITION_ONLY,True
IMO_9914371,9914371,538012764,METIS TITANIUM,,UNKNOWN,19,"Richards Bay, South Africa","Kandla, India",Capesize,coal,,,-23.84856,151.58976,-28.7707857,32.0577775,23.0177525,70.2096164,6098.320125236802,3938.9061722773454,0.0,12.0,ROUTE_SPEED,514.1933437697335,328.2421810231121,2.0,890.4355247928456,2.0,17.45,$/mt,166250.0,150000.0,200000.0,175000.0,30.0,12000.0,25000.0,SEAROUTE,SEAROUTE_CALCULATED,POSITION_ONLY,True
IMO_9914371,9914371,538012764,METIS TITANIUM,,UNKNOWN,23,"Richards Bay, South Africa","Krishnapatnam, India",Capesize,coal,,,-23.84856,151.58976,-28.7707857,32.0577775,14.2592415,80.0564758,6098.320125236802,4164.634114888308,0.0,12.0,ROUTE_SPEED,514.1933437697335,347.05284290735904,2.0,909.2461866770925,2.0,19.55,$/mt,166250.0,150000.0,200000.0,175000.0,30.0,12000.0,25000.0,SEAROUTE,SEAROUTE_CALCULATED,POSITION_ONLY,True
IMO_9914371,9914371,538012764,METIS TITANIUM,,UNKNOWN,12,Mozambique (Beira / Maputo),East Coast India,Handysize,coking coal,,,-23.84856,151.58976,-25.966213,32.56745,20.286946,86.6739979,6173.418519946452,4601.384016575973,0.0,12.0,ROUTE_SPEED,520.451543328871,383.4486680479977,2.0,951.9002113768688,2.0,43.75,$/mt,,,,,30.0,12000.0,25000.0,SEAROUTE,SEAROUTE_CALCULATED,POSITION_ONLY,True
IMO_9914371,9914371,538012764,METIS TITANIUM,,UNKNOWN,15,Atlantic / Black Sea ports (Taman / Ust-Luga proxy),"Visakhapatnam, India",Panamax,coal,,,-23.84856,151.58976,45.2158646,36.7191326,17.6935526,83.2921297,7439.832812518106,5565.87430627969,0.0,12.0,ROUTE_SPEED,625.9860677098421,463.82285885664083,2.0,1137.808926566483,2.0,19.5,$/mt,73625.0,70000.0,85000.0,77500.0,30.0,12000.0,25000.0,SEAROUTE,SEAROUTE_CALCULATED,POSITION_ONLY,True
IMO_9914371,9914371,538012764,METIS TITANIUM,,UNKNOWN,24,US East Coast (Hampton Roads / Baltimore),East Coast India (Paradip / Visakhapatnam),Panamax,coal / coking coal,,,-23.84856,151.58976,36.9507552,-76.4114187,20.286946,86.6739979,8229.398035607694,9913.44136694391,0.0,12.0,ROUTE_SPEED,691.7831696339745,826.1201139119926,2.0,1565.903283545967,2.0,44.35,$/mt,73625.0,70000.0,85000.0,77500.0,30.0,12000.0,25000.0,SEAROUTE,SEAROUTE_CALCULATED,POSITION_ONLY,True
IMO_9934204,9934204,477833200,JOSCO LIUZHOU,,UNKNOWN,0,"Queensland (Gladstone / Hay Point), Australia","Visakhapatnam & Haldia, India",Panamax,coking coal,,,-23.82068,151.24365,-21.298313,149.2693543,17.6935526,83.2921297,186.85633634811288,4926.710066752748,0.0,12.0,ROUTE_SPEED,21.571361362342742,410.5591722293957,2.0,480.1305335917384,2.0,47.0,$/mt,73625.0,70000.0,85000.0,77500.0,30.0,12000.0,25000.0,SEAROUTE,SEAROUTE_CALCULATED,POSITION_ONLY,True
IMO_9934204,9934204,477833200,JOSCO LIUZHOU,,UNKNOWN,2,"Hay Point, Australia","Paradip, India",Panamax,coking coal,,,-23.82068,151.24365,-21.298313,149.2693543,20.286946,86.6739979,186.85633634811288,4899.001585207413,0.0,12.0,ROUTE_SPEED,21.571361362342742,408.25013210061775,2.0,477.82149346296046,2.0,13.8,$/mt,73625.0,70000.0,85000.0,77500.0,30.0,12000.0,25000.0,SEAROUTE,SEAROUTE_CALCULATED,POSITION_ONLY,True
IMO_9934204,9934204,477833200,JOSCO LIUZHOU,,UNKNOWN,4,"Hay Point, Australia","Visakhapatnam, India",Panamax,metallurgical coal,,,-23.82068,151.24365,-21.298313,149.2693543,17.6935526,83.2921297,186.85633634811288,4926.710066752748,0.0,12.0,ROUTE_SPEED,21.571361362342742,410.5591722293957,2.0,480.1305335917384,2.0,23.3,$/mt,73625.0,70000.0,85000.0,77500.0,30.0,12000.0,25000.0,SEAROUTE,SEAROUTE_CALCULATED,POSITION_ONLY,True
IMO_9934204,9934204,477833200,JOSCO LIUZHOU,,UNKNOWN,5,"Hay Point, Australia","Paradip, India",Panamax,metallurgical coal,,,-23.82068,151.24365,-21.298313,149.2693543,20.286946,86.6739979,186.85633634811288,4899.001585207413,0.0,12.0,ROUTE_SPEED,21.571361362342742,408.25013210061775,2.0,477.82149346296046,2.0,21.1,$/mt,73625.0,70000.0,85000.0,77500.0,30.0,12000.0,25000.0,SEAROUTE,SEAROUTE_CALCULATED,POSITION_ONLY,True
IMO_9934204,9934204,477833200,JOSCO LIUZHOU,,UNKNOWN,11,"Hay Point, Australia","Visakhapatnam, India",Panamax,coal,,,-23.82068,151.24365,-21.298313,149.2693543,17.6935526,83.2921297,186.85633634811288,4926.710066752748,0.0,12.0,ROUTE_SPEED,21.571361362342742,410.5591722293957,2.0,480.1305335917384,2.0,27.85,$/mt,73625.0,70000.0,85000.0,77500.0,30.0,12000.0,25000.0,SEAROUTE,SEAROUTE_CALCULATED,POSITION_ONLY,True
IMO_9934204,9934204,477833200,JOSCO LIUZHOU,,UNKNOWN,20,East Coast Australia,East Coast India,Panamax,coal,,,-23.82068,151.24365,-27.4689623,153.0235009,20.286946,86.6739979,239.28180049389948,5329.775100266468,0.0,12.0,ROUTE_SPEED,25.94015004115829,444.1479250222057,2.0,518.0880750633639,2.0,17.7,$/mt,73625.0,70000.0,85000.0,77500.0,30.0,12000.0,25000.0,SEAROUTE,SEAROUTE_CALCULATED,POSITION_ONLY,True
IMO_9934204,9934204,477833200,JOSCO LIUZHOU,,UNKNOWN,17,"Queensland, Australia","Haldia, India",Panamax,coking coal,,,-23.82068,151.24365,-22.1646782,144.5844903,22.028124,88.0632655,381.1989459061125,4732.350582884308,0.0,12.0,ROUTE_SPEED,37.76657882550937,394.3625485736923,2.0,480.1291273992017,2.0,20.3,$/mt,73625.0,70000.0,85000.0,77500.0,30.0,12000.0,25000.0,SEAROUTE,SEAROUTE_CALCULATED,POSITION_ONLY,True
IMO_9934204,9934204,477833200,JOSCO LIUZHOU,,UNKNOWN,10,Indonesia,"Paradip, India",Supramax,thermal coal,,,-23.82068,151.24365,-2.4833826,117.8902853,20.286946,86.6739979,2320.858491805026,2579.0639841663437,0.0,12.0,ROUTE_SPEED,199.4048743170855,214.92199868052865,2.0,462.32687299761415,2.0,21.3,$/mt,54625.0,50000.0,65000.0,57500.0,30.0,12000.0,25000.0,SEAROUTE,SEAROUTE_CALCULATED,POSITION_ONLY,True
IMO_9934204,9934204,477833200,JOSCO LIUZHOU,,UNKNOWN,21,Indonesia,East Coast India,Panamax,coal,,,-23.82068,151.24365,-2.4833826,117.8902853,20.286946,86.6739979,2320.858491805026,2579.0639841663437,0.0,12.0,ROUTE_SPEED,199.4048743170855,214.92199868052865,2.0,462.32687299761415,2.0,11.2,$/mt,73625.0,70000.0,85000.0,77500.0,30.0,12000.0,25000.0,SEAROUTE,SEAROUTE_CALCULATED,POSITION_ONLY,True
IMO_9934204,9934204,477833200,JOSCO LIUZHOU,,UNKNOWN,22,Indonesia,West Coast India,Panamax,coal,,,-23.82068,151.24365,-2.4833826,117.8902853,23.0177525,70.2096164,2320.858491805026,3929.0472301048458,0.0,12.0,ROUTE_SPEED,199.4048743170855,327.42060250873715,2.0,574.8254768258226,2.0,12.85,$/mt,73625.0,70000.0,85000.0,77500.0,30.0,12000.0,25000.0,SEAROUTE,SEAROUTE_CALCULATED,POSITION_ONLY,True
IMO_9934204,9934204,477833200,JOSCO LIUZHOU,,UNKNOWN,13,"Adang Bay (East Kalimantan), Indonesia","Kandla, India",Supramax,steam coal,,,-23.82068,151.24365,-1.7376896,116.3477513,23.0177525,70.2096164,2421.983207430146,3925.9038662092103,0.0,12.0,ROUTE_SPEED,207.83193395251217,327.15865551743417,2.0,582.9905894699464,2.0,26.5,$/mt,54625.0,50000.0,65000.0,57500.0,30.0,12000.0,25000.0,SEAROUTE,SEAROUTE_CALCULATED,POSITION_ONLY,True
IMO_9934204,9934204,477833200,JOSCO LIUZHOU,,UNKNOWN,6,"Banjarmasin (South Kalimantan), Indonesia","Krishnapatnam, India",Panamax,thermal coal,,,-23.82068,151.24365,-3.3187496,114.5925828,14.2592415,80.0564758,2454.4014926851773,2408.301246605427,0.0,12.0,ROUTE_SPEED,210.53345772376477,200.69177055045225,2.0,459.225228274217,2.0,11.8,$/mt,73625.0,70000.0,85000.0,77500.0,30.0,12000.0,25000.0,SEAROUTE,SEAROUTE_CALCULATED,POSITION_ONLY,True
IMO_9934204,9934204,477833200,JOSCO LIUZHOU,,UNKNOWN,8,"Banjarmasin (South Kalimantan), Indonesia","Dahej, India",Panamax,thermal coal,,,-23.82068,151.24365,-3.3187496,114.5925828,21.709301,72.5893963,2454.4014926851773,3443.2178891213243,0.0,12.0,ROUTE_SPEED,210.53345772376477,286.9348240934437,2.0,545.4682818172084,2.0,13.1,$/mt,73625.0,70000.0,85000.0,77500.0,30.0,12000.0,25000.0,SEAROUTE,SEAROUTE_CALCULATED,POSITION_ONLY,True
IMO_9934204,9934204,477833200,JOSCO LIUZHOU,,UNKNOWN,3,"East Kalimantan, Indonesia","Navlakhi, India",Supramax,coal,,,-23.82068,151.24365,0.7884397,116.2419977,22.9582815,70.4496687,2518.699029884817,4102.581709223877,0.0,12.0,ROUTE_SPEED,215.89158582373474,341.88180910198975,2.0,605.7733949257245,2.0,18.45,$/mt,54625.0,50000.0,65000.0,57500.0,30.0,12000.0,25000.0,SEAROUTE,SEAROUTE_CALCULATED,POSITION_ONLY,True
IMO_9934204,9934204,477833200,JOSCO LIUZHOU,,UNKNOWN,7,"East Kalimantan, Indonesia","Paradip, India",Supramax,coal,,,-23.82068,151.24365,0.7884397,116.2419977,20.286946,86.6739979,2518.699029884817,2752.598463285374,0.0,12.0,ROUTE_SPEED,215.89158582373474,229.38320527378116,2.0,493.2747910975159,2.0,16.05,$/mt,54625.0,50000.0,65000.0,57500.0,30.0,12000.0,25000.0,SEAROUTE,SEAROUTE_CALCULATED,POSITION_ONLY,True
IMO_9934204,9934204,477833200,JOSCO LIUZHOU,,UNKNOWN,14,"East Kalimantan, Indonesia","Paradip, India",Supramax,thermal coal,,,-23.82068,151.24365,0.7884397,116.2419977,20.286946,86.6739979,2518.699029884817,2752.598463285374,0.0,12.0,ROUTE_SPEED,215.89158582373474,229.38320527378116,2.0,493.2747910975159,2.0,15.0,$/mt,54625.0,50000.0,65000.0,57500.0,30.0,12000.0,25000.0,SEAROUTE,SEAROUTE_CALCULATED,POSITION_ONLY,True
IMO_9934204,9934204,477833200,JOSCO LIUZHOU,,UNKNOWN,1,"Richards Bay, South Africa","Navlakhi, India",Supramax,coal,,,-23.82068,151.24365,-28.7707857,32.0577775,22.9582815,70.4496687,6084.551665173365,3938.9061722773454,0.0,12.0,ROUTE_SPEED,513.0459720977803,328.2421810231121,2.0,889.2881531208925,2.0,19.35,$/mt,54625.0,50000.0,65000.0,57500.0,30.0,12000.0,25000.0,SEAROUTE,SEAROUTE_CALCULATED,POSITION_ONLY,True
IMO_9934204,9934204,477833200,JOSCO LIUZHOU,,UNKNOWN,9,"Richards Bay, South Africa","Paradip, India",Panamax,thermal coal,,,-23.82068,151.24365,-28.7707857,32.0577775,20.286946,86.6739979,6084.551665173365,4667.806005082153,0.0,12.0,ROUTE_SPEED,513.0459720977803,388.9838337568461,2.0,950.0298058546264,2.0,18.6,$/mt,73625.0,70000.0,85000.0,77500.0,30.0,12000.0,25000.0,SEAROUTE,SEAROUTE_CALCULATED,POSITION_ONLY,True
IMO_9934204,9934204,477833200,JOSCO LIUZHOU,,UNKNOWN,16,"Richards Bay, South Africa","Gangavaram, India",Capesize,coal,,,-23.82068,151.24365,-28.7707857,32.0577775,13.2351728,78.7511018,6084.551665173365,4164.634114888308,0.0,12.0,ROUTE_SPEED,513.0459720977803,347.05284290735904,2.0,908.0988150051394,2.0,14.0,$/mt,166250.0,150000.0,200000.0,175000.0,30.0,12000.0,25000.0,SEAROUTE,SEAROUTE_CALCULATED,POSITION_ONLY,True
IMO_9934204,9934204,477833200,JOSCO LIUZHOU,,UNKNOWN,18,"Richards Bay, South Africa","Haldia, India",Panamax,coking / thermal coal,,,-23.82068,151.24365,-28.7707857,32.0577775,22.028124,88.0632655,6084.551665173365,4736.344187320068,0.0,12.0,ROUTE_SPEED,513.0459720977803,394.695348943339,2.0,955.7413210411194,2.0,12.8,$/mt,73625.0,70000.0,85000.0,77500.0,30.0,12000.0,25000.0,SEAROUTE,SEAROUTE_CALCULATED,POSITION_ONLY,True
IMO_9934204,9934204,477833200,JOSCO LIUZHOU,,UNKNOWN,19,"Richards Bay, South Africa","Kandla, India",Capesize,coal,,,-23.82068,151.24365,-28.7707857,32.0577775,23.0177525,70.2096164,6084.551665173365,3938.9061722773454,0.0,12.0,ROUTE_SPEED,513.0459720977803,328.2421810231121,2.0,889.2881531208925,2.0,17.45,$/mt,166250.0,150000.0,200000.0,175000.0,30.0,12000.0,25000.0,SEAROUTE,SEAROUTE_CALCULATED,POSITION_ONLY,True
IMO_9934204,9934204,477833200,JOSCO LIUZHOU,,UNKNOWN,23,"Richards Bay, South Africa","Krishnapatnam, India",Capesize,coal,,,-23.82068,151.24365,-28.7707857,32.0577775,14.2592415,80.0564758,6084.551665173365,4164.634114888308,0.0,12.0,ROUTE_SPEED,513.0459720977803,347.05284290735904,2.0,908.0988150051394,2.0,19.55,$/mt,166250.0,150000.0,200000.0,175000.0,30.0,12000.0,25000.0,SEAROUTE,SEAROUTE_CALCULATED,POSITION_ONLY,True
IMO_9934204,9934204,477833200,JOSCO LIUZHOU,,UNKNOWN,12,Mozambique (Beira / Maputo),East Coast India,Handysize,coking coal,,,-23.82068,151.24365,-25.966213,32.56745,20.286946,86.6739979,6159.062513193888,4601.384016575973,0.0,12.0,ROUTE_SPEED,519.255209432824,383.4486680479977,2.0,950.7038774808218,2.0,43.75,$/mt,,,,,30.0,12000.0,25000.0,SEAROUTE,SEAROUTE_CALCULATED,POSITION_ONLY,True
IMO_9934204,9934204,477833200,JOSCO LIUZHOU,,UNKNOWN,15,Atlantic / Black Sea ports (Taman / Ust-Luga proxy),"Visakhapatnam, India",Panamax,coal,,,-23.82068,151.24365,45.2158646,36.7191326,17.6935526,83.2921297,7424.128074020085,5565.87430627969,0.0,12.0,ROUTE_SPEED,624.6773395016737,463.82285885664083,2.0,1136.5001983583145,2.0,19.5,$/mt,73625.0,70000.0,85000.0,77500.0,30.0,12000.0,25000.0,SEAROUTE,SEAROUTE_CALCULATED,POSITION_ONLY,True
IMO_9934204,9934204,477833200,JOSCO LIUZHOU,,UNKNOWN,24,US East Coast (Hampton Roads / Baltimore),East Coast India (Paradip / Visakhapatnam),Panamax,coal / coking coal,,,-23.82068,151.24365,36.9507552,-76.4114187,20.286946,86.6739979,8245.14595617165,9913.44136694391,0.0,12.0,ROUTE_SPEED,693.0954963476374,826.1201139119926,2.0,1567.21561025963,2.0,44.35,$/mt,73625.0,70000.0,85000.0,77500.0,30.0,12000.0,25000.0,SEAROUTE,SEAROUTE_CALCULATED,POSITION_ONLY,True
IMO_9947768,9947768,636093091,BBC URANUS,,UNKNOWN,0,"Queensland (Gladstone / Hay Point), Australia","Visakhapatnam & Haldia, India",Panamax,coking coal,,,-23.83292,151.26313,-21.298313,149.2693543,17.6935526,83.2921297,188.0821056937988,4926.710066752748,0.0,12.0,ROUTE_SPEED,21.673508807816567,410.5591722293957,2.0,480.2326810372123,2.0,47.0,$/mt,73625.0,70000.0,85000.0,77500.0,30.0,12000.0,25000.0,SEAROUTE,SEAROUTE_CALCULATED,POSITION_ONLY,True
IMO_9947768,9947768,636093091,BBC URANUS,,UNKNOWN,2,"Hay Point, Australia","Paradip, India",Panamax,coking coal,,,-23.83292,151.26313,-21.298313,149.2693543,20.286946,86.6739979,188.0821056937988,4899.001585207413,0.0,12.0,ROUTE_SPEED,21.673508807816567,408.25013210061775,2.0,477.9236409084343,2.0,13.8,$/mt,73625.0,70000.0,85000.0,77500.0,30.0,12000.0,25000.0,SEAROUTE,SEAROUTE_CALCULATED,POSITION_ONLY,True
IMO_9947768,9947768,636093091,BBC URANUS,,UNKNOWN,4,"Hay Point, Australia","Visakhapatnam, India",Panamax,metallurgical coal,,,-23.83292,151.26313,-21.298313,149.2693543,17.6935526,83.2921297,188.0821056937988,4926.710066752748,0.0,12.0,ROUTE_SPEED,21.673508807816567,410.5591722293957,2.0,480.2326810372123,2.0,23.3,$/mt,73625.0,70000.0,85000.0,77500.0,30.0,12000.0,25000.0,SEAROUTE,SEAROUTE_CALCULATED,POSITION_ONLY,True
IMO_9947768,9947768,636093091,BBC URANUS,,UNKNOWN,5,"Hay Point, Australia","Paradip, India",Panamax,metallurgical coal,,,-23.83292,151.26313,-21.298313,149.2693543,20.286946,86.6739979,188.0821056937988,4899.001585207413,0.0,12.0,ROUTE_SPEED,21.673508807816567,408.25013210061775,2.0,477.9236409084343,2.0,21.1,$/mt,73625.0,70000.0,85000.0,77500.0,30.0,12000.0,25000.0,SEAROUTE,SEAROUTE_CALCULATED,POSITION_ONLY,True
IMO_9947768,9947768,636093091,BBC URANUS,,UNKNOWN,11,"Hay Point, Australia","Visakhapatnam, India",Panamax,coal,,,-23.83292,151.26313,-21.298313,149.2693543,17.6935526,83.2921297,188.0821056937988,4926.710066752748,0.0,12.0,ROUTE_SPEED,21.673508807816567,410.5591722293957,2.0,480.2326810372123,2.0,27.85,$/mt,73625.0,70000.0,85000.0,77500.0,30.0,12000.0,25000.0,SEAROUTE,SEAROUTE_CALCULATED,POSITION_ONLY,True
IMO_9947768,9947768,636093091,BBC URANUS,,UNKNOWN,20,East Coast Australia,East Coast India,Panamax,coal,,,-23.83292,151.26313,-27.4689623,153.0235009,20.286946,86.6739979,238.183871842567,5329.775100266468,0.0,12.0,ROUTE_SPEED,25.848655986880583,444.1479250222057,2.0,517.9965810090863,2.0,17.7,$/mt,73625.0,70000.0,85000.0,77500.0,30.0,12000.0,25000.0,SEAROUTE,SEAROUTE_CALCULATED,POSITION_ONLY,True
IMO_9947768,9947768,636093091,BBC URANUS,,UNKNOWN,17,"Queensland, Australia","Haldia, India",Panamax,coking coal,,,-23.83292,151.26313,-22.1646782,144.5844903,22.028124,88.0632655,382.41349445442125,4732.350582884308,0.0,12.0,ROUTE_SPEED,37.86779120453511,394.3625485736923,2.0,480.2303397782274,2.0,20.3,$/mt,73625.0,70000.0,85000.0,77500.0,30.0,12000.0,25000.0,SEAROUTE,SEAROUTE_CALCULATED,POSITION_ONLY,True
IMO_9947768,9947768,636093091,BBC URANUS,,UNKNOWN,10,Indonesia,"Paradip, India",Supramax,thermal coal,,,-23.83292,151.26313,-2.4833826,117.8902853,20.286946,86.6739979,2322.1492381495314,2579.0639841663437,0.0,12.0,ROUTE_SPEED,199.51243651246094,214.92199868052865,2.0,462.43443519298955,2.0,21.3,$/mt,54625.0,50000.0,65000.0,57500.0,30.0,12000.0,25000.0,SEAROUTE,SEAROUTE_CALCULATED,POSITION_ONLY,True
IMO_9947768,9947768,636093091,BBC URANUS,,UNKNOWN,21,Indonesia,East Coast India,Panamax,coal,,,-23.83292,151.26313,-2.4833826,117.8902853,20.286946,86.6739979,2322.1492381495314,2579.0639841663437,0.0,12.0,ROUTE_SPEED,199.51243651246094,214.92199868052865,2.0,462.43443519298955,2.0,11.2,$/mt,73625.0,70000.0,85000.0,77500.0,30.0,12000.0,25000.0,SEAROUTE,SEAROUTE_CALCULATED,POSITION_ONLY,True
IMO_9947768,9947768,636093091,BBC URANUS,,UNKNOWN,22,Indonesia,West Coast India,Panamax,coal,,,-23.83292,151.26313,-2.4833826,117.8902853,23.0177525,70.2096164,2322.1492381495314,3929.0472301048458,0.0,12.0,ROUTE_SPEED,199.51243651246094,327.42060250873715,2.0,574.933039021198,2.0,12.85,$/mt,73625.0,70000.0,85000.0,77500.0,30.0,12000.0,25000.0,SEAROUTE,SEAROUTE_CALCULATED,POSITION_ONLY,True
IMO_9947768,9947768,636093091,BBC URANUS,,UNKNOWN,13,"Adang Bay (East Kalimantan), Indonesia","Kandla, India",Supramax,steam coal,,,-23.83292,151.26313,-1.7376896,116.3477513,23.0177525,70.2096164,2423.272746788579,3925.9038662092103,0.0,12.0,ROUTE_SPEED,207.9393955657149,327.15865551743417,2.0,583.0980510831491,2.0,26.5,$/mt,54625.0,50000.0,65000.0,57500.0,30.0,12000.0,25000.0,SEAROUTE,SEAROUTE_CALCULATED,POSITION_ONLY,True
IMO_9947768,9947768,636093091,BBC URANUS,,UNKNOWN,6,"Banjarmasin (South Kalimantan), Indonesia","Krishnapatnam, India",Panamax,thermal coal,,,-23.83292,151.26313,-3.3187496,114.5925828,14.2592415,80.0564758,2455.6794796842755,2408.301246605427,0.0,12.0,ROUTE_SPEED,210.6399566403563,200.69177055045225,2.0,459.3317271908086,2.0,11.8,$/mt,73625.0,70000.0,85000.0,77500.0,30.0,12000.0,25000.0,SEAROUTE,SEAROUTE_CALCULATED,POSITION_ONLY,True
IMO_9947768,9947768,636093091,BBC URANUS,,UNKNOWN,8,"Banjarmasin (South Kalimantan), Indonesia","Dahej, India",Panamax,thermal coal,,,-23.83292,151.26313,-3.3187496,114.5925828,21.709301,72.5893963,2455.6794796842755,3443.2178891213243,0.0,12.0,ROUTE_SPEED,210.6399566403563,286.9348240934437,2.0,545.5747807338,2.0,13.1,$/mt,73625.0,70000.0,85000.0,77500.0,30.0,12000.0,25000.0,SEAROUTE,SEAROUTE_CALCULATED,POSITION_ONLY,True
IMO_9947768,9947768,636093091,BBC URANUS,,UNKNOWN,3,"East Kalimantan, Indonesia","Navlakhi, India",Supramax,coal,,,-23.83292,151.26313,0.7884397,116.2419977,22.9582815,70.4496687,2519.9944855102863,4102.581709223877,0.0,12.0,ROUTE_SPEED,215.9995404591905,341.88180910198975,2.0,605.8813495611803,2.0,18.45,$/mt,54625.0,50000.0,65000.0,57500.0,30.0,12000.0,25000.0,SEAROUTE,SEAROUTE_CALCULATED,POSITION_ONLY,True
IMO_9947768,9947768,636093091,BBC URANUS,,UNKNOWN,7,"East Kalimantan, Indonesia","Paradip, India",Supramax,coal,,,-23.83292,151.26313,0.7884397,116.2419977,20.286946,86.6739979,2519.9944855102863,2752.598463285374,0.0,12.0,ROUTE_SPEED,215.9995404591905,229.38320527378116,2.0,493.38274573297167,2.0,16.05,$/mt,54625.0,50000.0,65000.0,57500.0,30.0,12000.0,25000.0,SEAROUTE,SEAROUTE_CALCULATED,POSITION_ONLY,True
IMO_9947768,9947768,636093091,BBC URANUS,,UNKNOWN,14,"East Kalimantan, Indonesia","Paradip, India",Supramax,thermal coal,,,-23.83292,151.26313,0.7884397,116.2419977,20.286946,86.6739979,2519.9944855102863,2752.598463285374,0.0,12.0,ROUTE_SPEED,215.9995404591905,229.38320527378116,2.0,493.38274573297167,2.0,15.0,$/mt,54625.0,50000.0,65000.0,57500.0,30.0,12000.0,25000.0,SEAROUTE,SEAROUTE_CALCULATED,POSITION_ONLY,True
IMO_9947768,9947768,636093091,BBC URANUS,,UNKNOWN,1,"Richards Bay, South Africa","Navlakhi, India",Supramax,coal,,,-23.83292,151.26313,-28.7707857,32.0577775,22.9582815,70.4496687,6084.927185364077,3938.9061722773454,0.0,12.0,ROUTE_SPEED,513.0772654470063,328.2421810231121,2.0,889.3194464701185,2.0,19.35,$/mt,54625.0,50000.0,65000.0,57500.0,30.0,12000.0,25000.0,SEAROUTE,SEAROUTE_CALCULATED,POSITION_ONLY,True
IMO_9947768,9947768,636093091,BBC URANUS,,UNKNOWN,9,"Richards Bay, South Africa","Paradip, India",Panamax,thermal coal,,,-23.83292,151.26313,-28.7707857,32.0577775,20.286946,86.6739979,6084.927185364077,4667.806005082153,0.0,12.0,ROUTE_SPEED,513.0772654470063,388.9838337568461,2.0,950.0610992038523,2.0,18.6,$/mt,73625.0,70000.0,85000.0,77500.0,30.0,12000.0,25000.0,SEAROUTE,SEAROUTE_CALCULATED,POSITION_ONLY,True
IMO_9947768,9947768,636093091,BBC URANUS,,UNKNOWN,16,"Richards Bay, South Africa","Gangavaram, India",Capesize,coal,,,-23.83292,151.26313,-28.7707857,32.0577775,13.2351728,78.7511018,6084.927185364077,4164.634114888308,0.0,12.0,ROUTE_SPEED,513.0772654470063,347.05284290735904,2.0,908.1301083543653,2.0,14.0,$/mt,166250.0,150000.0,200000.0,175000.0,30.0,12000.0,25000.0,SEAROUTE,SEAROUTE_CALCULATED,POSITION_ONLY,True
IMO_9947768,9947768,636093091,BBC URANUS,,UNKNOWN,18,"Richards Bay, South Africa","Haldia, India",Panamax,coking / thermal coal,,,-23.83292,151.26313,-28.7707857,32.0577775,22.028124,88.0632655,6084.927185364077,4736.344187320068,0.0,12.0,ROUTE_SPEED,513.0772654470063,394.695348943339,2.0,955.7726143903453,2.0,12.8,$/mt,73625.0,70000.0,85000.0,77500.0,30.0,12000.0,25000.0,SEAROUTE,SEAROUTE_CALCULATED,POSITION_ONLY,True
IMO_9947768,9947768,636093091,BBC URANUS,,UNKNOWN,19,"Richards Bay, South Africa","Kandla, India",Capesize,coal,,,-23.83292,151.26313,-28.7707857,32.0577775,23.0177525,70.2096164,6084.927185364077,3938.9061722773454,0.0,12.0,ROUTE_SPEED,513.0772654470063,328.2421810231121,2.0,889.3194464701185,2.0,17.45,$/mt,166250.0,150000.0,200000.0,175000.0,30.0,12000.0,25000.0,SEAROUTE,SEAROUTE_CALCULATED,POSITION_ONLY,True
IMO_9947768,9947768,636093091,BBC URANUS,,UNKNOWN,23,"Richards Bay, South Africa","Krishnapatnam, India",Capesize,coal,,,-23.83292,151.26313,-28.7707857,32.0577775,14.2592415,80.0564758,6084.927185364077,4164.634114888308,0.0,12.0,ROUTE_SPEED,513.0772654470063,347.05284290735904,2.0,908.1301083543653,2.0,19.55,$/mt,166250.0,150000.0,200000.0,175000.0,30.0,12000.0,25000.0,SEAROUTE,SEAROUTE_CALCULATED,POSITION_ONLY,True
IMO_9947768,9947768,636093091,BBC URANUS,,UNKNOWN,12,Mozambique (Beira / Maputo),East Coast India,Handysize,coking coal,,,-23.83292,151.26313,-25.966213,32.56745,20.286946,86.6739979,6159.49426641115,4601.384016575973,0.0,12.0,ROUTE_SPEED,519.2911888675959,383.4486680479977,2.0,950.7398569155937,2.0,43.75,$/mt,,,,,30.0,12000.0,25000.0,SEAROUTE,SEAROUTE_CALCULATED,POSITION_ONLY,True
IMO_9947768,9947768,636093091,BBC URANUS,,UNKNOWN,15,Atlantic / Black Sea ports (Taman / Ust-Luga proxy),"Visakhapatnam, India",Panamax,coal,,,-23.83292,151.26313,45.2158646,36.7191326,17.6935526,83.2921297,7425.420786410213,5565.87430627969,0.0,12.0,ROUTE_SPEED,624.7850655341844,463.82285885664083,2.0,1136.6079243908252,2.0,19.5,$/mt,73625.0,70000.0,85000.0,77500.0,30.0,12000.0,25000.0,SEAROUTE,SEAROUTE_CALCULATED,POSITION_ONLY,True
IMO_9947768,9947768,636093091,BBC URANUS,,UNKNOWN,24,US East Coast (Hampton Roads / Baltimore),East Coast India (Paradip / Visakhapatnam),Panamax,coal / coking coal,,,-23.83292,151.26313,36.9507552,-76.4114187,20.286946,86.6739979,8244.574013024036,9913.44136694391,0.0,12.0,ROUTE_SPEED,693.0478344186696,826.1201139119926,2.0,1567.167948330662,2.0,44.35,$/mt,73625.0,70000.0,85000.0,77500.0,30.0,12000.0,25000.0,SEAROUTE,SEAROUTE_CALCULATED,POSITION_ONLY,True
IMO_9990703,9990703,563266600,KARLA BULKER,,UNKNOWN,0,"Queensland (Gladstone / Hay Point), Australia","Visakhapatnam & Haldia, India",Panamax,coking coal,,,-23.85173,151.31262,-21.298313,149.2693543,17.6935526,83.2921297,190.6097617305381,4926.710066752748,0.0,12.0,ROUTE_SPEED,21.88414681087818,410.5591722293957,2.0,480.4433190402739,2.0,47.0,$/mt,73625.0,70000.0,85000.0,77500.0,30.0,12000.0,25000.0,SEAROUTE,SEAROUTE_CALCULATED,POSITION_ONLY,True
IMO_9990703,9990703,563266600,KARLA BULKER,,UNKNOWN,2,"Hay Point, Australia","Paradip, India",Panamax,coking coal,,,-23.85173,151.31262,-21.298313,149.2693543,20.286946,86.6739979,190.6097617305381,4899.001585207413,0.0,12.0,ROUTE_SPEED,21.88414681087818,408.25013210061775,2.0,478.1342789114959,2.0,13.8,$/mt,73625.0,70000.0,85000.0,77500.0,30.0,12000.0,25000.0,SEAROUTE,SEAROUTE_CALCULATED,POSITION_ONLY,True
IMO_9990703,9990703,563266600,KARLA BULKER,,UNKNOWN,4,"Hay Point, Australia","Visakhapatnam, India",Panamax,metallurgical coal,,,-23.85173,151.31262,-21.298313,149.2693543,17.6935526,83.2921297,190.6097617305381,4926.710066752748,0.0,12.0,ROUTE_SPEED,21.88414681087818,410.5591722293957,2.0,480.4433190402739,2.0,23.3,$/mt,73625.0,70000.0,85000.0,77500.0,30.0,12000.0,25000.0,SEAROUTE,SEAROUTE_CALCULATED,POSITION_ONLY,True
IMO_9990703,9990703,563266600,KARLA BULKER,,UNKNOWN,5,"Hay Point, Australia","Paradip, India",Panamax,metallurgical coal,,,-23.85173,151.31262,-21.298313,149.2693543,20.286946,86.6739979,190.6097617305381,4899.001585207413,0.0,12.0,ROUTE_SPEED,21.88414681087818,408.25013210061775,2.0,478.1342789114959,2.0,21.1,$/mt,73625.0,70000.0,85000.0,77500.0,30.0,12000.0,25000.0,SEAROUTE,SEAROUTE_CALCULATED,POSITION_ONLY,True
IMO_9990703,9990703,563266600,KARLA BULKER,,UNKNOWN,11,"Hay Point, Australia","Visakhapatnam, India",Panamax,coal,,,-23.85173,151.31262,-21.298313,149.2693543,17.6935526,83.2921297,190.6097617305381,4926.710066752748,0.0,12.0,ROUTE_SPEED,21.88414681087818,410.5591722293957,2.0,480.4433190402739,2.0,27.85,$/mt,73625.0,70000.0,85000.0,77500.0,30.0,12000.0,25000.0,SEAROUTE,SEAROUTE_CALCULATED,POSITION_ONLY,True
IMO_9990703,9990703,563266600,KARLA BULKER,,UNKNOWN,20,East Coast Australia,East Coast India,Panamax,coal,,,-23.85173,151.31262,-27.4689623,153.0235009,20.286946,86.6739979,236.0836535905087,5329.775100266468,0.0,12.0,ROUTE_SPEED,25.673637799209057,444.1479250222057,2.0,517.8215628214148,2.0,17.7,$/mt,73625.0,70000.0,85000.0,77500.0,30.0,12000.0,25000.0,SEAROUTE,SEAROUTE_CALCULATED,POSITION_ONLY,True
IMO_9990703,9990703,563266600,KARLA BULKER,,UNKNOWN,17,"Queensland, Australia","Haldia, India",Panamax,coking coal,,,-23.85173,151.31262,-22.1646782,144.5844903,22.028124,88.0632655,385.3228991337607,4732.350582884308,0.0,12.0,ROUTE_SPEED,38.11024159448006,394.3625485736923,2.0,480.47279016817237,2.0,20.3,$/mt,73625.0,70000.0,85000.0,77500.0,30.0,12000.0,25000.0,SEAROUTE,SEAROUTE_CALCULATED,POSITION_ONLY,True
IMO_9990703,9990703,563266600,KARLA BULKER,,UNKNOWN,10,Indonesia,"Paradip, India",Supramax,thermal coal,,,-23.85173,151.31262,-2.4833826,117.8902853,20.286946,86.6739979,2325.0770469195195,2579.0639841663437,0.0,12.0,ROUTE_SPEED,199.75642057662662,214.92199868052865,2.0,462.67841925715527,2.0,21.3,$/mt,54625.0,50000.0,65000.0,57500.0,30.0,12000.0,25000.0,SEAROUTE,SEAROUTE_CALCULATED,POSITION_ONLY,True
IMO_9990703,9990703,563266600,KARLA BULKER,,UNKNOWN,21,Indonesia,East Coast India,Panamax,coal,,,-23.85173,151.31262,-2.4833826,117.8902853,20.286946,86.6739979,2325.0770469195195,2579.0639841663437,0.0,12.0,ROUTE_SPEED,199.75642057662662,214.92199868052865,2.0,462.67841925715527,2.0,11.2,$/mt,73625.0,70000.0,85000.0,77500.0,30.0,12000.0,25000.0,SEAROUTE,SEAROUTE_CALCULATED,POSITION_ONLY,True
IMO_9990703,9990703,563266600,KARLA BULKER,,UNKNOWN,22,Indonesia,West Coast India,Panamax,coal,,,-23.85173,151.31262,-2.4833826,117.8902853,23.0177525,70.2096164,2325.0770469195195,3929.0472301048458,0.0,12.0,ROUTE_SPEED,199.75642057662662,327.42060250873715,2.0,575.1770230853638,2.0,12.85,$/mt,73625.0,70000.0,85000.0,77500.0,30.0,12000.0,25000.0,SEAROUTE,SEAROUTE_CALCULATED,POSITION_ONLY,True
IMO_9990703,9990703,563266600,KARLA BULKER,,UNKNOWN,13,"Adang Bay (East Kalimantan), Indonesia","Kandla, India",Supramax,steam coal,,,-23.85173,151.31262,-1.7376896,116.3477513,23.0177525,70.2096164,2426.2029911360146,3925.9038662092103,0.0,12.0,ROUTE_SPEED,208.18358259466788,327.15865551743417,2.0,583.342238112102,2.0,26.5,$/mt,54625.0,50000.0,65000.0,57500.0,30.0,12000.0,25000.0,SEAROUTE,SEAROUTE_CALCULATED,POSITION_ONLY,True
IMO_9990703,9990703,563266600,KARLA BULKER,,UNKNOWN,6,"Banjarmasin (South Kalimantan), Indonesia","Krishnapatnam, India",Panamax,thermal coal,,,-23.85173,151.31262,-3.3187496,114.5925828,14.2592415,80.0564758,2458.6211028593166,2408.301246605427,0.0,12.0,ROUTE_SPEED,210.88509190494304,200.69177055045225,2.0,459.57686245539526,2.0,11.8,$/mt,73625.0,70000.0,85000.0,77500.0,30.0,12000.0,25000.0,SEAROUTE,SEAROUTE_CALCULATED,POSITION_ONLY,True
IMO_9990703,9990703,563266600,KARLA BULKER,,UNKNOWN,8,"Banjarmasin (South Kalimantan), Indonesia","Dahej, India",Panamax,thermal coal,,,-23.85173,151.31262,-3.3187496,114.5925828,21.709301,72.5893963,2458.6211028593166,3443.2178891213243,0.0,12.0,ROUTE_SPEED,210.88509190494304,286.9348240934437,2.0,545.8199159983867,2.0,13.1,$/mt,73625.0,70000.0,85000.0,77500.0,30.0,12000.0,25000.0,SEAROUTE,SEAROUTE_CALCULATED,POSITION_ONLY,True
IMO_9990703,9990703,563266600,KARLA BULKER,,UNKNOWN,3,"East Kalimantan, Indonesia","Navlakhi, India",Supramax,coal,,,-23.85173,151.31262,0.7884397,116.2419977,22.9582815,70.4496687,2522.9066131979253,4102.581709223877,0.0,12.0,ROUTE_SPEED,216.24221776649378,341.88180910198975,2.0,606.1240268684835,2.0,18.45,$/mt,54625.0,50000.0,65000.0,57500.0,30.0,12000.0,25000.0,SEAROUTE,SEAROUTE_CALCULATED,POSITION_ONLY,True
IMO_9990703,9990703,563266600,KARLA BULKER,,UNKNOWN,7,"East Kalimantan, Indonesia","Paradip, India",Supramax,coal,,,-23.85173,151.31262,0.7884397,116.2419977,20.286946,86.6739979,2522.9066131979253,2752.598463285374,0.0,12.0,ROUTE_SPEED,216.24221776649378,229.38320527378116,2.0,493.62542304027494,2.0,16.05,$/mt,54625.0,50000.0,65000.0,57500.0,30.0,12000.0,25000.0,SEAROUTE,SEAROUTE_CALCULATED,POSITION_ONLY,True
IMO_9990703,9990703,563266600,KARLA BULKER,,UNKNOWN,14,"East Kalimantan, Indonesia","Paradip, India",Supramax,thermal coal,,,-23.85173,151.31262,0.7884397,116.2419977,20.286946,86.6739979,2522.9066131979253,2752.598463285374,0.0,12.0,ROUTE_SPEED,216.24221776649378,229.38320527378116,2.0,493.62542304027494,2.0,15.0,$/mt,54625.0,50000.0,65000.0,57500.0,30.0,12000.0,25000.0,SEAROUTE,SEAROUTE_CALCULATED,POSITION_ONLY,True
IMO_9990703,9990703,563266600,KARLA BULKER,,UNKNOWN,1,"Richards Bay, South Africa","Navlakhi, India",Supramax,coal,,,-23.85173,151.31262,-28.7707857,32.0577775,22.9582815,70.4496687,6086.341264385237,3938.9061722773454,0.0,12.0,ROUTE_SPEED,513.1951053654363,328.2421810231121,2.0,889.4372863885485,2.0,19.35,$/mt,54625.0,50000.0,65000.0,57500.0,30.0,12000.0,25000.0,SEAROUTE,SEAROUTE_CALCULATED,POSITION_ONLY,True
IMO_9990703,9990703,563266600,KARLA BULKER,,UNKNOWN,9,"Richards Bay, South Africa","Paradip, India",Panamax,thermal coal,,,-23.85173,151.31262,-28.7707857,32.0577775,20.286946,86.6739979,6086.341264385237,4667.806005082153,0.0,12.0,ROUTE_SPEED,513.1951053654363,388.9838337568461,2.0,950.1789391222824,2.0,18.6,$/mt,73625.0,70000.0,85000.0,77500.0,30.0,12000.0,25000.0,SEAROUTE,SEAROUTE_CALCULATED,POSITION_ONLY,True
IMO_9990703,9990703,563266600,KARLA BULKER,,UNKNOWN,16,"Richards Bay, South Africa","Gangavaram, India",Capesize,coal,,,-23.85173,151.31262,-28.7707857,32.0577775,13.2351728,78.7511018,6086.341264385237,4164.634114888308,0.0,12.0,ROUTE_SPEED,513.1951053654363,347.05284290735904,2.0,908.2479482727954,2.0,14.0,$/mt,166250.0,150000.0,200000.0,175000.0,30.0,12000.0,25000.0,SEAROUTE,SEAROUTE_CALCULATED,POSITION_ONLY,True
IMO_9990703,9990703,563266600,KARLA BULKER,,UNKNOWN,18,"Richards Bay, South Africa","Haldia, India",Panamax,coking / thermal coal,,,-23.85173,151.31262,-28.7707857,32.0577775,22.028124,88.0632655,6086.341264385237,4736.344187320068,0.0,12.0,ROUTE_SPEED,513.1951053654363,394.695348943339,2.0,955.8904543087754,2.0,12.8,$/mt,73625.0,70000.0,85000.0,77500.0,30.0,12000.0,25000.0,SEAROUTE,SEAROUTE_CALCULATED,POSITION_ONLY,True
IMO_9990703,9990703,563266600,KARLA BULKER,,UNKNOWN,19,"Richards Bay, South Africa","Kandla, India",Capesize,coal,,,-23.85173,151.31262,-28.7707857,32.0577775,23.0177525,70.2096164,6086.341264385237,3938.9061722773454,0.0,12.0,ROUTE_SPEED,513.1951053654363,328.2421810231121,2.0,889.4372863885485,2.0,17.45,$/mt,166250.0,150000.0,200000.0,175000.0,30.0,12000.0,25000.0,SEAROUTE,SEAROUTE_CALCULATED,POSITION_ONLY,True
IMO_9990703,9990703,563266600,KARLA BULKER,,UNKNOWN,23,"Richards Bay, South Africa","Krishnapatnam, India",Capesize,coal,,,-23.85173,151.31262,-28.7707857,32.0577775,14.2592415,80.0564758,6086.341264385237,4164.634114888308,0.0,12.0,ROUTE_SPEED,513.1951053654363,347.05284290735904,2.0,908.2479482727954,2.0,19.55,$/mt,166250.0,150000.0,200000.0,175000.0,30.0,12000.0,25000.0,SEAROUTE,SEAROUTE_CALCULATED,POSITION_ONLY,True
IMO_9990703,9990703,563266600,KARLA BULKER,,UNKNOWN,12,Mozambique (Beira / Maputo),East Coast India,Handysize,coking coal,,,-23.85173,151.31262,-25.966213,32.56745,20.286946,86.6739979,6161.024482461091,4601.384016575973,0.0,12.0,ROUTE_SPEED,519.4187068717575,383.4486680479977,2.0,950.8673749197553,2.0,43.75,$/mt,,,,,30.0,12000.0,25000.0,SEAROUTE,SEAROUTE_CALCULATED,POSITION_ONLY,True
IMO_9990703,9990703,563266600,KARLA BULKER,,UNKNOWN,15,Atlantic / Black Sea ports (Taman / Ust-Luga proxy),"Visakhapatnam, India",Panamax,coal,,,-23.85173,151.31262,45.2158646,36.7191326,17.6935526,83.2921297,7428.234149314645,5565.87430627969,0.0,12.0,ROUTE_SPEED,625.019512442887,463.82285885664083,2.0,1136.842371299528,2.0,19.5,$/mt,73625.0,70000.0,85000.0,77500.0,30.0,12000.0,25000.0,SEAROUTE,SEAROUTE_CALCULATED,POSITION_ONLY,True
IMO_9990703,9990703,563266600,KARLA BULKER,,UNKNOWN,24,US East Coast (Hampton Roads / Baltimore),East Coast India (Paradip / Visakhapatnam),Panamax,coal / coking coal,,,-23.85173,151.31262,36.9507552,-76.4114187,20.286946,86.6739979,8242.758731585041,9913.44136694391,0.0,12.0,ROUTE_SPEED,692.8965609654201,826.1201139119926,2.0,1567.0166748774127,2.0,44.35,$/mt,73625.0,70000.0,85000.0,77500.0,30.0,12000.0,25000.0,SEAROUTE,SEAROUTE_CALCULATED,POSITION_ONLY,True
IMO_102579600,102579600,636024708,BH PROGRESS,,UNKNOWN,0,"Queensland (Gladstone / Hay Point), Australia","Visakhapatnam & Haldia, India",Panamax,coking coal,,,-23.78191,151.47799,-21.298313,149.2693543,17.6935526,83.2921297,192.95763692406965,4926.710066752748,0.0,12.0,ROUTE_SPEED,22.079803077005803,410.5591722293957,2.0,480.6389753064015,2.0,47.0,$/mt,73625.0,70000.0,85000.0,77500.0,30.0,12000.0,25000.0,SEAROUTE,SEAROUTE_CALCULATED,POSITION_ONLY,True
IMO_102579600,102579600,636024708,BH PROGRESS,,UNKNOWN,2,"Hay Point, Australia","Paradip, India",Panamax,coking coal,,,-23.78191,151.47799,-21.298313,149.2693543,20.286946,86.6739979,192.95763692406965,4899.001585207413,0.0,12.0,ROUTE_SPEED,22.079803077005803,408.25013210061775,2.0,478.32993517762355,2.0,13.8,$/mt,73625.0,70000.0,85000.0,77500.0,30.0,12000.0,25000.0,SEAROUTE,SEAROUTE_CALCULATED,POSITION_ONLY,True
IMO_102579600,102579600,636024708,BH PROGRESS,,UNKNOWN,4,"Hay Point, Australia","Visakhapatnam, India",Panamax,metallurgical coal,,,-23.78191,151.47799,-21.298313,149.2693543,17.6935526,83.2921297,192.95763692406965,4926.710066752748,0.0,12.0,ROUTE_SPEED,22.079803077005803,410.5591722293957,2.0,480.6389753064015,2.0,23.3,$/mt,73625.0,70000.0,85000.0,77500.0,30.0,12000.0,25000.0,SEAROUTE,SEAROUTE_CALCULATED,POSITION_ONLY,True
IMO_102579600,102579600,636024708,BH PROGRESS,,UNKNOWN,5,"Hay Point, Australia","Paradip, India",Panamax,metallurgical coal,,,-23.78191,151.47799,-21.298313,149.2693543,20.286946,86.6739979,192.95763692406965,4899.001585207413,0.0,12.0,ROUTE_SPEED,22.079803077005803,408.25013210061775,2.0,478.32993517762355,2.0,21.1,$/mt,73625.0,70000.0,85000.0,77500.0,30.0,12000.0,25000.0,SEAROUTE,SEAROUTE_CALCULATED,POSITION_ONLY,True
IMO_102579600,102579600,636024708,BH PROGRESS,,UNKNOWN,11,"Hay Point, Australia","Visakhapatnam, India",Panamax,coal,,,-23.78191,151.47799,-21.298313,149.2693543,17.6935526,83.2921297,192.95763692406965,4926.710066752748,0.0,12.0,ROUTE_SPEED,22.079803077005803,410.5591722293957,2.0,480.6389753064015,2.0,27.85,$/mt,73625.0,70000.0,85000.0,77500.0,30.0,12000.0,25000.0,SEAROUTE,SEAROUTE_CALCULATED,POSITION_ONLY,True
IMO_102579600,102579600,636024708,BH PROGRESS,,UNKNOWN,20,East Coast Australia,East Coast India,Panamax,coal,,,-23.78191,151.47799,-27.4689623,153.0235009,20.286946,86.6739979,236.64648236008583,5329.775100266468,0.0,12.0,ROUTE_SPEED,25.72054019667382,444.1479250222057,2.0,517.8684652188795,2.0,17.7,$/mt,73625.0,70000.0,85000.0,77500.0,30.0,12000.0,25000.0,SEAROUTE,SEAROUTE_CALCULATED,POSITION_ONLY,True
IMO_102579600,102579600,636024708,BH PROGRESS,,UNKNOWN,17,"Queensland, Australia","Haldia, India",Panamax,coking coal,,,-23.78191,151.47799,-22.1646782,144.5844903,22.028124,88.0632655,393.1857454104402,4732.350582884308,0.0,12.0,ROUTE_SPEED,38.765478784203346,394.3625485736923,2.0,481.1280273578957,2.0,20.3,$/mt,73625.0,70000.0,85000.0,77500.0,30.0,12000.0,25000.0,SEAROUTE,SEAROUTE_CALCULATED,POSITION_ONLY,True
IMO_102579600,102579600,636024708,BH PROGRESS,,UNKNOWN,10,Indonesia,"Paradip, India",Supramax,thermal coal,,,-23.78191,151.47799,-2.4833826,117.8902853,20.286946,86.6739979,2331.0894562054496,2579.0639841663437,0.0,12.0,ROUTE_SPEED,200.25745468378747,214.92199868052865,2.0,463.17945336431615,2.0,21.3,$/mt,54625.0,50000.0,65000.0,57500.0,30.0,12000.0,25000.0,SEAROUTE,SEAROUTE_CALCULATED,POSITION_ONLY,True
IMO_102579600,102579600,636024708,BH PROGRESS,,UNKNOWN,21,Indonesia,East Coast India,Panamax,coal,,,-23.78191,151.47799,-2.4833826,117.8902853,20.286946,86.6739979,2331.0894562054496,2579.0639841663437,0.0,12.0,ROUTE_SPEED,200.25745468378747,214.92199868052865,2.0,463.17945336431615,2.0,11.2,$/mt,73625.0,70000.0,85000.0,77500.0,30.0,12000.0,25000.0,SEAROUTE,SEAROUTE_CALCULATED,POSITION_ONLY,True
IMO_102579600,102579600,636024708,BH PROGRESS,,UNKNOWN,22,Indonesia,West Coast India,Panamax,coal,,,-23.78191,151.47799,-2.4833826,117.8902853,23.0177525,70.2096164,2331.0894562054496,3929.0472301048458,0.0,12.0,ROUTE_SPEED,200.25745468378747,327.42060250873715,2.0,575.6780571925246,2.0,12.85,$/mt,73625.0,70000.0,85000.0,77500.0,30.0,12000.0,25000.0,SEAROUTE,SEAROUTE_CALCULATED,POSITION_ONLY,True
IMO_102579600,102579600,636024708,BH PROGRESS,,UNKNOWN,13,"Adang Bay (East Kalimantan), Indonesia","Kandla, India",Supramax,steam coal,,,-23.78191,151.47799,-1.7376896,116.3477513,23.0177525,70.2096164,2432.2821112490637,3925.9038662092103,0.0,12.0,ROUTE_SPEED,208.69017593742197,327.15865551743417,2.0,583.8488314548562,2.0,26.5,$/mt,54625.0,50000.0,65000.0,57500.0,30.0,12000.0,25000.0,SEAROUTE,SEAROUTE_CALCULATED,POSITION_ONLY,True
IMO_102579600,102579600,636024708,BH PROGRESS,,UNKNOWN,6,"Banjarmasin (South Kalimantan), Indonesia","Krishnapatnam, India",Panamax,thermal coal,,,-23.78191,151.47799,-3.3187496,114.5925828,14.2592415,80.0564758,2465.176729051681,2408.301246605427,0.0,12.0,ROUTE_SPEED,211.4313940876401,200.69177055045225,2.0,460.12316463809236,2.0,11.8,$/mt,73625.0,70000.0,85000.0,77500.0,30.0,12000.0,25000.0,SEAROUTE,SEAROUTE_CALCULATED,POSITION_ONLY,True
IMO_102579600,102579600,636024708,BH PROGRESS,,UNKNOWN,8,"Banjarmasin (South Kalimantan), Indonesia","Dahej, India",Panamax,thermal coal,,,-23.78191,151.47799,-3.3187496,114.5925828,21.709301,72.5893963,2465.176729051681,3443.2178891213243,0.0,12.0,ROUTE_SPEED,211.4313940876401,286.9348240934437,2.0,546.3662181810838,2.0,13.1,$/mt,73625.0,70000.0,85000.0,77500.0,30.0,12000.0,25000.0,SEAROUTE,SEAROUTE_CALCULATED,POSITION_ONLY,True
IMO_102579600,102579600,636024708,BH PROGRESS,,UNKNOWN,3,"East Kalimantan, Indonesia","Navlakhi, India",Supramax,coal,,,-23.78191,151.47799,0.7884397,116.2419977,22.9582815,70.4496687,2528.56733639595,4102.581709223877,0.0,12.0,ROUTE_SPEED,216.7139446996625,341.88180910198975,2.0,606.5957538016522,2.0,18.45,$/mt,54625.0,50000.0,65000.0,57500.0,30.0,12000.0,25000.0,SEAROUTE,SEAROUTE_CALCULATED,POSITION_ONLY,True
IMO_102579600,102579600,636024708,BH PROGRESS,,UNKNOWN,7,"East Kalimantan, Indonesia","Paradip, India",Supramax,coal,,,-23.78191,151.47799,0.7884397,116.2419977,20.286946,86.6739979,2528.56733639595,2752.598463285374,0.0,12.0,ROUTE_SPEED,216.7139446996625,229.38320527378116,2.0,494.09714997344366,2.0,16.05,$/mt,54625.0,50000.0,65000.0,57500.0,30.0,12000.0,25000.0,SEAROUTE,SEAROUTE_CALCULATED,POSITION_ONLY,True
IMO_102579600,102579600,636024708,BH PROGRESS,,UNKNOWN,14,"East Kalimantan, Indonesia","Paradip, India",Supramax,thermal coal,,,-23.78191,151.47799,0.7884397,116.2419977,20.286946,86.6739979,2528.56733639595,2752.598463285374,0.0,12.0,ROUTE_SPEED,216.7139446996625,229.38320527378116,2.0,494.09714997344366,2.0,15.0,$/mt,54625.0,50000.0,65000.0,57500.0,30.0,12000.0,25000.0,SEAROUTE,SEAROUTE_CALCULATED,POSITION_ONLY,True
IMO_102579600,102579600,636024708,BH PROGRESS,,UNKNOWN,1,"Richards Bay, South Africa","Navlakhi, India",Supramax,coal,,,-23.78191,151.47799,-28.7707857,32.0577775,22.9582815,70.4496687,6096.048228079861,3938.9061722773454,0.0,12.0,ROUTE_SPEED,514.004019006655,328.2421810231121,2.0,890.2462000297671,2.0,19.35,$/mt,54625.0,50000.0,65000.0,57500.0,30.0,12000.0,25000.0,SEAROUTE,SEAROUTE_CALCULATED,POSITION_ONLY,True
IMO_102579600,102579600,636024708,BH PROGRESS,,UNKNOWN,9,"Richards Bay, South Africa","Paradip, India",Panamax,thermal coal,,,-23.78191,151.47799,-28.7707857,32.0577775,20.286946,86.6739979,6096.048228079861,4667.806005082153,0.0,12.0,ROUTE_SPEED,514.004019006655,388.9838337568461,2.0,950.987852763501,2.0,18.6,$/mt,73625.0,70000.0,85000.0,77500.0,30.0,12000.0,25000.0,SEAROUTE,SEAROUTE_CALCULATED,POSITION_ONLY,True
IMO_102579600,102579600,636024708,BH PROGRESS,,UNKNOWN,16,"Richards Bay, South Africa","Gangavaram, India",Capesize,coal,,,-23.78191,151.47799,-28.7707857,32.0577775,13.2351728,78.7511018,6096.048228079861,4164.634114888308,0.0,12.0,ROUTE_SPEED,514.004019006655,347.05284290735904,2.0,909.056861914014,2.0,14.0,$/mt,166250.0,150000.0,200000.0,175000.0,30.0,12000.0,25000.0,SEAROUTE,SEAROUTE_CALCULATED,POSITION_ONLY,True
IMO_102579600,102579600,636024708,BH PROGRESS,,UNKNOWN,18,"Richards Bay, South Africa","Haldia, India",Panamax,coking / thermal coal,,,-23.78191,151.47799,-28.7707857,32.0577775,22.028124,88.0632655,6096.048228079861,4736.344187320068,0.0,12.0,ROUTE_SPEED,514.004019006655,394.695348943339,2.0,956.699367949994,2.0,12.8,$/mt,73625.0,70000.0,85000.0,77500.0,30.0,12000.0,25000.0,SEAROUTE,SEAROUTE_CALCULATED,POSITION_ONLY,True
IMO_102579600,102579600,636024708,BH PROGRESS,,UNKNOWN,19,"Richards Bay, South Africa","Kandla, India",Capesize,coal,,,-23.78191,151.47799,-28.7707857,32.0577775,23.0177525,70.2096164,6096.048228079861,3938.9061722773454,0.0,12.0,ROUTE_SPEED,514.004019006655,328.2421810231121,2.0,890.2462000297671,2.0,17.45,$/mt,166250.0,150000.0,200000.0,175000.0,30.0,12000.0,25000.0,SEAROUTE,SEAROUTE_CALCULATED,POSITION_ONLY,True
IMO_102579600,102579600,636024708,BH PROGRESS,,UNKNOWN,23,"Richards Bay, South Africa","Krishnapatnam, India",Capesize,coal,,,-23.78191,151.47799,-28.7707857,32.0577775,14.2592415,80.0564758,6096.048228079861,4164.634114888308,0.0,12.0,ROUTE_SPEED,514.004019006655,347.05284290735904,2.0,909.056861914014,2.0,19.55,$/mt,166250.0,150000.0,200000.0,175000.0,30.0,12000.0,25000.0,SEAROUTE,SEAROUTE_CALCULATED,POSITION_ONLY,True
IMO_102579600,102579600,636024708,BH PROGRESS,,UNKNOWN,12,Mozambique (Beira / Maputo),East Coast India,Handysize,coking coal,,,-23.78191,151.47799,-25.966213,32.56745,20.286946,86.6739979,6170.831617620633,4601.384016575973,0.0,12.0,ROUTE_SPEED,520.2359681350528,383.4486680479977,2.0,951.6846361830505,2.0,43.75,$/mt,,,,,30.0,12000.0,25000.0,SEAROUTE,SEAROUTE_CALCULATED,POSITION_ONLY,True
IMO_102579600,102579600,636024708,BH PROGRESS,,UNKNOWN,15,Atlantic / Black Sea ports (Taman / Ust-Luga proxy),"Visakhapatnam, India",Panamax,coal,,,-23.78191,151.47799,45.2158646,36.7191326,17.6935526,83.2921297,7432.552380533847,5565.87430627969,0.0,12.0,ROUTE_SPEED,625.3793650444873,463.82285885664083,2.0,1137.202223901128,2.0,19.5,$/mt,73625.0,70000.0,85000.0,77500.0,30.0,12000.0,25000.0,SEAROUTE,SEAROUTE_CALCULATED,POSITION_ONLY,True
IMO_102579600,102579600,636024708,BH PROGRESS,,UNKNOWN,24,US East Coast (Hampton Roads / Baltimore),East Coast India (Paradip / Visakhapatnam),Panamax,coal / coking coal,,,-23.78191,151.47799,36.9507552,-76.4114187,20.286946,86.6739979,8232.786866882421,9913.44136694391,0.0,12.0,ROUTE_SPEED,692.0655722402017,826.1201139119926,2.0,1566.1856861521942,2.0,44.35,$/mt,73625.0,70000.0,85000.0,77500.0,30.0,12000.0,25000.0,SEAROUTE,SEAROUTE_CALCULATED,POSITION_ONLY,True
