observation_id,source_file,source_file_type,api_snapshot_timestamp,observation_timestamp,ais_received_timestamp,freshness_minutes,imo,mmsi,vessel_name,vtype_raw,vtype7_bulk_candidate,lat,lon,speed,course,nav_status,destination,zone_name,source,raw_record_index,exact_duplicate_observation,imo_observation_sequence,ext_mmsi,ext_vessel_name,ext_vtype_raw,vessel_type,callsign,dwt,gt,built,draught,size_a,size_b,size_c,size_d,flag,ext_destination,eta,current_port,current_port_id,current_port_unloco,current_port_country,current_port_arr_utc,last_port,last_port_id,last_port_unloco,last_port_country,last_port_dep_utc,next_port,next_port_id,next_port_unloco,next_port_country,next_port_eta_utc,avg_sog,max_sog,distance_covered,wind_knots,wind_direction,humidity,pressure,temperature,visibility,_merge,extended_metadata_available,derived_vessel_class,vessel_age_years,metadata_fields_available,metadata_completeness_ratio,is_bulk_carrier,is_extended_verified,is_recent_6h,usable_bulk_observation,next_port_eta_datetime
zone_australia_gladstone_hay_point_20260828T041615Z.json_0,zone_australia_gladstone_hay_point_20260828T041615Z.json,zone,2026-08-28 04:16:15+00:00,2026-08-28T04:16:15+00:00,2026-08-28T03:08:00Z,68.25,9603398,373033000,CAPE RAINBOW,7,True,-23.79231,151.53191,3.9,208.0,0,,AUSTRALIA_GLADSTONE_HAY_POINT,myshiptracking_zone,0,True,1,373033000.0,CAPE RAINBOW,7.0,Bulk Carrier,3EVI3,207886.0,106251.0,2012.0,10.0,262.0,38.0,19.0,31.0,PA,AU GLT,2026-08-28T04:00:00.000Z,,,,,,NEWCASTLE,314.0,AUNTL,Australia,2026-08-24T21:28:50Z,GLADSTONE,3859.0,AUGLT,Australia,2026-08-28T05:58:59Z,9.4,13.2,731.48,12.0,ENE,73.7,1022.7,19.9,24135.3,both,True,BULK_CARRIER,14.0,7,1.0,True,True,True,True,
zone_australia_gladstone_hay_point_20260828T041615Z.json_1,zone_australia_gladstone_hay_point_20260828T041615Z.json,zone,2026-08-28 04:16:15+00:00,2026-08-28T04:16:15+00:00,2026-08-28T03:06:34Z,69.68333333333334,9713442,372754000,CAPE HARVEST,7,True,-23.84951,151.45999,0.3,126.0,1,,AUSTRALIA_GLADSTONE_HAY_POINT,myshiptracking_zone,1,True,1,372754000.0,CAPE HARVEST,7.0,Cargo,3FIT2,,,,8.8,260.0,40.0,15.0,35.0,PA,AUGLT,2026-08-16T10:00:00.000Z,,,,,,MIZUSHIMA,4285.0,JPMIZ,Japan,2026-08-02T05:32:38Z,,,,,,10.2,15.8,4012.27,12.0,ENE,73.7,1022.7,19.9,24135.3,both,True,BULK_CARRIER,,2,0.2857142857142857,True,True,True,True,
zone_australia_gladstone_hay_point_20260828T041615Z.json_2,zone_australia_gladstone_hay_point_20260828T041615Z.json,zone,2026-08-28 04:16:15+00:00,2026-08-28T04:16:15+00:00,2026-08-28T03:07:35Z,68.66666666666667,9700823,352286000,CAPE HOPE,7,True,-23.8005,151.49697,0.2,125.0,1,,AUSTRALIA_GLADSTONE_HAY_POINT,myshiptracking_zone,2,True,1,352286000.0,CAPE HOPE,7.0,Cargo,3FNK4,,,,9.8,258.0,41.0,22.0,28.0,PA,AU GLT,2026-08-16T13:00:00.000Z,,,,,,MIZUSHIMA,4285.0,JPMIZ,Japan,2026-07-19T02:00:29Z,,,,,,11.2,15.9,4210.23,12.0,ENE,73.7,1022.7,19.9,24135.3,both,True,BULK_CARRIER,,2,0.2857142857142857,True,True,True,True,
zone_australia_gladstone_hay_point_20260828T041615Z.json_3,zone_australia_gladstone_hay_point_20260828T041615Z.json,zone,2026-08-28 04:16:15+00:00,2026-08-28T04:16:15+00:00,2026-08-28T03:05:11Z,71.06666666666666,9790880,431491000,NSU VOYAGER,7,True,-23.77969,151.51859,0.1,171.0,1,,AUSTRALIA_GLADSTONE_HAY_POINT,myshiptracking_zone,3,True,1,431491000.0,NSU VOYAGER,7.0,Cargo,7JZQ,,,,9.4,257.0,42.0,33.0,17.0,JP,AU GLT,2026-08-18T07:00:00.000Z,,,,,,NAGOYA,4715.0,JPNGO,Japan,2026-08-05T04:44:30Z,GLADSTONE,3859.0,AUGLT,Australia,2026-08-18T07:00:00Z,11.6,15.3,3865.44,12.0,ENE,73.7,1022.7,19.9,24135.3,both,True,BULK_CARRIER,,4,0.5714285714285714,True,True,True,True,
zone_australia_gladstone_hay_point_20260828T041615Z.json_4,zone_australia_gladstone_hay_point_20260828T041615Z.json,zone,2026-08-28 04:16:15+00:00,2026-08-28T04:16:15+00:00,2026-08-28T03:05:23Z,70.86666666666666,9614919,431812000,SG UNITED,7,True,-23.8134,151.46051,0.2,149.0,1,,AUSTRALIA_GLADSTONE_HAY_POINT,myshiptracking_zone,4,True,1,431812000.0,SG UNITED,7.0,Cargo,7KMO,,,,9.9,254.0,38.0,25.0,20.0,JP,AU GLT,2026-08-14T23:15:00.000Z,,,,,,KASHIMA,4730.0,JPKSM,Japan,2026-07-27T09:08:21Z,,,,,,10.4,14.3,4546.96,12.0,ENE,73.7,1022.7,19.9,24135.3,both,True,BULK_CARRIER,,2,0.2857142857142857,True,True,True,True,
zone_australia_gladstone_hay_point_20260828T041615Z.json_5,zone_australia_gladstone_hay_point_20260828T041615Z.json,zone,2026-08-28 04:16:15+00:00,2026-08-28T04:16:15+00:00,2026-08-28T03:06:39Z,69.6,9465186,636019494,ES GLORY SEA,7,True,-23.75762,151.47274,0.1,64.0,1,,AUSTRALIA_GLADSTONE_HAY_POINT,myshiptracking_zone,5,True,1,636019494.0,ES GLORY SEA,7.0,Bulk Carrier,D5UT9,177000.0,91407.0,2007.0,9.4,251.0,41.0,18.0,27.0,LR,GLADSTONE AUS,2026-08-19T20:00:00.000Z,,,,,,JINGTANG,4205.0,CNTAS,China,2026-08-01T05:40:30Z,GLADSTONE,3859.0,AUGLT,Australia,2026-08-19T20:00:00Z,9.6,12.8,4544.91,12.0,ENE,73.7,1022.7,19.9,24135.3,both,True,BULK_CARRIER,19.0,7,1.0,True,True,True,True,
zone_australia_gladstone_hay_point_20260828T041615Z.json_6,zone_australia_gladstone_hay_point_20260828T041615Z.json,zone,2026-08-28 04:16:15+00:00,2026-08-28T04:16:15+00:00,2026-08-28T03:02:37Z,73.63333333333334,9519779,205580000,MINERAL STONEHENGE,7,True,-23.81305,151.49913,0.0,172.0,1,,AUSTRALIA_GLADSTONE_HAY_POINT,myshiptracking_zone,6,True,1,205580000.0,MINERAL STONEHENGE,7.0,Bulk Carrier,ONGR,175713.0,91971.0,2010.0,10.4,251.0,41.0,25.0,20.0,BE,AU GLT,2026-08-22T19:00:00.000Z,,,,,,BORYEONG,5482.0,KRBOR,Korea,2026-08-04T07:05:24Z,GLADSTONE,3859.0,AUGLT,Australia,2026-08-22T19:00:00Z,10.1,13.8,4267.73,12.0,ENE,73.7,1022.7,19.9,24135.3,both,True,BULK_CARRIER,16.0,7,1.0,True,True,True,True,
zone_australia_gladstone_hay_point_20260828T041615Z.json_7,zone_australia_gladstone_hay_point_20260828T041615Z.json,zone,2026-08-28 04:16:15+00:00,2026-08-28T04:16:15+00:00,2026-08-28T02:33:03Z,103.2,9587350,636019937,ANABELA,7,True,-23.76171,151.51549,0.2,189.0,1,,AUSTRALIA_GLADSTONE_HAY_POINT,myshiptracking_zone,7,True,1,636019937.0,ANABELA,7.0,Bulk Carrier,D5WW6,177029.0,92053.0,2010.0,10.4,251.0,40.0,25.0,20.0,LR,AUGLT,2026-08-17T02:00:00.000Z,,,,,,JINGTANG,4205.0,CNTAS,China,2026-08-01T06:20:44Z,,,,,,11.6,14.5,4636.66,12.0,ENE,73.7,1022.7,19.9,24135.3,both,True,BULK_CARRIER,16.0,5,0.7142857142857143,True,True,True,True,
zone_australia_gladstone_hay_point_20260828T041615Z.json_8,zone_australia_gladstone_hay_point_20260828T041615Z.json,zone,2026-08-28 04:16:15+00:00,2026-08-28T04:16:15+00:00,2026-08-28T03:19:27Z,56.8,9974149,636025078,PUTERI PAHANG,8,False,-23.82505,151.25875,9.6,308.0,0,,AUSTRALIA_GLADSTONE_HAY_POINT,myshiptracking_zone,8,True,1,,,,,,,,,,,,,,,,,,,,,,,,,,,,,,,,,,,,,,,,,left_only,False,OTHER,,0,0.0,False,False,True,False,
zone_australia_gladstone_hay_point_20260828T041615Z.json_9,zone_australia_gladstone_hay_point_20260828T041615Z.json,zone,2026-08-28 04:16:15+00:00,2026-08-28T04:16:15+00:00,2026-08-28T02:58:07Z,78.13333333333334,9640645,538013005,V GAS OHIO,8,False,-23.77802,151.19546,0.0,132.0,5,,AUSTRALIA_GLADSTONE_HAY_POINT,myshiptracking_zone,9,True,1,,,,,,,,,,,,,,,,,,,,,,,,,,,,,,,,,,,,,,,,,left_only,False,OTHER,,0,0.0,False,False,True,False,
zone_australia_gladstone_hay_point_20260828T041615Z.json_10,zone_australia_gladstone_hay_point_20260828T041615Z.json,zone,2026-08-28 04:16:15+00:00,2026-08-28T04:16:15+00:00,2026-08-28T03:02:47Z,73.46666666666667,9694945,269084000,BREGAGLIA,7,True,-23.83375,151.47999,0.0,73.0,1,,AUSTRALIA_GLADSTONE_HAY_POINT,myshiptracking_zone,10,True,1,269084000.0,BREGAGLIA,7.0,Cargo,HBDU,,,,8.1,203.0,37.0,15.0,23.0,CH,AUGLT,2026-08-24T13:30:00.000Z,,,,,,HITACHINAKA,4421.0,JPHIC,Japan,2026-08-08T10:24:31Z,GLADSTONE,3859.0,AUGLT,Australia,2026-08-24T13:30:00Z,10.6,13.8,3956.39,12.0,ENE,73.7,1022.7,19.9,24135.3,both,True,BULK_CARRIER,,4,0.5714285714285714,True,True,True,True,
zone_australia_gladstone_hay_point_20260828T041615Z.json_11,zone_australia_gladstone_hay_point_20260828T041615Z.json,zone,2026-08-28 04:16:15+00:00,2026-08-28T04:16:15+00:00,2026-08-28T03:08:02Z,68.21666666666667,9599078,311001257,POPEYE,7,True,-23.81556,151.2388,0.0,138.0,5,,AUSTRALIA_GLADSTONE_HAY_POINT,myshiptracking_zone,11,True,1,311001257.0,POPEYE,7.0,Bulk Carrier,C6GI7,98730.0,51905.0,2013.0,8.3,211.0,29.0,24.0,14.0,BS,AU HPT,2026-08-29T20:00:00.000Z,GLADSTONE,3859.0,AUGLT,Australia,2026-08-27T18:05:35Z,QINGDAO,4157.0,CNQDG,China,2026-07-29T01:28:37Z,DALRYMPLE,133.0,AUHPT,Australia,2026-08-29T20:00:00Z,,,,10.0,ENE,62.5,1022.5,21.4,24135.3,both,True,BULK_CARRIER,13.0,7,1.0,True,True,True,True,
zone_australia_gladstone_hay_point_20260828T041615Z.json_12,zone_australia_gladstone_hay_point_20260828T041615Z.json,zone,2026-08-28 04:16:15+00:00,2026-08-28T04:16:15+00:00,2026-08-28T02:55:01Z,81.23333333333333,9650767,352035000,RAGA,7,True,-23.81918,151.48063,0.2,81.0,1,,AUSTRALIA_GLADSTONE_HAY_POINT,myshiptracking_zone,12,True,1,352035000.0,RAGA,7.0,Bulk Carrier,3ETH3,95666.0,50615.0,2013.0,7.7,206.0,29.0,23.0,15.0,PA,CN HUH>AU GLT,2026-08-18T13:00:00.000Z,,,,,,HUANGHUA,4153.0,CNHNH,China,2026-08-02T09:20:28Z,GLADSTONE,3859.0,AUGLT,Australia,2026-08-18T13:00:00Z,12.3,14.9,4894.23,12.0,ENE,73.7,1022.7,19.9,24135.3,both,True,BULK_CARRIER,13.0,7,1.0,True,True,True,True,
zone_australia_gladstone_hay_point_20260828T041615Z.json_13,zone_australia_gladstone_hay_point_20260828T041615Z.json,zone,2026-08-28 04:16:15+00:00,2026-08-28T04:16:15+00:00,2026-08-28T02:15:07Z,121.13333333333334,9290971,441609000,ORIENTAL ENTERPRISE,7,True,-23.83007,151.60824,0.0,158.0,1,,AUSTRALIA_GLADSTONE_HAY_POINT,myshiptracking_zone,13,True,1,441609000.0,ORIENTAL ENTERPRISE,7.0,Bulk Carrier,D7CK,88125.0,48042.0,2004.0,7.6,196.0,34.0,22.0,16.0,KR,AUGLT,2026-08-13T00:00:00.000Z,,,,,,BORYEONG,5482.0,KRBOR,Korea,2026-06-21T05:17:27Z,,,,,,11.1,14.3,4838.22,12.0,ENE,73.7,1022.7,19.9,24135.3,both,True,BULK_CARRIER,22.0,5,0.7142857142857143,True,True,True,True,
zone_australia_gladstone_hay_point_20260828T041615Z.json_14,zone_australia_gladstone_hay_point_20260828T041615Z.json,zone,2026-08-28 04:16:15+00:00,2026-08-28T04:16:15+00:00,2026-08-28T02:57:38Z,78.61666666666666,9802205,636018574,MEDI PALMAROLA,7,True,-23.90016,151.58984,0.1,106.0,1,,AUSTRALIA_GLADSTONE_HAY_POINT,myshiptracking_zone,14,True,1,636018574.0,MEDI PALMAROLA,7.0,Cargo,D5QH9,,,,7.2,202.0,27.0,21.0,11.0,LR,GLADSTONE,2026-08-24T13:00:00.000Z,,,,,,NEWCASTLE,314.0,AUNTL,Australia,2026-06-25T17:28:45Z,GLADSTONE,3859.0,AUGLT,Australia,2026-08-24T13:00:00Z,10.9,15.3,8714.54,12.0,NE,67.0,1022.4,20.5,24135.3,both,True,BULK_CARRIER,,4,0.5714285714285714,True,True,True,True,
zone_australia_gladstone_hay_point_20260828T041615Z.json_15,zone_australia_gladstone_hay_point_20260828T041615Z.json,zone,2026-08-28 04:16:15+00:00,2026-08-28T04:16:15+00:00,2026-08-28T03:06:24Z,69.85,9454905,210083000,EFESSOS WAVE,7,True,-23.86487,151.59145,0.0,122.0,1,,AUSTRALIA_GLADSTONE_HAY_POINT,myshiptracking_zone,15,True,1,210083000.0,EFESSOS WAVE,7.0,Bulk Carrier,5BPG3,87332.0,47984.0,2012.0,7.2,199.0,30.0,13.0,24.0,CY,AU GLT,2026-08-24T21:00:00.000Z,,,,,,NEWCASTLE,314.0,AUNTL,Australia,2026-06-23T07:07:31Z,GLADSTONE,3859.0,AUGLT,Australia,2026-08-24T21:00:00Z,9.2,13.5,7521.73,12.0,ENE,73.7,1022.7,19.9,24135.3,both,True,BULK_CARRIER,14.0,7,1.0,True,True,True,True,
zone_australia_gladstone_hay_point_20260828T041615Z.json_16,zone_australia_gladstone_hay_point_20260828T041615Z.json,zone,2026-08-28 04:16:15+00:00,2026-08-28T04:16:15+00:00,2026-08-28T03:07:09Z,69.1,9906740,636021216,TAHO CIRCULAR,7,True,-23.8323,151.49698,0.0,62.0,1,,AUSTRALIA_GLADSTONE_HAY_POINT,myshiptracking_zone,16,True,1,636021216.0,TAHO CIRCULAR,7.0,Cargo,5LCV7,,,,7.4,198.0,31.0,23.0,14.0,LR,AUGLT,2026-08-15T00:00:00.000Z,,,,,,GLADSTONE,3859.0,AUGLT,Australia,2026-06-26T20:27:15Z,,,,,,11.1,15.5,7497.67,12.0,ENE,73.7,1022.7,19.9,24135.3,both,True,BULK_CARRIER,,2,0.2857142857142857,True,True,True,True,
zone_australia_gladstone_hay_point_20260828T041615Z.json_17,zone_australia_gladstone_hay_point_20260828T041615Z.json,zone,2026-08-28 04:16:15+00:00,2026-08-28T04:16:15+00:00,2026-08-28T02:25:37Z,110.63333333333334,9815939,636018518,MEDI GINEVRA,7,True,-23.88145,151.57301,0.1,159.0,1,,AUSTRALIA_GLADSTONE_HAY_POINT,myshiptracking_zone,17,True,1,636018518.0,MEDI GINEVRA,7.0,Cargo,D5QB3,,,,7.5,199.0,30.0,24.0,12.0,LR,AUGLT,2026-08-16T22:00:00.000Z,,,,,,MIZUSHIMA,4285.0,JPMIZ,Japan,2026-08-01T23:56:37Z,,,,,,11.0,15.5,4088.41,12.0,NE,67.0,1022.4,20.5,24135.3,both,True,BULK_CARRIER,,2,0.2857142857142857,True,True,True,True,
zone_australia_gladstone_hay_point_20260828T041615Z.json_18,zone_australia_gladstone_hay_point_20260828T041615Z.json,zone,2026-08-28 04:16:15+00:00,2026-08-28T04:16:15+00:00,2026-08-28T03:06:05Z,70.16666666666667,102579600,636024708,BH PROGRESS,7,True,-23.78191,151.47799,0.0,75.0,1,,AUSTRALIA_GLADSTONE_HAY_POINT,myshiptracking_zone,18,True,1,,,,,,,,,,,,,,,,,,,,,,,,,,,,,,,,,,,,,,,,,left_only,False,BULK_CARRIER,,0,0.0,True,False,True,True,
zone_australia_gladstone_hay_point_20260828T041615Z.json_19,zone_australia_gladstone_hay_point_20260828T041615Z.json,zone,2026-08-28 04:16:15+00:00,2026-08-28T04:16:15+00:00,2026-08-28T03:03:55Z,72.33333333333333,9789831,636017377,JIA MAY,7,True,-23.76622,151.49601,0.2,76.0,1,,AUSTRALIA_GLADSTONE_HAY_POINT,myshiptracking_zone,19,True,1,636017377.0,JIA MAY,7.0,Cargo,D5KP6,,,,7.3,198.0,30.0,12.0,24.0,LR,JP HBK>>AU GLT,2026-08-14T03:30:00.000Z,,,,,,KITAKYUSHU,4658.0,JPKKJ,Japan,2026-07-31T16:44:00Z,,,,,,12.1,15.1,4089.92,12.0,ENE,73.7,1022.7,19.9,24135.3,both,True,BULK_CARRIER,,2,0.2857142857142857,True,True,True,True,
zone_australia_gladstone_hay_point_20260828T041615Z.json_20,zone_australia_gladstone_hay_point_20260828T041615Z.json,zone,2026-08-28 04:16:15+00:00,2026-08-28T04:16:15+00:00,2026-08-28T03:07:42Z,68.55,9774472,636017368,KANG MAY,7,True,-23.79253,151.18373,0.1,306.0,5,,AUSTRALIA_GLADSTONE_HAY_POINT,myshiptracking_zone,20,True,1,636017368.0,KANG MAY,7.0,Cargo,D5KO5,,,,12.5,198.0,30.0,12.0,24.0,LR,AU GLT,2026-08-25T06:30:00.000Z,GLADSTONE,3859.0,AUGLT,Australia,2026-08-27T23:04:07Z,LONGKOU,4133.0,CNLKU,China,2026-08-04T02:56:39Z,,,,,,,,,10.0,ENE,62.5,1022.5,21.4,24135.3,both,True,BULK_CARRIER,,2,0.2857142857142857,True,True,True,True,
zone_australia_gladstone_hay_point_20260828T041615Z.json_21,zone_australia_gladstone_hay_point_20260828T041615Z.json,zone,2026-08-28 04:16:15+00:00,2026-08-28T04:16:15+00:00,2026-08-28T03:07:35Z,68.66666666666667,9877872,538009641,SDTR ERICA,7,True,-23.85242,151.61422,0.0,231.0,1,,AUSTRALIA_GLADSTONE_HAY_POINT,myshiptracking_zone,21,True,1,538009641.0,SDTR ERICA,7.0,Cargo,V7A4987,,,,12.5,195.0,32.0,4.0,32.0,MH,AU AMR>AU GLT,2026-08-24T14:45:00.000Z,,,,,,HUANGHUA,4153.0,CNHNH,China,2026-08-03T04:28:41Z,GLADSTONE,3859.0,AUGLT,Australia,2026-08-24T14:45:00Z,10.1,14.3,5051.14,12.0,ENE,73.7,1022.7,19.9,24135.3,both,True,BULK_CARRIER,,4,0.5714285714285714,True,True,True,True,
zone_australia_gladstone_hay_point_20260828T041615Z.json_22,zone_australia_gladstone_hay_point_20260828T041615Z.json,zone,2026-08-28 04:16:15+00:00,2026-08-28T04:16:15+00:00,2026-08-28T03:07:49Z,68.43333333333334,9607136,564856000,RTM DHAMBUL,7,True,-23.83336,151.51863,0.0,251.0,1,,AUSTRALIA_GLADSTONE_HAY_POINT,myshiptracking_zone,22,True,1,564856000.0,RTM DHAMBUL,7.0,Cabu Carrier,9V2783,70373.0,38800.0,2013.0,11.9,195.0,30.0,22.0,10.0,SG,AU GLT,2026-08-27T06:00:00.000Z,,,,,,WEIPA,201.0,AUWEI,Australia,2026-07-24T12:47:35Z,GLADSTONE,3859.0,AUGLT,Australia,2026-08-27T06:00:00Z,11.5,14.8,8356.05,12.0,ENE,73.7,1022.7,19.9,24135.3,both,True,BULK_CARRIER,13.0,7,1.0,True,True,True,True,
zone_australia_gladstone_hay_point_20260828T041615Z.json_23,zone_australia_gladstone_hay_point_20260828T041615Z.json,zone,2026-08-28 04:16:15+00:00,2026-08-28T04:16:15+00:00,2026-08-28T03:07:34Z,68.68333333333334,9523201,413985000,YUN LONG FENG,7,True,-23.8292,151.58686,0.1,119.0,1,,AUSTRALIA_GLADSTONE_HAY_POINT,myshiptracking_zone,23,True,1,413985000.0,YUN LONG FENG,7.0,Cargo,BRPH,,,,7.3,193.0,32.0,12.0,20.0,CN,AU GLT,2026-08-21T09:00:00.000Z,,,,,,RIZHAO,4098.0,CNRZH,China,2026-08-02T23:04:35Z,GLADSTONE,3859.0,AUGLT,Australia,2026-08-21T09:00:00Z,10.5,13.7,4454.23,12.0,ENE,73.7,1022.7,19.9,24135.3,both,True,BULK_CARRIER,,4,0.5714285714285714,True,True,True,True,
zone_australia_gladstone_hay_point_20260828T041615Z.json_24,zone_australia_gladstone_hay_point_20260828T041615Z.json,zone,2026-08-28 04:16:15+00:00,2026-08-28T04:16:15+00:00,2026-08-28T02:58:29Z,77.76666666666667,9708318,636016900,CAROLA,7,True,-23.89876,151.57304,0.2,146.0,1,,AUSTRALIA_GLADSTONE_HAY_POINT,myshiptracking_zone,24,True,1,636016900.0,CAROLA,7.0,Cargo,D5II3,,,,9.5,200.0,25.0,21.0,11.0,LR,TW TXG>AU GLT,2026-08-12T11:00:00.000Z,,,,,,TAICHUNG,411.0,TWTXG,Taiwan,2026-07-30T16:44:36Z,,,,,,11.8,14.8,3863.37,12.0,NE,67.0,1022.4,20.5,24135.3,both,True,BULK_CARRIER,,2,0.2857142857142857,True,True,True,True,
zone_australia_gladstone_hay_point_20260828T041615Z.json_25,zone_australia_gladstone_hay_point_20260828T041615Z.json,zone,2026-08-28 04:16:15+00:00,2026-08-28T04:16:15+00:00,2026-08-28T02:10:53Z,125.36666666666666,9747390,538006474,DSI PEGASUS,7,True,-23.79018,151.18005,0.0,127.0,5,,AUSTRALIA_GLADSTONE_HAY_POINT,myshiptracking_zone,25,True,1,538006474.0,DSI PEGASUS,7.0,Cargo,V7CG4,,,,12.8,171.0,29.0,22.0,10.0,MH,AU GLT,2026-08-20T07:30:00.000Z,GLADSTONE,3859.0,AUGLT,Australia,2026-08-24T06:04:00Z,LIANYUNGANG,4174.0,CNLYG,China,2026-08-04T01:36:37Z,,,,,,,,,10.0,ENE,62.5,1022.5,21.4,24135.3,both,True,BULK_CARRIER,,2,0.2857142857142857,True,True,True,True,
zone_australia_gladstone_hay_point_20260828T041615Z.json_26,zone_australia_gladstone_hay_point_20260828T041615Z.json,zone,2026-08-28 04:16:15+00:00,2026-08-28T04:16:15+00:00,2026-08-28T04:12:09Z,4.1,9934204,477833200,JOSCO LIUZHOU,7,True,-23.82068,151.24364,0.0,140.0,5,,AUSTRALIA_GLADSTONE_HAY_POINT,myshiptracking_zone,26,False,1,477833200.0,JOSCO LIUZHOU,7.0,Cargo,VRUS9,,,,7.1,171.0,29.0,19.0,13.0,HK,GLADSTONE,2026-08-13T03:30:00.000Z,GLADSTONE,3859.0,AUGLT,Australia,2026-08-26T22:08:25Z,DONGJIAKOU,4206.0,,China,2026-07-30T06:24:37Z,,,,,,,,,10.0,ENE,62.5,1022.5,21.4,24135.3,both,True,BULK_CARRIER,,2,0.2857142857142857,True,True,True,True,
zone_australia_gladstone_hay_point_20260828T041615Z.json_27,zone_australia_gladstone_hay_point_20260828T041615Z.json,zone,2026-08-28 04:16:15+00:00,2026-08-28T04:16:15+00:00,2026-08-28T03:05:19Z,70.93333333333334,9894818,538009407,DESERT NAMULI,7,True,-23.82325,151.24626,0.0,139.0,5,,AUSTRALIA_GLADSTONE_HAY_POINT,myshiptracking_zone,27,True,1,538009407.0,DESERT NAMULI,7.0,Cargo,V7A4695,,,,6.8,170.0,29.0,10.0,22.0,MH,AU GLT,2026-08-12T13:45:00.000Z,GLADSTONE,3859.0,AUGLT,Australia,2026-08-26T20:25:45Z,TIANJIN,420.0,CNTXG,China,2026-07-18T12:44:26Z,,,,,,,,,10.0,ENE,62.5,1022.5,21.4,24135.3,both,True,BULK_CARRIER,,2,0.2857142857142857,True,True,True,True,
zone_australia_gladstone_hay_point_20260828T041615Z.json_28,zone_australia_gladstone_hay_point_20260828T041615Z.json,zone,2026-08-28 04:16:15+00:00,2026-08-28T04:16:15+00:00,2026-08-28T04:02:43Z,13.533333333333331,9581693,538005240,BOUGAINVILLE,8,False,-23.39355,151.03146,0.1,195.0,1,,AUSTRALIA_GLADSTONE_HAY_POINT,myshiptracking_zone,28,True,1,,,,,,,,,,,,,,,,,,,,,,,,,,,,,,,,,,,,,,,,,left_only,False,OTHER,,0,0.0,False,False,True,False,
zone_australia_gladstone_hay_point_20260828T041615Z.json_29,zone_australia_gladstone_hay_point_20260828T041615Z.json,zone,2026-08-28 04:16:15+00:00,2026-08-28T04:16:15+00:00,2026-08-28T03:57:32Z,18.716666666666665,9990703,563266600,KARLA BULKER,7,True,-23.85173,151.31262,0.0,80.0,5,,AUSTRALIA_GLADSTONE_HAY_POINT,myshiptracking_zone,29,True,1,563266600.0,KARLA BULKER,7.0,Cargo,9V9536,,,,6.3,154.0,29.0,10.0,20.0,SG,AU GLT,2026-08-26T05:00:00.000Z,,,,,,HIGASHIHARIMA,4389.0,JPHHR,Japan,2026-08-13T08:04:45Z,GLADSTONE,3859.0,AUGLT,Australia,2026-08-26T05:00:00Z,12.4,15.8,3861.59,10.0,ENE,62.5,1022.5,21.4,24135.3,both,True,BULK_CARRIER,,4,0.5714285714285714,True,True,True,True,
zone_australia_gladstone_hay_point_20260828T041615Z.json_30,zone_australia_gladstone_hay_point_20260828T041615Z.json,zone,2026-08-28 04:16:15+00:00,2026-08-28T04:16:15+00:00,2026-08-28T03:06:25Z,69.83333333333333,9689897,565285000,STRATEGIC HARMONY,7,True,-23.85092,151.47758,0.0,86.0,1,,AUSTRALIA_GLADSTONE_HAY_POINT,myshiptracking_zone,30,True,1,565285000.0,STRATEGIC HARMONY,7.0,Cargo,9V2289,,,,6.8,155.0,25.0,10.0,20.0,SG,GLADSTONE,2026-08-21T12:00:00.000Z,,,,,,LUMUT,5726.0,MYLUM,Malaysia,2026-08-01T09:13:54Z,GLADSTONE,3859.0,AUGLT,Australia,2026-08-21T12:00:00Z,9.8,13.8,3925.87,12.0,ENE,73.7,1022.7,19.9,24135.3,both,True,BULK_CARRIER,,4,0.5714285714285714,True,True,True,True,
zone_australia_gladstone_hay_point_20260828T041615Z.json_31,zone_australia_gladstone_hay_point_20260828T041615Z.json,zone,2026-08-28 04:16:15+00:00,2026-08-28T04:16:15+00:00,2026-08-28T04:08:40Z,7.583333333333333,9947768,636093091,BBC URANUS,7,True,-23.83291,151.26311,0.0,109.0,5,,AUSTRALIA_GLADSTONE_HAY_POINT,myshiptracking_zone,31,False,1,636093091.0,BBC URANUS,7.0,Cargo,5LFA7,,,,8.9,151.0,28.0,18.0,12.0,LR,GLADSTONE,2026-08-24T16:00:00.000Z,GLADSTONE,3859.0,AUGLT,Australia,2026-08-27T04:07:40Z,THEVENARD,3983.0,AUTHE,Australia,2026-08-17T17:40:00Z,,,,,,,,,10.0,ENE,62.5,1022.5,21.4,24135.3,both,True,BULK_CARRIER,,2,0.2857142857142857,True,True,True,True,
zone_australia_gladstone_hay_point_20260828T041615Z.json_32,zone_australia_gladstone_hay_point_20260828T041615Z.json,zone,2026-08-28 04:16:15+00:00,2026-08-28T04:16:15+00:00,2026-08-28T02:33:42Z,102.55,9383508,352721000,HPC GALAXY,7,True,-23.88196,151.59079,0.3,142.0,1,,AUSTRALIA_GLADSTONE_HAY_POINT,myshiptracking_zone,32,True,1,352721000.0,HPC GALAXY,7.0,General Cargo,3EXV3,32228.0,20250.0,2009.0,6.3,155.0,22.0,22.0,6.0,PA,AU GLT,2026-08-20T10:00:00.000Z,,,,,,GEELONG,180.0,AUGEX,Australia,2026-08-15T21:31:02Z,GLADSTONE,3859.0,AUGLT,Australia,2026-08-20T10:00:00Z,11.0,13.7,1344.24,12.0,NE,67.0,1022.4,20.5,24135.3,both,True,BULK_CARRIER,17.0,7,1.0,True,True,True,True,
zone_australia_gladstone_hay_point_20260828T041615Z.json_33,zone_australia_gladstone_hay_point_20260828T041615Z.json,zone,2026-08-28 04:16:15+00:00,2026-08-28T04:16:15+00:00,2026-08-28T03:05:40Z,70.58333333333333,9212452,357800000,WINCANTON,8,False,-23.86608,151.61309,0.0,209.0,1,,AUSTRALIA_GLADSTONE_HAY_POINT,myshiptracking_zone,33,True,1,,,,,,,,,,,,,,,,,,,,,,,,,,,,,,,,,,,,,,,,,left_only,False,OTHER,,0,0.0,False,False,True,False,
zone_australia_gladstone_hay_point_20260828T041615Z.json_34,zone_australia_gladstone_hay_point_20260828T041615Z.json,zone,2026-08-28 04:16:15+00:00,2026-08-28T04:16:15+00:00,2026-08-28T03:06:05Z,70.16666666666667,9883560,357138000,BUENA AMISTAD,8,False,-23.83258,151.26119,0.0,282.0,5,,AUSTRALIA_GLADSTONE_HAY_POINT,myshiptracking_zone,34,True,1,,,,,,,,,,,,,,,,,,,,,,,,,,,,,,,,,,,,,,,,,left_only,False,OTHER,,0,0.0,False,False,True,False,
zone_australia_gladstone_hay_point_20260828T041615Z.json_35,zone_australia_gladstone_hay_point_20260828T041615Z.json,zone,2026-08-28 04:16:15+00:00,2026-08-28T04:16:15+00:00,2026-08-28T03:07:55Z,68.33333333333333,963917700,503004550,BRUCE,0,False,-23.76932,151.18899,1.7,102.0,0,,AUSTRALIA_GLADSTONE_HAY_POINT,myshiptracking_zone,35,True,1,,,,,,,,,,,,,,,,,,,,,,,,,,,,,,,,,,,,,,,,,left_only,False,OTHER,,0,0.0,False,False,True,False,
zone_australia_gladstone_hay_point_20260828T041615Z.json_36,zone_australia_gladstone_hay_point_20260828T041615Z.json,zone,2026-08-28 04:16:15+00:00,2026-08-28T04:16:15+00:00,2026-08-28T03:11:42Z,64.55,,503720000,KALEEN,7,True,-23.82868,151.24198,1.0,511.0,15,,AUSTRALIA_GLADSTONE_HAY_POINT,myshiptracking_zone,36,True,1,,,,,,,,,,,,,,,,,,,,,,,,,,,,,,,,,,,,,,,,,left_only,False,BULK_CARRIER,,0,0.0,True,False,True,False,
zone_australia_gladstone_hay_point_20260828T041615Z.json_37,zone_australia_gladstone_hay_point_20260828T041615Z.json,zone,2026-08-28 04:16:15+00:00,2026-08-28T04:16:15+00:00,2026-08-28T02:46:14Z,90.01666666666667,,503161670,CAPE GLOUCESTER,6,False,-23.83236,151.24204,0.0,191.0,15,,AUSTRALIA_GLADSTONE_HAY_POINT,myshiptracking_zone,37,True,2,,,,,,,,,,,,,,,,,,,,,,,,,,,,,,,,,,,,,,,,,left_only,False,OTHER,,0,0.0,False,False,True,False,
zone_australia_gladstone_hay_point_20260828T041615Z.json_38,zone_australia_gladstone_hay_point_20260828T041615Z.json,zone,2026-08-28 04:16:15+00:00,2026-08-28T04:16:15+00:00,2026-08-27T23:51:32Z,264.71666666666664,,503647600,HERON ISLANDER,6,False,-23.88475,151.38379,25.6,67.3,15,,AUSTRALIA_GLADSTONE_HAY_POINT,myshiptracking_zone,38,True,3,,,,,,,,,,,,,,,,,,,,,,,,,,,,,,,,,,,,,,,,,left_only,False,OTHER,,0,0.0,False,False,True,False,
zone_australia_gladstone_hay_point_20260828T041615Z.json_39,zone_australia_gladstone_hay_point_20260828T041615Z.json,zone,2026-08-28 04:16:15+00:00,2026-08-28T04:16:15+00:00,2026-08-28T03:06:12Z,70.05,,503696000,CAPRICORNIAN SPIRIT,6,False,-23.82771,151.24371,0.0,511.0,5,,AUSTRALIA_GLADSTONE_HAY_POINT,myshiptracking_zone,39,True,4,,,,,,,,,,,,,,,,,,,,,,,,,,,,,,,,,,,,,,,,,left_only,False,OTHER,,0,0.0,False,False,True,False,
zone_australia_gladstone_hay_point_20260828T041615Z.json_40,zone_australia_gladstone_hay_point_20260828T041615Z.json,zone,2026-08-28 04:16:15+00:00,2026-08-28T04:16:15+00:00,2026-08-28T03:04:44Z,71.51666666666667,9743693,503000093,VB WIGGINS ISLAND,3,False,-23.77906,151.19636,0.0,35.0,0,,AUSTRALIA_GLADSTONE_HAY_POINT,myshiptracking_zone,40,True,1,,,,,,,,,,,,,,,,,,,,,,,,,,,,,,,,,,,,,,,,,left_only,False,OTHER,,0,0.0,False,False,True,False,
zone_australia_gladstone_hay_point_20260828T041615Z.json_41,zone_australia_gladstone_hay_point_20260828T041615Z.json,zone,2026-08-28 04:16:15+00:00,2026-08-28T04:16:15+00:00,2026-08-28T03:18:43Z,57.53333333333333,9743681,503026120,VB HERON ISLAND,3,False,-23.8273,151.26124,9.4,307.2,0,,AUSTRALIA_GLADSTONE_HAY_POINT,myshiptracking_zone,41,True,1,,,,,,,,,,,,,,,,,,,,,,,,,,,,,,,,,,,,,,,,,left_only,False,OTHER,,0,0.0,False,False,True,False,
zone_australia_gladstone_hay_point_20260828T041615Z.json_42,zone_australia_gladstone_hay_point_20260828T041615Z.json,zone,2026-08-28 04:16:15+00:00,2026-08-28T04:16:15+00:00,2026-08-28T03:06:09Z,70.1,9693484,503022140,SL QUOIN ISLAND,3,False,-23.7796,151.19765,0.0,311.0,0,,AUSTRALIA_GLADSTONE_HAY_POINT,myshiptracking_zone,42,True,1,,,,,,,,,,,,,,,,,,,,,,,,,,,,,,,,,,,,,,,,,left_only,False,OTHER,,0,0.0,False,False,True,False,
zone_australia_gladstone_hay_point_20260828T041615Z.json_43,zone_australia_gladstone_hay_point_20260828T041615Z.json,zone,2026-08-28 04:16:15+00:00,2026-08-28T04:16:15+00:00,2026-08-28T03:07:57Z,68.3,9743679,503024450,SL BOYNE ISLAND,3,False,-23.77748,151.19466,0.1,135.0,0,,AUSTRALIA_GLADSTONE_HAY_POINT,myshiptracking_zone,43,True,1,,,,,,,,,,,,,,,,,,,,,,,,,,,,,,,,,,,,,,,,,left_only,False,OTHER,,0,0.0,False,False,True,False,
zone_australia_gladstone_hay_point_20260828T041615Z.json_44,zone_australia_gladstone_hay_point_20260828T041615Z.json,zone,2026-08-28 04:16:15+00:00,2026-08-28T04:16:15+00:00,2026-08-28T03:05:41Z,70.56666666666666,9693472,503020180,SL CURTIS ISLAND,3,False,-23.82482,151.24429,0.0,259.0,5,,AUSTRALIA_GLADSTONE_HAY_POINT,myshiptracking_zone,44,True,1,,,,,,,,,,,,,,,,,,,,,,,,,,,,,,,,,,,,,,,,,left_only,False,OTHER,,0,0.0,False,False,True,False,
zone_australia_gladstone_hay_point_20260828T041615Z.json_45,zone_australia_gladstone_hay_point_20260828T041615Z.json,zone,2026-08-28 04:16:15+00:00,2026-08-28T04:16:15+00:00,2026-08-28T03:02:58Z,73.28333333333333,9795799,503000231,SL MURJAN,0,False,-23.77822,151.19532,0.0,36.0,0,,AUSTRALIA_GLADSTONE_HAY_POINT,myshiptracking_zone,45,True,1,,,,,,,,,,,,,,,,,,,,,,,,,,,,,,,,,,,,,,,,,left_only,False,OTHER,,0,0.0,False,False,True,False,
zone_australia_gladstone_hay_point_20260828T041615Z.json_46,zone_australia_gladstone_hay_point_20260828T041615Z.json,zone,2026-08-28 04:16:15+00:00,2026-08-28T04:16:15+00:00,2026-08-28T03:11:16Z,64.98333333333333,9795787,503000229,SL LULU,0,False,-23.83523,151.27764,6.7,291.0,0,,AUSTRALIA_GLADSTONE_HAY_POINT,myshiptracking_zone,46,True,1,,,,,,,,,,,,,,,,,,,,,,,,,,,,,,,,,,,,,,,,,left_only,False,OTHER,,0,0.0,False,False,True,False,
zone_australia_gladstone_hay_point_20260828T041615Z.json_47,zone_australia_gladstone_hay_point_20260828T041615Z.json,zone,2026-08-28 04:16:15+00:00,2026-08-28T04:16:15+00:00,2026-08-28T03:04:07Z,72.13333333333334,9559248,503000216,VB SEA EAGLE,3,False,-23.82433,151.24317,0.0,511.0,5,,AUSTRALIA_GLADSTONE_HAY_POINT,myshiptracking_zone,47,True,1,,,,,,,,,,,,,,,,,,,,,,,,,,,,,,,,,,,,,,,,,left_only,False,OTHER,,0,0.0,False,False,True,False,
zone_australia_gladstone_hay_point_20260828T041615Z.json_48,zone_australia_gladstone_hay_point_20260828T041615Z.json,zone,2026-08-28 04:16:15+00:00,2026-08-28T04:16:15+00:00,2026-08-28T03:07:55Z,68.33333333333333,9578490,503646000,VB AWOONGA,3,False,-23.83723,151.28279,6.8,293.0,0,,AUSTRALIA_GLADSTONE_HAY_POINT,myshiptracking_zone,48,True,1,,,,,,,,,,,,,,,,,,,,,,,,,,,,,,,,,,,,,,,,,left_only,False,OTHER,,0,0.0,False,False,True,False,
zone_australia_gladstone_hay_point_20260828T041615Z.json_49,zone_australia_gladstone_hay_point_20260828T041615Z.json,zone,2026-08-28 04:16:15+00:00,2026-08-28T04:16:15+00:00,2026-08-28T03:07:56Z,68.31666666666666,9557599,503642000,VB YALLARM,3,False,-23.83668,151.28152,6.6,289.0,0,,AUSTRALIA_GLADSTONE_HAY_POINT,myshiptracking_zone,49,True,1,,,,,,,,,,,,,,,,,,,,,,,,,,,,,,,,,,,,,,,,,left_only,False,OTHER,,0,0.0,False,False,True,False,
zone_australia_gladstone_hay_point_20260828T041615Z.json_50,zone_australia_gladstone_hay_point_20260828T041615Z.json,zone,2026-08-28 04:16:15+00:00,2026-08-28T04:16:15+00:00,2026-08-28T03:07:10Z,69.08333333333333,9557587,503641000,VB KOONGO,3,False,-23.82487,151.24391,0.0,80.0,5,,AUSTRALIA_GLADSTONE_HAY_POINT,myshiptracking_zone,50,True,1,,,,,,,,,,,,,,,,,,,,,,,,,,,,,,,,,,,,,,,,,left_only,False,OTHER,,0,0.0,False,False,True,False,
zone_australia_gladstone_hay_point_20260828T041615Z.json_51,zone_australia_gladstone_hay_point_20260828T041615Z.json,zone,2026-08-28 04:16:15+00:00,2026-08-28T04:16:15+00:00,2026-08-28T03:05:09Z,71.1,,503639000,CURTIS ENDEAVOUR II,9,False,-23.83142,151.24069,0.0,511.0,15,,AUSTRALIA_GLADSTONE_HAY_POINT,myshiptracking_zone,51,True,5,,,,,,,,,,,,,,,,,,,,,,,,,,,,,,,,,,,,,,,,,left_only,False,OTHER,,0,0.0,False,False,True,False,
zone_australia_gladstone_hay_point_20260828T041615Z.json_52,zone_australia_gladstone_hay_point_20260828T041615Z.json,zone,2026-08-28 04:16:15+00:00,2026-08-28T04:16:15+00:00,2026-08-28T00:11:16Z,244.9833333333333,,503640000,CURTIS ENDEVOUR 1,9,False,-23.83657,151.24606,0.0,511.0,15,,AUSTRALIA_GLADSTONE_HAY_POINT,myshiptracking_zone,52,True,6,,,,,,,,,,,,,,,,,,,,,,,,,,,,,,,,,,,,,,,,,left_only,False,OTHER,,0,0.0,False,False,True,False,
zone_australia_gladstone_hay_point_20260828T041615Z.json_53,zone_australia_gladstone_hay_point_20260828T041615Z.json,zone,2026-08-28 04:16:15+00:00,2026-08-28T04:16:15+00:00,2026-08-28T02:41:56Z,94.31666666666666,,503500700,TORRESIAN,6,False,-23.79264,151.21254,7.1,351.8,0,,AUSTRALIA_GLADSTONE_HAY_POINT,myshiptracking_zone,53,True,7,,,,,,,,,,,,,,,,,,,,,,,,,,,,,,,,,,,,,,,,,left_only,False,OTHER,,0,0.0,False,False,True,False,
zone_australia_gladstone_hay_point_20260828T041615Z.json_54,zone_australia_gladstone_hay_point_20260828T041615Z.json,zone,2026-08-28 04:16:15+00:00,2026-08-28T04:16:15+00:00,2026-08-28T03:07:13Z,69.03333333333333,,503333000,NIGHT CROSSING,10,False,-23.83929,151.23925,0.0,511.0,15,,AUSTRALIA_GLADSTONE_HAY_POINT,myshiptracking_zone,54,True,8,,,,,,,,,,,,,,,,,,,,,,,,,,,,,,,,,,,,,,,,,left_only,False,OTHER,,0,0.0,False,False,True,False,
zone_australia_gladstone_hay_point_20260828T041615Z.json_55,zone_australia_gladstone_hay_point_20260828T041615Z.json,zone,2026-08-28 04:16:15+00:00,2026-08-28T04:16:15+00:00,2026-08-28T03:07:04Z,69.18333333333334,,503799900,PARANGOOL,4,False,-23.82738,151.24386,0.0,511.0,0,,AUSTRALIA_GLADSTONE_HAY_POINT,myshiptracking_zone,55,True,9,,,,,,,,,,,,,,,,,,,,,,,,,,,,,,,,,,,,,,,,,left_only,False,OTHER,,0,0.0,False,False,True,False,
zone_australia_gladstone_hay_point_20260828T041615Z.json_56,zone_australia_gladstone_hay_point_20260828T041615Z.json,zone,2026-08-28 04:16:15+00:00,2026-08-28T04:16:15+00:00,2026-08-28T02:20:16Z,115.98333333333332,,503167730,GOODNA,0,False,-23.7645,151.17189,18.4,350.0,0,,AUSTRALIA_GLADSTONE_HAY_POINT,myshiptracking_zone,56,True,10,,,,,,,,,,,,,,,,,,,,,,,,,,,,,,,,,,,,,,,,,left_only,False,OTHER,,0,0.0,False,False,True,False,
zone_australia_gladstone_hay_point_20260828T041615Z.json_57,zone_australia_gladstone_hay_point_20260828T041615Z.json,zone,2026-08-28 04:16:15+00:00,2026-08-28T04:16:15+00:00,2026-08-28T03:06:21Z,69.9,,503615300,BRAHMINY KITE,6,False,-23.82754,151.24418,0.0,511.0,5,,AUSTRALIA_GLADSTONE_HAY_POINT,myshiptracking_zone,57,True,11,,,,,,,,,,,,,,,,,,,,,,,,,,,,,,,,,,,,,,,,,left_only,False,OTHER,,0,0.0,False,False,True,False,
zone_australia_gladstone_hay_point_20260828T041615Z.json_58,zone_australia_gladstone_hay_point_20260828T041615Z.json,zone,2026-08-28 04:16:15+00:00,2026-08-28T04:16:15+00:00,2026-08-28T03:03:41Z,72.56666666666666,,503111860,REEF RESILIENCE,3,False,-23.82702,151.24308,0.0,128.0,1,,AUSTRALIA_GLADSTONE_HAY_POINT,myshiptracking_zone,58,True,12,,,,,,,,,,,,,,,,,,,,,,,,,,,,,,,,,,,,,,,,,left_only,False,OTHER,,0,0.0,False,False,True,False,
zone_australia_gladstone_hay_point_20260828T041615Z.json_59,zone_australia_gladstone_hay_point_20260828T041615Z.json,zone,2026-08-28 04:16:15+00:00,2026-08-28T04:16:15+00:00,2026-08-28T04:14:49Z,1.4333333333333331,,503185560,C'LOVER,9,False,-23.19221,150.93518,0.0,67.0,15,,AUSTRALIA_GLADSTONE_HAY_POINT,myshiptracking_zone,59,True,13,,,,,,,,,,,,,,,,,,,,,,,,,,,,,,,,,,,,,,,,,left_only,False,OTHER,,0,0.0,False,False,True,False,
zone_australia_gladstone_hay_point_20260828T041615Z.json_60,zone_australia_gladstone_hay_point_20260828T041615Z.json,zone,2026-08-28 04:16:15+00:00,2026-08-28T04:16:15+00:00,2026-08-28T03:08:01Z,68.23333333333333,,503013630,SWEET,9,False,-23.83155,151.24687,0.2,95.0,0,,AUSTRALIA_GLADSTONE_HAY_POINT,myshiptracking_zone,60,True,14,,,,,,,,,,,,,,,,,,,,,,,,,,,,,,,,,,,,,,,,,left_only,False,OTHER,,0,0.0,False,False,True,False,
zone_australia_gladstone_hay_point_20260828T041615Z.json_61,zone_australia_gladstone_hay_point_20260828T041615Z.json,zone,2026-08-28 04:16:15+00:00,2026-08-28T04:16:15+00:00,2026-08-28T02:58:01Z,78.23333333333333,,503121910,MV MIKAT,10,False,-23.83303,151.24797,0.0,511.0,15,,AUSTRALIA_GLADSTONE_HAY_POINT,myshiptracking_zone,61,True,15,,,,,,,,,,,,,,,,,,,,,,,,,,,,,,,,,,,,,,,,,left_only,False,OTHER,,0,0.0,False,False,True,False,
zone_australia_gladstone_hay_point_20260828T041615Z.json_62,zone_australia_gladstone_hay_point_20260828T041615Z.json,zone,2026-08-28 04:16:15+00:00,2026-08-28T04:16:15+00:00,2026-08-28T03:07:58Z,68.28333333333333,,503079250,PV GOONANGA,3,False,-23.83293,151.24688,0.0,280.0,9,,AUSTRALIA_GLADSTONE_HAY_POINT,myshiptracking_zone,62,True,16,,,,,,,,,,,,,,,,,,,,,,,,,,,,,,,,,,,,,,,,,left_only,False,OTHER,,0,0.0,False,False,True,False,
zone_australia_gladstone_hay_point_20260828T041615Z.json_63,zone_australia_gladstone_hay_point_20260828T041615Z.json,zone,2026-08-28 04:16:15+00:00,2026-08-28T04:16:15+00:00,2026-08-28T00:55:47Z,200.46666666666667,,503053460,PILOT VESSEL TAKOKO,0,False,-23.83303,151.24688,0.0,274.0,0,,AUSTRALIA_GLADSTONE_HAY_POINT,myshiptracking_zone,63,True,17,,,,,,,,,,,,,,,,,,,,,,,,,,,,,,,,,,,,,,,,,left_only,False,OTHER,,0,0.0,False,False,True,False,
zone_australia_gladstone_hay_point_20260828T041615Z.json_64,zone_australia_gladstone_hay_point_20260828T041615Z.json,zone,2026-08-28 04:16:15+00:00,2026-08-28T04:16:15+00:00,2026-08-28T04:15:57Z,0.3,,368283890,SV NORHI,9,False,-23.16148,150.95227,0.2,511.0,15,,AUSTRALIA_GLADSTONE_HAY_POINT,myshiptracking_zone,64,False,18,,,,,,,,,,,,,,,,,,,,,,,,,,,,,,,,,,,,,,,,,left_only,False,OTHER,,0,0.0,False,False,True,False,
zone_australia_gladstone_hay_point_20260828T041615Z.json_65,zone_australia_gladstone_hay_point_20260828T041615Z.json,zone,2026-08-28 04:16:15+00:00,2026-08-28T04:16:15+00:00,2026-08-28T02:30:00Z,106.25,,503058310,TRADITION,9,False,-23.07663,150.9963,9.5,337.8,15,,AUSTRALIA_GLADSTONE_HAY_POINT,myshiptracking_zone,65,True,19,,,,,,,,,,,,,,,,,,,,,,,,,,,,,,,,,,,,,,,,,left_only,False,OTHER,,0,0.0,False,False,True,False,
zone_australia_gladstone_hay_point_20260828T041615Z.json_66,zone_australia_gladstone_hay_point_20260828T041615Z.json,zone,2026-08-28 04:16:15+00:00,2026-08-28T04:16:15+00:00,2026-08-28T04:13:58Z,2.283333333333333,,503070820,C'EST LA VIE,9,False,-23.16254,150.9533,0.3,511.0,15,,AUSTRALIA_GLADSTONE_HAY_POINT,myshiptracking_zone,66,False,20,,,,,,,,,,,,,,,,,,,,,,,,,,,,,,,,,,,,,,,,,left_only,False,OTHER,,0,0.0,False,False,True,False,
zone_australia_gladstone_hay_point_20260828T041615Z.json_67,zone_australia_gladstone_hay_point_20260828T041615Z.json,zone,2026-08-28 04:16:15+00:00,2026-08-28T04:16:15+00:00,2026-08-28T03:06:53Z,69.36666666666666,,503757300,COROMANDEL,9,False,-23.83261,151.24519,0.1,511.0,15,,AUSTRALIA_GLADSTONE_HAY_POINT,myshiptracking_zone,67,True,21,,,,,,,,,,,,,,,,,,,,,,,,,,,,,,,,,,,,,,,,,left_only,False,OTHER,,0,0.0,False,False,True,False,
zone_australia_gladstone_hay_point_20260828T041615Z.json_68,zone_australia_gladstone_hay_point_20260828T041615Z.json,zone,2026-08-28 04:16:15+00:00,2026-08-28T04:16:15+00:00,2026-08-28T02:42:15Z,94.0,,503614800,ALKIRA,3,False,-23.83211,151.24155,0.0,511.0,0,,AUSTRALIA_GLADSTONE_HAY_POINT,myshiptracking_zone,68,True,22,,,,,,,,,,,,,,,,,,,,,,,,,,,,,,,,,,,,,,,,,left_only,False,OTHER,,0,0.0,False,False,True,False,
zone_australia_gladstone_hay_point_20260828T041615Z.json_69,zone_australia_gladstone_hay_point_20260828T041615Z.json,zone,2026-08-28 04:16:15+00:00,2026-08-28T04:16:15+00:00,2026-08-28T02:58:26Z,77.81666666666666,,503185840,GAME ON,9,False,-23.83293,151.24527,0.0,97.0,15,,AUSTRALIA_GLADSTONE_HAY_POINT,myshiptracking_zone,69,True,23,,,,,,,,,,,,,,,,,,,,,,,,,,,,,,,,,,,,,,,,,left_only,False,OTHER,,0,0.0,False,False,True,False,
zone_australia_gladstone_hay_point_20260828T041615Z.json_70,zone_australia_gladstone_hay_point_20260828T041615Z.json,zone,2026-08-28 04:16:15+00:00,2026-08-28T04:16:15+00:00,2026-08-28T04:15:43Z,0.5333333333333333,,503157420,SCOOTER SAILS,9,False,-23.16499,150.95044,0.3,511.0,15,,AUSTRALIA_GLADSTONE_HAY_POINT,myshiptracking_zone,70,False,24,,,,,,,,,,,,,,,,,,,,,,,,,,,,,,,,,,,,,,,,,left_only,False,OTHER,,0,0.0,False,False,True,False,
zone_australia_gladstone_hay_point_20260828T041615Z.json_71,zone_australia_gladstone_hay_point_20260828T041615Z.json,zone,2026-08-28 04:16:15+00:00,2026-08-28T04:16:15+00:00,2026-08-28T02:07:26Z,128.81666666666666,,503048520,KIA ORA,9,False,-23.15138,150.92632,5.0,244.4,15,,AUSTRALIA_GLADSTONE_HAY_POINT,myshiptracking_zone,71,True,25,,,,,,,,,,,,,,,,,,,,,,,,,,,,,,,,,,,,,,,,,left_only,False,OTHER,,0,0.0,False,False,True,False,
zone_australia_gladstone_hay_point_20260828T041615Z.json_72,zone_australia_gladstone_hay_point_20260828T041615Z.json,zone,2026-08-28 04:16:15+00:00,2026-08-28T04:16:15+00:00,2026-08-28T04:15:00Z,1.25,,503136410,INCEPTION,9,False,-23.18735,150.93256,0.2,511.0,15,,AUSTRALIA_GLADSTONE_HAY_POINT,myshiptracking_zone,72,False,26,,,,,,,,,,,,,,,,,,,,,,,,,,,,,,,,,,,,,,,,,left_only,False,OTHER,,0,0.0,False,False,True,False,
zone_australia_gladstone_hay_point_20260828T041615Z.json_73,zone_australia_gladstone_hay_point_20260828T041615Z.json,zone,2026-08-28 04:16:15+00:00,2026-08-28T04:16:15+00:00,2026-08-28T04:15:36Z,0.65,,503535500,MIXD NUTZ,9,False,-23.16038,150.95413,0.0,87.0,15,,AUSTRALIA_GLADSTONE_HAY_POINT,myshiptracking_zone,73,False,27,,,,,,,,,,,,,,,,,,,,,,,,,,,,,,,,,,,,,,,,,left_only,False,OTHER,,0,0.0,False,False,True,False,
zone_australia_gladstone_hay_point_20260828T041615Z.json_74,zone_australia_gladstone_hay_point_20260828T041615Z.json,zone,2026-08-28 04:16:15+00:00,2026-08-28T04:16:15+00:00,2026-08-27T22:37:04Z,339.18333333333334,,503039620,BELLA LUCA,9,False,-23.27853,150.99216,4.6,116.1,15,,AUSTRALIA_GLADSTONE_HAY_POINT,myshiptracking_zone,74,True,28,,,,,,,,,,,,,,,,,,,,,,,,,,,,,,,,,,,,,,,,,left_only,False,OTHER,,0,0.0,False,False,True,False,
zone_australia_gladstone_hay_point_20260828T041615Z.json_75,zone_australia_gladstone_hay_point_20260828T041615Z.json,zone,2026-08-28 04:16:15+00:00,2026-08-28T04:16:15+00:00,2026-08-28T02:32:20Z,103.91666666666669,,503082090,TWILIGHT,9,False,-23.41496,151.0029,4.0,220.2,15,,AUSTRALIA_GLADSTONE_HAY_POINT,myshiptracking_zone,75,True,29,,,,,,,,,,,,,,,,,,,,,,,,,,,,,,,,,,,,,,,,,left_only,False,OTHER,,0,0.0,False,False,True,False,
zone_australia_gladstone_hay_point_20260828T041615Z.json_76,zone_australia_gladstone_hay_point_20260828T041615Z.json,zone,2026-08-28 04:16:15+00:00,2026-08-28T04:16:15+00:00,2026-08-28T00:25:01Z,231.2333333333333,,503736600,DIVA 8,3,False,-23.83634,151.24632,5.4,308.2,15,,AUSTRALIA_GLADSTONE_HAY_POINT,myshiptracking_zone,76,True,30,,,,,,,,,,,,,,,,,,,,,,,,,,,,,,,,,,,,,,,,,left_only,False,OTHER,,0,0.0,False,False,True,False,
zone_australia_gladstone_hay_point_20260828T041615Z.json_77,zone_australia_gladstone_hay_point_20260828T041615Z.json,zone,2026-08-28 04:16:15+00:00,2026-08-28T04:16:15+00:00,2026-08-28T02:57:34Z,78.68333333333334,,503168470,LOW PROFILE,9,False,-23.83234,151.24424,0.0,511.0,15,,AUSTRALIA_GLADSTONE_HAY_POINT,myshiptracking_zone,77,True,31,,,,,,,,,,,,,,,,,,,,,,,,,,,,,,,,,,,,,,,,,left_only,False,OTHER,,0,0.0,False,False,True,False,
zone_australia_gladstone_hay_point_20260828T041615Z.json_78,zone_australia_gladstone_hay_point_20260828T041615Z.json,zone,2026-08-28 04:16:15+00:00,2026-08-28T04:16:15+00:00,2026-08-28T00:13:29Z,242.76666666666668,,503029670,CONCERTO 2,9,False,-23.25064,150.94313,4.2,154.3,15,,AUSTRALIA_GLADSTONE_HAY_POINT,myshiptracking_zone,78,True,32,,,,,,,,,,,,,,,,,,,,,,,,,,,,,,,,,,,,,,,,,left_only,False,OTHER,,0,0.0,False,False,True,False,
zone_australia_gladstone_hay_point_20260828T041615Z.json_79,zone_australia_gladstone_hay_point_20260828T041615Z.json,zone,2026-08-28 04:16:15+00:00,2026-08-28T04:16:15+00:00,2026-08-28T00:08:29Z,247.76666666666668,,503100940,CHACO,3,False,-23.83269,151.24287,0.0,511.0,15,,AUSTRALIA_GLADSTONE_HAY_POINT,myshiptracking_zone,79,True,33,,,,,,,,,,,,,,,,,,,,,,,,,,,,,,,,,,,,,,,,,left_only,False,OTHER,,0,0.0,False,False,True,False,
zone_australia_gladstone_hay_point_20260828T041615Z.json_80,zone_australia_gladstone_hay_point_20260828T041615Z.json,zone,2026-08-28 04:16:15+00:00,2026-08-28T04:16:15+00:00,2026-08-28T03:00:51Z,75.4,,503638830,COBIA,9,False,-23.82855,151.24173,3.5,133.8,15,,AUSTRALIA_GLADSTONE_HAY_POINT,myshiptracking_zone,80,True,34,,,,,,,,,,,,,,,,,,,,,,,,,,,,,,,,,,,,,,,,,left_only,False,OTHER,,0,0.0,False,False,True,False,
zone_australia_gladstone_hay_point_20260828T041615Z.json_81,zone_australia_gladstone_hay_point_20260828T041615Z.json,zone,2026-08-28 04:16:15+00:00,2026-08-28T04:16:15+00:00,2026-08-28T03:07:57Z,68.3,,503078690,COLANDO,7,True,-23.83271,151.24278,0.0,511.0,15,,AUSTRALIA_GLADSTONE_HAY_POINT,myshiptracking_zone,81,True,35,,,,,,,,,,,,,,,,,,,,,,,,,,,,,,,,,,,,,,,,,left_only,False,BULK_CARRIER,,0,0.0,True,False,True,False,
zone_australia_gladstone_hay_point_20260828T041615Z.json_82,zone_australia_gladstone_hay_point_20260828T041615Z.json,zone,2026-08-28 04:16:15+00:00,2026-08-28T04:16:15+00:00,2026-08-28T03:07:12Z,69.05,,503166340,AMIRI,9,False,-23.83209,151.24525,0.0,511.0,15,,AUSTRALIA_GLADSTONE_HAY_POINT,myshiptracking_zone,82,True,36,,,,,,,,,,,,,,,,,,,,,,,,,,,,,,,,,,,,,,,,,left_only,False,OTHER,,0,0.0,False,False,True,False,
zone_australia_gladstone_hay_point_20260828T041615Z.json_83,zone_australia_gladstone_hay_point_20260828T041615Z.json,zone,2026-08-28 04:16:15+00:00,2026-08-28T04:16:15+00:00,2026-08-28T04:14:18Z,1.95,,503188230,ISLAND GIRL,9,False,-23.15934,150.95577,0.2,511.0,15,,AUSTRALIA_GLADSTONE_HAY_POINT,myshiptracking_zone,83,False,37,,,,,,,,,,,,,,,,,,,,,,,,,,,,,,,,,,,,,,,,,left_only,False,OTHER,,0,0.0,False,False,True,False,
zone_australia_gladstone_hay_point_20260828T041615Z.json_84,zone_australia_gladstone_hay_point_20260828T041615Z.json,zone,2026-08-28 04:16:15+00:00,2026-08-28T04:16:15+00:00,2026-08-28T01:01:17Z,194.96666666666667,,503010510,NICHOLLS,3,False,-23.83156,151.26043,7.9,272.1,15,,AUSTRALIA_GLADSTONE_HAY_POINT,myshiptracking_zone,84,True,38,,,,,,,,,,,,,,,,,,,,,,,,,,,,,,,,,,,,,,,,,left_only,False,OTHER,,0,0.0,False,False,True,False,
zone_australia_gladstone_hay_point_20260828T041615Z.json_85,zone_australia_gladstone_hay_point_20260828T041615Z.json,zone,2026-08-28 04:16:15+00:00,2026-08-28T04:16:15+00:00,2026-08-28T00:56:12Z,200.05,,503091750,RAHAJA,3,False,-23.83133,151.2431,5.6,235.2,15,,AUSTRALIA_GLADSTONE_HAY_POINT,myshiptracking_zone,85,True,39,,,,,,,,,,,,,,,,,,,,,,,,,,,,,,,,,,,,,,,,,left_only,False,OTHER,,0,0.0,False,False,True,False,
zone_australia_gladstone_hay_point_20260828T041615Z.json_86,zone_australia_gladstone_hay_point_20260828T041615Z.json,zone,2026-08-28 04:16:15+00:00,2026-08-28T04:16:15+00:00,2026-08-28T02:56:26Z,79.81666666666666,,503167790,MUDSKIPPER,9,False,-23.85695,151.32327,0.1,511.0,15,,AUSTRALIA_GLADSTONE_HAY_POINT,myshiptracking_zone,86,True,40,,,,,,,,,,,,,,,,,,,,,,,,,,,,,,,,,,,,,,,,,left_only,False,OTHER,,0,0.0,False,False,True,False,
zone_australia_gladstone_hay_point_20260828T041615Z.json_87,zone_australia_gladstone_hay_point_20260828T041615Z.json,zone,2026-08-28 04:16:15+00:00,2026-08-28T04:16:15+00:00,2026-08-28T02:17:48Z,118.45,,503060750,NANCY WAKE,6,False,-23.82765,151.24382,0.0,511.0,15,,AUSTRALIA_GLADSTONE_HAY_POINT,myshiptracking_zone,87,True,41,,,,,,,,,,,,,,,,,,,,,,,,,,,,,,,,,,,,,,,,,left_only,False,OTHER,,0,0.0,False,False,True,False,
zone_australia_gladstone_hay_point_20260828T041615Z.json_88,zone_australia_gladstone_hay_point_20260828T041615Z.json,zone,2026-08-28 04:16:15+00:00,2026-08-28T04:16:15+00:00,2026-08-28T03:04:09Z,72.1,,503163760,SERENITY CAT,9,False,-23.83166,151.24367,0.0,511.0,15,,AUSTRALIA_GLADSTONE_HAY_POINT,myshiptracking_zone,88,True,42,,,,,,,,,,,,,,,,,,,,,,,,,,,,,,,,,,,,,,,,,left_only,False,OTHER,,0,0.0,False,False,True,False,
zone_australia_gladstone_hay_point_20260828T041615Z.json_89,zone_australia_gladstone_hay_point_20260828T041615Z.json,zone,2026-08-28 04:16:15+00:00,2026-08-28T04:16:15+00:00,2026-08-28T04:09:36Z,6.65,,995036120,SPSB3,13,False,-23.82584,151.247,0.0,0.0,30,,AUSTRALIA_GLADSTONE_HAY_POINT,myshiptracking_zone,89,False,43,,,,,,,,,,,,,,,,,,,,,,,,,,,,,,,,,,,,,,,,,left_only,False,OTHER,,0,0.0,False,False,True,False,
zone_australia_gladstone_hay_point_20260828T041615Z.json_90,zone_australia_gladstone_hay_point_20260828T041615Z.json,zone,2026-08-28 04:16:15+00:00,2026-08-28T04:16:15+00:00,2026-08-28T04:14:36Z,1.65,,995036119,SPSB2,13,False,-23.82666,151.24662,0.0,0.0,30,,AUSTRALIA_GLADSTONE_HAY_POINT,myshiptracking_zone,90,False,44,,,,,,,,,,,,,,,,,,,,,,,,,,,,,,,,,,,,,,,,,left_only,False,OTHER,,0,0.0,False,False,True,False,
zone_australia_gladstone_hay_point_20260828T041615Z.json_91,zone_australia_gladstone_hay_point_20260828T041615Z.json,zone,2026-08-28 04:16:15+00:00,2026-08-28T04:16:15+00:00,2026-08-28T04:14:36Z,1.65,,995036118,SPSB1,13,False,-23.82607,151.24804,0.0,0.0,30,,AUSTRALIA_GLADSTONE_HAY_POINT,myshiptracking_zone,91,True,45,,,,,,,,,,,,,,,,,,,,,,,,,,,,,,,,,,,,,,,,,left_only,False,OTHER,,0,0.0,False,False,True,False,
zone_australia_gladstone_hay_point_20260828T041615Z.json_92,zone_australia_gladstone_hay_point_20260828T041615Z.json,zone,2026-08-28 04:16:15+00:00,2026-08-28T04:16:15+00:00,2026-08-28T04:11:23Z,4.866666666666666,,995036074,GLT CP4 EAST CARD,13,False,-23.75645,151.17396,0.0,0.0,10,,AUSTRALIA_GLADSTONE_HAY_POINT,myshiptracking_zone,92,False,46,,,,,,,,,,,,,,,,,,,,,,,,,,,,,,,,,,,,,,,,,left_only,False,OTHER,,0,0.0,False,False,True,False,
zone_australia_gladstone_hay_point_20260828T041615Z.json_93,zone_australia_gladstone_hay_point_20260828T041615Z.json,zone,2026-08-28 04:16:15+00:00,2026-08-28T04:16:15+00:00,2026-08-28T04:11:20Z,4.916666666666667,,995036073,GLT CP2 WEST CARD,13,False,-23.75779,151.17168,0.0,0.0,12,,AUSTRALIA_GLADSTONE_HAY_POINT,myshiptracking_zone,93,True,47,,,,,,,,,,,,,,,,,,,,,,,,,,,,,,,,,,,,,,,,,left_only,False,OTHER,,0,0.0,False,False,True,False,
zone_australia_gladstone_hay_point_20260828T041615Z.json_94,zone_australia_gladstone_hay_point_20260828T041615Z.json,zone,2026-08-28 04:16:15+00:00,2026-08-28T04:16:15+00:00,2026-08-28T03:02:58Z,73.28333333333333,,995036331,GLT_BEX01_STBD_LAT,13,False,-23.91997,151.49999,0.0,0.0,14,,AUSTRALIA_GLADSTONE_HAY_POINT,myshiptracking_zone,94,True,48,,,,,,,,,,,,,,,,,,,,,,,,,,,,,,,,,,,,,,,,,left_only,False,OTHER,,0,0.0,False,False,True,False,
zone_australia_gladstone_hay_point_20260828T041615Z.json_95,zone_australia_gladstone_hay_point_20260828T041615Z.json,zone,2026-08-28 04:16:15+00:00,2026-08-28T04:16:15+00:00,2026-08-28T03:16:43Z,59.53333333333333,,995036332,GLT_BEX02_PORT_LAT,13,False,-23.92602,151.49999,0.0,0.0,13,,AUSTRALIA_GLADSTONE_HAY_POINT,myshiptracking_zone,95,True,49,,,,,,,,,,,,,,,,,,,,,,,,,,,,,,,,,,,,,,,,,left_only,False,OTHER,,0,0.0,False,False,True,False,
zone_australia_gladstone_hay_point_20260828T041615Z.json_96,zone_australia_gladstone_hay_point_20260828T041615Z.json,zone,2026-08-28 04:16:15+00:00,2026-08-28T04:16:15+00:00,2026-08-28T03:05:10Z,71.08333333333333,,5030225,,11,False,-24.02216,151.76419,0.0,0.0,15,,AUSTRALIA_GLADSTONE_HAY_POINT,myshiptracking_zone,96,True,50,,,,,,,,,,,,,,,,,,,,,,,,,,,,,,,,,,,,,,,,,left_only,False,OTHER,,0,0.0,False,False,True,False,
zone_australia_gladstone_hay_point_20260828T041615Z.json_97,zone_australia_gladstone_hay_point_20260828T041615Z.json,zone,2026-08-28 04:16:15+00:00,2026-08-28T04:16:15+00:00,2026-08-28T03:06:42Z,69.55,9889306,352393000,AZUL TIERRA,7,True,-23.79716,151.5176,0.1,181.0,1,,AUSTRALIA_GLADSTONE_HAY_POINT,myshiptracking_zone,97,True,1,352393000.0,AZUL TIERRA,7.0,Cargo,H9PH,,,,10.9,261.0,39.0,21.0,29.0,PA,AU GLT,2026-08-26T21:00:00.000Z,,,,,,DALRYMPLE,133.0,AUHPT,Australia,2026-08-25T22:12:50Z,GLADSTONE,3859.0,AUGLT,Australia,2026-08-26T21:00:00Z,9.7,12.3,243.5,12.0,ENE,73.7,1022.7,19.9,24135.3,both,True,BULK_CARRIER,,4,0.5714285714285714,True,True,True,True,
zone_australia_gladstone_hay_point_20260828T041615Z.json_98,zone_australia_gladstone_hay_point_20260828T041615Z.json,zone,2026-08-28 04:16:15+00:00,2026-08-28T04:16:15+00:00,2026-08-28T03:06:33Z,69.7,9324502,440422000,WHITE ROSE,7,True,-23.79759,151.47986,0.3,133.0,1,,AUSTRALIA_GLADSTONE_HAY_POINT,myshiptracking_zone,98,True,1,440422000.0,WHITE ROSE,7.0,Bulk Carrier,D7KJ,171827.0,89097.0,2006.0,9.3,247.0,42.0,18.0,27.0,KR,AUGLT,2026-08-25T23:00:00.000Z,,,,,,GWANGYANG,5505.0,KRKAN,Korea,2026-08-11T22:32:44Z,GLADSTONE,3859.0,AUGLT,Australia,2026-08-25T23:00:00Z,11.3,14.6,3973.53,12.0,ENE,73.7,1022.7,19.9,24135.3,both,True,BULK_CARRIER,20.0,7,1.0,True,True,True,True,
zone_australia_gladstone_hay_point_20260828T041615Z.json_99,zone_australia_gladstone_hay_point_20260828T041615Z.json,zone,2026-08-28 04:16:15+00:00,2026-08-28T04:16:15+00:00,2026-08-28T03:31:22Z,44.88333333333333,9885063,636020378,BRILLIANT MERCURY,7,True,-23.81812,151.24128,0.0,138.0,5,,AUSTRALIA_GLADSTONE_HAY_POINT,myshiptracking_zone,99,True,1,636020378.0,BRILLIANT MERCURY,7.0,Cargo,D5YY2,,,,7.9,217.0,33.0,26.0,17.0,LR,AU GLT,2026-08-25T03:30:00.000Z,GLADSTONE,3859.0,AUGLT,Australia,2026-08-27T21:16:26Z,FUKUYAMA,4824.0,JPFKY,Japan,2026-08-01T00:12:37Z,,,,,,,,,10.0,ENE,62.5,1022.5,21.4,24135.3,both,True,BULK_CARRIER,,2,0.2857142857142857,True,True,True,True,
zone_australia_gladstone_hay_point_20260828T041615Z.json_100,zone_australia_gladstone_hay_point_20260828T041615Z.json,zone,2026-08-28 04:16:15+00:00,2026-08-28T04:16:15+00:00,2026-08-28T03:57:06Z,19.15,9633159,636025609,MAIZURU KICHIJO,7,True,-23.85197,151.31129,0.0,261.0,5,,AUSTRALIA_GLADSTONE_HAY_POINT,myshiptracking_zone,100,True,1,636025609.0,MAIZURU KICHIJO,7.0,Bulk Carrier,5LYG9,91435.0,50626.0,2012.0,12.5,201.0,34.0,23.0,15.0,LR,AU_GLT,2026-08-22T00:00:00.000Z,,,,,,,,,,,GLADSTONE,3859.0,AUGLT,Australia,2026-08-22T00:00:00Z,,,,10.0,ENE,62.5,1022.5,21.4,24135.3,both,True,BULK_CARRIER,14.0,6,0.8571428571428571,True,True,True,True,
zone_australia_gladstone_hay_point_20260828T041615Z.json_101,zone_australia_gladstone_hay_point_20260828T041615Z.json,zone,2026-08-28 04:16:15+00:00,2026-08-28T04:16:15+00:00,2026-08-28T03:07:48Z,68.45,9565546,351733000,CHESAPEAKE HIGHWAY,7,True,-23.86656,151.57271,0.1,116.0,1,,AUSTRALIA_GLADSTONE_HAY_POINT,myshiptracking_zone,101,True,1,,,,,,,,,,,,,,,,,,,,,,,,,,,,,,,,,,,,,,,,,left_only,False,BULK_CARRIER,,0,0.0,True,False,True,True,
zone_australia_gladstone_hay_point_20260828T041615Z.json_102,zone_australia_gladstone_hay_point_20260828T041615Z.json,zone,2026-08-28 04:16:15+00:00,2026-08-28T04:16:15+00:00,2026-08-28T02:58:27Z,77.8,9914371,538012764,METIS TITANIUM,7,True,-23.84856,151.58976,0.0,128.0,1,,AUSTRALIA_GLADSTONE_HAY_POINT,myshiptracking_zone,102,True,1,,,,,,,,,,,,,,,,,,,,,,,,,,,,,,,,,,,,,,,,,left_only,False,BULK_CARRIER,,0,0.0,True,False,True,True,
zone_australia_gladstone_hay_point_20260828T041615Z.json_103,zone_australia_gladstone_hay_point_20260828T041615Z.json,zone,2026-08-28 04:16:15+00:00,2026-08-28T04:16:15+00:00,2026-08-28T02:58:16Z,77.98333333333333,9631151,503788000,MT LARCOM,8,False,-23.8519,151.31501,0.0,110.0,5,,AUSTRALIA_GLADSTONE_HAY_POINT,myshiptracking_zone,103,True,1,,,,,,,,,,,,,,,,,,,,,,,,,,,,,,,,,,,,,,,,,left_only,False,OTHER,,0,0.0,False,False,True,False,
zone_australia_gladstone_hay_point_20260828T041615Z.json_104,zone_australia_gladstone_hay_point_20260828T041615Z.json,zone,2026-08-28 04:16:15+00:00,2026-08-28T04:16:15+00:00,2026-08-28T01:05:46Z,190.4833333333333,,503489800,IRON JOY,6,False,-23.83653,151.25237,0.0,511.0,15,,AUSTRALIA_GLADSTONE_HAY_POINT,myshiptracking_zone,104,True,51,,,,,,,,,,,,,,,,,,,,,,,,,,,,,,,,,,,,,,,,,left_only,False,OTHER,,0,0.0,False,False,True,False,
zone_australia_gladstone_hay_point_20260828T041615Z.json_105,zone_australia_gladstone_hay_point_20260828T041615Z.json,zone,2026-08-28 04:16:15+00:00,2026-08-28T04:16:15+00:00,2026-08-28T01:56:14Z,140.01666666666668,,503171980,EASTERN VOYAGER,10,False,-23.83297,151.24734,0.0,511.0,15,,AUSTRALIA_GLADSTONE_HAY_POINT,myshiptracking_zone,105,True,52,,,,,,,,,,,,,,,,,,,,,,,,,,,,,,,,,,,,,,,,,left_only,False,OTHER,,0,0.0,False,False,True,False,
zone_australia_gladstone_hay_point_20260828T041615Z.json_106,zone_australia_gladstone_hay_point_20260828T041615Z.json,zone,2026-08-28 04:16:15+00:00,2026-08-28T04:16:15+00:00,2026-08-28T03:54:51Z,21.4,,503100660,MONTAGE,9,False,-23.16736,150.9468,0.1,511.0,15,,AUSTRALIA_GLADSTONE_HAY_POINT,myshiptracking_zone,106,True,53,,,,,,,,,,,,,,,,,,,,,,,,,,,,,,,,,,,,,,,,,left_only,False,OTHER,,0,0.0,False,False,True,False,
zone_australia_gladstone_hay_point_20260828T041615Z.json_107,zone_australia_gladstone_hay_point_20260828T041615Z.json,zone,2026-08-28 04:16:15+00:00,2026-08-28T04:16:15+00:00,2026-08-28T04:15:04Z,1.1833333333333331,,503099550,NELSON STAR,10,False,-23.16725,150.94917,0.1,59.0,15,,AUSTRALIA_GLADSTONE_HAY_POINT,myshiptracking_zone,107,False,54,,,,,,,,,,,,,,,,,,,,,,,,,,,,,,,,,,,,,,,,,left_only,False,OTHER,,0,0.0,False,False,True,False,
zone_australia_gladstone_hay_point_20260828T041615Z.json_108,zone_australia_gladstone_hay_point_20260828T041615Z.json,zone,2026-08-28 04:16:15+00:00,2026-08-28T04:16:15+00:00,2026-08-28T01:38:06Z,158.15,,503020880,TRANQUILITY BASE,9,False,-23.83188,151.24548,0.1,511.0,15,,AUSTRALIA_GLADSTONE_HAY_POINT,myshiptracking_zone,108,True,55,,,,,,,,,,,,,,,,,,,,,,,,,,,,,,,,,,,,,,,,,left_only,False,OTHER,,0,0.0,False,False,True,False,
zone_australia_gladstone_hay_point_20260828T041615Z.json_109,zone_australia_gladstone_hay_point_20260828T041615Z.json,zone,2026-08-28 04:16:15+00:00,2026-08-28T04:16:15+00:00,2026-08-28T01:58:38Z,137.61666666666667,,512003134,KHARISMA,9,False,-23.15665,150.92517,5.9,268.2,15,,AUSTRALIA_GLADSTONE_HAY_POINT,myshiptracking_zone,109,True,56,,,,,,,,,,,,,,,,,,,,,,,,,,,,,,,,,,,,,,,,,left_only,False,OTHER,,0,0.0,False,False,True,False,
zone_australia_gladstone_hay_point_20260828T041615Z.json_110,zone_australia_gladstone_hay_point_20260828T041615Z.json,zone,2026-08-28 04:16:15+00:00,2026-08-28T04:16:15+00:00,2026-08-27T23:57:40Z,258.5833333333333,,503102150,PEG II,10,False,-23.73914,151.33054,7.8,62.0,15,,AUSTRALIA_GLADSTONE_HAY_POINT,myshiptracking_zone,110,True,57,,,,,,,,,,,,,,,,,,,,,,,,,,,,,,,,,,,,,,,,,left_only,False,OTHER,,0,0.0,False,False,True,False,
zone_australia_gladstone_hay_point_20260828T041615Z.json_111,zone_australia_gladstone_hay_point_20260828T041615Z.json,zone,2026-08-28 04:16:15+00:00,2026-08-28T04:16:15+00:00,2026-08-28T04:15:09Z,1.1,,503230900,LIQUIDITY II,9,False,-23.163,150.95392,0.7,57.0,15,,AUSTRALIA_GLADSTONE_HAY_POINT,myshiptracking_zone,111,False,58,,,,,,,,,,,,,,,,,,,,,,,,,,,,,,,,,,,,,,,,,left_only,False,OTHER,,0,0.0,False,False,True,False,
zone_australia_gladstone_hay_point_20260828T041615Z.json_112,zone_australia_gladstone_hay_point_20260828T041615Z.json,zone,2026-08-28 04:16:15+00:00,2026-08-28T04:16:15+00:00,2026-08-28T02:09:53Z,126.36666666666666,,512011345,SECOND WIND,9,False,-23.83298,151.24515,0.0,511.0,15,,AUSTRALIA_GLADSTONE_HAY_POINT,myshiptracking_zone,112,True,59,,,,,,,,,,,,,,,,,,,,,,,,,,,,,,,,,,,,,,,,,left_only,False,OTHER,,0,0.0,False,False,True,False,
zone_australia_gladstone_hay_point_20260828T041615Z.json_113,zone_australia_gladstone_hay_point_20260828T041615Z.json,zone,2026-08-28 04:16:15+00:00,2026-08-28T04:16:15+00:00,2026-08-28T04:14:32Z,1.7166666666666666,,503087710,SEA GODDESS,9,False,-23.18478,150.93277,0.3,511.0,15,,AUSTRALIA_GLADSTONE_HAY_POINT,myshiptracking_zone,113,False,60,,,,,,,,,,,,,,,,,,,,,,,,,,,,,,,,,,,,,,,,,left_only,False,OTHER,,0,0.0,False,False,True,False,
zone_australia_gladstone_hay_point_20260828T041615Z.json_114,zone_australia_gladstone_hay_point_20260828T041615Z.json,zone,2026-08-28 04:16:15+00:00,2026-08-28T04:16:15+00:00,2026-08-28T00:05:35Z,250.66666666666663,,503334100,SPOOK,9,False,-23.83267,151.24421,0.0,511.0,15,,AUSTRALIA_GLADSTONE_HAY_POINT,myshiptracking_zone,114,True,61,,,,,,,,,,,,,,,,,,,,,,,,,,,,,,,,,,,,,,,,,left_only,False,OTHER,,0,0.0,False,False,True,False,
zone_australia_gladstone_hay_point_20260828T041615Z.json_115,zone_australia_gladstone_hay_point_20260828T041615Z.json,zone,2026-08-28 04:16:15+00:00,2026-08-28T04:16:15+00:00,2026-08-28T01:59:23Z,136.86666666666667,,503300100,CODI K,9,False,-23.8481,151.30798,25.8,108.8,15,,AUSTRALIA_GLADSTONE_HAY_POINT,myshiptracking_zone,115,True,62,,,,,,,,,,,,,,,,,,,,,,,,,,,,,,,,,,,,,,,,,left_only,False,OTHER,,0,0.0,False,False,True,False,
zone_australia_gladstone_hay_point_20260828T041615Z.json_116,zone_australia_gladstone_hay_point_20260828T041615Z.json,zone,2026-08-28 04:16:15+00:00,2026-08-28T04:16:15+00:00,2026-08-27T22:21:56Z,354.31666666666666,,503120420,RON TYLER,3,False,-23.83297,151.24273,0.1,511.0,15,,AUSTRALIA_GLADSTONE_HAY_POINT,myshiptracking_zone,116,True,63,,,,,,,,,,,,,,,,,,,,,,,,,,,,,,,,,,,,,,,,,left_only,False,OTHER,,0,0.0,False,False,True,False,
zone_australia_gladstone_hay_point_20260828T041615Z.json_117,zone_australia_gladstone_hay_point_20260828T041615Z.json,zone,2026-08-28 04:16:15+00:00,2026-08-28T04:16:15+00:00,2026-08-28T03:06:07Z,70.13333333333334,,995036328,IRVING REEF,13,False,-23.53162,151.60178,0.0,0.0,24,,AUSTRALIA_GLADSTONE_HAY_POINT,myshiptracking_zone,117,True,64,,,,,,,,,,,,,,,,,,,,,,,,,,,,,,,,,,,,,,,,,left_only,False,OTHER,,0,0.0,False,False,True,False,
zone_australia_gladstone_hay_point_20260828T041615Z.json_118,zone_australia_gladstone_hay_point_20260828T041615Z.json,zone,2026-08-28 04:16:15+00:00,2026-08-28T04:16:15+00:00,2026-08-28T04:00:13Z,16.033333333333335,,5030149,,11,False,-23.73678,151.05941,0.0,0.0,15,,AUSTRALIA_GLADSTONE_HAY_POINT,myshiptracking_zone,118,False,65,,,,,,,,,,,,,,,,,,,,,,,,,,,,,,,,,,,,,,,,,left_only,False,OTHER,,0,0.0,False,False,True,False,
zone_australia_gladstone_hay_point_20260828T041615Z.json_119,zone_australia_gladstone_hay_point_20260828T041615Z.json,zone,2026-08-28 04:16:15+00:00,2026-08-28T04:16:15+00:00,2026-08-28T04:11:23Z,4.866666666666666,,5030267,,11,False,-23.84036,151.255,0.0,0.0,15,,AUSTRALIA_GLADSTONE_HAY_POINT,myshiptracking_zone,119,False,66,,,,,,,,,,,,,,,,,,,,,,,,,,,,,,,,,,,,,,,,,left_only,False,OTHER,,0,0.0,False,False,True,False,
zone_australia_gladstone_hay_point_20260828T042118Z.json_0,zone_australia_gladstone_hay_point_20260828T042118Z.json,zone,2026-08-28 04:21:18+00:00,2026-08-28T04:21:18+00:00,2026-08-28T03:06:34Z,74.73333333333333,9713442,372754000,CAPE HARVEST,7,True,-23.84951,151.45999,0.3,126.0,1,,AUSTRALIA_GLADSTONE_HAY_POINT,myshiptracking_zone,0,True,2,372754000.0,CAPE HARVEST,7.0,Cargo,3FIT2,,,,8.8,260.0,40.0,15.0,35.0,PA,AUGLT,2026-08-16T10:00:00.000Z,,,,,,MIZUSHIMA,4285.0,JPMIZ,Japan,2026-08-02T05:32:38Z,,,,,,10.2,15.8,4012.27,12.0,ENE,73.7,1022.7,19.9,24135.3,both,True,BULK_CARRIER,,2,0.2857142857142857,True,True,True,True,
zone_australia_gladstone_hay_point_20260828T042118Z.json_1,zone_australia_gladstone_hay_point_20260828T042118Z.json,zone,2026-08-28 04:21:18+00:00,2026-08-28T04:21:18+00:00,2026-08-28T03:08:00Z,73.3,9603398,373033000,CAPE RAINBOW,7,True,-23.79231,151.53191,3.9,208.0,0,,AUSTRALIA_GLADSTONE_HAY_POINT,myshiptracking_zone,1,True,2,373033000.0,CAPE RAINBOW,7.0,Bulk Carrier,3EVI3,207886.0,106251.0,2012.0,10.0,262.0,38.0,19.0,31.0,PA,AU GLT,2026-08-28T04:00:00.000Z,,,,,,NEWCASTLE,314.0,AUNTL,Australia,2026-08-24T21:28:50Z,GLADSTONE,3859.0,AUGLT,Australia,2026-08-28T05:58:59Z,9.4,13.2,731.48,12.0,ENE,73.7,1022.7,19.9,24135.3,both,True,BULK_CARRIER,14.0,7,1.0,True,True,True,True,
zone_australia_gladstone_hay_point_20260828T042118Z.json_2,zone_australia_gladstone_hay_point_20260828T042118Z.json,zone,2026-08-28 04:21:18+00:00,2026-08-28T04:21:18+00:00,2026-08-28T03:05:11Z,76.11666666666666,9790880,431491000,NSU VOYAGER,7,True,-23.77969,151.51859,0.1,171.0,1,,AUSTRALIA_GLADSTONE_HAY_POINT,myshiptracking_zone,2,True,2,431491000.0,NSU VOYAGER,7.0,Cargo,7JZQ,,,,9.4,257.0,42.0,33.0,17.0,JP,AU GLT,2026-08-18T07:00:00.000Z,,,,,,NAGOYA,4715.0,JPNGO,Japan,2026-08-05T04:44:30Z,GLADSTONE,3859.0,AUGLT,Australia,2026-08-18T07:00:00Z,11.6,15.3,3865.44,12.0,ENE,73.7,1022.7,19.9,24135.3,both,True,BULK_CARRIER,,4,0.5714285714285714,True,True,True,True,
zone_australia_gladstone_hay_point_20260828T042118Z.json_3,zone_australia_gladstone_hay_point_20260828T042118Z.json,zone,2026-08-28 04:21:18+00:00,2026-08-28T04:21:18+00:00,2026-08-28T03:07:35Z,73.71666666666667,9700823,352286000,CAPE HOPE,7,True,-23.8005,151.49697,0.2,125.0,1,,AUSTRALIA_GLADSTONE_HAY_POINT,myshiptracking_zone,3,True,2,352286000.0,CAPE HOPE,7.0,Cargo,3FNK4,,,,9.8,258.0,41.0,22.0,28.0,PA,AU GLT,2026-08-16T13:00:00.000Z,,,,,,MIZUSHIMA,4285.0,JPMIZ,Japan,2026-07-19T02:00:29Z,,,,,,11.2,15.9,4210.23,12.0,ENE,73.7,1022.7,19.9,24135.3,both,True,BULK_CARRIER,,2,0.2857142857142857,True,True,True,True,
zone_australia_gladstone_hay_point_20260828T042118Z.json_4,zone_australia_gladstone_hay_point_20260828T042118Z.json,zone,2026-08-28 04:21:18+00:00,2026-08-28T04:21:18+00:00,2026-08-28T03:06:39Z,74.65,9465186,636019494,ES GLORY SEA,7,True,-23.75762,151.47274,0.1,64.0,1,,AUSTRALIA_GLADSTONE_HAY_POINT,myshiptracking_zone,4,True,2,636019494.0,ES GLORY SEA,7.0,Bulk Carrier,D5UT9,177000.0,91407.0,2007.0,9.4,251.0,41.0,18.0,27.0,LR,GLADSTONE AUS,2026-08-19T20:00:00.000Z,,,,,,JINGTANG,4205.0,CNTAS,China,2026-08-01T05:40:30Z,GLADSTONE,3859.0,AUGLT,Australia,2026-08-19T20:00:00Z,9.6,12.8,4544.91,12.0,ENE,73.7,1022.7,19.9,24135.3,both,True,BULK_CARRIER,19.0,7,1.0,True,True,True,True,
zone_australia_gladstone_hay_point_20260828T042118Z.json_5,zone_australia_gladstone_hay_point_20260828T042118Z.json,zone,2026-08-28 04:21:18+00:00,2026-08-28T04:21:18+00:00,2026-08-28T03:05:23Z,75.91666666666667,9614919,431812000,SG UNITED,7,True,-23.8134,151.46051,0.2,149.0,1,,AUSTRALIA_GLADSTONE_HAY_POINT,myshiptracking_zone,5,True,2,431812000.0,SG UNITED,7.0,Cargo,7KMO,,,,9.9,254.0,38.0,25.0,20.0,JP,AU GLT,2026-08-14T23:15:00.000Z,,,,,,KASHIMA,4730.0,JPKSM,Japan,2026-07-27T09:08:21Z,,,,,,10.4,14.3,4546.96,12.0,ENE,73.7,1022.7,19.9,24135.3,both,True,BULK_CARRIER,,2,0.2857142857142857,True,True,True,True,
zone_australia_gladstone_hay_point_20260828T042118Z.json_6,zone_australia_gladstone_hay_point_20260828T042118Z.json,zone,2026-08-28 04:21:18+00:00,2026-08-28T04:21:18+00:00,2026-08-28T03:02:37Z,78.68333333333334,9519779,205580000,MINERAL STONEHENGE,7,True,-23.81305,151.49913,0.0,172.0,1,,AUSTRALIA_GLADSTONE_HAY_POINT,myshiptracking_zone,6,True,2,205580000.0,MINERAL STONEHENGE,7.0,Bulk Carrier,ONGR,175713.0,91971.0,2010.0,10.4,251.0,41.0,25.0,20.0,BE,AU GLT,2026-08-22T19:00:00.000Z,,,,,,BORYEONG,5482.0,KRBOR,Korea,2026-08-04T07:05:24Z,GLADSTONE,3859.0,AUGLT,Australia,2026-08-22T19:00:00Z,10.1,13.8,4267.73,12.0,ENE,73.7,1022.7,19.9,24135.3,both,True,BULK_CARRIER,16.0,7,1.0,True,True,True,True,
zone_australia_gladstone_hay_point_20260828T042118Z.json_7,zone_australia_gladstone_hay_point_20260828T042118Z.json,zone,2026-08-28 04:21:18+00:00,2026-08-28T04:21:18+00:00,2026-08-28T02:33:03Z,108.25,9587350,636019937,ANABELA,7,True,-23.76171,151.51549,0.2,189.0,1,,AUSTRALIA_GLADSTONE_HAY_POINT,myshiptracking_zone,7,True,2,636019937.0,ANABELA,7.0,Bulk Carrier,D5WW6,177029.0,92053.0,2010.0,10.4,251.0,40.0,25.0,20.0,LR,AUGLT,2026-08-17T02:00:00.000Z,,,,,,JINGTANG,4205.0,CNTAS,China,2026-08-01T06:20:44Z,,,,,,11.6,14.5,4636.66,12.0,ENE,73.7,1022.7,19.9,24135.3,both,True,BULK_CARRIER,16.0,5,0.7142857142857143,True,True,True,True,
zone_australia_gladstone_hay_point_20260828T042118Z.json_8,zone_australia_gladstone_hay_point_20260828T042118Z.json,zone,2026-08-28 04:21:18+00:00,2026-08-28T04:21:18+00:00,2026-08-28T03:19:27Z,61.85,9974149,636025078,PUTERI PAHANG,8,False,-23.82505,151.25875,9.6,308.0,0,,AUSTRALIA_GLADSTONE_HAY_POINT,myshiptracking_zone,8,True,2,,,,,,,,,,,,,,,,,,,,,,,,,,,,,,,,,,,,,,,,,left_only,False,OTHER,,0,0.0,False,False,True,False,
zone_australia_gladstone_hay_point_20260828T042118Z.json_9,zone_australia_gladstone_hay_point_20260828T042118Z.json,zone,2026-08-28 04:21:18+00:00,2026-08-28T04:21:18+00:00,2026-08-28T02:58:07Z,83.18333333333334,9640645,538013005,V GAS OHIO,8,False,-23.77802,151.19546,0.0,132.0,5,,AUSTRALIA_GLADSTONE_HAY_POINT,myshiptracking_zone,9,True,2,,,,,,,,,,,,,,,,,,,,,,,,,,,,,,,,,,,,,,,,,left_only,False,OTHER,,0,0.0,False,False,True,False,
zone_australia_gladstone_hay_point_20260828T042118Z.json_10,zone_australia_gladstone_hay_point_20260828T042118Z.json,zone,2026-08-28 04:21:18+00:00,2026-08-28T04:21:18+00:00,2026-08-28T03:31:22Z,49.93333333333333,9885063,636020378,BRILLIANT MERCURY,7,True,-23.81812,151.24128,0.0,138.0,5,,AUSTRALIA_GLADSTONE_HAY_POINT,myshiptracking_zone,10,True,2,636020378.0,BRILLIANT MERCURY,7.0,Cargo,D5YY2,,,,7.9,217.0,33.0,26.0,17.0,LR,AU GLT,2026-08-25T03:30:00.000Z,GLADSTONE,3859.0,AUGLT,Australia,2026-08-27T21:16:26Z,FUKUYAMA,4824.0,JPFKY,Japan,2026-08-01T00:12:37Z,,,,,,,,,10.0,ENE,62.5,1022.5,21.4,24135.3,both,True,BULK_CARRIER,,2,0.2857142857142857,True,True,True,True,
zone_australia_gladstone_hay_point_20260828T042118Z.json_11,zone_australia_gladstone_hay_point_20260828T042118Z.json,zone,2026-08-28 04:21:18+00:00,2026-08-28T04:21:18+00:00,2026-08-28T03:02:47Z,78.51666666666667,9694945,269084000,BREGAGLIA,7,True,-23.83375,151.47999,0.0,73.0,1,,AUSTRALIA_GLADSTONE_HAY_POINT,myshiptracking_zone,11,True,2,269084000.0,BREGAGLIA,7.0,Cargo,HBDU,,,,8.1,203.0,37.0,15.0,23.0,CH,AUGLT,2026-08-24T13:30:00.000Z,,,,,,HITACHINAKA,4421.0,JPHIC,Japan,2026-08-08T10:24:31Z,GLADSTONE,3859.0,AUGLT,Australia,2026-08-24T13:30:00Z,10.6,13.8,3956.39,12.0,ENE,73.7,1022.7,19.9,24135.3,both,True,BULK_CARRIER,,4,0.5714285714285714,True,True,True,True,
zone_australia_gladstone_hay_point_20260828T042118Z.json_12,zone_australia_gladstone_hay_point_20260828T042118Z.json,zone,2026-08-28 04:21:18+00:00,2026-08-28T04:21:18+00:00,2026-08-28T03:08:02Z,73.26666666666667,9599078,311001257,POPEYE,7,True,-23.81556,151.2388,0.0,138.0,5,,AUSTRALIA_GLADSTONE_HAY_POINT,myshiptracking_zone,12,True,2,311001257.0,POPEYE,7.0,Bulk Carrier,C6GI7,98730.0,51905.0,2013.0,8.3,211.0,29.0,24.0,14.0,BS,AU HPT,2026-08-29T20:00:00.000Z,GLADSTONE,3859.0,AUGLT,Australia,2026-08-27T18:05:35Z,QINGDAO,4157.0,CNQDG,China,2026-07-29T01:28:37Z,DALRYMPLE,133.0,AUHPT,Australia,2026-08-29T20:00:00Z,,,,10.0,ENE,62.5,1022.5,21.4,24135.3,both,True,BULK_CARRIER,13.0,7,1.0,True,True,True,True,
zone_australia_gladstone_hay_point_20260828T042118Z.json_13,zone_australia_gladstone_hay_point_20260828T042118Z.json,zone,2026-08-28 04:21:18+00:00,2026-08-28T04:21:18+00:00,2026-08-28T02:55:01Z,86.28333333333333,9650767,352035000,RAGA,7,True,-23.81918,151.48063,0.2,81.0,1,,AUSTRALIA_GLADSTONE_HAY_POINT,myshiptracking_zone,13,True,2,352035000.0,RAGA,7.0,Bulk Carrier,3ETH3,95666.0,50615.0,2013.0,7.7,206.0,29.0,23.0,15.0,PA,CN HUH>AU GLT,2026-08-18T13:00:00.000Z,,,,,,HUANGHUA,4153.0,CNHNH,China,2026-08-02T09:20:28Z,GLADSTONE,3859.0,AUGLT,Australia,2026-08-18T13:00:00Z,12.3,14.9,4894.23,12.0,ENE,73.7,1022.7,19.9,24135.3,both,True,BULK_CARRIER,13.0,7,1.0,True,True,True,True,
zone_australia_gladstone_hay_point_20260828T042118Z.json_14,zone_australia_gladstone_hay_point_20260828T042118Z.json,zone,2026-08-28 04:21:18+00:00,2026-08-28T04:21:18+00:00,2026-08-28T02:15:07Z,126.18333333333334,9290971,441609000,ORIENTAL ENTERPRISE,7,True,-23.83007,151.60824,0.0,158.0,1,,AUSTRALIA_GLADSTONE_HAY_POINT,myshiptracking_zone,14,True,2,441609000.0,ORIENTAL ENTERPRISE,7.0,Bulk Carrier,D7CK,88125.0,48042.0,2004.0,7.6,196.0,34.0,22.0,16.0,KR,AUGLT,2026-08-13T00:00:00.000Z,,,,,,BORYEONG,5482.0,KRBOR,Korea,2026-06-21T05:17:27Z,,,,,,11.1,14.3,4838.22,12.0,ENE,73.7,1022.7,19.9,24135.3,both,True,BULK_CARRIER,22.0,5,0.7142857142857143,True,True,True,True,
zone_australia_gladstone_hay_point_20260828T042118Z.json_15,zone_australia_gladstone_hay_point_20260828T042118Z.json,zone,2026-08-28 04:21:18+00:00,2026-08-28T04:21:18+00:00,2026-08-28T02:57:38Z,83.66666666666667,9802205,636018574,MEDI PALMAROLA,7,True,-23.90016,151.58984,0.1,106.0,1,,AUSTRALIA_GLADSTONE_HAY_POINT,myshiptracking_zone,15,True,2,636018574.0,MEDI PALMAROLA,7.0,Cargo,D5QH9,,,,7.2,202.0,27.0,21.0,11.0,LR,GLADSTONE,2026-08-24T13:00:00.000Z,,,,,,NEWCASTLE,314.0,AUNTL,Australia,2026-06-25T17:28:45Z,GLADSTONE,3859.0,AUGLT,Australia,2026-08-24T13:00:00Z,10.9,15.3,8714.54,12.0,NE,67.0,1022.4,20.5,24135.3,both,True,BULK_CARRIER,,4,0.5714285714285714,True,True,True,True,
zone_australia_gladstone_hay_point_20260828T042118Z.json_16,zone_australia_gladstone_hay_point_20260828T042118Z.json,zone,2026-08-28 04:21:18+00:00,2026-08-28T04:21:18+00:00,2026-08-28T02:25:37Z,115.68333333333334,9815939,636018518,MEDI GINEVRA,7,True,-23.88145,151.57301,0.1,159.0,1,,AUSTRALIA_GLADSTONE_HAY_POINT,myshiptracking_zone,16,True,2,636018518.0,MEDI GINEVRA,7.0,Cargo,D5QB3,,,,7.5,199.0,30.0,24.0,12.0,LR,AUGLT,2026-08-16T22:00:00.000Z,,,,,,MIZUSHIMA,4285.0,JPMIZ,Japan,2026-08-01T23:56:37Z,,,,,,11.0,15.5,4088.41,12.0,NE,67.0,1022.4,20.5,24135.3,both,True,BULK_CARRIER,,2,0.2857142857142857,True,True,True,True,
zone_australia_gladstone_hay_point_20260828T042118Z.json_17,zone_australia_gladstone_hay_point_20260828T042118Z.json,zone,2026-08-28 04:21:18+00:00,2026-08-28T04:21:18+00:00,2026-08-28T03:06:24Z,74.9,9454905,210083000,EFESSOS WAVE,7,True,-23.86487,151.59145,0.0,122.0,1,,AUSTRALIA_GLADSTONE_HAY_POINT,myshiptracking_zone,17,True,2,210083000.0,EFESSOS WAVE,7.0,Bulk Carrier,5BPG3,87332.0,47984.0,2012.0,7.2,199.0,30.0,13.0,24.0,CY,AU GLT,2026-08-24T21:00:00.000Z,,,,,,NEWCASTLE,314.0,AUNTL,Australia,2026-06-23T07:07:31Z,GLADSTONE,3859.0,AUGLT,Australia,2026-08-24T21:00:00Z,9.2,13.5,7521.73,12.0,ENE,73.7,1022.7,19.9,24135.3,both,True,BULK_CARRIER,14.0,7,1.0,True,True,True,True,
zone_australia_gladstone_hay_point_20260828T042118Z.json_18,zone_australia_gladstone_hay_point_20260828T042118Z.json,zone,2026-08-28 04:21:18+00:00,2026-08-28T04:21:18+00:00,2026-08-28T03:07:09Z,74.15,9906740,636021216,TAHO CIRCULAR,7,True,-23.8323,151.49698,0.0,62.0,1,,AUSTRALIA_GLADSTONE_HAY_POINT,myshiptracking_zone,18,True,2,636021216.0,TAHO CIRCULAR,7.0,Cargo,5LCV7,,,,7.4,198.0,31.0,23.0,14.0,LR,AUGLT,2026-08-15T00:00:00.000Z,,,,,,GLADSTONE,3859.0,AUGLT,Australia,2026-06-26T20:27:15Z,,,,,,11.1,15.5,7497.67,12.0,ENE,73.7,1022.7,19.9,24135.3,both,True,BULK_CARRIER,,2,0.2857142857142857,True,True,True,True,
zone_australia_gladstone_hay_point_20260828T042118Z.json_19,zone_australia_gladstone_hay_point_20260828T042118Z.json,zone,2026-08-28 04:21:18+00:00,2026-08-28T04:21:18+00:00,2026-08-28T03:06:05Z,75.21666666666667,102579600,636024708,BH PROGRESS,7,True,-23.78191,151.47799,0.0,75.0,1,,AUSTRALIA_GLADSTONE_HAY_POINT,myshiptracking_zone,19,True,2,,,,,,,,,,,,,,,,,,,,,,,,,,,,,,,,,,,,,,,,,left_only,False,BULK_CARRIER,,0,0.0,True,False,True,True,
zone_australia_gladstone_hay_point_20260828T042118Z.json_20,zone_australia_gladstone_hay_point_20260828T042118Z.json,zone,2026-08-28 04:21:18+00:00,2026-08-28T04:21:18+00:00,2026-08-28T03:03:55Z,77.38333333333334,9789831,636017377,JIA MAY,7,True,-23.76622,151.49601,0.2,76.0,1,,AUSTRALIA_GLADSTONE_HAY_POINT,myshiptracking_zone,20,True,2,636017377.0,JIA MAY,7.0,Cargo,D5KP6,,,,7.3,198.0,30.0,12.0,24.0,LR,JP HBK>>AU GLT,2026-08-14T03:30:00.000Z,,,,,,KITAKYUSHU,4658.0,JPKKJ,Japan,2026-07-31T16:44:00Z,,,,,,12.1,15.1,4089.92,12.0,ENE,73.7,1022.7,19.9,24135.3,both,True,BULK_CARRIER,,2,0.2857142857142857,True,True,True,True,
zone_australia_gladstone_hay_point_20260828T042118Z.json_21,zone_australia_gladstone_hay_point_20260828T042118Z.json,zone,2026-08-28 04:21:18+00:00,2026-08-28T04:21:18+00:00,2026-08-28T03:07:42Z,73.6,9774472,636017368,KANG MAY,7,True,-23.79253,151.18373,0.1,306.0,5,,AUSTRALIA_GLADSTONE_HAY_POINT,myshiptracking_zone,21,True,2,636017368.0,KANG MAY,7.0,Cargo,D5KO5,,,,12.5,198.0,30.0,12.0,24.0,LR,AU GLT,2026-08-25T06:30:00.000Z,GLADSTONE,3859.0,AUGLT,Australia,2026-08-27T23:04:07Z,LONGKOU,4133.0,CNLKU,China,2026-08-04T02:56:39Z,,,,,,,,,10.0,ENE,62.5,1022.5,21.4,24135.3,both,True,BULK_CARRIER,,2,0.2857142857142857,True,True,True,True,
zone_australia_gladstone_hay_point_20260828T042118Z.json_22,zone_australia_gladstone_hay_point_20260828T042118Z.json,zone,2026-08-28 04:21:18+00:00,2026-08-28T04:21:18+00:00,2026-08-28T03:07:35Z,73.71666666666667,9877872,538009641,SDTR ERICA,7,True,-23.85242,151.61422,0.0,231.0,1,,AUSTRALIA_GLADSTONE_HAY_POINT,myshiptracking_zone,22,True,2,538009641.0,SDTR ERICA,7.0,Cargo,V7A4987,,,,12.5,195.0,32.0,4.0,32.0,MH,AU AMR>AU GLT,2026-08-24T14:45:00.000Z,,,,,,HUANGHUA,4153.0,CNHNH,China,2026-08-03T04:28:41Z,GLADSTONE,3859.0,AUGLT,Australia,2026-08-24T14:45:00Z,10.1,14.3,5051.14,12.0,ENE,73.7,1022.7,19.9,24135.3,both,True,BULK_CARRIER,,4,0.5714285714285714,True,True,True,True,
zone_australia_gladstone_hay_point_20260828T042118Z.json_23,zone_australia_gladstone_hay_point_20260828T042118Z.json,zone,2026-08-28 04:21:18+00:00,2026-08-28T04:21:18+00:00,2026-08-28T03:07:49Z,73.48333333333333,9607136,564856000,RTM DHAMBUL,7,True,-23.83336,151.51863,0.0,251.0,1,,AUSTRALIA_GLADSTONE_HAY_POINT,myshiptracking_zone,23,True,2,564856000.0,RTM DHAMBUL,7.0,Cabu Carrier,9V2783,70373.0,38800.0,2013.0,11.9,195.0,30.0,22.0,10.0,SG,AU GLT,2026-08-27T06:00:00.000Z,,,,,,WEIPA,201.0,AUWEI,Australia,2026-07-24T12:47:35Z,GLADSTONE,3859.0,AUGLT,Australia,2026-08-27T06:00:00Z,11.5,14.8,8356.05,12.0,ENE,73.7,1022.7,19.9,24135.3,both,True,BULK_CARRIER,13.0,7,1.0,True,True,True,True,
zone_australia_gladstone_hay_point_20260828T042118Z.json_24,zone_australia_gladstone_hay_point_20260828T042118Z.json,zone,2026-08-28 04:21:18+00:00,2026-08-28T04:21:18+00:00,2026-08-28T03:07:34Z,73.73333333333333,9523201,413985000,YUN LONG FENG,7,True,-23.8292,151.58686,0.1,119.0,1,,AUSTRALIA_GLADSTONE_HAY_POINT,myshiptracking_zone,24,True,2,413985000.0,YUN LONG FENG,7.0,Cargo,BRPH,,,,7.3,193.0,32.0,12.0,20.0,CN,AU GLT,2026-08-21T09:00:00.000Z,,,,,,RIZHAO,4098.0,CNRZH,China,2026-08-02T23:04:35Z,GLADSTONE,3859.0,AUGLT,Australia,2026-08-21T09:00:00Z,10.5,13.7,4454.23,12.0,ENE,73.7,1022.7,19.9,24135.3,both,True,BULK_CARRIER,,4,0.5714285714285714,True,True,True,True,
zone_australia_gladstone_hay_point_20260828T042118Z.json_25,zone_australia_gladstone_hay_point_20260828T042118Z.json,zone,2026-08-28 04:21:18+00:00,2026-08-28T04:21:18+00:00,2026-08-28T02:58:29Z,82.81666666666666,9708318,636016900,CAROLA,7,True,-23.89876,151.57304,0.2,146.0,1,,AUSTRALIA_GLADSTONE_HAY_POINT,myshiptracking_zone,25,True,2,636016900.0,CAROLA,7.0,Cargo,D5II3,,,,9.5,200.0,25.0,21.0,11.0,LR,TW TXG>AU GLT,2026-08-12T11:00:00.000Z,,,,,,TAICHUNG,411.0,TWTXG,Taiwan,2026-07-30T16:44:36Z,,,,,,11.8,14.8,3863.37,12.0,NE,67.0,1022.4,20.5,24135.3,both,True,BULK_CARRIER,,2,0.2857142857142857,True,True,True,True,
zone_australia_gladstone_hay_point_20260828T042118Z.json_26,zone_australia_gladstone_hay_point_20260828T042118Z.json,zone,2026-08-28 04:21:18+00:00,2026-08-28T04:21:18+00:00,2026-08-28T02:10:53Z,130.41666666666666,9747390,538006474,DSI PEGASUS,7,True,-23.79018,151.18005,0.0,127.0,5,,AUSTRALIA_GLADSTONE_HAY_POINT,myshiptracking_zone,26,True,2,538006474.0,DSI PEGASUS,7.0,Cargo,V7CG4,,,,12.8,171.0,29.0,22.0,10.0,MH,AU GLT,2026-08-20T07:30:00.000Z,GLADSTONE,3859.0,AUGLT,Australia,2026-08-24T06:04:00Z,LIANYUNGANG,4174.0,CNLYG,China,2026-08-04T01:36:37Z,,,,,,,,,10.0,ENE,62.5,1022.5,21.4,24135.3,both,True,BULK_CARRIER,,2,0.2857142857142857,True,True,True,True,
zone_australia_gladstone_hay_point_20260828T042118Z.json_27,zone_australia_gladstone_hay_point_20260828T042118Z.json,zone,2026-08-28 04:21:18+00:00,2026-08-28T04:21:18+00:00,2026-08-28T04:18:09Z,3.15,9934204,477833200,JOSCO LIUZHOU,7,True,-23.82068,151.24365,0.0,140.0,5,,AUSTRALIA_GLADSTONE_HAY_POINT,myshiptracking_zone,27,False,2,477833200.0,JOSCO LIUZHOU,7.0,Cargo,VRUS9,,,,7.1,171.0,29.0,19.0,13.0,HK,GLADSTONE,2026-08-13T03:30:00.000Z,GLADSTONE,3859.0,AUGLT,Australia,2026-08-26T22:08:25Z,DONGJIAKOU,4206.0,,China,2026-07-30T06:24:37Z,,,,,,,,,10.0,ENE,62.5,1022.5,21.4,24135.3,both,True,BULK_CARRIER,,2,0.2857142857142857,True,True,True,True,
zone_australia_gladstone_hay_point_20260828T042118Z.json_28,zone_australia_gladstone_hay_point_20260828T042118Z.json,zone,2026-08-28 04:21:18+00:00,2026-08-28T04:21:18+00:00,2026-08-28T03:05:19Z,75.98333333333333,9894818,538009407,DESERT NAMULI,7,True,-23.82325,151.24626,0.0,139.0,5,,AUSTRALIA_GLADSTONE_HAY_POINT,myshiptracking_zone,28,True,2,538009407.0,DESERT NAMULI,7.0,Cargo,V7A4695,,,,6.8,170.0,29.0,10.0,22.0,MH,AU GLT,2026-08-12T13:45:00.000Z,GLADSTONE,3859.0,AUGLT,Australia,2026-08-26T20:25:45Z,TIANJIN,420.0,CNTXG,China,2026-07-18T12:44:26Z,,,,,,,,,10.0,ENE,62.5,1022.5,21.4,24135.3,both,True,BULK_CARRIER,,2,0.2857142857142857,True,True,True,True,
zone_australia_gladstone_hay_point_20260828T042118Z.json_29,zone_australia_gladstone_hay_point_20260828T042118Z.json,zone,2026-08-28 04:21:18+00:00,2026-08-28T04:21:18+00:00,2026-08-28T04:02:43Z,18.58333333333333,9581693,538005240,BOUGAINVILLE,8,False,-23.39355,151.03146,0.1,195.0,1,,AUSTRALIA_GLADSTONE_HAY_POINT,myshiptracking_zone,29,True,2,,,,,,,,,,,,,,,,,,,,,,,,,,,,,,,,,,,,,,,,,left_only,False,OTHER,,0,0.0,False,False,True,False,
zone_australia_gladstone_hay_point_20260828T042118Z.json_30,zone_australia_gladstone_hay_point_20260828T042118Z.json,zone,2026-08-28 04:21:18+00:00,2026-08-28T04:21:18+00:00,2026-08-28T03:57:32Z,23.766666666666666,9990703,563266600,KARLA BULKER,7,True,-23.85173,151.31262,0.0,80.0,5,,AUSTRALIA_GLADSTONE_HAY_POINT,myshiptracking_zone,30,True,2,563266600.0,KARLA BULKER,7.0,Cargo,9V9536,,,,6.3,154.0,29.0,10.0,20.0,SG,AU GLT,2026-08-26T05:00:00.000Z,,,,,,HIGASHIHARIMA,4389.0,JPHHR,Japan,2026-08-13T08:04:45Z,GLADSTONE,3859.0,AUGLT,Australia,2026-08-26T05:00:00Z,12.4,15.8,3861.59,10.0,ENE,62.5,1022.5,21.4,24135.3,both,True,BULK_CARRIER,,4,0.5714285714285714,True,True,True,True,
zone_australia_gladstone_hay_point_20260828T042118Z.json_31,zone_australia_gladstone_hay_point_20260828T042118Z.json,zone,2026-08-28 04:21:18+00:00,2026-08-28T04:21:18+00:00,2026-08-28T03:06:25Z,74.88333333333334,9689897,565285000,STRATEGIC HARMONY,7,True,-23.85092,151.47758,0.0,86.0,1,,AUSTRALIA_GLADSTONE_HAY_POINT,myshiptracking_zone,31,True,2,565285000.0,STRATEGIC HARMONY,7.0,Cargo,9V2289,,,,6.8,155.0,25.0,10.0,20.0,SG,GLADSTONE,2026-08-21T12:00:00.000Z,,,,,,LUMUT,5726.0,MYLUM,Malaysia,2026-08-01T09:13:54Z,GLADSTONE,3859.0,AUGLT,Australia,2026-08-21T12:00:00Z,9.8,13.8,3925.87,12.0,ENE,73.7,1022.7,19.9,24135.3,both,True,BULK_CARRIER,,4,0.5714285714285714,True,True,True,True,
zone_australia_gladstone_hay_point_20260828T042118Z.json_32,zone_australia_gladstone_hay_point_20260828T042118Z.json,zone,2026-08-28 04:21:18+00:00,2026-08-28T04:21:18+00:00,2026-08-28T04:20:40Z,0.6333333333333333,9947768,636093091,BBC URANUS,7,True,-23.83292,151.26313,0.0,109.0,5,,AUSTRALIA_GLADSTONE_HAY_POINT,myshiptracking_zone,32,False,2,636093091.0,BBC URANUS,7.0,Cargo,5LFA7,,,,8.9,151.0,28.0,18.0,12.0,LR,GLADSTONE,2026-08-24T16:00:00.000Z,GLADSTONE,3859.0,AUGLT,Australia,2026-08-27T04:07:40Z,THEVENARD,3983.0,AUTHE,Australia,2026-08-17T17:40:00Z,,,,,,,,,10.0,ENE,62.5,1022.5,21.4,24135.3,both,True,BULK_CARRIER,,2,0.2857142857142857,True,True,True,True,
zone_australia_gladstone_hay_point_20260828T042118Z.json_33,zone_australia_gladstone_hay_point_20260828T042118Z.json,zone,2026-08-28 04:21:18+00:00,2026-08-28T04:21:18+00:00,2026-08-28T02:33:42Z,107.6,9383508,352721000,HPC GALAXY,7,True,-23.88196,151.59079,0.3,142.0,1,,AUSTRALIA_GLADSTONE_HAY_POINT,myshiptracking_zone,33,True,2,352721000.0,HPC GALAXY,7.0,General Cargo,3EXV3,32228.0,20250.0,2009.0,6.3,155.0,22.0,22.0,6.0,PA,AU GLT,2026-08-20T10:00:00.000Z,,,,,,GEELONG,180.0,AUGEX,Australia,2026-08-15T21:31:02Z,GLADSTONE,3859.0,AUGLT,Australia,2026-08-20T10:00:00Z,11.0,13.7,1344.24,12.0,NE,67.0,1022.4,20.5,24135.3,both,True,BULK_CARRIER,17.0,7,1.0,True,True,True,True,
zone_australia_gladstone_hay_point_20260828T042118Z.json_34,zone_australia_gladstone_hay_point_20260828T042118Z.json,zone,2026-08-28 04:21:18+00:00,2026-08-28T04:21:18+00:00,2026-08-28T03:05:40Z,75.63333333333334,9212452,357800000,WINCANTON,8,False,-23.86608,151.61309,0.0,209.0,1,,AUSTRALIA_GLADSTONE_HAY_POINT,myshiptracking_zone,34,True,2,,,,,,,,,,,,,,,,,,,,,,,,,,,,,,,,,,,,,,,,,left_only,False,OTHER,,0,0.0,False,False,True,False,
zone_australia_gladstone_hay_point_20260828T042118Z.json_35,zone_australia_gladstone_hay_point_20260828T042118Z.json,zone,2026-08-28 04:21:18+00:00,2026-08-28T04:21:18+00:00,2026-08-28T03:06:05Z,75.21666666666667,9883560,357138000,BUENA AMISTAD,8,False,-23.83258,151.26119,0.0,282.0,5,,AUSTRALIA_GLADSTONE_HAY_POINT,myshiptracking_zone,35,True,2,,,,,,,,,,,,,,,,,,,,,,,,,,,,,,,,,,,,,,,,,left_only,False,OTHER,,0,0.0,False,False,True,False,
zone_australia_gladstone_hay_point_20260828T042118Z.json_36,zone_australia_gladstone_hay_point_20260828T042118Z.json,zone,2026-08-28 04:21:18+00:00,2026-08-28T04:21:18+00:00,2026-08-28T03:07:55Z,73.38333333333334,963917700,503004550,BRUCE,0,False,-23.76932,151.18899,1.7,102.0,0,,AUSTRALIA_GLADSTONE_HAY_POINT,myshiptracking_zone,36,True,2,,,,,,,,,,,,,,,,,,,,,,,,,,,,,,,,,,,,,,,,,left_only,False,OTHER,,0,0.0,False,False,True,False,
zone_australia_gladstone_hay_point_20260828T042118Z.json_37,zone_australia_gladstone_hay_point_20260828T042118Z.json,zone,2026-08-28 04:21:18+00:00,2026-08-28T04:21:18+00:00,2026-08-28T03:11:42Z,69.6,,503720000,KALEEN,7,True,-23.82868,151.24198,1.0,511.0,15,,AUSTRALIA_GLADSTONE_HAY_POINT,myshiptracking_zone,37,True,67,,,,,,,,,,,,,,,,,,,,,,,,,,,,,,,,,,,,,,,,,left_only,False,BULK_CARRIER,,0,0.0,True,False,True,False,
zone_australia_gladstone_hay_point_20260828T042118Z.json_38,zone_australia_gladstone_hay_point_20260828T042118Z.json,zone,2026-08-28 04:21:18+00:00,2026-08-28T04:21:18+00:00,2026-08-28T02:46:14Z,95.06666666666666,,503161670,CAPE GLOUCESTER,6,False,-23.83236,151.24204,0.0,191.0,15,,AUSTRALIA_GLADSTONE_HAY_POINT,myshiptracking_zone,38,True,68,,,,,,,,,,,,,,,,,,,,,,,,,,,,,,,,,,,,,,,,,left_only,False,OTHER,,0,0.0,False,False,True,False,
zone_australia_gladstone_hay_point_20260828T042118Z.json_39,zone_australia_gladstone_hay_point_20260828T042118Z.json,zone,2026-08-28 04:21:18+00:00,2026-08-28T04:21:18+00:00,2026-08-27T23:51:32Z,269.76666666666665,,503647600,HERON ISLANDER,6,False,-23.88475,151.38379,25.6,67.3,15,,AUSTRALIA_GLADSTONE_HAY_POINT,myshiptracking_zone,39,True,69,,,,,,,,,,,,,,,,,,,,,,,,,,,,,,,,,,,,,,,,,left_only,False,OTHER,,0,0.0,False,False,True,False,
zone_australia_gladstone_hay_point_20260828T042118Z.json_40,zone_australia_gladstone_hay_point_20260828T042118Z.json,zone,2026-08-28 04:21:18+00:00,2026-08-28T04:21:18+00:00,2026-08-28T03:06:12Z,75.1,,503696000,CAPRICORNIAN SPIRIT,6,False,-23.82771,151.24371,0.0,511.0,5,,AUSTRALIA_GLADSTONE_HAY_POINT,myshiptracking_zone,40,True,70,,,,,,,,,,,,,,,,,,,,,,,,,,,,,,,,,,,,,,,,,left_only,False,OTHER,,0,0.0,False,False,True,False,
zone_australia_gladstone_hay_point_20260828T042118Z.json_41,zone_australia_gladstone_hay_point_20260828T042118Z.json,zone,2026-08-28 04:21:18+00:00,2026-08-28T04:21:18+00:00,2026-08-28T03:18:43Z,62.583333333333336,9743681,503026120,VB HERON ISLAND,3,False,-23.8273,151.26124,9.4,307.2,0,,AUSTRALIA_GLADSTONE_HAY_POINT,myshiptracking_zone,41,True,2,,,,,,,,,,,,,,,,,,,,,,,,,,,,,,,,,,,,,,,,,left_only,False,OTHER,,0,0.0,False,False,True,False,
zone_australia_gladstone_hay_point_20260828T042118Z.json_42,zone_australia_gladstone_hay_point_20260828T042118Z.json,zone,2026-08-28 04:21:18+00:00,2026-08-28T04:21:18+00:00,2026-08-28T03:04:44Z,76.56666666666666,9743693,503000093,VB WIGGINS ISLAND,3,False,-23.77906,151.19636,0.0,35.0,0,,AUSTRALIA_GLADSTONE_HAY_POINT,myshiptracking_zone,42,True,2,,,,,,,,,,,,,,,,,,,,,,,,,,,,,,,,,,,,,,,,,left_only,False,OTHER,,0,0.0,False,False,True,False,
zone_australia_gladstone_hay_point_20260828T042118Z.json_43,zone_australia_gladstone_hay_point_20260828T042118Z.json,zone,2026-08-28 04:21:18+00:00,2026-08-28T04:21:18+00:00,2026-08-28T03:06:09Z,75.15,9693484,503022140,SL QUOIN ISLAND,3,False,-23.7796,151.19765,0.0,311.0,0,,AUSTRALIA_GLADSTONE_HAY_POINT,myshiptracking_zone,43,True,2,,,,,,,,,,,,,,,,,,,,,,,,,,,,,,,,,,,,,,,,,left_only,False,OTHER,,0,0.0,False,False,True,False,
zone_australia_gladstone_hay_point_20260828T042118Z.json_44,zone_australia_gladstone_hay_point_20260828T042118Z.json,zone,2026-08-28 04:21:18+00:00,2026-08-28T04:21:18+00:00,2026-08-28T03:07:57Z,73.35,9743679,503024450,SL BOYNE ISLAND,3,False,-23.77748,151.19466,0.1,135.0,0,,AUSTRALIA_GLADSTONE_HAY_POINT,myshiptracking_zone,44,True,2,,,,,,,,,,,,,,,,,,,,,,,,,,,,,,,,,,,,,,,,,left_only,False,OTHER,,0,0.0,False,False,True,False,
zone_australia_gladstone_hay_point_20260828T042118Z.json_45,zone_australia_gladstone_hay_point_20260828T042118Z.json,zone,2026-08-28 04:21:18+00:00,2026-08-28T04:21:18+00:00,2026-08-28T03:05:41Z,75.61666666666666,9693472,503020180,SL CURTIS ISLAND,3,False,-23.82482,151.24429,0.0,259.0,5,,AUSTRALIA_GLADSTONE_HAY_POINT,myshiptracking_zone,45,True,2,,,,,,,,,,,,,,,,,,,,,,,,,,,,,,,,,,,,,,,,,left_only,False,OTHER,,0,0.0,False,False,True,False,
zone_australia_gladstone_hay_point_20260828T042118Z.json_46,zone_australia_gladstone_hay_point_20260828T042118Z.json,zone,2026-08-28 04:21:18+00:00,2026-08-28T04:21:18+00:00,2026-08-28T03:02:58Z,78.33333333333333,9795799,503000231,SL MURJAN,0,False,-23.77822,151.19532,0.0,36.0,0,,AUSTRALIA_GLADSTONE_HAY_POINT,myshiptracking_zone,46,True,2,,,,,,,,,,,,,,,,,,,,,,,,,,,,,,,,,,,,,,,,,left_only,False,OTHER,,0,0.0,False,False,True,False,
zone_australia_gladstone_hay_point_20260828T042118Z.json_47,zone_australia_gladstone_hay_point_20260828T042118Z.json,zone,2026-08-28 04:21:18+00:00,2026-08-28T04:21:18+00:00,2026-08-28T03:11:16Z,70.03333333333333,9795787,503000229,SL LULU,0,False,-23.83523,151.27764,6.7,291.0,0,,AUSTRALIA_GLADSTONE_HAY_POINT,myshiptracking_zone,47,True,2,,,,,,,,,,,,,,,,,,,,,,,,,,,,,,,,,,,,,,,,,left_only,False,OTHER,,0,0.0,False,False,True,False,
zone_australia_gladstone_hay_point_20260828T042118Z.json_48,zone_australia_gladstone_hay_point_20260828T042118Z.json,zone,2026-08-28 04:21:18+00:00,2026-08-28T04:21:18+00:00,2026-08-28T03:04:07Z,77.18333333333334,9559248,503000216,VB SEA EAGLE,3,False,-23.82433,151.24317,0.0,511.0,5,,AUSTRALIA_GLADSTONE_HAY_POINT,myshiptracking_zone,48,True,2,,,,,,,,,,,,,,,,,,,,,,,,,,,,,,,,,,,,,,,,,left_only,False,OTHER,,0,0.0,False,False,True,False,
zone_australia_gladstone_hay_point_20260828T042118Z.json_49,zone_australia_gladstone_hay_point_20260828T042118Z.json,zone,2026-08-28 04:21:18+00:00,2026-08-28T04:21:18+00:00,2026-08-28T03:07:55Z,73.38333333333334,9578490,503646000,VB AWOONGA,3,False,-23.83723,151.28279,6.8,293.0,0,,AUSTRALIA_GLADSTONE_HAY_POINT,myshiptracking_zone,49,True,2,,,,,,,,,,,,,,,,,,,,,,,,,,,,,,,,,,,,,,,,,left_only,False,OTHER,,0,0.0,False,False,True,False,
zone_australia_gladstone_hay_point_20260828T042118Z.json_50,zone_australia_gladstone_hay_point_20260828T042118Z.json,zone,2026-08-28 04:21:18+00:00,2026-08-28T04:21:18+00:00,2026-08-28T03:07:56Z,73.36666666666666,9557599,503642000,VB YALLARM,3,False,-23.83668,151.28152,6.6,289.0,0,,AUSTRALIA_GLADSTONE_HAY_POINT,myshiptracking_zone,50,True,2,,,,,,,,,,,,,,,,,,,,,,,,,,,,,,,,,,,,,,,,,left_only,False,OTHER,,0,0.0,False,False,True,False,
zone_australia_gladstone_hay_point_20260828T042118Z.json_51,zone_australia_gladstone_hay_point_20260828T042118Z.json,zone,2026-08-28 04:21:18+00:00,2026-08-28T04:21:18+00:00,2026-08-28T03:07:10Z,74.13333333333334,9557587,503641000,VB KOONGO,3,False,-23.82487,151.24391,0.0,80.0,5,,AUSTRALIA_GLADSTONE_HAY_POINT,myshiptracking_zone,51,True,2,,,,,,,,,,,,,,,,,,,,,,,,,,,,,,,,,,,,,,,,,left_only,False,OTHER,,0,0.0,False,False,True,False,
zone_australia_gladstone_hay_point_20260828T042118Z.json_52,zone_australia_gladstone_hay_point_20260828T042118Z.json,zone,2026-08-28 04:21:18+00:00,2026-08-28T04:21:18+00:00,2026-08-28T03:05:09Z,76.15,,503639000,CURTIS ENDEAVOUR II,9,False,-23.83142,151.24069,0.0,511.0,15,,AUSTRALIA_GLADSTONE_HAY_POINT,myshiptracking_zone,52,True,71,,,,,,,,,,,,,,,,,,,,,,,,,,,,,,,,,,,,,,,,,left_only,False,OTHER,,0,0.0,False,False,True,False,
zone_australia_gladstone_hay_point_20260828T042118Z.json_53,zone_australia_gladstone_hay_point_20260828T042118Z.json,zone,2026-08-28 04:21:18+00:00,2026-08-28T04:21:18+00:00,2026-08-28T00:11:16Z,250.03333333333333,,503640000,CURTIS ENDEVOUR 1,9,False,-23.83657,151.24606,0.0,511.0,15,,AUSTRALIA_GLADSTONE_HAY_POINT,myshiptracking_zone,53,True,72,,,,,,,,,,,,,,,,,,,,,,,,,,,,,,,,,,,,,,,,,left_only,False,OTHER,,0,0.0,False,False,True,False,
zone_australia_gladstone_hay_point_20260828T042118Z.json_54,zone_australia_gladstone_hay_point_20260828T042118Z.json,zone,2026-08-28 04:21:18+00:00,2026-08-28T04:21:18+00:00,2026-08-28T03:07:13Z,74.08333333333333,,503333000,NIGHT CROSSING,10,False,-23.83929,151.23925,0.0,511.0,15,,AUSTRALIA_GLADSTONE_HAY_POINT,myshiptracking_zone,54,True,73,,,,,,,,,,,,,,,,,,,,,,,,,,,,,,,,,,,,,,,,,left_only,False,OTHER,,0,0.0,False,False,True,False,
zone_australia_gladstone_hay_point_20260828T042118Z.json_55,zone_australia_gladstone_hay_point_20260828T042118Z.json,zone,2026-08-28 04:21:18+00:00,2026-08-28T04:21:18+00:00,2026-08-28T02:41:56Z,99.36666666666666,,503500700,TORRESIAN,6,False,-23.79264,151.21254,7.1,351.8,0,,AUSTRALIA_GLADSTONE_HAY_POINT,myshiptracking_zone,55,True,74,,,,,,,,,,,,,,,,,,,,,,,,,,,,,,,,,,,,,,,,,left_only,False,OTHER,,0,0.0,False,False,True,False,
zone_australia_gladstone_hay_point_20260828T042118Z.json_56,zone_australia_gladstone_hay_point_20260828T042118Z.json,zone,2026-08-28 04:21:18+00:00,2026-08-28T04:21:18+00:00,2026-08-28T03:07:04Z,74.23333333333333,,503799900,PARANGOOL,4,False,-23.82738,151.24386,0.0,511.0,0,,AUSTRALIA_GLADSTONE_HAY_POINT,myshiptracking_zone,56,True,75,,,,,,,,,,,,,,,,,,,,,,,,,,,,,,,,,,,,,,,,,left_only,False,OTHER,,0,0.0,False,False,True,False,
zone_australia_gladstone_hay_point_20260828T042118Z.json_57,zone_australia_gladstone_hay_point_20260828T042118Z.json,zone,2026-08-28 04:21:18+00:00,2026-08-28T04:21:18+00:00,2026-08-28T02:20:16Z,121.03333333333332,,503167730,GOODNA,0,False,-23.7645,151.17189,18.4,350.0,0,,AUSTRALIA_GLADSTONE_HAY_POINT,myshiptracking_zone,57,True,76,,,,,,,,,,,,,,,,,,,,,,,,,,,,,,,,,,,,,,,,,left_only,False,OTHER,,0,0.0,False,False,True,False,
zone_australia_gladstone_hay_point_20260828T042118Z.json_58,zone_australia_gladstone_hay_point_20260828T042118Z.json,zone,2026-08-28 04:21:18+00:00,2026-08-28T04:21:18+00:00,2026-08-28T03:06:21Z,74.95,,503615300,BRAHMINY KITE,6,False,-23.82754,151.24418,0.0,511.0,5,,AUSTRALIA_GLADSTONE_HAY_POINT,myshiptracking_zone,58,True,77,,,,,,,,,,,,,,,,,,,,,,,,,,,,,,,,,,,,,,,,,left_only,False,OTHER,,0,0.0,False,False,True,False,
zone_australia_gladstone_hay_point_20260828T042118Z.json_59,zone_australia_gladstone_hay_point_20260828T042118Z.json,zone,2026-08-28 04:21:18+00:00,2026-08-28T04:21:18+00:00,2026-08-28T03:03:41Z,77.61666666666666,,503111860,REEF RESILIENCE,3,False,-23.82702,151.24308,0.0,128.0,1,,AUSTRALIA_GLADSTONE_HAY_POINT,myshiptracking_zone,59,True,78,,,,,,,,,,,,,,,,,,,,,,,,,,,,,,,,,,,,,,,,,left_only,False,OTHER,,0,0.0,False,False,True,False,
zone_australia_gladstone_hay_point_20260828T042118Z.json_60,zone_australia_gladstone_hay_point_20260828T042118Z.json,zone,2026-08-28 04:21:18+00:00,2026-08-28T04:21:18+00:00,2026-08-28T04:14:49Z,6.483333333333333,,503185560,C'LOVER,9,False,-23.19221,150.93518,0.0,67.0,15,,AUSTRALIA_GLADSTONE_HAY_POINT,myshiptracking_zone,60,True,79,,,,,,,,,,,,,,,,,,,,,,,,,,,,,,,,,,,,,,,,,left_only,False,OTHER,,0,0.0,False,False,True,False,
zone_australia_gladstone_hay_point_20260828T042118Z.json_61,zone_australia_gladstone_hay_point_20260828T042118Z.json,zone,2026-08-28 04:21:18+00:00,2026-08-28T04:21:18+00:00,2026-08-28T03:08:01Z,73.28333333333333,,503013630,SWEET,9,False,-23.83155,151.24687,0.2,95.0,0,,AUSTRALIA_GLADSTONE_HAY_POINT,myshiptracking_zone,61,True,80,,,,,,,,,,,,,,,,,,,,,,,,,,,,,,,,,,,,,,,,,left_only,False,OTHER,,0,0.0,False,False,True,False,
zone_australia_gladstone_hay_point_20260828T042118Z.json_62,zone_australia_gladstone_hay_point_20260828T042118Z.json,zone,2026-08-28 04:21:18+00:00,2026-08-28T04:21:18+00:00,2026-08-28T02:58:01Z,83.28333333333333,,503121910,MV MIKAT,10,False,-23.83303,151.24797,0.0,511.0,15,,AUSTRALIA_GLADSTONE_HAY_POINT,myshiptracking_zone,62,True,81,,,,,,,,,,,,,,,,,,,,,,,,,,,,,,,,,,,,,,,,,left_only,False,OTHER,,0,0.0,False,False,True,False,
zone_australia_gladstone_hay_point_20260828T042118Z.json_63,zone_australia_gladstone_hay_point_20260828T042118Z.json,zone,2026-08-28 04:21:18+00:00,2026-08-28T04:21:18+00:00,2026-08-28T03:07:58Z,73.33333333333333,,503079250,PV GOONANGA,3,False,-23.83293,151.24688,0.0,280.0,9,,AUSTRALIA_GLADSTONE_HAY_POINT,myshiptracking_zone,63,True,82,,,,,,,,,,,,,,,,,,,,,,,,,,,,,,,,,,,,,,,,,left_only,False,OTHER,,0,0.0,False,False,True,False,
zone_australia_gladstone_hay_point_20260828T042118Z.json_64,zone_australia_gladstone_hay_point_20260828T042118Z.json,zone,2026-08-28 04:21:18+00:00,2026-08-28T04:21:18+00:00,2026-08-28T00:55:47Z,205.51666666666668,,503053460,PILOT VESSEL TAKOKO,0,False,-23.83303,151.24688,0.0,274.0,0,,AUSTRALIA_GLADSTONE_HAY_POINT,myshiptracking_zone,64,True,83,,,,,,,,,,,,,,,,,,,,,,,,,,,,,,,,,,,,,,,,,left_only,False,OTHER,,0,0.0,False,False,True,False,
zone_australia_gladstone_hay_point_20260828T042118Z.json_65,zone_australia_gladstone_hay_point_20260828T042118Z.json,zone,2026-08-28 04:21:18+00:00,2026-08-28T04:21:18+00:00,2026-08-28T04:20:57Z,0.35,,368283890,SV NORHI,9,False,-23.16146,150.95226,0.1,511.0,15,,AUSTRALIA_GLADSTONE_HAY_POINT,myshiptracking_zone,65,False,84,,,,,,,,,,,,,,,,,,,,,,,,,,,,,,,,,,,,,,,,,left_only,False,OTHER,,0,0.0,False,False,True,False,
zone_australia_gladstone_hay_point_20260828T042118Z.json_66,zone_australia_gladstone_hay_point_20260828T042118Z.json,zone,2026-08-28 04:21:18+00:00,2026-08-28T04:21:18+00:00,2026-08-28T02:30:00Z,111.3,,503058310,TRADITION,9,False,-23.07663,150.9963,9.5,337.8,15,,AUSTRALIA_GLADSTONE_HAY_POINT,myshiptracking_zone,66,True,85,,,,,,,,,,,,,,,,,,,,,,,,,,,,,,,,,,,,,,,,,left_only,False,OTHER,,0,0.0,False,False,True,False,
zone_australia_gladstone_hay_point_20260828T042118Z.json_67,zone_australia_gladstone_hay_point_20260828T042118Z.json,zone,2026-08-28 04:21:18+00:00,2026-08-28T04:21:18+00:00,2026-08-28T04:19:54Z,1.4,,503070820,C'EST LA VIE,9,False,-23.16243,150.95327,0.3,511.0,15,,AUSTRALIA_GLADSTONE_HAY_POINT,myshiptracking_zone,67,False,86,,,,,,,,,,,,,,,,,,,,,,,,,,,,,,,,,,,,,,,,,left_only,False,OTHER,,0,0.0,False,False,True,False,
zone_australia_gladstone_hay_point_20260828T042118Z.json_68,zone_australia_gladstone_hay_point_20260828T042118Z.json,zone,2026-08-28 04:21:18+00:00,2026-08-28T04:21:18+00:00,2026-08-28T03:06:53Z,74.41666666666667,,503757300,COROMANDEL,9,False,-23.83261,151.24519,0.1,511.0,15,,AUSTRALIA_GLADSTONE_HAY_POINT,myshiptracking_zone,68,True,87,,,,,,,,,,,,,,,,,,,,,,,,,,,,,,,,,,,,,,,,,left_only,False,OTHER,,0,0.0,False,False,True,False,
zone_australia_gladstone_hay_point_20260828T042118Z.json_69,zone_australia_gladstone_hay_point_20260828T042118Z.json,zone,2026-08-28 04:21:18+00:00,2026-08-28T04:21:18+00:00,2026-08-28T02:42:15Z,99.05,,503614800,ALKIRA,3,False,-23.83211,151.24155,0.0,511.0,0,,AUSTRALIA_GLADSTONE_HAY_POINT,myshiptracking_zone,69,True,88,,,,,,,,,,,,,,,,,,,,,,,,,,,,,,,,,,,,,,,,,left_only,False,OTHER,,0,0.0,False,False,True,False,
zone_australia_gladstone_hay_point_20260828T042118Z.json_70,zone_australia_gladstone_hay_point_20260828T042118Z.json,zone,2026-08-28 04:21:18+00:00,2026-08-28T04:21:18+00:00,2026-08-28T02:58:26Z,82.86666666666666,,503185840,GAME ON,9,False,-23.83293,151.24527,0.0,97.0,15,,AUSTRALIA_GLADSTONE_HAY_POINT,myshiptracking_zone,70,True,89,,,,,,,,,,,,,,,,,,,,,,,,,,,,,,,,,,,,,,,,,left_only,False,OTHER,,0,0.0,False,False,True,False,
zone_australia_gladstone_hay_point_20260828T042118Z.json_71,zone_australia_gladstone_hay_point_20260828T042118Z.json,zone,2026-08-28 04:21:18+00:00,2026-08-28T04:21:18+00:00,2026-08-28T04:18:45Z,2.55,,503157420,SCOOTER SAILS,9,False,-23.16498,150.95045,0.1,511.0,15,,AUSTRALIA_GLADSTONE_HAY_POINT,myshiptracking_zone,71,False,90,,,,,,,,,,,,,,,,,,,,,,,,,,,,,,,,,,,,,,,,,left_only,False,OTHER,,0,0.0,False,False,True,False,
zone_australia_gladstone_hay_point_20260828T042118Z.json_72,zone_australia_gladstone_hay_point_20260828T042118Z.json,zone,2026-08-28 04:21:18+00:00,2026-08-28T04:21:18+00:00,2026-08-28T02:07:26Z,133.86666666666667,,503048520,KIA ORA,9,False,-23.15138,150.92632,5.0,244.4,15,,AUSTRALIA_GLADSTONE_HAY_POINT,myshiptracking_zone,72,True,91,,,,,,,,,,,,,,,,,,,,,,,,,,,,,,,,,,,,,,,,,left_only,False,OTHER,,0,0.0,False,False,True,False,
zone_australia_gladstone_hay_point_20260828T042118Z.json_73,zone_australia_gladstone_hay_point_20260828T042118Z.json,zone,2026-08-28 04:21:18+00:00,2026-08-28T04:21:18+00:00,2026-08-28T04:21:00Z,0.3,,503136410,INCEPTION,9,False,-23.18741,150.93255,0.4,511.0,15,,AUSTRALIA_GLADSTONE_HAY_POINT,myshiptracking_zone,73,False,92,,,,,,,,,,,,,,,,,,,,,,,,,,,,,,,,,,,,,,,,,left_only,False,OTHER,,0,0.0,False,False,True,False,
zone_australia_gladstone_hay_point_20260828T042118Z.json_74,zone_australia_gladstone_hay_point_20260828T042118Z.json,zone,2026-08-28 04:21:18+00:00,2026-08-28T04:21:18+00:00,2026-08-28T04:18:36Z,2.7,,503535500,MIXD NUTZ,9,False,-23.16038,150.95413,0.0,88.0,15,,AUSTRALIA_GLADSTONE_HAY_POINT,myshiptracking_zone,74,False,93,,,,,,,,,,,,,,,,,,,,,,,,,,,,,,,,,,,,,,,,,left_only,False,OTHER,,0,0.0,False,False,True,False,
zone_australia_gladstone_hay_point_20260828T042118Z.json_75,zone_australia_gladstone_hay_point_20260828T042118Z.json,zone,2026-08-28 04:21:18+00:00,2026-08-28T04:21:18+00:00,2026-08-27T22:37:04Z,344.2333333333333,,503039620,BELLA LUCA,9,False,-23.27853,150.99216,4.6,116.1,15,,AUSTRALIA_GLADSTONE_HAY_POINT,myshiptracking_zone,75,True,94,,,,,,,,,,,,,,,,,,,,,,,,,,,,,,,,,,,,,,,,,left_only,False,OTHER,,0,0.0,False,False,True,False,
zone_australia_gladstone_hay_point_20260828T042118Z.json_76,zone_australia_gladstone_hay_point_20260828T042118Z.json,zone,2026-08-28 04:21:18+00:00,2026-08-28T04:21:18+00:00,2026-08-28T02:32:20Z,108.96666666666668,,503082090,TWILIGHT,9,False,-23.41496,151.0029,4.0,220.2,15,,AUSTRALIA_GLADSTONE_HAY_POINT,myshiptracking_zone,76,True,95,,,,,,,,,,,,,,,,,,,,,,,,,,,,,,,,,,,,,,,,,left_only,False,OTHER,,0,0.0,False,False,True,False,
zone_australia_gladstone_hay_point_20260828T042118Z.json_77,zone_australia_gladstone_hay_point_20260828T042118Z.json,zone,2026-08-28 04:21:18+00:00,2026-08-28T04:21:18+00:00,2026-08-28T00:25:01Z,236.28333333333333,,503736600,DIVA 8,3,False,-23.83634,151.24632,5.4,308.2,15,,AUSTRALIA_GLADSTONE_HAY_POINT,myshiptracking_zone,77,True,96,,,,,,,,,,,,,,,,,,,,,,,,,,,,,,,,,,,,,,,,,left_only,False,OTHER,,0,0.0,False,False,True,False,
zone_australia_gladstone_hay_point_20260828T042118Z.json_78,zone_australia_gladstone_hay_point_20260828T042118Z.json,zone,2026-08-28 04:21:18+00:00,2026-08-28T04:21:18+00:00,2026-08-28T02:57:34Z,83.73333333333333,,503168470,LOW PROFILE,9,False,-23.83234,151.24424,0.0,511.0,15,,AUSTRALIA_GLADSTONE_HAY_POINT,myshiptracking_zone,78,True,97,,,,,,,,,,,,,,,,,,,,,,,,,,,,,,,,,,,,,,,,,left_only,False,OTHER,,0,0.0,False,False,True,False,
zone_australia_gladstone_hay_point_20260828T042118Z.json_79,zone_australia_gladstone_hay_point_20260828T042118Z.json,zone,2026-08-28 04:21:18+00:00,2026-08-28T04:21:18+00:00,2026-08-28T00:13:29Z,247.81666666666663,,503029670,CONCERTO 2,9,False,-23.25064,150.94313,4.2,154.3,15,,AUSTRALIA_GLADSTONE_HAY_POINT,myshiptracking_zone,79,True,98,,,,,,,,,,,,,,,,,,,,,,,,,,,,,,,,,,,,,,,,,left_only,False,OTHER,,0,0.0,False,False,True,False,
zone_australia_gladstone_hay_point_20260828T042118Z.json_80,zone_australia_gladstone_hay_point_20260828T042118Z.json,zone,2026-08-28 04:21:18+00:00,2026-08-28T04:21:18+00:00,2026-08-28T00:08:29Z,252.81666666666663,,503100940,CHACO,3,False,-23.83269,151.24287,0.0,511.0,15,,AUSTRALIA_GLADSTONE_HAY_POINT,myshiptracking_zone,80,True,99,,,,,,,,,,,,,,,,,,,,,,,,,,,,,,,,,,,,,,,,,left_only,False,OTHER,,0,0.0,False,False,True,False,
zone_australia_gladstone_hay_point_20260828T042118Z.json_81,zone_australia_gladstone_hay_point_20260828T042118Z.json,zone,2026-08-28 04:21:18+00:00,2026-08-28T04:21:18+00:00,2026-08-28T03:00:51Z,80.45,,503638830,COBIA,9,False,-23.82855,151.24173,3.5,133.8,15,,AUSTRALIA_GLADSTONE_HAY_POINT,myshiptracking_zone,81,True,100,,,,,,,,,,,,,,,,,,,,,,,,,,,,,,,,,,,,,,,,,left_only,False,OTHER,,0,0.0,False,False,True,False,
zone_australia_gladstone_hay_point_20260828T042118Z.json_82,zone_australia_gladstone_hay_point_20260828T042118Z.json,zone,2026-08-28 04:21:18+00:00,2026-08-28T04:21:18+00:00,2026-08-28T03:07:57Z,73.35,,503078690,COLANDO,7,True,-23.83271,151.24278,0.0,511.0,15,,AUSTRALIA_GLADSTONE_HAY_POINT,myshiptracking_zone,82,True,101,,,,,,,,,,,,,,,,,,,,,,,,,,,,,,,,,,,,,,,,,left_only,False,BULK_CARRIER,,0,0.0,True,False,True,False,
zone_australia_gladstone_hay_point_20260828T042118Z.json_83,zone_australia_gladstone_hay_point_20260828T042118Z.json,zone,2026-08-28 04:21:18+00:00,2026-08-28T04:21:18+00:00,2026-08-28T03:07:12Z,74.1,,503166340,AMIRI,9,False,-23.83209,151.24525,0.0,511.0,15,,AUSTRALIA_GLADSTONE_HAY_POINT,myshiptracking_zone,83,True,102,,,,,,,,,,,,,,,,,,,,,,,,,,,,,,,,,,,,,,,,,left_only,False,OTHER,,0,0.0,False,False,True,False,
zone_australia_gladstone_hay_point_20260828T042118Z.json_84,zone_australia_gladstone_hay_point_20260828T042118Z.json,zone,2026-08-28 04:21:18+00:00,2026-08-28T04:21:18+00:00,2026-08-28T04:17:00Z,4.3,,503188230,ISLAND GIRL,9,False,-23.15929,150.9558,0.1,511.0,15,,AUSTRALIA_GLADSTONE_HAY_POINT,myshiptracking_zone,84,False,103,,,,,,,,,,,,,,,,,,,,,,,,,,,,,,,,,,,,,,,,,left_only,False,OTHER,,0,0.0,False,False,True,False,
zone_australia_gladstone_hay_point_20260828T042118Z.json_85,zone_australia_gladstone_hay_point_20260828T042118Z.json,zone,2026-08-28 04:21:18+00:00,2026-08-28T04:21:18+00:00,2026-08-28T01:01:17Z,200.01666666666668,,503010510,NICHOLLS,3,False,-23.83156,151.26043,7.9,272.1,15,,AUSTRALIA_GLADSTONE_HAY_POINT,myshiptracking_zone,85,True,104,,,,,,,,,,,,,,,,,,,,,,,,,,,,,,,,,,,,,,,,,left_only,False,OTHER,,0,0.0,False,False,True,False,
zone_australia_gladstone_hay_point_20260828T042118Z.json_86,zone_australia_gladstone_hay_point_20260828T042118Z.json,zone,2026-08-28 04:21:18+00:00,2026-08-28T04:21:18+00:00,2026-08-28T00:56:12Z,205.1,,503091750,RAHAJA,3,False,-23.83133,151.2431,5.6,235.2,15,,AUSTRALIA_GLADSTONE_HAY_POINT,myshiptracking_zone,86,True,105,,,,,,,,,,,,,,,,,,,,,,,,,,,,,,,,,,,,,,,,,left_only,False,OTHER,,0,0.0,False,False,True,False,
zone_australia_gladstone_hay_point_20260828T042118Z.json_87,zone_australia_gladstone_hay_point_20260828T042118Z.json,zone,2026-08-28 04:21:18+00:00,2026-08-28T04:21:18+00:00,2026-08-28T02:56:26Z,84.86666666666666,,503167790,MUDSKIPPER,9,False,-23.85695,151.32327,0.1,511.0,15,,AUSTRALIA_GLADSTONE_HAY_POINT,myshiptracking_zone,87,True,106,,,,,,,,,,,,,,,,,,,,,,,,,,,,,,,,,,,,,,,,,left_only,False,OTHER,,0,0.0,False,False,True,False,
zone_australia_gladstone_hay_point_20260828T042118Z.json_88,zone_australia_gladstone_hay_point_20260828T042118Z.json,zone,2026-08-28 04:21:18+00:00,2026-08-28T04:21:18+00:00,2026-08-28T02:17:48Z,123.5,,503060750,NANCY WAKE,6,False,-23.82765,151.24382,0.0,511.0,15,,AUSTRALIA_GLADSTONE_HAY_POINT,myshiptracking_zone,88,True,107,,,,,,,,,,,,,,,,,,,,,,,,,,,,,,,,,,,,,,,,,left_only,False,OTHER,,0,0.0,False,False,True,False,
zone_australia_gladstone_hay_point_20260828T042118Z.json_89,zone_australia_gladstone_hay_point_20260828T042118Z.json,zone,2026-08-28 04:21:18+00:00,2026-08-28T04:21:18+00:00,2026-08-28T03:04:09Z,77.15,,503163760,SERENITY CAT,9,False,-23.83166,151.24367,0.0,511.0,15,,AUSTRALIA_GLADSTONE_HAY_POINT,myshiptracking_zone,89,True,108,,,,,,,,,,,,,,,,,,,,,,,,,,,,,,,,,,,,,,,,,left_only,False,OTHER,,0,0.0,False,False,True,False,
zone_australia_gladstone_hay_point_20260828T042118Z.json_90,zone_australia_gladstone_hay_point_20260828T042118Z.json,zone,2026-08-28 04:21:18+00:00,2026-08-28T04:21:18+00:00,2026-08-28T04:19:37Z,1.6833333333333331,,995036120,SPSB3,13,False,-23.82584,151.247,0.0,0.0,30,,AUSTRALIA_GLADSTONE_HAY_POINT,myshiptracking_zone,90,False,109,,,,,,,,,,,,,,,,,,,,,,,,,,,,,,,,,,,,,,,,,left_only,False,OTHER,,0,0.0,False,False,True,False,
zone_australia_gladstone_hay_point_20260828T042118Z.json_91,zone_australia_gladstone_hay_point_20260828T042118Z.json,zone,2026-08-28 04:21:18+00:00,2026-08-28T04:21:18+00:00,2026-08-28T04:19:37Z,1.6833333333333331,,995036119,SPSB2,13,False,-23.82666,151.24662,0.0,0.0,30,,AUSTRALIA_GLADSTONE_HAY_POINT,myshiptracking_zone,91,False,110,,,,,,,,,,,,,,,,,,,,,,,,,,,,,,,,,,,,,,,,,left_only,False,OTHER,,0,0.0,False,False,True,False,
zone_australia_gladstone_hay_point_20260828T042118Z.json_92,zone_australia_gladstone_hay_point_20260828T042118Z.json,zone,2026-08-28 04:21:18+00:00,2026-08-28T04:21:18+00:00,2026-08-28T04:14:36Z,6.7,,995036118,SPSB1,13,False,-23.82607,151.24804,0.0,0.0,30,,AUSTRALIA_GLADSTONE_HAY_POINT,myshiptracking_zone,92,True,111,,,,,,,,,,,,,,,,,,,,,,,,,,,,,,,,,,,,,,,,,left_only,False,OTHER,,0,0.0,False,False,True,False,
zone_australia_gladstone_hay_point_20260828T042118Z.json_93,zone_australia_gladstone_hay_point_20260828T042118Z.json,zone,2026-08-28 04:21:18+00:00,2026-08-28T04:21:18+00:00,2026-08-28T04:17:23Z,3.9166666666666665,,995036074,GLT CP4 EAST CARD,13,False,-23.75645,151.17396,0.0,0.0,10,,AUSTRALIA_GLADSTONE_HAY_POINT,myshiptracking_zone,93,False,112,,,,,,,,,,,,,,,,,,,,,,,,,,,,,,,,,,,,,,,,,left_only,False,OTHER,,0,0.0,False,False,True,False,
zone_australia_gladstone_hay_point_20260828T042118Z.json_94,zone_australia_gladstone_hay_point_20260828T042118Z.json,zone,2026-08-28 04:21:18+00:00,2026-08-28T04:21:18+00:00,2026-08-28T04:11:20Z,9.966666666666669,,995036073,GLT CP2 WEST CARD,13,False,-23.75779,151.17168,0.0,0.0,12,,AUSTRALIA_GLADSTONE_HAY_POINT,myshiptracking_zone,94,True,113,,,,,,,,,,,,,,,,,,,,,,,,,,,,,,,,,,,,,,,,,left_only,False,OTHER,,0,0.0,False,False,True,False,
zone_australia_gladstone_hay_point_20260828T042118Z.json_95,zone_australia_gladstone_hay_point_20260828T042118Z.json,zone,2026-08-28 04:21:18+00:00,2026-08-28T04:21:18+00:00,2026-08-28T03:02:58Z,78.33333333333333,,995036331,GLT_BEX01_STBD_LAT,13,False,-23.91997,151.49999,0.0,0.0,14,,AUSTRALIA_GLADSTONE_HAY_POINT,myshiptracking_zone,95,True,114,,,,,,,,,,,,,,,,,,,,,,,,,,,,,,,,,,,,,,,,,left_only,False,OTHER,,0,0.0,False,False,True,False,
zone_australia_gladstone_hay_point_20260828T042118Z.json_96,zone_australia_gladstone_hay_point_20260828T042118Z.json,zone,2026-08-28 04:21:18+00:00,2026-08-28T04:21:18+00:00,2026-08-28T03:16:43Z,64.58333333333333,,995036332,GLT_BEX02_PORT_LAT,13,False,-23.92602,151.49999,0.0,0.0,13,,AUSTRALIA_GLADSTONE_HAY_POINT,myshiptracking_zone,96,True,115,,,,,,,,,,,,,,,,,,,,,,,,,,,,,,,,,,,,,,,,,left_only,False,OTHER,,0,0.0,False,False,True,False,
zone_australia_gladstone_hay_point_20260828T042118Z.json_97,zone_australia_gladstone_hay_point_20260828T042118Z.json,zone,2026-08-28 04:21:18+00:00,2026-08-28T04:21:18+00:00,2026-08-28T03:05:10Z,76.13333333333334,,5030225,,11,False,-24.02216,151.76419,0.0,0.0,15,,AUSTRALIA_GLADSTONE_HAY_POINT,myshiptracking_zone,97,True,116,,,,,,,,,,,,,,,,,,,,,,,,,,,,,,,,,,,,,,,,,left_only,False,OTHER,,0,0.0,False,False,True,False,
zone_australia_gladstone_hay_point_20260828T042118Z.json_98,zone_australia_gladstone_hay_point_20260828T042118Z.json,zone,2026-08-28 04:21:18+00:00,2026-08-28T04:21:18+00:00,2026-08-28T03:06:42Z,74.6,9889306,352393000,AZUL TIERRA,7,True,-23.79716,151.5176,0.1,181.0,1,,AUSTRALIA_GLADSTONE_HAY_POINT,myshiptracking_zone,98,True,2,352393000.0,AZUL TIERRA,7.0,Cargo,H9PH,,,,10.9,261.0,39.0,21.0,29.0,PA,AU GLT,2026-08-26T21:00:00.000Z,,,,,,DALRYMPLE,133.0,AUHPT,Australia,2026-08-25T22:12:50Z,GLADSTONE,3859.0,AUGLT,Australia,2026-08-26T21:00:00Z,9.7,12.3,243.5,12.0,ENE,73.7,1022.7,19.9,24135.3,both,True,BULK_CARRIER,,4,0.5714285714285714,True,True,True,True,
zone_australia_gladstone_hay_point_20260828T042118Z.json_99,zone_australia_gladstone_hay_point_20260828T042118Z.json,zone,2026-08-28 04:21:18+00:00,2026-08-28T04:21:18+00:00,2026-08-28T03:06:33Z,74.75,9324502,440422000,WHITE ROSE,7,True,-23.79759,151.47986,0.3,133.0,1,,AUSTRALIA_GLADSTONE_HAY_POINT,myshiptracking_zone,99,True,2,440422000.0,WHITE ROSE,7.0,Bulk Carrier,D7KJ,171827.0,89097.0,2006.0,9.3,247.0,42.0,18.0,27.0,KR,AUGLT,2026-08-25T23:00:00.000Z,,,,,,GWANGYANG,5505.0,KRKAN,Korea,2026-08-11T22:32:44Z,GLADSTONE,3859.0,AUGLT,Australia,2026-08-25T23:00:00Z,11.3,14.6,3973.53,12.0,ENE,73.7,1022.7,19.9,24135.3,both,True,BULK_CARRIER,20.0,7,1.0,True,True,True,True,
zone_australia_gladstone_hay_point_20260828T042118Z.json_100,zone_australia_gladstone_hay_point_20260828T042118Z.json,zone,2026-08-28 04:21:18+00:00,2026-08-28T04:21:18+00:00,2026-08-28T03:57:06Z,24.2,9633159,636025609,MAIZURU KICHIJO,7,True,-23.85197,151.31129,0.0,261.0,5,,AUSTRALIA_GLADSTONE_HAY_POINT,myshiptracking_zone,100,True,2,636025609.0,MAIZURU KICHIJO,7.0,Bulk Carrier,5LYG9,91435.0,50626.0,2012.0,12.5,201.0,34.0,23.0,15.0,LR,AU_GLT,2026-08-22T00:00:00.000Z,,,,,,,,,,,GLADSTONE,3859.0,AUGLT,Australia,2026-08-22T00:00:00Z,,,,10.0,ENE,62.5,1022.5,21.4,24135.3,both,True,BULK_CARRIER,14.0,6,0.8571428571428571,True,True,True,True,
zone_australia_gladstone_hay_point_20260828T042118Z.json_101,zone_australia_gladstone_hay_point_20260828T042118Z.json,zone,2026-08-28 04:21:18+00:00,2026-08-28T04:21:18+00:00,2026-08-28T03:07:48Z,73.5,9565546,351733000,CHESAPEAKE HIGHWAY,7,True,-23.86656,151.57271,0.1,116.0,1,,AUSTRALIA_GLADSTONE_HAY_POINT,myshiptracking_zone,101,True,2,,,,,,,,,,,,,,,,,,,,,,,,,,,,,,,,,,,,,,,,,left_only,False,BULK_CARRIER,,0,0.0,True,False,True,True,
zone_australia_gladstone_hay_point_20260828T042118Z.json_102,zone_australia_gladstone_hay_point_20260828T042118Z.json,zone,2026-08-28 04:21:18+00:00,2026-08-28T04:21:18+00:00,2026-08-28T02:58:27Z,82.85,9914371,538012764,METIS TITANIUM,7,True,-23.84856,151.58976,0.0,128.0,1,,AUSTRALIA_GLADSTONE_HAY_POINT,myshiptracking_zone,102,True,2,,,,,,,,,,,,,,,,,,,,,,,,,,,,,,,,,,,,,,,,,left_only,False,BULK_CARRIER,,0,0.0,True,False,True,True,
zone_australia_gladstone_hay_point_20260828T042118Z.json_103,zone_australia_gladstone_hay_point_20260828T042118Z.json,zone,2026-08-28 04:21:18+00:00,2026-08-28T04:21:18+00:00,2026-08-28T02:58:16Z,83.03333333333333,9631151,503788000,MT LARCOM,8,False,-23.8519,151.31501,0.0,110.0,5,,AUSTRALIA_GLADSTONE_HAY_POINT,myshiptracking_zone,103,True,2,,,,,,,,,,,,,,,,,,,,,,,,,,,,,,,,,,,,,,,,,left_only,False,OTHER,,0,0.0,False,False,True,False,
zone_australia_gladstone_hay_point_20260828T042118Z.json_104,zone_australia_gladstone_hay_point_20260828T042118Z.json,zone,2026-08-28 04:21:18+00:00,2026-08-28T04:21:18+00:00,2026-08-28T01:05:46Z,195.53333333333333,,503489800,IRON JOY,6,False,-23.83653,151.25237,0.0,511.0,15,,AUSTRALIA_GLADSTONE_HAY_POINT,myshiptracking_zone,104,True,117,,,,,,,,,,,,,,,,,,,,,,,,,,,,,,,,,,,,,,,,,left_only,False,OTHER,,0,0.0,False,False,True,False,
zone_australia_gladstone_hay_point_20260828T042118Z.json_105,zone_australia_gladstone_hay_point_20260828T042118Z.json,zone,2026-08-28 04:21:18+00:00,2026-08-28T04:21:18+00:00,2026-08-28T01:56:14Z,145.06666666666666,,503171980,EASTERN VOYAGER,10,False,-23.83297,151.24734,0.0,511.0,15,,AUSTRALIA_GLADSTONE_HAY_POINT,myshiptracking_zone,105,True,118,,,,,,,,,,,,,,,,,,,,,,,,,,,,,,,,,,,,,,,,,left_only,False,OTHER,,0,0.0,False,False,True,False,
zone_australia_gladstone_hay_point_20260828T042118Z.json_106,zone_australia_gladstone_hay_point_20260828T042118Z.json,zone,2026-08-28 04:21:18+00:00,2026-08-28T04:21:18+00:00,2026-08-28T03:54:51Z,26.45,,503100660,MONTAGE,9,False,-23.16736,150.9468,0.1,511.0,15,,AUSTRALIA_GLADSTONE_HAY_POINT,myshiptracking_zone,106,True,119,,,,,,,,,,,,,,,,,,,,,,,,,,,,,,,,,,,,,,,,,left_only,False,OTHER,,0,0.0,False,False,True,False,
zone_australia_gladstone_hay_point_20260828T042118Z.json_107,zone_australia_gladstone_hay_point_20260828T042118Z.json,zone,2026-08-28 04:21:18+00:00,2026-08-28T04:21:18+00:00,2026-08-28T04:21:03Z,0.25,,503099550,NELSON STAR,10,False,-23.16724,150.94917,0.2,63.0,15,,AUSTRALIA_GLADSTONE_HAY_POINT,myshiptracking_zone,107,False,120,,,,,,,,,,,,,,,,,,,,,,,,,,,,,,,,,,,,,,,,,left_only,False,OTHER,,0,0.0,False,False,True,False,
zone_australia_gladstone_hay_point_20260828T042118Z.json_108,zone_australia_gladstone_hay_point_20260828T042118Z.json,zone,2026-08-28 04:21:18+00:00,2026-08-28T04:21:18+00:00,2026-08-28T01:38:06Z,163.2,,503020880,TRANQUILITY BASE,9,False,-23.83188,151.24548,0.1,511.0,15,,AUSTRALIA_GLADSTONE_HAY_POINT,myshiptracking_zone,108,True,121,,,,,,,,,,,,,,,,,,,,,,,,,,,,,,,,,,,,,,,,,left_only,False,OTHER,,0,0.0,False,False,True,False,
zone_australia_gladstone_hay_point_20260828T042118Z.json_109,zone_australia_gladstone_hay_point_20260828T042118Z.json,zone,2026-08-28 04:21:18+00:00,2026-08-28T04:21:18+00:00,2026-08-28T01:58:38Z,142.66666666666666,,512003134,KHARISMA,9,False,-23.15665,150.92517,5.9,268.2,15,,AUSTRALIA_GLADSTONE_HAY_POINT,myshiptracking_zone,109,True,122,,,,,,,,,,,,,,,,,,,,,,,,,,,,,,,,,,,,,,,,,left_only,False,OTHER,,0,0.0,False,False,True,False,
zone_australia_gladstone_hay_point_20260828T042118Z.json_110,zone_australia_gladstone_hay_point_20260828T042118Z.json,zone,2026-08-28 04:21:18+00:00,2026-08-28T04:21:18+00:00,2026-08-27T23:57:40Z,263.6333333333333,,503102150,PEG II,10,False,-23.73914,151.33054,7.8,62.0,15,,AUSTRALIA_GLADSTONE_HAY_POINT,myshiptracking_zone,110,True,123,,,,,,,,,,,,,,,,,,,,,,,,,,,,,,,,,,,,,,,,,left_only,False,OTHER,,0,0.0,False,False,True,False,
zone_australia_gladstone_hay_point_20260828T042118Z.json_111,zone_australia_gladstone_hay_point_20260828T042118Z.json,zone,2026-08-28 04:21:18+00:00,2026-08-28T04:21:18+00:00,2026-08-28T04:21:09Z,0.15,,503230900,LIQUIDITY II,9,False,-23.16301,150.95393,0.2,56.0,15,,AUSTRALIA_GLADSTONE_HAY_POINT,myshiptracking_zone,111,False,124,,,,,,,,,,,,,,,,,,,,,,,,,,,,,,,,,,,,,,,,,left_only,False,OTHER,,0,0.0,False,False,True,False,
zone_australia_gladstone_hay_point_20260828T042118Z.json_112,zone_australia_gladstone_hay_point_20260828T042118Z.json,zone,2026-08-28 04:21:18+00:00,2026-08-28T04:21:18+00:00,2026-08-28T02:09:53Z,131.41666666666666,,512011345,SECOND WIND,9,False,-23.83298,151.24515,0.0,511.0,15,,AUSTRALIA_GLADSTONE_HAY_POINT,myshiptracking_zone,112,True,125,,,,,,,,,,,,,,,,,,,,,,,,,,,,,,,,,,,,,,,,,left_only,False,OTHER,,0,0.0,False,False,True,False,
zone_australia_gladstone_hay_point_20260828T042118Z.json_113,zone_australia_gladstone_hay_point_20260828T042118Z.json,zone,2026-08-28 04:21:18+00:00,2026-08-28T04:21:18+00:00,2026-08-28T04:20:33Z,0.75,,503087710,SEA GODDESS,9,False,-23.18481,150.93277,0.1,511.0,15,,AUSTRALIA_GLADSTONE_HAY_POINT,myshiptracking_zone,113,False,126,,,,,,,,,,,,,,,,,,,,,,,,,,,,,,,,,,,,,,,,,left_only,False,OTHER,,0,0.0,False,False,True,False,
zone_australia_gladstone_hay_point_20260828T042118Z.json_114,zone_australia_gladstone_hay_point_20260828T042118Z.json,zone,2026-08-28 04:21:18+00:00,2026-08-28T04:21:18+00:00,2026-08-28T00:05:35Z,255.71666666666667,,503334100,SPOOK,9,False,-23.83267,151.24421,0.0,511.0,15,,AUSTRALIA_GLADSTONE_HAY_POINT,myshiptracking_zone,114,True,127,,,,,,,,,,,,,,,,,,,,,,,,,,,,,,,,,,,,,,,,,left_only,False,OTHER,,0,0.0,False,False,True,False,
zone_australia_gladstone_hay_point_20260828T042118Z.json_115,zone_australia_gladstone_hay_point_20260828T042118Z.json,zone,2026-08-28 04:21:18+00:00,2026-08-28T04:21:18+00:00,2026-08-28T01:59:23Z,141.91666666666666,,503300100,CODI K,9,False,-23.8481,151.30798,25.8,108.8,15,,AUSTRALIA_GLADSTONE_HAY_POINT,myshiptracking_zone,115,True,128,,,,,,,,,,,,,,,,,,,,,,,,,,,,,,,,,,,,,,,,,left_only,False,OTHER,,0,0.0,False,False,True,False,
zone_australia_gladstone_hay_point_20260828T042118Z.json_116,zone_australia_gladstone_hay_point_20260828T042118Z.json,zone,2026-08-28 04:21:18+00:00,2026-08-28T04:21:18+00:00,2026-08-27T22:21:56Z,359.3666666666667,,503120420,RON TYLER,3,False,-23.83297,151.24273,0.1,511.0,15,,AUSTRALIA_GLADSTONE_HAY_POINT,myshiptracking_zone,116,True,129,,,,,,,,,,,,,,,,,,,,,,,,,,,,,,,,,,,,,,,,,left_only,False,OTHER,,0,0.0,False,False,True,False,
zone_australia_gladstone_hay_point_20260828T042118Z.json_117,zone_australia_gladstone_hay_point_20260828T042118Z.json,zone,2026-08-28 04:21:18+00:00,2026-08-28T04:21:18+00:00,2026-08-28T03:06:07Z,75.18333333333334,,995036328,IRVING REEF,13,False,-23.53162,151.60178,0.0,0.0,24,,AUSTRALIA_GLADSTONE_HAY_POINT,myshiptracking_zone,117,True,130,,,,,,,,,,,,,,,,,,,,,,,,,,,,,,,,,,,,,,,,,left_only,False,OTHER,,0,0.0,False,False,True,False,
zone_australia_gladstone_hay_point_20260828T042118Z.json_118,zone_australia_gladstone_hay_point_20260828T042118Z.json,zone,2026-08-28 04:21:18+00:00,2026-08-28T04:21:18+00:00,2026-08-28T04:19:53Z,1.4166666666666667,,5030149,,11,False,-23.73678,151.05941,0.0,0.0,15,,AUSTRALIA_GLADSTONE_HAY_POINT,myshiptracking_zone,118,False,131,,,,,,,,,,,,,,,,,,,,,,,,,,,,,,,,,,,,,,,,,left_only,False,OTHER,,0,0.0,False,False,True,False,
zone_australia_gladstone_hay_point_20260828T042118Z.json_119,zone_australia_gladstone_hay_point_20260828T042118Z.json,zone,2026-08-28 04:21:18+00:00,2026-08-28T04:21:18+00:00,2026-08-28T04:16:43Z,4.583333333333333,,5030267,,11,False,-23.84036,151.255,0.0,0.0,15,,AUSTRALIA_GLADSTONE_HAY_POINT,myshiptracking_zone,119,False,132,,,,,,,,,,,,,,,,,,,,,,,,,,,,,,,,,,,,,,,,,left_only,False,OTHER,,0,0.0,False,False,True,False,
