imo,vessel_name,route_id,origin,destination,departure_date,estimated_eta,vessel_dwt,vessel_dwt_class,cargo_quantity_mt,reposition_distance_nm,reposition_hours,route_distance_nm,route_speed_knots,total_voyage_hours,total_voyage_days,bear_profit_usd,base_profit_usd,bull_profit_usd,expected_profit_usd,worst_case_profit_usd,best_case_profit_usd,objective_profit_usd,departure_dt,eta_dt,decision_id,selected
9290971,ORIENTAL ENTERPRISE,0,"Queensland (Gladstone / Hay Point), Australia","Visakhapatnam & Haldia, India",2026-08-30,2026-09-18 02:33:33.020025825+00:00,88125.0,,73625.0,199.7956193641104,16.6496349470092,4926.710066752748,12.0,458.5591722293957,19.10663217622482,1961629.7030262216,2764445.611131865,4252024.967012267,2992700.0937234513,1961629.7030262216,4252024.967012267,1961629.7030262216,2026-08-30 00:00:00+00:00,2026-09-18 02:33:33.020025825+00:00,V9290971_R0_D20260830,0
9290971,ORIENTAL ENTERPRISE,0,"Queensland (Gladstone / Hay Point), Australia","Visakhapatnam & Haldia, India",2026-08-31,2026-09-19 02:33:33.020025825+00:00,88125.0,,73625.0,199.7956193641104,16.6496349470092,4926.710066752748,12.0,458.5591722293957,19.10663217622482,1961629.7030262216,2764445.611131865,4252024.967012267,2992700.0937234513,1961629.7030262216,4252024.967012267,1961629.7030262216,2026-08-31 00:00:00+00:00,2026-09-19 02:33:33.020025825+00:00,V9290971_R0_D20260831,0
9290971,ORIENTAL ENTERPRISE,0,"Queensland (Gladstone / Hay Point), Australia","Visakhapatnam & Haldia, India",2026-09-01,2026-09-20 02:33:33.020025825+00:00,88125.0,,73625.0,199.7956193641104,16.6496349470092,4926.710066752748,12.0,458.5591722293957,19.10663217622482,1961629.7030262216,2764445.611131865,4252024.967012267,2992700.0937234513,1961629.7030262216,4252024.967012267,1961629.7030262216,2026-09-01 00:00:00+00:00,2026-09-20 02:33:33.020025825+00:00,V9290971_R0_D20260901,0
9290971,ORIENTAL ENTERPRISE,0,"Queensland (Gladstone / Hay Point), Australia","Visakhapatnam & Haldia, India",2026-09-02,2026-09-21 02:33:33.020025825+00:00,88125.0,,73625.0,199.7956193641104,16.6496349470092,4926.710066752748,12.0,458.5591722293957,19.10663217622482,1961629.7030262216,2764445.611131865,4252024.967012267,2992700.0937234513,1961629.7030262216,4252024.967012267,1961629.7030262216,2026-09-02 00:00:00+00:00,2026-09-21 02:33:33.020025825+00:00,V9290971_R0_D20260902,0
9290971,ORIENTAL ENTERPRISE,0,"Queensland (Gladstone / Hay Point), Australia","Visakhapatnam & Haldia, India",2026-09-03,2026-09-22 02:33:33.020025825+00:00,88125.0,,73625.0,199.7956193641104,16.6496349470092,4926.710066752748,12.0,458.5591722293957,19.10663217622482,1961629.7030262216,2764445.611131865,4252024.967012267,2992700.0937234513,1961629.7030262216,4252024.967012267,1961629.7030262216,2026-09-03 00:00:00+00:00,2026-09-22 02:33:33.020025825+00:00,V9290971_R0_D20260903,0
9290971,ORIENTAL ENTERPRISE,0,"Queensland (Gladstone / Hay Point), Australia","Visakhapatnam & Haldia, India",2026-09-04,2026-09-23 02:33:33.020025825+00:00,88125.0,,73625.0,199.7956193641104,16.6496349470092,4926.710066752748,12.0,458.5591722293957,19.10663217622482,1961629.7030262216,2764445.611131865,4252024.967012267,2992700.0937234513,1961629.7030262216,4252024.967012267,1961629.7030262216,2026-09-04 00:00:00+00:00,2026-09-23 02:33:33.020025825+00:00,V9290971_R0_D20260904,0
9290971,ORIENTAL ENTERPRISE,0,"Queensland (Gladstone / Hay Point), Australia","Visakhapatnam & Haldia, India",2026-09-05,2026-09-24 02:33:33.020025825+00:00,88125.0,,73625.0,199.7956193641104,16.6496349470092,4926.710066752748,12.0,458.5591722293957,19.10663217622482,1961629.7030262216,2764445.611131865,4252024.967012267,2992700.0937234513,1961629.7030262216,4252024.967012267,1961629.7030262216,2026-09-05 00:00:00+00:00,2026-09-24 02:33:33.020025825+00:00,V9290971_R0_D20260905,0
9290971,ORIENTAL ENTERPRISE,0,"Queensland (Gladstone / Hay Point), Australia","Visakhapatnam & Haldia, India",2026-09-06,2026-09-25 02:33:33.020025825+00:00,88125.0,,73625.0,199.7956193641104,16.6496349470092,4926.710066752748,12.0,458.5591722293957,19.10663217622482,1961629.7030262216,2764445.611131865,4252024.967012267,2992700.0937234513,1961629.7030262216,4252024.967012267,1961629.7030262216,2026-09-06 00:00:00+00:00,2026-09-25 02:33:33.020025825+00:00,V9290971_R0_D20260906,0
9290971,ORIENTAL ENTERPRISE,0,"Queensland (Gladstone / Hay Point), Australia","Visakhapatnam & Haldia, India",2026-09-07,2026-09-26 02:33:33.020025825+00:00,88125.0,,73625.0,199.7956193641104,16.6496349470092,4926.710066752748,12.0,458.5591722293957,19.10663217622482,1961629.7030262216,2764445.611131865,4252024.967012267,2992700.0937234513,1961629.7030262216,4252024.967012267,1961629.7030262216,2026-09-07 00:00:00+00:00,2026-09-26 02:33:33.020025825+00:00,V9290971_R0_D20260907,0
9290971,ORIENTAL ENTERPRISE,10,Indonesia,"Paradip, India",2026-09-06,2026-09-16 22:55:19.195249904+00:00,88125.0,,54625.0,2338.7624542698995,194.8968711891583,2579.063984166344,12.0,262.92199868052865,10.95508327835536,483886.8554293813,753824.7506805515,1254006.7180421222,830572.7747173518,483886.8554293813,1254006.7180421222,483886.8554293813,2026-09-06 00:00:00+00:00,2026-09-16 22:55:19.195249904+00:00,V9290971_R10_D20260906,0
9290971,ORIENTAL ENTERPRISE,10,Indonesia,"Paradip, India",2026-09-07,2026-09-17 22:55:19.195249904+00:00,88125.0,,54625.0,2338.7624542698995,194.8968711891583,2579.063984166344,12.0,262.92199868052865,10.95508327835536,483886.8554293813,753824.7506805515,1254006.7180421222,830572.7747173518,483886.8554293813,1254006.7180421222,483886.8554293813,2026-09-07 00:00:00+00:00,2026-09-17 22:55:19.195249904+00:00,V9290971_R10_D20260907,0
9290971,ORIENTAL ENTERPRISE,11,"Hay Point, Australia","Visakhapatnam, India",2026-08-30,2026-09-18 02:33:33.020025825+00:00,88125.0,,73625.0,199.7956193641104,16.6496349470092,4926.710066752748,12.0,458.5591722293957,19.10663217622482,878815.7326054362,1354526.8611318655,2235996.7560524866,1489779.783263263,878815.7326054362,2235996.7560524866,878815.7326054362,2026-08-30 00:00:00+00:00,2026-09-18 02:33:33.020025825+00:00,V9290971_R11_D20260830,0
9290971,ORIENTAL ENTERPRISE,11,"Hay Point, Australia","Visakhapatnam, India",2026-08-31,2026-09-19 02:33:33.020025825+00:00,88125.0,,73625.0,199.7956193641104,16.6496349470092,4926.710066752748,12.0,458.5591722293957,19.10663217622482,878815.7326054362,1354526.8611318655,2235996.7560524866,1489779.783263263,878815.7326054362,2235996.7560524866,878815.7326054362,2026-08-31 00:00:00+00:00,2026-09-19 02:33:33.020025825+00:00,V9290971_R11_D20260831,0
9290971,ORIENTAL ENTERPRISE,11,"Hay Point, Australia","Visakhapatnam, India",2026-09-01,2026-09-20 02:33:33.020025825+00:00,88125.0,,73625.0,199.7956193641104,16.6496349470092,4926.710066752748,12.0,458.5591722293957,19.10663217622482,878815.7326054362,1354526.8611318655,2235996.7560524866,1489779.783263263,878815.7326054362,2235996.7560524866,878815.7326054362,2026-09-01 00:00:00+00:00,2026-09-20 02:33:33.020025825+00:00,V9290971_R11_D20260901,0
9290971,ORIENTAL ENTERPRISE,11,"Hay Point, Australia","Visakhapatnam, India",2026-09-02,2026-09-21 02:33:33.020025825+00:00,88125.0,,73625.0,199.7956193641104,16.6496349470092,4926.710066752748,12.0,458.5591722293957,19.10663217622482,878815.7326054362,1354526.8611318655,2235996.7560524866,1489779.783263263,878815.7326054362,2235996.7560524866,878815.7326054362,2026-09-02 00:00:00+00:00,2026-09-21 02:33:33.020025825+00:00,V9290971_R11_D20260902,0
9290971,ORIENTAL ENTERPRISE,11,"Hay Point, Australia","Visakhapatnam, India",2026-09-03,2026-09-22 02:33:33.020025825+00:00,88125.0,,73625.0,199.7956193641104,16.6496349470092,4926.710066752748,12.0,458.5591722293957,19.10663217622482,878815.7326054362,1354526.8611318655,2235996.7560524866,1489779.783263263,878815.7326054362,2235996.7560524866,878815.7326054362,2026-09-03 00:00:00+00:00,2026-09-22 02:33:33.020025825+00:00,V9290971_R11_D20260903,0
9290971,ORIENTAL ENTERPRISE,11,"Hay Point, Australia","Visakhapatnam, India",2026-09-04,2026-09-23 02:33:33.020025825+00:00,88125.0,,73625.0,199.7956193641104,16.6496349470092,4926.710066752748,12.0,458.5591722293957,19.10663217622482,878815.7326054362,1354526.8611318655,2235996.7560524866,1489779.783263263,878815.7326054362,2235996.7560524866,878815.7326054362,2026-09-04 00:00:00+00:00,2026-09-23 02:33:33.020025825+00:00,V9290971_R11_D20260904,0
9290971,ORIENTAL ENTERPRISE,11,"Hay Point, Australia","Visakhapatnam, India",2026-09-05,2026-09-24 02:33:33.020025825+00:00,88125.0,,73625.0,199.7956193641104,16.6496349470092,4926.710066752748,12.0,458.5591722293957,19.10663217622482,878815.7326054362,1354526.8611318655,2235996.7560524866,1489779.783263263,878815.7326054362,2235996.7560524866,878815.7326054362,2026-09-05 00:00:00+00:00,2026-09-24 02:33:33.020025825+00:00,V9290971_R11_D20260905,0
9290971,ORIENTAL ENTERPRISE,11,"Hay Point, Australia","Visakhapatnam, India",2026-09-06,2026-09-25 02:33:33.020025825+00:00,88125.0,,73625.0,199.7956193641104,16.6496349470092,4926.710066752748,12.0,458.5591722293957,19.10663217622482,878815.7326054362,1354526.8611318655,2235996.7560524866,1489779.783263263,878815.7326054362,2235996.7560524866,878815.7326054362,2026-09-06 00:00:00+00:00,2026-09-25 02:33:33.020025825+00:00,V9290971_R11_D20260906,0
9290971,ORIENTAL ENTERPRISE,11,"Hay Point, Australia","Visakhapatnam, India",2026-09-07,2026-09-26 02:33:33.020025825+00:00,88125.0,,73625.0,199.7956193641104,16.6496349470092,4926.710066752748,12.0,458.5591722293957,19.10663217622482,878815.7326054362,1354526.8611318655,2235996.7560524866,1489779.783263263,878815.7326054362,2235996.7560524866,878815.7326054362,2026-09-07 00:00:00+00:00,2026-09-26 02:33:33.020025825+00:00,V9290971_R11_D20260907,0
9290971,ORIENTAL ENTERPRISE,13,"Adang Bay (East Kalimantan), Indonesia","Kandla, India",2026-09-06,2026-09-21 15:09:31.159862762+00:00,88125.0,,54625.0,2439.9616509386024,203.3301375782169,3925.90386620921,12.0,375.15865551743417,15.631610646559755,537820.2656598565,873658.4921460542,1495950.611163971,969143.1229899606,537820.2656598565,1495950.611163971,537820.2656598565,2026-09-06 00:00:00+00:00,2026-09-21 15:09:31.159862762+00:00,V9290971_R13_D20260906,0
9290971,ORIENTAL ENTERPRISE,13,"Adang Bay (East Kalimantan), Indonesia","Kandla, India",2026-09-07,2026-09-22 15:09:31.159862762+00:00,88125.0,,54625.0,2439.9616509386024,203.3301375782169,3925.90386620921,12.0,375.15865551743417,15.631610646559755,537820.2656598565,873658.4921460542,1495950.611163971,969143.1229899606,537820.2656598565,1495950.611163971,537820.2656598565,2026-09-07 00:00:00+00:00,2026-09-22 15:09:31.159862762+00:00,V9290971_R13_D20260907,0
9290971,ORIENTAL ENTERPRISE,14,"East Kalimantan, Indonesia","Paradip, India",2026-09-07,2026-09-18 13:22:59.538985611+00:00,88125.0,,54625.0,2536.19739405554,211.34978283796167,2752.598463285374,12.0,277.3832052737812,11.557633553074217,198431.58845198888,388528.6977837989,740769.5198694121,442576.6020350666,198431.58845198888,740769.5198694121,198431.58845198888,2026-09-07 00:00:00+00:00,2026-09-18 13:22:59.538985611+00:00,V9290971_R14_D20260907,0
9290971,ORIENTAL ENTERPRISE,17,"Queensland, Australia","Haldia, India",2026-08-30,2026-09-17 10:21:45.174865291+00:00,88125.0,,73625.0,400.8075692182992,33.4006307681916,4732.350582884308,12.0,442.3625485736923,18.43177285723718,475607.6485746149,822355.7961181165,1464863.4753600769,920942.3066842695,475607.6485746149,1464863.4753600769,475607.6485746149,2026-08-30 00:00:00+00:00,2026-09-17 10:21:45.174865291+00:00,V9290971_R17_D20260830,0
9290971,ORIENTAL ENTERPRISE,17,"Queensland, Australia","Haldia, India",2026-08-31,2026-09-18 10:21:45.174865291+00:00,88125.0,,73625.0,400.8075692182992,33.4006307681916,4732.350582884308,12.0,442.3625485736923,18.43177285723718,475607.6485746149,822355.7961181165,1464863.4753600769,920942.3066842695,475607.6485746149,1464863.4753600769,475607.6485746149,2026-08-31 00:00:00+00:00,2026-09-18 10:21:45.174865291+00:00,V9290971_R17_D20260831,0
9290971,ORIENTAL ENTERPRISE,17,"Queensland, Australia","Haldia, India",2026-09-01,2026-09-19 10:21:45.174865291+00:00,88125.0,,73625.0,400.8075692182992,33.4006307681916,4732.350582884308,12.0,442.3625485736923,18.43177285723718,475607.6485746149,822355.7961181165,1464863.4753600769,920942.3066842695,475607.6485746149,1464863.4753600769,475607.6485746149,2026-09-01 00:00:00+00:00,2026-09-19 10:21:45.174865291+00:00,V9290971_R17_D20260901,0
9290971,ORIENTAL ENTERPRISE,17,"Queensland, Australia","Haldia, India",2026-09-02,2026-09-20 10:21:45.174865291+00:00,88125.0,,73625.0,400.8075692182992,33.4006307681916,4732.350582884308,12.0,442.3625485736923,18.43177285723718,475607.6485746149,822355.7961181165,1464863.4753600769,920942.3066842695,475607.6485746149,1464863.4753600769,475607.6485746149,2026-09-02 00:00:00+00:00,2026-09-20 10:21:45.174865291+00:00,V9290971_R17_D20260902,0
9290971,ORIENTAL ENTERPRISE,17,"Queensland, Australia","Haldia, India",2026-09-03,2026-09-21 10:21:45.174865291+00:00,88125.0,,73625.0,400.8075692182992,33.4006307681916,4732.350582884308,12.0,442.3625485736923,18.43177285723718,475607.6485746149,822355.7961181165,1464863.4753600769,920942.3066842695,475607.6485746149,1464863.4753600769,475607.6485746149,2026-09-03 00:00:00+00:00,2026-09-21 10:21:45.174865291+00:00,V9290971_R17_D20260903,0
9290971,ORIENTAL ENTERPRISE,17,"Queensland, Australia","Haldia, India",2026-09-04,2026-09-22 10:21:45.174865291+00:00,88125.0,,73625.0,400.8075692182992,33.4006307681916,4732.350582884308,12.0,442.3625485736923,18.43177285723718,475607.6485746149,822355.7961181165,1464863.4753600769,920942.3066842695,475607.6485746149,1464863.4753600769,475607.6485746149,2026-09-04 00:00:00+00:00,2026-09-22 10:21:45.174865291+00:00,V9290971_R17_D20260904,0
9290971,ORIENTAL ENTERPRISE,17,"Queensland, Australia","Haldia, India",2026-09-05,2026-09-23 10:21:45.174865291+00:00,88125.0,,73625.0,400.8075692182992,33.4006307681916,4732.350582884308,12.0,442.3625485736923,18.43177285723718,475607.6485746149,822355.7961181165,1464863.4753600769,920942.3066842695,475607.6485746149,1464863.4753600769,475607.6485746149,2026-09-05 00:00:00+00:00,2026-09-23 10:21:45.174865291+00:00,V9290971_R17_D20260905,0
9290971,ORIENTAL ENTERPRISE,17,"Queensland, Australia","Haldia, India",2026-09-06,2026-09-24 10:21:45.174865291+00:00,88125.0,,73625.0,400.8075692182992,33.4006307681916,4732.350582884308,12.0,442.3625485736923,18.43177285723718,475607.6485746149,822355.7961181165,1464863.4753600769,920942.3066842695,475607.6485746149,1464863.4753600769,475607.6485746149,2026-09-06 00:00:00+00:00,2026-09-24 10:21:45.174865291+00:00,V9290971_R17_D20260906,0
9290971,ORIENTAL ENTERPRISE,17,"Queensland, Australia","Haldia, India",2026-09-07,2026-09-25 10:21:45.174865291+00:00,88125.0,,73625.0,400.8075692182992,33.4006307681916,4732.350582884308,12.0,442.3625485736923,18.43177285723718,475607.6485746149,822355.7961181165,1464863.4753600769,920942.3066842695,475607.6485746149,1464863.4753600769,475607.6485746149,2026-09-07 00:00:00+00:00,2026-09-25 10:21:45.174865291+00:00,V9290971_R17_D20260907,0
9290971,ORIENTAL ENTERPRISE,2,"Hay Point, Australia","Paradip, India",2026-08-30,2026-09-18 00:15:00.475562224+00:00,88125.0,,73625.0,199.7956193641104,16.6496349470092,4899.001585207413,12.0,456.25013210061775,19.01042217085908,87753.60989883915,323474.0254702837,760252.6448564442,390493.4267418557,87753.60989883915,760252.6448564442,87753.60989883915,2026-08-30 00:00:00+00:00,2026-09-18 00:15:00.475562224+00:00,V9290971_R2_D20260830,0
9290971,ORIENTAL ENTERPRISE,2,"Hay Point, Australia","Paradip, India",2026-08-31,2026-09-19 00:15:00.475562224+00:00,88125.0,,73625.0,199.7956193641104,16.6496349470092,4899.001585207413,12.0,456.25013210061775,19.01042217085908,87753.60989883915,323474.0254702837,760252.6448564442,390493.4267418557,87753.60989883915,760252.6448564442,87753.60989883915,2026-08-31 00:00:00+00:00,2026-09-19 00:15:00.475562224+00:00,V9290971_R2_D20260831,0
9290971,ORIENTAL ENTERPRISE,2,"Hay Point, Australia","Paradip, India",2026-09-01,2026-09-20 00:15:00.475562224+00:00,88125.0,,73625.0,199.7956193641104,16.6496349470092,4899.001585207413,12.0,456.25013210061775,19.01042217085908,87753.60989883915,323474.0254702837,760252.6448564442,390493.4267418557,87753.60989883915,760252.6448564442,87753.60989883915,2026-09-01 00:00:00+00:00,2026-09-20 00:15:00.475562224+00:00,V9290971_R2_D20260901,0
9290971,ORIENTAL ENTERPRISE,2,"Hay Point, Australia","Paradip, India",2026-09-02,2026-09-21 00:15:00.475562224+00:00,88125.0,,73625.0,199.7956193641104,16.6496349470092,4899.001585207413,12.0,456.25013210061775,19.01042217085908,87753.60989883915,323474.0254702837,760252.6448564442,390493.4267418557,87753.60989883915,760252.6448564442,87753.60989883915,2026-09-02 00:00:00+00:00,2026-09-21 00:15:00.475562224+00:00,V9290971_R2_D20260902,0
9290971,ORIENTAL ENTERPRISE,2,"Hay Point, Australia","Paradip, India",2026-09-03,2026-09-22 00:15:00.475562224+00:00,88125.0,,73625.0,199.7956193641104,16.6496349470092,4899.001585207413,12.0,456.25013210061775,19.01042217085908,87753.60989883915,323474.0254702837,760252.6448564442,390493.4267418557,87753.60989883915,760252.6448564442,87753.60989883915,2026-09-03 00:00:00+00:00,2026-09-22 00:15:00.475562224+00:00,V9290971_R2_D20260903,0
9290971,ORIENTAL ENTERPRISE,2,"Hay Point, Australia","Paradip, India",2026-09-04,2026-09-23 00:15:00.475562224+00:00,88125.0,,73625.0,199.7956193641104,16.6496349470092,4899.001585207413,12.0,456.25013210061775,19.01042217085908,87753.60989883915,323474.0254702837,760252.6448564442,390493.4267418557,87753.60989883915,760252.6448564442,87753.60989883915,2026-09-04 00:00:00+00:00,2026-09-23 00:15:00.475562224+00:00,V9290971_R2_D20260904,0
9290971,ORIENTAL ENTERPRISE,2,"Hay Point, Australia","Paradip, India",2026-09-05,2026-09-24 00:15:00.475562224+00:00,88125.0,,73625.0,199.7956193641104,16.6496349470092,4899.001585207413,12.0,456.25013210061775,19.01042217085908,87753.60989883915,323474.0254702837,760252.6448564442,390493.4267418557,87753.60989883915,760252.6448564442,87753.60989883915,2026-09-05 00:00:00+00:00,2026-09-24 00:15:00.475562224+00:00,V9290971_R2_D20260905,0
9290971,ORIENTAL ENTERPRISE,2,"Hay Point, Australia","Paradip, India",2026-09-06,2026-09-25 00:15:00.475562224+00:00,88125.0,,73625.0,199.7956193641104,16.6496349470092,4899.001585207413,12.0,456.25013210061775,19.01042217085908,87753.60989883915,323474.0254702837,760252.6448564442,390493.4267418557,87753.60989883915,760252.6448564442,87753.60989883915,2026-09-06 00:00:00+00:00,2026-09-25 00:15:00.475562224+00:00,V9290971_R2_D20260906,0
9290971,ORIENTAL ENTERPRISE,2,"Hay Point, Australia","Paradip, India",2026-09-07,2026-09-26 00:15:00.475562224+00:00,88125.0,,73625.0,199.7956193641104,16.6496349470092,4899.001585207413,12.0,456.25013210061775,19.01042217085908,87753.60989883915,323474.0254702837,760252.6448564442,390493.4267418557,87753.60989883915,760252.6448564442,87753.60989883915,2026-09-07 00:00:00+00:00,2026-09-26 00:15:00.475562224+00:00,V9290971_R2_D20260907,0
9290971,ORIENTAL ENTERPRISE,22,Indonesia,West Coast India,2026-09-06,2026-09-21 15:25:14.169031453+00:00,88125.0,,73625.0,2338.7624542698995,194.8968711891583,3929.0472301048458,12.0,375.4206025087372,15.642525104530714,426538.176199725,728875.230954404,1289091.2862540442,814834.8978027244,426538.176199725,1289091.2862540442,426538.176199725,2026-09-06 00:00:00+00:00,2026-09-21 15:25:14.169031453+00:00,V9290971_R22_D20260906,0
9290971,ORIENTAL ENTERPRISE,22,Indonesia,West Coast India,2026-09-07,2026-09-22 15:25:14.169031453+00:00,88125.0,,73625.0,2338.7624542698995,194.8968711891583,3929.0472301048458,12.0,375.4206025087372,15.642525104530714,426538.176199725,728875.230954404,1289091.2862540442,814834.8978027244,426538.176199725,1289091.2862540442,426538.176199725,2026-09-07 00:00:00+00:00,2026-09-22 15:25:14.169031453+00:00,V9290971_R22_D20260907,0
9290971,ORIENTAL ENTERPRISE,3,"East Kalimantan, Indonesia","Navlakhi, India",2026-09-07,2026-09-23 05:52:54.512767164+00:00,88125.0,,54625.0,2536.19739405554,211.34978283796167,4102.581709223877,12.0,389.88180910198975,16.245075379249574,178565.98357952503,412385.42805765127,845641.6392229553,478864.35028671054,178565.98357952503,845641.6392229553,178565.98357952503,2026-09-07 00:00:00+00:00,2026-09-23 05:52:54.512767164+00:00,V9290971_R3_D20260907,0
9290971,ORIENTAL ENTERPRISE,4,"Hay Point, Australia","Visakhapatnam, India",2026-08-30,2026-09-18 02:33:33.020025825+00:00,88125.0,,73625.0,199.7956193641104,16.6496349470092,4926.710066752748,12.0,458.5591722293957,19.10663217622482,621541.3949858759,1019533.1111318654,1756992.664153426,1132689.056757056,621541.3949858759,1756992.664153426,621541.3949858759,2026-08-30 00:00:00+00:00,2026-09-18 02:33:33.020025825+00:00,V9290971_R4_D20260830,0
9290971,ORIENTAL ENTERPRISE,4,"Hay Point, Australia","Visakhapatnam, India",2026-08-31,2026-09-19 02:33:33.020025825+00:00,88125.0,,73625.0,199.7956193641104,16.6496349470092,4926.710066752748,12.0,458.5591722293957,19.10663217622482,621541.3949858759,1019533.1111318654,1756992.664153426,1132689.056757056,621541.3949858759,1756992.664153426,621541.3949858759,2026-08-31 00:00:00+00:00,2026-09-19 02:33:33.020025825+00:00,V9290971_R4_D20260831,0
9290971,ORIENTAL ENTERPRISE,4,"Hay Point, Australia","Visakhapatnam, India",2026-09-01,2026-09-20 02:33:33.020025825+00:00,88125.0,,73625.0,199.7956193641104,16.6496349470092,4926.710066752748,12.0,458.5591722293957,19.10663217622482,621541.3949858759,1019533.1111318654,1756992.664153426,1132689.056757056,621541.3949858759,1756992.664153426,621541.3949858759,2026-09-01 00:00:00+00:00,2026-09-20 02:33:33.020025825+00:00,V9290971_R4_D20260901,0
9290971,ORIENTAL ENTERPRISE,4,"Hay Point, Australia","Visakhapatnam, India",2026-09-02,2026-09-21 02:33:33.020025825+00:00,88125.0,,73625.0,199.7956193641104,16.6496349470092,4926.710066752748,12.0,458.5591722293957,19.10663217622482,621541.3949858759,1019533.1111318654,1756992.664153426,1132689.056757056,621541.3949858759,1756992.664153426,621541.3949858759,2026-09-02 00:00:00+00:00,2026-09-21 02:33:33.020025825+00:00,V9290971_R4_D20260902,0
9290971,ORIENTAL ENTERPRISE,4,"Hay Point, Australia","Visakhapatnam, India",2026-09-03,2026-09-22 02:33:33.020025825+00:00,88125.0,,73625.0,199.7956193641104,16.6496349470092,4926.710066752748,12.0,458.5591722293957,19.10663217622482,621541.3949858759,1019533.1111318654,1756992.664153426,1132689.056757056,621541.3949858759,1756992.664153426,621541.3949858759,2026-09-03 00:00:00+00:00,2026-09-22 02:33:33.020025825+00:00,V9290971_R4_D20260903,0
9290971,ORIENTAL ENTERPRISE,4,"Hay Point, Australia","Visakhapatnam, India",2026-09-04,2026-09-23 02:33:33.020025825+00:00,88125.0,,73625.0,199.7956193641104,16.6496349470092,4926.710066752748,12.0,458.5591722293957,19.10663217622482,621541.3949858759,1019533.1111318654,1756992.664153426,1132689.056757056,621541.3949858759,1756992.664153426,621541.3949858759,2026-09-04 00:00:00+00:00,2026-09-23 02:33:33.020025825+00:00,V9290971_R4_D20260904,0
9290971,ORIENTAL ENTERPRISE,4,"Hay Point, Australia","Visakhapatnam, India",2026-09-05,2026-09-24 02:33:33.020025825+00:00,88125.0,,73625.0,199.7956193641104,16.6496349470092,4926.710066752748,12.0,458.5591722293957,19.10663217622482,621541.3949858759,1019533.1111318654,1756992.664153426,1132689.056757056,621541.3949858759,1756992.664153426,621541.3949858759,2026-09-05 00:00:00+00:00,2026-09-24 02:33:33.020025825+00:00,V9290971_R4_D20260905,0
9290971,ORIENTAL ENTERPRISE,4,"Hay Point, Australia","Visakhapatnam, India",2026-09-06,2026-09-25 02:33:33.020025825+00:00,88125.0,,73625.0,199.7956193641104,16.6496349470092,4926.710066752748,12.0,458.5591722293957,19.10663217622482,621541.3949858759,1019533.1111318654,1756992.664153426,1132689.056757056,621541.3949858759,1756992.664153426,621541.3949858759,2026-09-06 00:00:00+00:00,2026-09-25 02:33:33.020025825+00:00,V9290971_R4_D20260906,0
9290971,ORIENTAL ENTERPRISE,4,"Hay Point, Australia","Visakhapatnam, India",2026-09-07,2026-09-26 02:33:33.020025825+00:00,88125.0,,73625.0,199.7956193641104,16.6496349470092,4926.710066752748,12.0,458.5591722293957,19.10663217622482,621541.3949858759,1019533.1111318654,1756992.664153426,1132689.056757056,621541.3949858759,1756992.664153426,621541.3949858759,2026-09-07 00:00:00+00:00,2026-09-26 02:33:33.020025825+00:00,V9290971_R4_D20260907,0
9290971,ORIENTAL ENTERPRISE,5,"Hay Point, Australia","Paradip, India",2026-08-30,2026-09-18 00:15:00.475562224+00:00,88125.0,,73625.0,199.7956193641104,16.6496349470092,4899.001585207413,12.0,456.25013210061775,19.01042217085908,500523.426299452,860936.5254702837,1528764.7043868047,963408.2187188468,500523.426299452,1528764.7043868047,500523.426299452,2026-08-30 00:00:00+00:00,2026-09-18 00:15:00.475562224+00:00,V9290971_R5_D20260830,0
9290971,ORIENTAL ENTERPRISE,5,"Hay Point, Australia","Paradip, India",2026-08-31,2026-09-19 00:15:00.475562224+00:00,88125.0,,73625.0,199.7956193641104,16.6496349470092,4899.001585207413,12.0,456.25013210061775,19.01042217085908,500523.426299452,860936.5254702837,1528764.7043868047,963408.2187188468,500523.426299452,1528764.7043868047,500523.426299452,2026-08-31 00:00:00+00:00,2026-09-19 00:15:00.475562224+00:00,V9290971_R5_D20260831,0
9290971,ORIENTAL ENTERPRISE,5,"Hay Point, Australia","Paradip, India",2026-09-01,2026-09-20 00:15:00.475562224+00:00,88125.0,,73625.0,199.7956193641104,16.6496349470092,4899.001585207413,12.0,456.25013210061775,19.01042217085908,500523.426299452,860936.5254702837,1528764.7043868047,963408.2187188468,500523.426299452,1528764.7043868047,500523.426299452,2026-09-01 00:00:00+00:00,2026-09-20 00:15:00.475562224+00:00,V9290971_R5_D20260901,0
9290971,ORIENTAL ENTERPRISE,5,"Hay Point, Australia","Paradip, India",2026-09-02,2026-09-21 00:15:00.475562224+00:00,88125.0,,73625.0,199.7956193641104,16.6496349470092,4899.001585207413,12.0,456.25013210061775,19.01042217085908,500523.426299452,860936.5254702837,1528764.7043868047,963408.2187188468,500523.426299452,1528764.7043868047,500523.426299452,2026-09-02 00:00:00+00:00,2026-09-21 00:15:00.475562224+00:00,V9290971_R5_D20260902,0
9290971,ORIENTAL ENTERPRISE,5,"Hay Point, Australia","Paradip, India",2026-09-03,2026-09-22 00:15:00.475562224+00:00,88125.0,,73625.0,199.7956193641104,16.6496349470092,4899.001585207413,12.0,456.25013210061775,19.01042217085908,500523.426299452,860936.5254702837,1528764.7043868047,963408.2187188468,500523.426299452,1528764.7043868047,500523.426299452,2026-09-03 00:00:00+00:00,2026-09-22 00:15:00.475562224+00:00,V9290971_R5_D20260903,1
9290971,ORIENTAL ENTERPRISE,5,"Hay Point, Australia","Paradip, India",2026-09-04,2026-09-23 00:15:00.475562224+00:00,88125.0,,73625.0,199.7956193641104,16.6496349470092,4899.001585207413,12.0,456.25013210061775,19.01042217085908,500523.426299452,860936.5254702837,1528764.7043868047,963408.2187188468,500523.426299452,1528764.7043868047,500523.426299452,2026-09-04 00:00:00+00:00,2026-09-23 00:15:00.475562224+00:00,V9290971_R5_D20260904,0
9290971,ORIENTAL ENTERPRISE,5,"Hay Point, Australia","Paradip, India",2026-09-05,2026-09-24 00:15:00.475562224+00:00,88125.0,,73625.0,199.7956193641104,16.6496349470092,4899.001585207413,12.0,456.25013210061775,19.01042217085908,500523.426299452,860936.5254702837,1528764.7043868047,963408.2187188468,500523.426299452,1528764.7043868047,500523.426299452,2026-09-05 00:00:00+00:00,2026-09-24 00:15:00.475562224+00:00,V9290971_R5_D20260905,0
9290971,ORIENTAL ENTERPRISE,5,"Hay Point, Australia","Paradip, India",2026-09-06,2026-09-25 00:15:00.475562224+00:00,88125.0,,73625.0,199.7956193641104,16.6496349470092,4899.001585207413,12.0,456.25013210061775,19.01042217085908,500523.426299452,860936.5254702837,1528764.7043868047,963408.2187188468,500523.426299452,1528764.7043868047,500523.426299452,2026-09-06 00:00:00+00:00,2026-09-25 00:15:00.475562224+00:00,V9290971_R5_D20260906,0
9290971,ORIENTAL ENTERPRISE,5,"Hay Point, Australia","Paradip, India",2026-09-07,2026-09-26 00:15:00.475562224+00:00,88125.0,,73625.0,199.7956193641104,16.6496349470092,4899.001585207413,12.0,456.25013210061775,19.01042217085908,500523.426299452,860936.5254702837,1528764.7043868047,963408.2187188468,500523.426299452,1528764.7043868047,500523.426299452,2026-09-07 00:00:00+00:00,2026-09-26 00:15:00.475562224+00:00,V9290971_R5_D20260907,0
9290971,ORIENTAL ENTERPRISE,6,"Banjarmasin (South Kalimantan), Indonesia","Krishnapatnam, India",2026-09-07,2026-09-17 08:41:30.373981627+00:00,88125.0,,73625.0,2472.8884289885823,206.07403574904853,2408.301246605427,12.0,248.69177055045225,10.362157106268844,278349.81671025034,479907.8532133696,853385.22341313,537214.2977789167,278349.81671025034,853385.22341313,278349.81671025034,2026-09-07 00:00:00+00:00,2026-09-17 08:41:30.373981627+00:00,V9290971_R6_D20260907,0
9290971,ORIENTAL ENTERPRISE,7,"East Kalimantan, Indonesia","Paradip, India",2026-09-07,2026-09-18 13:22:59.538985611+00:00,88125.0,,54625.0,2536.19739405554,211.34978283796167,2752.598463285374,12.0,277.3832052737812,11.557633553074217,242481.04079876223,445884.9477837989,822782.6274154049,503716.2053326553,242481.04079876223,822782.6274154049,242481.04079876223,2026-09-07 00:00:00+00:00,2026-09-18 13:22:59.538985611+00:00,V9290971_R7_D20260907,0
9290971,ORIENTAL ENTERPRISE,8,"Banjarmasin (South Kalimantan), Indonesia","Dahej, India",2026-09-07,2026-09-20 22:56:05.366736398+00:00,88125.0,,73625.0,2472.8884289885823,206.07403574904853,3443.2178891213243,12.0,334.9348240934437,13.955617670560152,225672.4026007497,449435.9854982802,864059.1676692006,513055.8519227435,225672.4026007497,864059.1676692006,225672.4026007497,2026-09-07 00:00:00+00:00,2026-09-20 22:56:05.366736398+00:00,V9290971_R8_D20260907,0
9324502,WHITE ROSE,0,"Queensland (Gladstone / Hay Point), Australia","Visakhapatnam & Haldia, India",2026-08-30,2026-09-18 02:33:33.020025825+00:00,171827.0,,73625.0,193.7471419824236,16.145595165201968,4926.710066752748,12.0,458.5591722293957,19.10663217622482,1961629.7030262216,2764445.611131865,4252024.967012267,2992700.0937234513,1961629.7030262216,4252024.967012267,1961629.7030262216,2026-08-30 00:00:00+00:00,2026-09-18 02:33:33.020025825+00:00,V9324502_R0_D20260830,0
9324502,WHITE ROSE,0,"Queensland (Gladstone / Hay Point), Australia","Visakhapatnam & Haldia, India",2026-08-31,2026-09-19 02:33:33.020025825+00:00,171827.0,,73625.0,193.7471419824236,16.145595165201968,4926.710066752748,12.0,458.5591722293957,19.10663217622482,1961629.7030262216,2764445.611131865,4252024.967012267,2992700.0937234513,1961629.7030262216,4252024.967012267,1961629.7030262216,2026-08-31 00:00:00+00:00,2026-09-19 02:33:33.020025825+00:00,V9324502_R0_D20260831,0
9324502,WHITE ROSE,0,"Queensland (Gladstone / Hay Point), Australia","Visakhapatnam & Haldia, India",2026-09-01,2026-09-20 02:33:33.020025825+00:00,171827.0,,73625.0,193.7471419824236,16.145595165201968,4926.710066752748,12.0,458.5591722293957,19.10663217622482,1961629.7030262216,2764445.611131865,4252024.967012267,2992700.0937234513,1961629.7030262216,4252024.967012267,1961629.7030262216,2026-09-01 00:00:00+00:00,2026-09-20 02:33:33.020025825+00:00,V9324502_R0_D20260901,0
9324502,WHITE ROSE,0,"Queensland (Gladstone / Hay Point), Australia","Visakhapatnam & Haldia, India",2026-09-02,2026-09-21 02:33:33.020025825+00:00,171827.0,,73625.0,193.7471419824236,16.145595165201968,4926.710066752748,12.0,458.5591722293957,19.10663217622482,1961629.7030262216,2764445.611131865,4252024.967012267,2992700.0937234513,1961629.7030262216,4252024.967012267,1961629.7030262216,2026-09-02 00:00:00+00:00,2026-09-21 02:33:33.020025825+00:00,V9324502_R0_D20260902,0
9324502,WHITE ROSE,0,"Queensland (Gladstone / Hay Point), Australia","Visakhapatnam & Haldia, India",2026-09-03,2026-09-22 02:33:33.020025825+00:00,171827.0,,73625.0,193.7471419824236,16.145595165201968,4926.710066752748,12.0,458.5591722293957,19.10663217622482,1961629.7030262216,2764445.611131865,4252024.967012267,2992700.0937234513,1961629.7030262216,4252024.967012267,1961629.7030262216,2026-09-03 00:00:00+00:00,2026-09-22 02:33:33.020025825+00:00,V9324502_R0_D20260903,0
9324502,WHITE ROSE,0,"Queensland (Gladstone / Hay Point), Australia","Visakhapatnam & Haldia, India",2026-09-04,2026-09-23 02:33:33.020025825+00:00,171827.0,,73625.0,193.7471419824236,16.145595165201968,4926.710066752748,12.0,458.5591722293957,19.10663217622482,1961629.7030262216,2764445.611131865,4252024.967012267,2992700.0937234513,1961629.7030262216,4252024.967012267,1961629.7030262216,2026-09-04 00:00:00+00:00,2026-09-23 02:33:33.020025825+00:00,V9324502_R0_D20260904,0
9324502,WHITE ROSE,0,"Queensland (Gladstone / Hay Point), Australia","Visakhapatnam & Haldia, India",2026-09-05,2026-09-24 02:33:33.020025825+00:00,171827.0,,73625.0,193.7471419824236,16.145595165201968,4926.710066752748,12.0,458.5591722293957,19.10663217622482,1961629.7030262216,2764445.611131865,4252024.967012267,2992700.0937234513,1961629.7030262216,4252024.967012267,1961629.7030262216,2026-09-05 00:00:00+00:00,2026-09-24 02:33:33.020025825+00:00,V9324502_R0_D20260905,0
9324502,WHITE ROSE,0,"Queensland (Gladstone / Hay Point), Australia","Visakhapatnam & Haldia, India",2026-09-06,2026-09-25 02:33:33.020025825+00:00,171827.0,,73625.0,193.7471419824236,16.145595165201968,4926.710066752748,12.0,458.5591722293957,19.10663217622482,1961629.7030262216,2764445.611131865,4252024.967012267,2992700.0937234513,1961629.7030262216,4252024.967012267,1961629.7030262216,2026-09-06 00:00:00+00:00,2026-09-25 02:33:33.020025825+00:00,V9324502_R0_D20260906,0
9324502,WHITE ROSE,0,"Queensland (Gladstone / Hay Point), Australia","Visakhapatnam & Haldia, India",2026-09-07,2026-09-26 02:33:33.020025825+00:00,171827.0,,73625.0,193.7471419824236,16.145595165201968,4926.710066752748,12.0,458.5591722293957,19.10663217622482,1961629.7030262216,2764445.611131865,4252024.967012267,2992700.0937234513,1961629.7030262216,4252024.967012267,1961629.7030262216,2026-09-07 00:00:00+00:00,2026-09-26 02:33:33.020025825+00:00,V9324502_R0_D20260907,0
9324502,WHITE ROSE,10,Indonesia,"Paradip, India",2026-09-06,2026-09-16 22:55:19.195249904+00:00,171827.0,,54625.0,2331.6245514149614,194.3020459512468,2579.063984166344,12.0,262.92199868052865,10.95508327835536,483886.8554293813,753824.7506805515,1254006.7180421222,830572.7747173518,483886.8554293813,1254006.7180421222,483886.8554293813,2026-09-06 00:00:00+00:00,2026-09-16 22:55:19.195249904+00:00,V9324502_R10_D20260906,1
9324502,WHITE ROSE,10,Indonesia,"Paradip, India",2026-09-07,2026-09-17 22:55:19.195249904+00:00,171827.0,,54625.0,2331.6245514149614,194.3020459512468,2579.063984166344,12.0,262.92199868052865,10.95508327835536,483886.8554293813,753824.7506805515,1254006.7180421222,830572.7747173518,483886.8554293813,1254006.7180421222,483886.8554293813,2026-09-07 00:00:00+00:00,2026-09-17 22:55:19.195249904+00:00,V9324502_R10_D20260907,0
9324502,WHITE ROSE,11,"Hay Point, Australia","Visakhapatnam, India",2026-08-30,2026-09-18 02:33:33.020025825+00:00,171827.0,,73625.0,193.7471419824236,16.145595165201968,4926.710066752748,12.0,458.5591722293957,19.10663217622482,878815.7326054362,1354526.8611318655,2235996.7560524866,1489779.783263263,878815.7326054362,2235996.7560524866,878815.7326054362,2026-08-30 00:00:00+00:00,2026-09-18 02:33:33.020025825+00:00,V9324502_R11_D20260830,0
9324502,WHITE ROSE,11,"Hay Point, Australia","Visakhapatnam, India",2026-08-31,2026-09-19 02:33:33.020025825+00:00,171827.0,,73625.0,193.7471419824236,16.145595165201968,4926.710066752748,12.0,458.5591722293957,19.10663217622482,878815.7326054362,1354526.8611318655,2235996.7560524866,1489779.783263263,878815.7326054362,2235996.7560524866,878815.7326054362,2026-08-31 00:00:00+00:00,2026-09-19 02:33:33.020025825+00:00,V9324502_R11_D20260831,0
9324502,WHITE ROSE,11,"Hay Point, Australia","Visakhapatnam, India",2026-09-01,2026-09-20 02:33:33.020025825+00:00,171827.0,,73625.0,193.7471419824236,16.145595165201968,4926.710066752748,12.0,458.5591722293957,19.10663217622482,878815.7326054362,1354526.8611318655,2235996.7560524866,1489779.783263263,878815.7326054362,2235996.7560524866,878815.7326054362,2026-09-01 00:00:00+00:00,2026-09-20 02:33:33.020025825+00:00,V9324502_R11_D20260901,0
9324502,WHITE ROSE,11,"Hay Point, Australia","Visakhapatnam, India",2026-09-02,2026-09-21 02:33:33.020025825+00:00,171827.0,,73625.0,193.7471419824236,16.145595165201968,4926.710066752748,12.0,458.5591722293957,19.10663217622482,878815.7326054362,1354526.8611318655,2235996.7560524866,1489779.783263263,878815.7326054362,2235996.7560524866,878815.7326054362,2026-09-02 00:00:00+00:00,2026-09-21 02:33:33.020025825+00:00,V9324502_R11_D20260902,0
9324502,WHITE ROSE,11,"Hay Point, Australia","Visakhapatnam, India",2026-09-03,2026-09-22 02:33:33.020025825+00:00,171827.0,,73625.0,193.7471419824236,16.145595165201968,4926.710066752748,12.0,458.5591722293957,19.10663217622482,878815.7326054362,1354526.8611318655,2235996.7560524866,1489779.783263263,878815.7326054362,2235996.7560524866,878815.7326054362,2026-09-03 00:00:00+00:00,2026-09-22 02:33:33.020025825+00:00,V9324502_R11_D20260903,0
9324502,WHITE ROSE,11,"Hay Point, Australia","Visakhapatnam, India",2026-09-04,2026-09-23 02:33:33.020025825+00:00,171827.0,,73625.0,193.7471419824236,16.145595165201968,4926.710066752748,12.0,458.5591722293957,19.10663217622482,878815.7326054362,1354526.8611318655,2235996.7560524866,1489779.783263263,878815.7326054362,2235996.7560524866,878815.7326054362,2026-09-04 00:00:00+00:00,2026-09-23 02:33:33.020025825+00:00,V9324502_R11_D20260904,0
9324502,WHITE ROSE,11,"Hay Point, Australia","Visakhapatnam, India",2026-09-05,2026-09-24 02:33:33.020025825+00:00,171827.0,,73625.0,193.7471419824236,16.145595165201968,4926.710066752748,12.0,458.5591722293957,19.10663217622482,878815.7326054362,1354526.8611318655,2235996.7560524866,1489779.783263263,878815.7326054362,2235996.7560524866,878815.7326054362,2026-09-05 00:00:00+00:00,2026-09-24 02:33:33.020025825+00:00,V9324502_R11_D20260905,0
9324502,WHITE ROSE,11,"Hay Point, Australia","Visakhapatnam, India",2026-09-06,2026-09-25 02:33:33.020025825+00:00,171827.0,,73625.0,193.7471419824236,16.145595165201968,4926.710066752748,12.0,458.5591722293957,19.10663217622482,878815.7326054362,1354526.8611318655,2235996.7560524866,1489779.783263263,878815.7326054362,2235996.7560524866,878815.7326054362,2026-09-06 00:00:00+00:00,2026-09-25 02:33:33.020025825+00:00,V9324502_R11_D20260906,0
9324502,WHITE ROSE,11,"Hay Point, Australia","Visakhapatnam, India",2026-09-07,2026-09-26 02:33:33.020025825+00:00,171827.0,,73625.0,193.7471419824236,16.145595165201968,4926.710066752748,12.0,458.5591722293957,19.10663217622482,878815.7326054362,1354526.8611318655,2235996.7560524866,1489779.783263263,878815.7326054362,2235996.7560524866,878815.7326054362,2026-09-07 00:00:00+00:00,2026-09-26 02:33:33.020025825+00:00,V9324502_R11_D20260907,0
9324502,WHITE ROSE,13,"Adang Bay (East Kalimantan), Indonesia","Kandla, India",2026-09-06,2026-09-21 15:09:31.159862762+00:00,171827.0,,54625.0,2432.810714901545,202.73422624179543,3925.90386620921,12.0,375.15865551743417,15.631610646559755,537820.2656598565,873658.4921460542,1495950.611163971,969143.1229899606,537820.2656598565,1495950.611163971,537820.2656598565,2026-09-06 00:00:00+00:00,2026-09-21 15:09:31.159862762+00:00,V9324502_R13_D20260906,0
9324502,WHITE ROSE,13,"Adang Bay (East Kalimantan), Indonesia","Kandla, India",2026-09-07,2026-09-22 15:09:31.159862762+00:00,171827.0,,54625.0,2432.810714901545,202.73422624179543,3925.90386620921,12.0,375.15865551743417,15.631610646559755,537820.2656598565,873658.4921460542,1495950.611163971,969143.1229899606,537820.2656598565,1495950.611163971,537820.2656598565,2026-09-07 00:00:00+00:00,2026-09-22 15:09:31.159862762+00:00,V9324502_R13_D20260907,0
9324502,WHITE ROSE,14,"East Kalimantan, Indonesia","Paradip, India",2026-09-07,2026-09-18 13:22:59.538985611+00:00,171827.0,,54625.0,2529.13582221914,210.76131851826165,2752.598463285374,12.0,277.3832052737812,11.557633553074217,198431.58845198888,388528.6977837989,740769.5198694121,442576.6020350666,198431.58845198888,740769.5198694121,198431.58845198888,2026-09-07 00:00:00+00:00,2026-09-18 13:22:59.538985611+00:00,V9324502_R14_D20260907,0
9324502,WHITE ROSE,17,"Queensland, Australia","Haldia, India",2026-08-30,2026-09-17 10:21:45.174865291+00:00,171827.0,,73625.0,393.4975647794035,32.79146373161696,4732.350582884308,12.0,442.3625485736923,18.43177285723718,475607.6485746149,822355.7961181165,1464863.4753600769,920942.3066842695,475607.6485746149,1464863.4753600769,475607.6485746149,2026-08-30 00:00:00+00:00,2026-09-17 10:21:45.174865291+00:00,V9324502_R17_D20260830,0
9324502,WHITE ROSE,17,"Queensland, Australia","Haldia, India",2026-08-31,2026-09-18 10:21:45.174865291+00:00,171827.0,,73625.0,393.4975647794035,32.79146373161696,4732.350582884308,12.0,442.3625485736923,18.43177285723718,475607.6485746149,822355.7961181165,1464863.4753600769,920942.3066842695,475607.6485746149,1464863.4753600769,475607.6485746149,2026-08-31 00:00:00+00:00,2026-09-18 10:21:45.174865291+00:00,V9324502_R17_D20260831,0
9324502,WHITE ROSE,17,"Queensland, Australia","Haldia, India",2026-09-01,2026-09-19 10:21:45.174865291+00:00,171827.0,,73625.0,393.4975647794035,32.79146373161696,4732.350582884308,12.0,442.3625485736923,18.43177285723718,475607.6485746149,822355.7961181165,1464863.4753600769,920942.3066842695,475607.6485746149,1464863.4753600769,475607.6485746149,2026-09-01 00:00:00+00:00,2026-09-19 10:21:45.174865291+00:00,V9324502_R17_D20260901,0
9324502,WHITE ROSE,17,"Queensland, Australia","Haldia, India",2026-09-02,2026-09-20 10:21:45.174865291+00:00,171827.0,,73625.0,393.4975647794035,32.79146373161696,4732.350582884308,12.0,442.3625485736923,18.43177285723718,475607.6485746149,822355.7961181165,1464863.4753600769,920942.3066842695,475607.6485746149,1464863.4753600769,475607.6485746149,2026-09-02 00:00:00+00:00,2026-09-20 10:21:45.174865291+00:00,V9324502_R17_D20260902,0
9324502,WHITE ROSE,17,"Queensland, Australia","Haldia, India",2026-09-03,2026-09-21 10:21:45.174865291+00:00,171827.0,,73625.0,393.4975647794035,32.79146373161696,4732.350582884308,12.0,442.3625485736923,18.43177285723718,475607.6485746149,822355.7961181165,1464863.4753600769,920942.3066842695,475607.6485746149,1464863.4753600769,475607.6485746149,2026-09-03 00:00:00+00:00,2026-09-21 10:21:45.174865291+00:00,V9324502_R17_D20260903,0
9324502,WHITE ROSE,17,"Queensland, Australia","Haldia, India",2026-09-04,2026-09-22 10:21:45.174865291+00:00,171827.0,,73625.0,393.4975647794035,32.79146373161696,4732.350582884308,12.0,442.3625485736923,18.43177285723718,475607.6485746149,822355.7961181165,1464863.4753600769,920942.3066842695,475607.6485746149,1464863.4753600769,475607.6485746149,2026-09-04 00:00:00+00:00,2026-09-22 10:21:45.174865291+00:00,V9324502_R17_D20260904,0
9324502,WHITE ROSE,17,"Queensland, Australia","Haldia, India",2026-09-05,2026-09-23 10:21:45.174865291+00:00,171827.0,,73625.0,393.4975647794035,32.79146373161696,4732.350582884308,12.0,442.3625485736923,18.43177285723718,475607.6485746149,822355.7961181165,1464863.4753600769,920942.3066842695,475607.6485746149,1464863.4753600769,475607.6485746149,2026-09-05 00:00:00+00:00,2026-09-23 10:21:45.174865291+00:00,V9324502_R17_D20260905,0
9324502,WHITE ROSE,17,"Queensland, Australia","Haldia, India",2026-09-06,2026-09-24 10:21:45.174865291+00:00,171827.0,,73625.0,393.4975647794035,32.79146373161696,4732.350582884308,12.0,442.3625485736923,18.43177285723718,475607.6485746149,822355.7961181165,1464863.4753600769,920942.3066842695,475607.6485746149,1464863.4753600769,475607.6485746149,2026-09-06 00:00:00+00:00,2026-09-24 10:21:45.174865291+00:00,V9324502_R17_D20260906,0
9324502,WHITE ROSE,17,"Queensland, Australia","Haldia, India",2026-09-07,2026-09-25 10:21:45.174865291+00:00,171827.0,,73625.0,393.4975647794035,32.79146373161696,4732.350582884308,12.0,442.3625485736923,18.43177285723718,475607.6485746149,822355.7961181165,1464863.4753600769,920942.3066842695,475607.6485746149,1464863.4753600769,475607.6485746149,2026-09-07 00:00:00+00:00,2026-09-25 10:21:45.174865291+00:00,V9324502_R17_D20260907,0
9324502,WHITE ROSE,2,"Hay Point, Australia","Paradip, India",2026-08-30,2026-09-18 00:15:00.475562224+00:00,171827.0,,73625.0,193.7471419824236,16.145595165201968,4899.001585207413,12.0,456.25013210061775,19.01042217085908,87753.60989883915,323474.0254702837,760252.6448564442,390493.4267418557,87753.60989883915,760252.6448564442,87753.60989883915,2026-08-30 00:00:00+00:00,2026-09-18 00:15:00.475562224+00:00,V9324502_R2_D20260830,0
9324502,WHITE ROSE,2,"Hay Point, Australia","Paradip, India",2026-08-31,2026-09-19 00:15:00.475562224+00:00,171827.0,,73625.0,193.7471419824236,16.145595165201968,4899.001585207413,12.0,456.25013210061775,19.01042217085908,87753.60989883915,323474.0254702837,760252.6448564442,390493.4267418557,87753.60989883915,760252.6448564442,87753.60989883915,2026-08-31 00:00:00+00:00,2026-09-19 00:15:00.475562224+00:00,V9324502_R2_D20260831,0
9324502,WHITE ROSE,2,"Hay Point, Australia","Paradip, India",2026-09-01,2026-09-20 00:15:00.475562224+00:00,171827.0,,73625.0,193.7471419824236,16.145595165201968,4899.001585207413,12.0,456.25013210061775,19.01042217085908,87753.60989883915,323474.0254702837,760252.6448564442,390493.4267418557,87753.60989883915,760252.6448564442,87753.60989883915,2026-09-01 00:00:00+00:00,2026-09-20 00:15:00.475562224+00:00,V9324502_R2_D20260901,0
9324502,WHITE ROSE,2,"Hay Point, Australia","Paradip, India",2026-09-02,2026-09-21 00:15:00.475562224+00:00,171827.0,,73625.0,193.7471419824236,16.145595165201968,4899.001585207413,12.0,456.25013210061775,19.01042217085908,87753.60989883915,323474.0254702837,760252.6448564442,390493.4267418557,87753.60989883915,760252.6448564442,87753.60989883915,2026-09-02 00:00:00+00:00,2026-09-21 00:15:00.475562224+00:00,V9324502_R2_D20260902,0
9324502,WHITE ROSE,2,"Hay Point, Australia","Paradip, India",2026-09-03,2026-09-22 00:15:00.475562224+00:00,171827.0,,73625.0,193.7471419824236,16.145595165201968,4899.001585207413,12.0,456.25013210061775,19.01042217085908,87753.60989883915,323474.0254702837,760252.6448564442,390493.4267418557,87753.60989883915,760252.6448564442,87753.60989883915,2026-09-03 00:00:00+00:00,2026-09-22 00:15:00.475562224+00:00,V9324502_R2_D20260903,0
9324502,WHITE ROSE,2,"Hay Point, Australia","Paradip, India",2026-09-04,2026-09-23 00:15:00.475562224+00:00,171827.0,,73625.0,193.7471419824236,16.145595165201968,4899.001585207413,12.0,456.25013210061775,19.01042217085908,87753.60989883915,323474.0254702837,760252.6448564442,390493.4267418557,87753.60989883915,760252.6448564442,87753.60989883915,2026-09-04 00:00:00+00:00,2026-09-23 00:15:00.475562224+00:00,V9324502_R2_D20260904,0
9324502,WHITE ROSE,2,"Hay Point, Australia","Paradip, India",2026-09-05,2026-09-24 00:15:00.475562224+00:00,171827.0,,73625.0,193.7471419824236,16.145595165201968,4899.001585207413,12.0,456.25013210061775,19.01042217085908,87753.60989883915,323474.0254702837,760252.6448564442,390493.4267418557,87753.60989883915,760252.6448564442,87753.60989883915,2026-09-05 00:00:00+00:00,2026-09-24 00:15:00.475562224+00:00,V9324502_R2_D20260905,0
9324502,WHITE ROSE,2,"Hay Point, Australia","Paradip, India",2026-09-06,2026-09-25 00:15:00.475562224+00:00,171827.0,,73625.0,193.7471419824236,16.145595165201968,4899.001585207413,12.0,456.25013210061775,19.01042217085908,87753.60989883915,323474.0254702837,760252.6448564442,390493.4267418557,87753.60989883915,760252.6448564442,87753.60989883915,2026-09-06 00:00:00+00:00,2026-09-25 00:15:00.475562224+00:00,V9324502_R2_D20260906,0
9324502,WHITE ROSE,2,"Hay Point, Australia","Paradip, India",2026-09-07,2026-09-26 00:15:00.475562224+00:00,171827.0,,73625.0,193.7471419824236,16.145595165201968,4899.001585207413,12.0,456.25013210061775,19.01042217085908,87753.60989883915,323474.0254702837,760252.6448564442,390493.4267418557,87753.60989883915,760252.6448564442,87753.60989883915,2026-09-07 00:00:00+00:00,2026-09-26 00:15:00.475562224+00:00,V9324502_R2_D20260907,0
9324502,WHITE ROSE,20,East Coast Australia,East Coast India,2026-08-30,2026-09-19 12:08:52.530079941+00:00,171827.0,,166250.0,235.7282908570943,19.64402423809119,5329.775100266468,12.0,492.1479250222057,20.506163542591903,1751061.700185706,2505113.5672018854,3902335.494808152,2719503.587398581,1751061.700185706,3902335.494808152,1751061.700185706,2026-08-30 00:00:00+00:00,2026-09-19 12:08:52.530079941+00:00,V9324502_R20_D20260830,0
9324502,WHITE ROSE,20,East Coast Australia,East Coast India,2026-08-31,2026-09-20 12:08:52.530079941+00:00,171827.0,,166250.0,235.7282908570943,19.64402423809119,5329.775100266468,12.0,492.1479250222057,20.506163542591903,1751061.700185706,2505113.5672018854,3902335.494808152,2719503.587398581,1751061.700185706,3902335.494808152,1751061.700185706,2026-08-31 00:00:00+00:00,2026-09-20 12:08:52.530079941+00:00,V9324502_R20_D20260831,0
9324502,WHITE ROSE,20,East Coast Australia,East Coast India,2026-09-01,2026-09-21 12:08:52.530079941+00:00,171827.0,,166250.0,235.7282908570943,19.64402423809119,5329.775100266468,12.0,492.1479250222057,20.506163542591903,1751061.700185706,2505113.5672018854,3902335.494808152,2719503.587398581,1751061.700185706,3902335.494808152,1751061.700185706,2026-09-01 00:00:00+00:00,2026-09-21 12:08:52.530079941+00:00,V9324502_R20_D20260901,0
9324502,WHITE ROSE,20,East Coast Australia,East Coast India,2026-09-02,2026-09-22 12:08:52.530079941+00:00,171827.0,,166250.0,235.7282908570943,19.64402423809119,5329.775100266468,12.0,492.1479250222057,20.506163542591903,1751061.700185706,2505113.5672018854,3902335.494808152,2719503.587398581,1751061.700185706,3902335.494808152,1751061.700185706,2026-09-02 00:00:00+00:00,2026-09-22 12:08:52.530079941+00:00,V9324502_R20_D20260902,0
9324502,WHITE ROSE,20,East Coast Australia,East Coast India,2026-09-03,2026-09-23 12:08:52.530079941+00:00,171827.0,,166250.0,235.7282908570943,19.64402423809119,5329.775100266468,12.0,492.1479250222057,20.506163542591903,1751061.700185706,2505113.5672018854,3902335.494808152,2719503.587398581,1751061.700185706,3902335.494808152,1751061.700185706,2026-09-03 00:00:00+00:00,2026-09-23 12:08:52.530079941+00:00,V9324502_R20_D20260903,0
9324502,WHITE ROSE,20,East Coast Australia,East Coast India,2026-09-04,2026-09-24 12:08:52.530079941+00:00,171827.0,,166250.0,235.7282908570943,19.64402423809119,5329.775100266468,12.0,492.1479250222057,20.506163542591903,1751061.700185706,2505113.5672018854,3902335.494808152,2719503.587398581,1751061.700185706,3902335.494808152,1751061.700185706,2026-09-04 00:00:00+00:00,2026-09-24 12:08:52.530079941+00:00,V9324502_R20_D20260904,0
9324502,WHITE ROSE,20,East Coast Australia,East Coast India,2026-09-05,2026-09-25 12:08:52.530079941+00:00,171827.0,,166250.0,235.7282908570943,19.64402423809119,5329.775100266468,12.0,492.1479250222057,20.506163542591903,1751061.700185706,2505113.5672018854,3902335.494808152,2719503.587398581,1751061.700185706,3902335.494808152,1751061.700185706,2026-09-05 00:00:00+00:00,2026-09-25 12:08:52.530079941+00:00,V9324502_R20_D20260905,0
9324502,WHITE ROSE,20,East Coast Australia,East Coast India,2026-09-06,2026-09-26 12:08:52.530079941+00:00,171827.0,,166250.0,235.7282908570943,19.64402423809119,5329.775100266468,12.0,492.1479250222057,20.506163542591903,1751061.700185706,2505113.5672018854,3902335.494808152,2719503.587398581,1751061.700185706,3902335.494808152,1751061.700185706,2026-09-06 00:00:00+00:00,2026-09-26 12:08:52.530079941+00:00,V9324502_R20_D20260906,0
9324502,WHITE ROSE,20,East Coast Australia,East Coast India,2026-09-07,2026-09-27 12:08:52.530079941+00:00,171827.0,,166250.0,235.7282908570943,19.64402423809119,5329.775100266468,12.0,492.1479250222057,20.506163542591903,1751061.700185706,2505113.5672018854,3902335.494808152,2719503.587398581,1751061.700185706,3902335.494808152,1751061.700185706,2026-09-07 00:00:00+00:00,2026-09-27 12:08:52.530079941+00:00,V9324502_R20_D20260907,0
9324502,WHITE ROSE,21,Indonesia,East Coast India,2026-09-06,2026-09-16 22:55:19.195249904+00:00,171827.0,,166250.0,2331.6245514149614,194.3020459512468,2579.063984166344,12.0,262.92199868052865,10.95508327835536,1818320.7824231428,2491374.7506805514,3738511.458441642,2682735.6638484453,1818320.7824231428,3738511.458441642,1818320.7824231428,2026-09-06 00:00:00+00:00,2026-09-16 22:55:19.195249904+00:00,V9324502_R21_D20260906,0
9324502,WHITE ROSE,21,Indonesia,East Coast India,2026-09-07,2026-09-17 22:55:19.195249904+00:00,171827.0,,166250.0,2331.6245514149614,194.3020459512468,2579.063984166344,12.0,262.92199868052865,10.95508327835536,1818320.7824231428,2491374.7506805514,3738511.458441642,2682735.6638484453,1818320.7824231428,3738511.458441642,1818320.7824231428,2026-09-07 00:00:00+00:00,2026-09-17 22:55:19.195249904+00:00,V9324502_R21_D20260907,0
9324502,WHITE ROSE,22,Indonesia,West Coast India,2026-09-06,2026-09-21 15:25:14.169031453+00:00,171827.0,,73625.0,2331.6245514149614,194.3020459512468,3929.0472301048458,12.0,375.4206025087372,15.642525104530714,426538.176199725,728875.230954404,1289091.2862540442,814834.8978027244,426538.176199725,1289091.2862540442,426538.176199725,2026-09-06 00:00:00+00:00,2026-09-21 15:25:14.169031453+00:00,V9324502_R22_D20260906,0
9324502,WHITE ROSE,22,Indonesia,West Coast India,2026-09-07,2026-09-22 15:25:14.169031453+00:00,171827.0,,73625.0,2331.6245514149614,194.3020459512468,3929.0472301048458,12.0,375.4206025087372,15.642525104530714,426538.176199725,728875.230954404,1289091.2862540442,814834.8978027244,426538.176199725,1289091.2862540442,426538.176199725,2026-09-07 00:00:00+00:00,2026-09-22 15:25:14.169031453+00:00,V9324502_R22_D20260907,0
9324502,WHITE ROSE,3,"East Kalimantan, Indonesia","Navlakhi, India",2026-09-07,2026-09-23 05:52:54.512767164+00:00,171827.0,,54625.0,2529.13582221914,210.76131851826165,4102.581709223877,12.0,389.88180910198975,16.245075379249574,178565.98357952503,412385.42805765127,845641.6392229553,478864.35028671054,178565.98357952503,845641.6392229553,178565.98357952503,2026-09-07 00:00:00+00:00,2026-09-23 05:52:54.512767164+00:00,V9324502_R3_D20260907,0
9324502,WHITE ROSE,4,"Hay Point, Australia","Visakhapatnam, India",2026-08-30,2026-09-18 02:33:33.020025825+00:00,171827.0,,73625.0,193.7471419824236,16.145595165201968,4926.710066752748,12.0,458.5591722293957,19.10663217622482,621541.3949858759,1019533.1111318654,1756992.664153426,1132689.056757056,621541.3949858759,1756992.664153426,621541.3949858759,2026-08-30 00:00:00+00:00,2026-09-18 02:33:33.020025825+00:00,V9324502_R4_D20260830,0
9324502,WHITE ROSE,4,"Hay Point, Australia","Visakhapatnam, India",2026-08-31,2026-09-19 02:33:33.020025825+00:00,171827.0,,73625.0,193.7471419824236,16.145595165201968,4926.710066752748,12.0,458.5591722293957,19.10663217622482,621541.3949858759,1019533.1111318654,1756992.664153426,1132689.056757056,621541.3949858759,1756992.664153426,621541.3949858759,2026-08-31 00:00:00+00:00,2026-09-19 02:33:33.020025825+00:00,V9324502_R4_D20260831,0
9324502,WHITE ROSE,4,"Hay Point, Australia","Visakhapatnam, India",2026-09-01,2026-09-20 02:33:33.020025825+00:00,171827.0,,73625.0,193.7471419824236,16.145595165201968,4926.710066752748,12.0,458.5591722293957,19.10663217622482,621541.3949858759,1019533.1111318654,1756992.664153426,1132689.056757056,621541.3949858759,1756992.664153426,621541.3949858759,2026-09-01 00:00:00+00:00,2026-09-20 02:33:33.020025825+00:00,V9324502_R4_D20260901,0
9324502,WHITE ROSE,4,"Hay Point, Australia","Visakhapatnam, India",2026-09-02,2026-09-21 02:33:33.020025825+00:00,171827.0,,73625.0,193.7471419824236,16.145595165201968,4926.710066752748,12.0,458.5591722293957,19.10663217622482,621541.3949858759,1019533.1111318654,1756992.664153426,1132689.056757056,621541.3949858759,1756992.664153426,621541.3949858759,2026-09-02 00:00:00+00:00,2026-09-21 02:33:33.020025825+00:00,V9324502_R4_D20260902,0
9324502,WHITE ROSE,4,"Hay Point, Australia","Visakhapatnam, India",2026-09-03,2026-09-22 02:33:33.020025825+00:00,171827.0,,73625.0,193.7471419824236,16.145595165201968,4926.710066752748,12.0,458.5591722293957,19.10663217622482,621541.3949858759,1019533.1111318654,1756992.664153426,1132689.056757056,621541.3949858759,1756992.664153426,621541.3949858759,2026-09-03 00:00:00+00:00,2026-09-22 02:33:33.020025825+00:00,V9324502_R4_D20260903,0
9324502,WHITE ROSE,4,"Hay Point, Australia","Visakhapatnam, India",2026-09-04,2026-09-23 02:33:33.020025825+00:00,171827.0,,73625.0,193.7471419824236,16.145595165201968,4926.710066752748,12.0,458.5591722293957,19.10663217622482,621541.3949858759,1019533.1111318654,1756992.664153426,1132689.056757056,621541.3949858759,1756992.664153426,621541.3949858759,2026-09-04 00:00:00+00:00,2026-09-23 02:33:33.020025825+00:00,V9324502_R4_D20260904,0
9324502,WHITE ROSE,4,"Hay Point, Australia","Visakhapatnam, India",2026-09-05,2026-09-24 02:33:33.020025825+00:00,171827.0,,73625.0,193.7471419824236,16.145595165201968,4926.710066752748,12.0,458.5591722293957,19.10663217622482,621541.3949858759,1019533.1111318654,1756992.664153426,1132689.056757056,621541.3949858759,1756992.664153426,621541.3949858759,2026-09-05 00:00:00+00:00,2026-09-24 02:33:33.020025825+00:00,V9324502_R4_D20260905,0
9324502,WHITE ROSE,4,"Hay Point, Australia","Visakhapatnam, India",2026-09-06,2026-09-25 02:33:33.020025825+00:00,171827.0,,73625.0,193.7471419824236,16.145595165201968,4926.710066752748,12.0,458.5591722293957,19.10663217622482,621541.3949858759,1019533.1111318654,1756992.664153426,1132689.056757056,621541.3949858759,1756992.664153426,621541.3949858759,2026-09-06 00:00:00+00:00,2026-09-25 02:33:33.020025825+00:00,V9324502_R4_D20260906,0
9324502,WHITE ROSE,4,"Hay Point, Australia","Visakhapatnam, India",2026-09-07,2026-09-26 02:33:33.020025825+00:00,171827.0,,73625.0,193.7471419824236,16.145595165201968,4926.710066752748,12.0,458.5591722293957,19.10663217622482,621541.3949858759,1019533.1111318654,1756992.664153426,1132689.056757056,621541.3949858759,1756992.664153426,621541.3949858759,2026-09-07 00:00:00+00:00,2026-09-26 02:33:33.020025825+00:00,V9324502_R4_D20260907,0
9324502,WHITE ROSE,5,"Hay Point, Australia","Paradip, India",2026-08-30,2026-09-18 00:15:00.475562224+00:00,171827.0,,73625.0,193.7471419824236,16.145595165201968,4899.001585207413,12.0,456.25013210061775,19.01042217085908,500523.426299452,860936.5254702837,1528764.7043868047,963408.2187188468,500523.426299452,1528764.7043868047,500523.426299452,2026-08-30 00:00:00+00:00,2026-09-18 00:15:00.475562224+00:00,V9324502_R5_D20260830,0
9324502,WHITE ROSE,5,"Hay Point, Australia","Paradip, India",2026-08-31,2026-09-19 00:15:00.475562224+00:00,171827.0,,73625.0,193.7471419824236,16.145595165201968,4899.001585207413,12.0,456.25013210061775,19.01042217085908,500523.426299452,860936.5254702837,1528764.7043868047,963408.2187188468,500523.426299452,1528764.7043868047,500523.426299452,2026-08-31 00:00:00+00:00,2026-09-19 00:15:00.475562224+00:00,V9324502_R5_D20260831,0
9324502,WHITE ROSE,5,"Hay Point, Australia","Paradip, India",2026-09-01,2026-09-20 00:15:00.475562224+00:00,171827.0,,73625.0,193.7471419824236,16.145595165201968,4899.001585207413,12.0,456.25013210061775,19.01042217085908,500523.426299452,860936.5254702837,1528764.7043868047,963408.2187188468,500523.426299452,1528764.7043868047,500523.426299452,2026-09-01 00:00:00+00:00,2026-09-20 00:15:00.475562224+00:00,V9324502_R5_D20260901,0
9324502,WHITE ROSE,5,"Hay Point, Australia","Paradip, India",2026-09-02,2026-09-21 00:15:00.475562224+00:00,171827.0,,73625.0,193.7471419824236,16.145595165201968,4899.001585207413,12.0,456.25013210061775,19.01042217085908,500523.426299452,860936.5254702837,1528764.7043868047,963408.2187188468,500523.426299452,1528764.7043868047,500523.426299452,2026-09-02 00:00:00+00:00,2026-09-21 00:15:00.475562224+00:00,V9324502_R5_D20260902,0
9324502,WHITE ROSE,5,"Hay Point, Australia","Paradip, India",2026-09-03,2026-09-22 00:15:00.475562224+00:00,171827.0,,73625.0,193.7471419824236,16.145595165201968,4899.001585207413,12.0,456.25013210061775,19.01042217085908,500523.426299452,860936.5254702837,1528764.7043868047,963408.2187188468,500523.426299452,1528764.7043868047,500523.426299452,2026-09-03 00:00:00+00:00,2026-09-22 00:15:00.475562224+00:00,V9324502_R5_D20260903,0
9324502,WHITE ROSE,5,"Hay Point, Australia","Paradip, India",2026-09-04,2026-09-23 00:15:00.475562224+00:00,171827.0,,73625.0,193.7471419824236,16.145595165201968,4899.001585207413,12.0,456.25013210061775,19.01042217085908,500523.426299452,860936.5254702837,1528764.7043868047,963408.2187188468,500523.426299452,1528764.7043868047,500523.426299452,2026-09-04 00:00:00+00:00,2026-09-23 00:15:00.475562224+00:00,V9324502_R5_D20260904,0
9324502,WHITE ROSE,5,"Hay Point, Australia","Paradip, India",2026-09-05,2026-09-24 00:15:00.475562224+00:00,171827.0,,73625.0,193.7471419824236,16.145595165201968,4899.001585207413,12.0,456.25013210061775,19.01042217085908,500523.426299452,860936.5254702837,1528764.7043868047,963408.2187188468,500523.426299452,1528764.7043868047,500523.426299452,2026-09-05 00:00:00+00:00,2026-09-24 00:15:00.475562224+00:00,V9324502_R5_D20260905,0
9324502,WHITE ROSE,5,"Hay Point, Australia","Paradip, India",2026-09-06,2026-09-25 00:15:00.475562224+00:00,171827.0,,73625.0,193.7471419824236,16.145595165201968,4899.001585207413,12.0,456.25013210061775,19.01042217085908,500523.426299452,860936.5254702837,1528764.7043868047,963408.2187188468,500523.426299452,1528764.7043868047,500523.426299452,2026-09-06 00:00:00+00:00,2026-09-25 00:15:00.475562224+00:00,V9324502_R5_D20260906,0
9324502,WHITE ROSE,5,"Hay Point, Australia","Paradip, India",2026-09-07,2026-09-26 00:15:00.475562224+00:00,171827.0,,73625.0,193.7471419824236,16.145595165201968,4899.001585207413,12.0,456.25013210061775,19.01042217085908,500523.426299452,860936.5254702837,1528764.7043868047,963408.2187188468,500523.426299452,1528764.7043868047,500523.426299452,2026-09-07 00:00:00+00:00,2026-09-26 00:15:00.475562224+00:00,V9324502_R5_D20260907,0
9324502,WHITE ROSE,6,"Banjarmasin (South Kalimantan), Indonesia","Krishnapatnam, India",2026-09-06,2026-09-16 08:41:30.373981627+00:00,171827.0,,73625.0,2465.656149563569,205.4713457969641,2408.301246605427,12.0,248.69177055045225,10.362157106268844,278349.81671025034,479907.8532133696,853385.22341313,537214.2977789167,278349.81671025034,853385.22341313,278349.81671025034,2026-09-06 00:00:00+00:00,2026-09-16 08:41:30.373981627+00:00,V9324502_R6_D20260906,0
9324502,WHITE ROSE,6,"Banjarmasin (South Kalimantan), Indonesia","Krishnapatnam, India",2026-09-07,2026-09-17 08:41:30.373981627+00:00,171827.0,,73625.0,2465.656149563569,205.4713457969641,2408.301246605427,12.0,248.69177055045225,10.362157106268844,278349.81671025034,479907.8532133696,853385.22341313,537214.2977789167,278349.81671025034,853385.22341313,278349.81671025034,2026-09-07 00:00:00+00:00,2026-09-17 08:41:30.373981627+00:00,V9324502_R6_D20260907,0
9324502,WHITE ROSE,7,"East Kalimantan, Indonesia","Paradip, India",2026-09-07,2026-09-18 13:22:59.538985611+00:00,171827.0,,54625.0,2529.13582221914,210.76131851826165,2752.598463285374,12.0,277.3832052737812,11.557633553074217,242481.04079876223,445884.9477837989,822782.6274154049,503716.2053326553,242481.04079876223,822782.6274154049,242481.04079876223,2026-09-07 00:00:00+00:00,2026-09-18 13:22:59.538985611+00:00,V9324502_R7_D20260907,0
9324502,WHITE ROSE,8,"Banjarmasin (South Kalimantan), Indonesia","Dahej, India",2026-09-06,2026-09-19 22:56:05.366736398+00:00,171827.0,,73625.0,2465.656149563569,205.4713457969641,3443.2178891213243,12.0,334.9348240934437,13.955617670560152,225672.4026007497,449435.9854982802,864059.1676692006,513055.8519227435,225672.4026007497,864059.1676692006,225672.4026007497,2026-09-06 00:00:00+00:00,2026-09-19 22:56:05.366736398+00:00,V9324502_R8_D20260906,0
9324502,WHITE ROSE,8,"Banjarmasin (South Kalimantan), Indonesia","Dahej, India",2026-09-07,2026-09-20 22:56:05.366736398+00:00,171827.0,,73625.0,2465.656149563569,205.4713457969641,3443.2178891213243,12.0,334.9348240934437,13.955617670560152,225672.4026007497,449435.9854982802,864059.1676692006,513055.8519227435,225672.4026007497,864059.1676692006,225672.4026007497,2026-09-07 00:00:00+00:00,2026-09-20 22:56:05.366736398+00:00,V9324502_R8_D20260907,0
9454905,EFESSOS WAVE,0,"Queensland (Gladstone / Hay Point), Australia","Visakhapatnam & Haldia, India",2026-08-30,2026-09-18 02:33:33.020025825+00:00,87332.0,,73625.0,200.7811407964089,16.73176173303408,4926.710066752748,12.0,458.5591722293957,19.10663217622482,1961629.7030262216,2764445.611131865,4252024.967012267,2992700.0937234513,1961629.7030262216,4252024.967012267,1961629.7030262216,2026-08-30 00:00:00+00:00,2026-09-18 02:33:33.020025825+00:00,V9454905_R0_D20260830,0
9454905,EFESSOS WAVE,0,"Queensland (Gladstone / Hay Point), Australia","Visakhapatnam & Haldia, India",2026-08-31,2026-09-19 02:33:33.020025825+00:00,87332.0,,73625.0,200.7811407964089,16.73176173303408,4926.710066752748,12.0,458.5591722293957,19.10663217622482,1961629.7030262216,2764445.611131865,4252024.967012267,2992700.0937234513,1961629.7030262216,4252024.967012267,1961629.7030262216,2026-08-31 00:00:00+00:00,2026-09-19 02:33:33.020025825+00:00,V9454905_R0_D20260831,0
9454905,EFESSOS WAVE,0,"Queensland (Gladstone / Hay Point), Australia","Visakhapatnam & Haldia, India",2026-09-01,2026-09-20 02:33:33.020025825+00:00,87332.0,,73625.0,200.7811407964089,16.73176173303408,4926.710066752748,12.0,458.5591722293957,19.10663217622482,1961629.7030262216,2764445.611131865,4252024.967012267,2992700.0937234513,1961629.7030262216,4252024.967012267,1961629.7030262216,2026-09-01 00:00:00+00:00,2026-09-20 02:33:33.020025825+00:00,V9454905_R0_D20260901,0
9454905,EFESSOS WAVE,0,"Queensland (Gladstone / Hay Point), Australia","Visakhapatnam & Haldia, India",2026-09-02,2026-09-21 02:33:33.020025825+00:00,87332.0,,73625.0,200.7811407964089,16.73176173303408,4926.710066752748,12.0,458.5591722293957,19.10663217622482,1961629.7030262216,2764445.611131865,4252024.967012267,2992700.0937234513,1961629.7030262216,4252024.967012267,1961629.7030262216,2026-09-02 00:00:00+00:00,2026-09-21 02:33:33.020025825+00:00,V9454905_R0_D20260902,0
9454905,EFESSOS WAVE,0,"Queensland (Gladstone / Hay Point), Australia","Visakhapatnam & Haldia, India",2026-09-03,2026-09-22 02:33:33.020025825+00:00,87332.0,,73625.0,200.7811407964089,16.73176173303408,4926.710066752748,12.0,458.5591722293957,19.10663217622482,1961629.7030262216,2764445.611131865,4252024.967012267,2992700.0937234513,1961629.7030262216,4252024.967012267,1961629.7030262216,2026-09-03 00:00:00+00:00,2026-09-22 02:33:33.020025825+00:00,V9454905_R0_D20260903,0
9454905,EFESSOS WAVE,0,"Queensland (Gladstone / Hay Point), Australia","Visakhapatnam & Haldia, India",2026-09-04,2026-09-23 02:33:33.020025825+00:00,87332.0,,73625.0,200.7811407964089,16.73176173303408,4926.710066752748,12.0,458.5591722293957,19.10663217622482,1961629.7030262216,2764445.611131865,4252024.967012267,2992700.0937234513,1961629.7030262216,4252024.967012267,1961629.7030262216,2026-09-04 00:00:00+00:00,2026-09-23 02:33:33.020025825+00:00,V9454905_R0_D20260904,0
9454905,EFESSOS WAVE,0,"Queensland (Gladstone / Hay Point), Australia","Visakhapatnam & Haldia, India",2026-09-05,2026-09-24 02:33:33.020025825+00:00,87332.0,,73625.0,200.7811407964089,16.73176173303408,4926.710066752748,12.0,458.5591722293957,19.10663217622482,1961629.7030262216,2764445.611131865,4252024.967012267,2992700.0937234513,1961629.7030262216,4252024.967012267,1961629.7030262216,2026-09-05 00:00:00+00:00,2026-09-24 02:33:33.020025825+00:00,V9454905_R0_D20260905,0
9454905,EFESSOS WAVE,0,"Queensland (Gladstone / Hay Point), Australia","Visakhapatnam & Haldia, India",2026-09-06,2026-09-25 02:33:33.020025825+00:00,87332.0,,73625.0,200.7811407964089,16.73176173303408,4926.710066752748,12.0,458.5591722293957,19.10663217622482,1961629.7030262216,2764445.611131865,4252024.967012267,2992700.0937234513,1961629.7030262216,4252024.967012267,1961629.7030262216,2026-09-06 00:00:00+00:00,2026-09-25 02:33:33.020025825+00:00,V9454905_R0_D20260906,0
9454905,EFESSOS WAVE,0,"Queensland (Gladstone / Hay Point), Australia","Visakhapatnam & Haldia, India",2026-09-07,2026-09-26 02:33:33.020025825+00:00,87332.0,,73625.0,200.7811407964089,16.73176173303408,4926.710066752748,12.0,458.5591722293957,19.10663217622482,1961629.7030262216,2764445.611131865,4252024.967012267,2992700.0937234513,1961629.7030262216,4252024.967012267,1961629.7030262216,2026-09-07 00:00:00+00:00,2026-09-26 02:33:33.020025825+00:00,V9454905_R0_D20260907,0
9454905,EFESSOS WAVE,10,Indonesia,"Paradip, India",2026-09-06,2026-09-16 22:55:19.195249904+00:00,87332.0,,54625.0,2338.934288274634,194.91119068955285,2579.063984166344,12.0,262.92199868052865,10.95508327835536,483886.8554293813,753824.7506805515,1254006.7180421222,830572.7747173518,483886.8554293813,1254006.7180421222,483886.8554293813,2026-09-06 00:00:00+00:00,2026-09-16 22:55:19.195249904+00:00,V9454905_R10_D20260906,0
9454905,EFESSOS WAVE,10,Indonesia,"Paradip, India",2026-09-07,2026-09-17 22:55:19.195249904+00:00,87332.0,,54625.0,2338.934288274634,194.91119068955285,2579.063984166344,12.0,262.92199868052865,10.95508327835536,483886.8554293813,753824.7506805515,1254006.7180421222,830572.7747173518,483886.8554293813,1254006.7180421222,483886.8554293813,2026-09-07 00:00:00+00:00,2026-09-17 22:55:19.195249904+00:00,V9454905_R10_D20260907,0
9454905,EFESSOS WAVE,11,"Hay Point, Australia","Visakhapatnam, India",2026-08-30,2026-09-18 02:33:33.020025825+00:00,87332.0,,73625.0,200.7811407964089,16.73176173303408,4926.710066752748,12.0,458.5591722293957,19.10663217622482,878815.7326054362,1354526.8611318655,2235996.7560524866,1489779.783263263,878815.7326054362,2235996.7560524866,878815.7326054362,2026-08-30 00:00:00+00:00,2026-09-18 02:33:33.020025825+00:00,V9454905_R11_D20260830,0
9454905,EFESSOS WAVE,11,"Hay Point, Australia","Visakhapatnam, India",2026-08-31,2026-09-19 02:33:33.020025825+00:00,87332.0,,73625.0,200.7811407964089,16.73176173303408,4926.710066752748,12.0,458.5591722293957,19.10663217622482,878815.7326054362,1354526.8611318655,2235996.7560524866,1489779.783263263,878815.7326054362,2235996.7560524866,878815.7326054362,2026-08-31 00:00:00+00:00,2026-09-19 02:33:33.020025825+00:00,V9454905_R11_D20260831,0
9454905,EFESSOS WAVE,11,"Hay Point, Australia","Visakhapatnam, India",2026-09-01,2026-09-20 02:33:33.020025825+00:00,87332.0,,73625.0,200.7811407964089,16.73176173303408,4926.710066752748,12.0,458.5591722293957,19.10663217622482,878815.7326054362,1354526.8611318655,2235996.7560524866,1489779.783263263,878815.7326054362,2235996.7560524866,878815.7326054362,2026-09-01 00:00:00+00:00,2026-09-20 02:33:33.020025825+00:00,V9454905_R11_D20260901,0
9454905,EFESSOS WAVE,11,"Hay Point, Australia","Visakhapatnam, India",2026-09-02,2026-09-21 02:33:33.020025825+00:00,87332.0,,73625.0,200.7811407964089,16.73176173303408,4926.710066752748,12.0,458.5591722293957,19.10663217622482,878815.7326054362,1354526.8611318655,2235996.7560524866,1489779.783263263,878815.7326054362,2235996.7560524866,878815.7326054362,2026-09-02 00:00:00+00:00,2026-09-21 02:33:33.020025825+00:00,V9454905_R11_D20260902,0
9454905,EFESSOS WAVE,11,"Hay Point, Australia","Visakhapatnam, India",2026-09-03,2026-09-22 02:33:33.020025825+00:00,87332.0,,73625.0,200.7811407964089,16.73176173303408,4926.710066752748,12.0,458.5591722293957,19.10663217622482,878815.7326054362,1354526.8611318655,2235996.7560524866,1489779.783263263,878815.7326054362,2235996.7560524866,878815.7326054362,2026-09-03 00:00:00+00:00,2026-09-22 02:33:33.020025825+00:00,V9454905_R11_D20260903,0
9454905,EFESSOS WAVE,11,"Hay Point, Australia","Visakhapatnam, India",2026-09-04,2026-09-23 02:33:33.020025825+00:00,87332.0,,73625.0,200.7811407964089,16.73176173303408,4926.710066752748,12.0,458.5591722293957,19.10663217622482,878815.7326054362,1354526.8611318655,2235996.7560524866,1489779.783263263,878815.7326054362,2235996.7560524866,878815.7326054362,2026-09-04 00:00:00+00:00,2026-09-23 02:33:33.020025825+00:00,V9454905_R11_D20260904,0
9454905,EFESSOS WAVE,11,"Hay Point, Australia","Visakhapatnam, India",2026-09-05,2026-09-24 02:33:33.020025825+00:00,87332.0,,73625.0,200.7811407964089,16.73176173303408,4926.710066752748,12.0,458.5591722293957,19.10663217622482,878815.7326054362,1354526.8611318655,2235996.7560524866,1489779.783263263,878815.7326054362,2235996.7560524866,878815.7326054362,2026-09-05 00:00:00+00:00,2026-09-24 02:33:33.020025825+00:00,V9454905_R11_D20260905,0
9454905,EFESSOS WAVE,11,"Hay Point, Australia","Visakhapatnam, India",2026-09-06,2026-09-25 02:33:33.020025825+00:00,87332.0,,73625.0,200.7811407964089,16.73176173303408,4926.710066752748,12.0,458.5591722293957,19.10663217622482,878815.7326054362,1354526.8611318655,2235996.7560524866,1489779.783263263,878815.7326054362,2235996.7560524866,878815.7326054362,2026-09-06 00:00:00+00:00,2026-09-25 02:33:33.020025825+00:00,V9454905_R11_D20260906,0
9454905,EFESSOS WAVE,11,"Hay Point, Australia","Visakhapatnam, India",2026-09-07,2026-09-26 02:33:33.020025825+00:00,87332.0,,73625.0,200.7811407964089,16.73176173303408,4926.710066752748,12.0,458.5591722293957,19.10663217622482,878815.7326054362,1354526.8611318655,2235996.7560524866,1489779.783263263,878815.7326054362,2235996.7560524866,878815.7326054362,2026-09-07 00:00:00+00:00,2026-09-26 02:33:33.020025825+00:00,V9454905_R11_D20260907,0
9454905,EFESSOS WAVE,13,"Adang Bay (East Kalimantan), Indonesia","Kandla, India",2026-09-06,2026-09-21 15:09:31.159862762+00:00,87332.0,,54625.0,2440.1146642029003,203.342888683575,3925.90386620921,12.0,375.15865551743417,15.631610646559755,537820.2656598565,873658.4921460542,1495950.611163971,969143.1229899606,537820.2656598565,1495950.611163971,537820.2656598565,2026-09-06 00:00:00+00:00,2026-09-21 15:09:31.159862762+00:00,V9454905_R13_D20260906,0
9454905,EFESSOS WAVE,13,"Adang Bay (East Kalimantan), Indonesia","Kandla, India",2026-09-07,2026-09-22 15:09:31.159862762+00:00,87332.0,,54625.0,2440.1146642029003,203.342888683575,3925.90386620921,12.0,375.15865551743417,15.631610646559755,537820.2656598565,873658.4921460542,1495950.611163971,969143.1229899606,537820.2656598565,1495950.611163971,537820.2656598565,2026-09-07 00:00:00+00:00,2026-09-22 15:09:31.159862762+00:00,V9454905_R13_D20260907,0
9454905,EFESSOS WAVE,14,"East Kalimantan, Indonesia","Paradip, India",2026-09-07,2026-09-18 13:22:59.538985611+00:00,87332.0,,54625.0,2536.467624131243,211.3723020109369,2752.598463285374,12.0,277.3832052737812,11.557633553074217,198431.58845198888,388528.6977837989,740769.5198694121,442576.6020350666,198431.58845198888,740769.5198694121,198431.58845198888,2026-09-07 00:00:00+00:00,2026-09-18 13:22:59.538985611+00:00,V9454905_R14_D20260907,0
9454905,EFESSOS WAVE,17,"Queensland, Australia","Haldia, India",2026-08-30,2026-09-17 10:21:45.174865291+00:00,87332.0,,73625.0,400.38765916573095,33.365638263810915,4732.350582884308,12.0,442.3625485736923,18.43177285723718,475607.6485746149,822355.7961181165,1464863.4753600769,920942.3066842695,475607.6485746149,1464863.4753600769,475607.6485746149,2026-08-30 00:00:00+00:00,2026-09-17 10:21:45.174865291+00:00,V9454905_R17_D20260830,0
9454905,EFESSOS WAVE,17,"Queensland, Australia","Haldia, India",2026-08-31,2026-09-18 10:21:45.174865291+00:00,87332.0,,73625.0,400.38765916573095,33.365638263810915,4732.350582884308,12.0,442.3625485736923,18.43177285723718,475607.6485746149,822355.7961181165,1464863.4753600769,920942.3066842695,475607.6485746149,1464863.4753600769,475607.6485746149,2026-08-31 00:00:00+00:00,2026-09-18 10:21:45.174865291+00:00,V9454905_R17_D20260831,0
9454905,EFESSOS WAVE,17,"Queensland, Australia","Haldia, India",2026-09-01,2026-09-19 10:21:45.174865291+00:00,87332.0,,73625.0,400.38765916573095,33.365638263810915,4732.350582884308,12.0,442.3625485736923,18.43177285723718,475607.6485746149,822355.7961181165,1464863.4753600769,920942.3066842695,475607.6485746149,1464863.4753600769,475607.6485746149,2026-09-01 00:00:00+00:00,2026-09-19 10:21:45.174865291+00:00,V9454905_R17_D20260901,0
9454905,EFESSOS WAVE,17,"Queensland, Australia","Haldia, India",2026-09-02,2026-09-20 10:21:45.174865291+00:00,87332.0,,73625.0,400.38765916573095,33.365638263810915,4732.350582884308,12.0,442.3625485736923,18.43177285723718,475607.6485746149,822355.7961181165,1464863.4753600769,920942.3066842695,475607.6485746149,1464863.4753600769,475607.6485746149,2026-09-02 00:00:00+00:00,2026-09-20 10:21:45.174865291+00:00,V9454905_R17_D20260902,0
9454905,EFESSOS WAVE,17,"Queensland, Australia","Haldia, India",2026-09-03,2026-09-21 10:21:45.174865291+00:00,87332.0,,73625.0,400.38765916573095,33.365638263810915,4732.350582884308,12.0,442.3625485736923,18.43177285723718,475607.6485746149,822355.7961181165,1464863.4753600769,920942.3066842695,475607.6485746149,1464863.4753600769,475607.6485746149,2026-09-03 00:00:00+00:00,2026-09-21 10:21:45.174865291+00:00,V9454905_R17_D20260903,0
9454905,EFESSOS WAVE,17,"Queensland, Australia","Haldia, India",2026-09-04,2026-09-22 10:21:45.174865291+00:00,87332.0,,73625.0,400.38765916573095,33.365638263810915,4732.350582884308,12.0,442.3625485736923,18.43177285723718,475607.6485746149,822355.7961181165,1464863.4753600769,920942.3066842695,475607.6485746149,1464863.4753600769,475607.6485746149,2026-09-04 00:00:00+00:00,2026-09-22 10:21:45.174865291+00:00,V9454905_R17_D20260904,0
9454905,EFESSOS WAVE,17,"Queensland, Australia","Haldia, India",2026-09-05,2026-09-23 10:21:45.174865291+00:00,87332.0,,73625.0,400.38765916573095,33.365638263810915,4732.350582884308,12.0,442.3625485736923,18.43177285723718,475607.6485746149,822355.7961181165,1464863.4753600769,920942.3066842695,475607.6485746149,1464863.4753600769,475607.6485746149,2026-09-05 00:00:00+00:00,2026-09-23 10:21:45.174865291+00:00,V9454905_R17_D20260905,0
9454905,EFESSOS WAVE,17,"Queensland, Australia","Haldia, India",2026-09-06,2026-09-24 10:21:45.174865291+00:00,87332.0,,73625.0,400.38765916573095,33.365638263810915,4732.350582884308,12.0,442.3625485736923,18.43177285723718,475607.6485746149,822355.7961181165,1464863.4753600769,920942.3066842695,475607.6485746149,1464863.4753600769,475607.6485746149,2026-09-06 00:00:00+00:00,2026-09-24 10:21:45.174865291+00:00,V9454905_R17_D20260906,0
9454905,EFESSOS WAVE,17,"Queensland, Australia","Haldia, India",2026-09-07,2026-09-25 10:21:45.174865291+00:00,87332.0,,73625.0,400.38765916573095,33.365638263810915,4732.350582884308,12.0,442.3625485736923,18.43177285723718,475607.6485746149,822355.7961181165,1464863.4753600769,920942.3066842695,475607.6485746149,1464863.4753600769,475607.6485746149,2026-09-07 00:00:00+00:00,2026-09-25 10:21:45.174865291+00:00,V9454905_R17_D20260907,1
9454905,EFESSOS WAVE,2,"Hay Point, Australia","Paradip, India",2026-08-30,2026-09-18 00:15:00.475562224+00:00,87332.0,,73625.0,200.7811407964089,16.73176173303408,4899.001585207413,12.0,456.25013210061775,19.01042217085908,87753.60989883915,323474.0254702837,760252.6448564442,390493.4267418557,87753.60989883915,760252.6448564442,87753.60989883915,2026-08-30 00:00:00+00:00,2026-09-18 00:15:00.475562224+00:00,V9454905_R2_D20260830,0
9454905,EFESSOS WAVE,2,"Hay Point, Australia","Paradip, India",2026-08-31,2026-09-19 00:15:00.475562224+00:00,87332.0,,73625.0,200.7811407964089,16.73176173303408,4899.001585207413,12.0,456.25013210061775,19.01042217085908,87753.60989883915,323474.0254702837,760252.6448564442,390493.4267418557,87753.60989883915,760252.6448564442,87753.60989883915,2026-08-31 00:00:00+00:00,2026-09-19 00:15:00.475562224+00:00,V9454905_R2_D20260831,0
9454905,EFESSOS WAVE,2,"Hay Point, Australia","Paradip, India",2026-09-01,2026-09-20 00:15:00.475562224+00:00,87332.0,,73625.0,200.7811407964089,16.73176173303408,4899.001585207413,12.0,456.25013210061775,19.01042217085908,87753.60989883915,323474.0254702837,760252.6448564442,390493.4267418557,87753.60989883915,760252.6448564442,87753.60989883915,2026-09-01 00:00:00+00:00,2026-09-20 00:15:00.475562224+00:00,V9454905_R2_D20260901,0
9454905,EFESSOS WAVE,2,"Hay Point, Australia","Paradip, India",2026-09-02,2026-09-21 00:15:00.475562224+00:00,87332.0,,73625.0,200.7811407964089,16.73176173303408,4899.001585207413,12.0,456.25013210061775,19.01042217085908,87753.60989883915,323474.0254702837,760252.6448564442,390493.4267418557,87753.60989883915,760252.6448564442,87753.60989883915,2026-09-02 00:00:00+00:00,2026-09-21 00:15:00.475562224+00:00,V9454905_R2_D20260902,0
9454905,EFESSOS WAVE,2,"Hay Point, Australia","Paradip, India",2026-09-03,2026-09-22 00:15:00.475562224+00:00,87332.0,,73625.0,200.7811407964089,16.73176173303408,4899.001585207413,12.0,456.25013210061775,19.01042217085908,87753.60989883915,323474.0254702837,760252.6448564442,390493.4267418557,87753.60989883915,760252.6448564442,87753.60989883915,2026-09-03 00:00:00+00:00,2026-09-22 00:15:00.475562224+00:00,V9454905_R2_D20260903,0
9454905,EFESSOS WAVE,2,"Hay Point, Australia","Paradip, India",2026-09-04,2026-09-23 00:15:00.475562224+00:00,87332.0,,73625.0,200.7811407964089,16.73176173303408,4899.001585207413,12.0,456.25013210061775,19.01042217085908,87753.60989883915,323474.0254702837,760252.6448564442,390493.4267418557,87753.60989883915,760252.6448564442,87753.60989883915,2026-09-04 00:00:00+00:00,2026-09-23 00:15:00.475562224+00:00,V9454905_R2_D20260904,0
9454905,EFESSOS WAVE,2,"Hay Point, Australia","Paradip, India",2026-09-05,2026-09-24 00:15:00.475562224+00:00,87332.0,,73625.0,200.7811407964089,16.73176173303408,4899.001585207413,12.0,456.25013210061775,19.01042217085908,87753.60989883915,323474.0254702837,760252.6448564442,390493.4267418557,87753.60989883915,760252.6448564442,87753.60989883915,2026-09-05 00:00:00+00:00,2026-09-24 00:15:00.475562224+00:00,V9454905_R2_D20260905,0
9454905,EFESSOS WAVE,2,"Hay Point, Australia","Paradip, India",2026-09-06,2026-09-25 00:15:00.475562224+00:00,87332.0,,73625.0,200.7811407964089,16.73176173303408,4899.001585207413,12.0,456.25013210061775,19.01042217085908,87753.60989883915,323474.0254702837,760252.6448564442,390493.4267418557,87753.60989883915,760252.6448564442,87753.60989883915,2026-09-06 00:00:00+00:00,2026-09-25 00:15:00.475562224+00:00,V9454905_R2_D20260906,0
9454905,EFESSOS WAVE,2,"Hay Point, Australia","Paradip, India",2026-09-07,2026-09-26 00:15:00.475562224+00:00,87332.0,,73625.0,200.7811407964089,16.73176173303408,4899.001585207413,12.0,456.25013210061775,19.01042217085908,87753.60989883915,323474.0254702837,760252.6448564442,390493.4267418557,87753.60989883915,760252.6448564442,87753.60989883915,2026-09-07 00:00:00+00:00,2026-09-26 00:15:00.475562224+00:00,V9454905_R2_D20260907,0
9454905,EFESSOS WAVE,22,Indonesia,West Coast India,2026-09-06,2026-09-21 15:25:14.169031453+00:00,87332.0,,73625.0,2338.934288274634,194.91119068955285,3929.0472301048458,12.0,375.4206025087372,15.642525104530714,426538.176199725,728875.230954404,1289091.2862540442,814834.8978027244,426538.176199725,1289091.2862540442,426538.176199725,2026-09-06 00:00:00+00:00,2026-09-21 15:25:14.169031453+00:00,V9454905_R22_D20260906,0
9454905,EFESSOS WAVE,22,Indonesia,West Coast India,2026-09-07,2026-09-22 15:25:14.169031453+00:00,87332.0,,73625.0,2338.934288274634,194.91119068955285,3929.0472301048458,12.0,375.4206025087372,15.642525104530714,426538.176199725,728875.230954404,1289091.2862540442,814834.8978027244,426538.176199725,1289091.2862540442,426538.176199725,2026-09-07 00:00:00+00:00,2026-09-22 15:25:14.169031453+00:00,V9454905_R22_D20260907,0
9454905,EFESSOS WAVE,3,"East Kalimantan, Indonesia","Navlakhi, India",2026-09-07,2026-09-23 05:52:54.512767164+00:00,87332.0,,54625.0,2536.467624131243,211.3723020109369,4102.581709223877,12.0,389.88180910198975,16.245075379249574,178565.98357952503,412385.42805765127,845641.6392229553,478864.35028671054,178565.98357952503,845641.6392229553,178565.98357952503,2026-09-07 00:00:00+00:00,2026-09-23 05:52:54.512767164+00:00,V9454905_R3_D20260907,0
9454905,EFESSOS WAVE,4,"Hay Point, Australia","Visakhapatnam, India",2026-08-30,2026-09-18 02:33:33.020025825+00:00,87332.0,,73625.0,200.7811407964089,16.73176173303408,4926.710066752748,12.0,458.5591722293957,19.10663217622482,621541.3949858759,1019533.1111318654,1756992.664153426,1132689.056757056,621541.3949858759,1756992.664153426,621541.3949858759,2026-08-30 00:00:00+00:00,2026-09-18 02:33:33.020025825+00:00,V9454905_R4_D20260830,0
9454905,EFESSOS WAVE,4,"Hay Point, Australia","Visakhapatnam, India",2026-08-31,2026-09-19 02:33:33.020025825+00:00,87332.0,,73625.0,200.7811407964089,16.73176173303408,4926.710066752748,12.0,458.5591722293957,19.10663217622482,621541.3949858759,1019533.1111318654,1756992.664153426,1132689.056757056,621541.3949858759,1756992.664153426,621541.3949858759,2026-08-31 00:00:00+00:00,2026-09-19 02:33:33.020025825+00:00,V9454905_R4_D20260831,0
9454905,EFESSOS WAVE,4,"Hay Point, Australia","Visakhapatnam, India",2026-09-01,2026-09-20 02:33:33.020025825+00:00,87332.0,,73625.0,200.7811407964089,16.73176173303408,4926.710066752748,12.0,458.5591722293957,19.10663217622482,621541.3949858759,1019533.1111318654,1756992.664153426,1132689.056757056,621541.3949858759,1756992.664153426,621541.3949858759,2026-09-01 00:00:00+00:00,2026-09-20 02:33:33.020025825+00:00,V9454905_R4_D20260901,0
9454905,EFESSOS WAVE,4,"Hay Point, Australia","Visakhapatnam, India",2026-09-02,2026-09-21 02:33:33.020025825+00:00,87332.0,,73625.0,200.7811407964089,16.73176173303408,4926.710066752748,12.0,458.5591722293957,19.10663217622482,621541.3949858759,1019533.1111318654,1756992.664153426,1132689.056757056,621541.3949858759,1756992.664153426,621541.3949858759,2026-09-02 00:00:00+00:00,2026-09-21 02:33:33.020025825+00:00,V9454905_R4_D20260902,0
9454905,EFESSOS WAVE,4,"Hay Point, Australia","Visakhapatnam, India",2026-09-03,2026-09-22 02:33:33.020025825+00:00,87332.0,,73625.0,200.7811407964089,16.73176173303408,4926.710066752748,12.0,458.5591722293957,19.10663217622482,621541.3949858759,1019533.1111318654,1756992.664153426,1132689.056757056,621541.3949858759,1756992.664153426,621541.3949858759,2026-09-03 00:00:00+00:00,2026-09-22 02:33:33.020025825+00:00,V9454905_R4_D20260903,0
9454905,EFESSOS WAVE,4,"Hay Point, Australia","Visakhapatnam, India",2026-09-04,2026-09-23 02:33:33.020025825+00:00,87332.0,,73625.0,200.7811407964089,16.73176173303408,4926.710066752748,12.0,458.5591722293957,19.10663217622482,621541.3949858759,1019533.1111318654,1756992.664153426,1132689.056757056,621541.3949858759,1756992.664153426,621541.3949858759,2026-09-04 00:00:00+00:00,2026-09-23 02:33:33.020025825+00:00,V9454905_R4_D20260904,0
9454905,EFESSOS WAVE,4,"Hay Point, Australia","Visakhapatnam, India",2026-09-05,2026-09-24 02:33:33.020025825+00:00,87332.0,,73625.0,200.7811407964089,16.73176173303408,4926.710066752748,12.0,458.5591722293957,19.10663217622482,621541.3949858759,1019533.1111318654,1756992.664153426,1132689.056757056,621541.3949858759,1756992.664153426,621541.3949858759,2026-09-05 00:00:00+00:00,2026-09-24 02:33:33.020025825+00:00,V9454905_R4_D20260905,0
9454905,EFESSOS WAVE,4,"Hay Point, Australia","Visakhapatnam, India",2026-09-06,2026-09-25 02:33:33.020025825+00:00,87332.0,,73625.0,200.7811407964089,16.73176173303408,4926.710066752748,12.0,458.5591722293957,19.10663217622482,621541.3949858759,1019533.1111318654,1756992.664153426,1132689.056757056,621541.3949858759,1756992.664153426,621541.3949858759,2026-09-06 00:00:00+00:00,2026-09-25 02:33:33.020025825+00:00,V9454905_R4_D20260906,0
9454905,EFESSOS WAVE,4,"Hay Point, Australia","Visakhapatnam, India",2026-09-07,2026-09-26 02:33:33.020025825+00:00,87332.0,,73625.0,200.7811407964089,16.73176173303408,4926.710066752748,12.0,458.5591722293957,19.10663217622482,621541.3949858759,1019533.1111318654,1756992.664153426,1132689.056757056,621541.3949858759,1756992.664153426,621541.3949858759,2026-09-07 00:00:00+00:00,2026-09-26 02:33:33.020025825+00:00,V9454905_R4_D20260907,0
9454905,EFESSOS WAVE,5,"Hay Point, Australia","Paradip, India",2026-08-30,2026-09-18 00:15:00.475562224+00:00,87332.0,,73625.0,200.7811407964089,16.73176173303408,4899.001585207413,12.0,456.25013210061775,19.01042217085908,500523.426299452,860936.5254702837,1528764.7043868047,963408.2187188468,500523.426299452,1528764.7043868047,500523.426299452,2026-08-30 00:00:00+00:00,2026-09-18 00:15:00.475562224+00:00,V9454905_R5_D20260830,0
9454905,EFESSOS WAVE,5,"Hay Point, Australia","Paradip, India",2026-08-31,2026-09-19 00:15:00.475562224+00:00,87332.0,,73625.0,200.7811407964089,16.73176173303408,4899.001585207413,12.0,456.25013210061775,19.01042217085908,500523.426299452,860936.5254702837,1528764.7043868047,963408.2187188468,500523.426299452,1528764.7043868047,500523.426299452,2026-08-31 00:00:00+00:00,2026-09-19 00:15:00.475562224+00:00,V9454905_R5_D20260831,0
9454905,EFESSOS WAVE,5,"Hay Point, Australia","Paradip, India",2026-09-01,2026-09-20 00:15:00.475562224+00:00,87332.0,,73625.0,200.7811407964089,16.73176173303408,4899.001585207413,12.0,456.25013210061775,19.01042217085908,500523.426299452,860936.5254702837,1528764.7043868047,963408.2187188468,500523.426299452,1528764.7043868047,500523.426299452,2026-09-01 00:00:00+00:00,2026-09-20 00:15:00.475562224+00:00,V9454905_R5_D20260901,0
9454905,EFESSOS WAVE,5,"Hay Point, Australia","Paradip, India",2026-09-02,2026-09-21 00:15:00.475562224+00:00,87332.0,,73625.0,200.7811407964089,16.73176173303408,4899.001585207413,12.0,456.25013210061775,19.01042217085908,500523.426299452,860936.5254702837,1528764.7043868047,963408.2187188468,500523.426299452,1528764.7043868047,500523.426299452,2026-09-02 00:00:00+00:00,2026-09-21 00:15:00.475562224+00:00,V9454905_R5_D20260902,0
9454905,EFESSOS WAVE,5,"Hay Point, Australia","Paradip, India",2026-09-03,2026-09-22 00:15:00.475562224+00:00,87332.0,,73625.0,200.7811407964089,16.73176173303408,4899.001585207413,12.0,456.25013210061775,19.01042217085908,500523.426299452,860936.5254702837,1528764.7043868047,963408.2187188468,500523.426299452,1528764.7043868047,500523.426299452,2026-09-03 00:00:00+00:00,2026-09-22 00:15:00.475562224+00:00,V9454905_R5_D20260903,0
9454905,EFESSOS WAVE,5,"Hay Point, Australia","Paradip, India",2026-09-04,2026-09-23 00:15:00.475562224+00:00,87332.0,,73625.0,200.7811407964089,16.73176173303408,4899.001585207413,12.0,456.25013210061775,19.01042217085908,500523.426299452,860936.5254702837,1528764.7043868047,963408.2187188468,500523.426299452,1528764.7043868047,500523.426299452,2026-09-04 00:00:00+00:00,2026-09-23 00:15:00.475562224+00:00,V9454905_R5_D20260904,0
9454905,EFESSOS WAVE,5,"Hay Point, Australia","Paradip, India",2026-09-05,2026-09-24 00:15:00.475562224+00:00,87332.0,,73625.0,200.7811407964089,16.73176173303408,4899.001585207413,12.0,456.25013210061775,19.01042217085908,500523.426299452,860936.5254702837,1528764.7043868047,963408.2187188468,500523.426299452,1528764.7043868047,500523.426299452,2026-09-05 00:00:00+00:00,2026-09-24 00:15:00.475562224+00:00,V9454905_R5_D20260905,0
9454905,EFESSOS WAVE,5,"Hay Point, Australia","Paradip, India",2026-09-06,2026-09-25 00:15:00.475562224+00:00,87332.0,,73625.0,200.7811407964089,16.73176173303408,4899.001585207413,12.0,456.25013210061775,19.01042217085908,500523.426299452,860936.5254702837,1528764.7043868047,963408.2187188468,500523.426299452,1528764.7043868047,500523.426299452,2026-09-06 00:00:00+00:00,2026-09-25 00:15:00.475562224+00:00,V9454905_R5_D20260906,0
9454905,EFESSOS WAVE,5,"Hay Point, Australia","Paradip, India",2026-09-07,2026-09-26 00:15:00.475562224+00:00,87332.0,,73625.0,200.7811407964089,16.73176173303408,4899.001585207413,12.0,456.25013210061775,19.01042217085908,500523.426299452,860936.5254702837,1528764.7043868047,963408.2187188468,500523.426299452,1528764.7043868047,500523.426299452,2026-09-07 00:00:00+00:00,2026-09-26 00:15:00.475562224+00:00,V9454905_R5_D20260907,0
9454905,EFESSOS WAVE,6,"Banjarmasin (South Kalimantan), Indonesia","Krishnapatnam, India",2026-09-07,2026-09-17 08:41:30.373981627+00:00,87332.0,,73625.0,2472.901761372035,206.0751467810029,2408.301246605427,12.0,248.69177055045225,10.362157106268844,278349.81671025034,479907.8532133696,853385.22341313,537214.2977789167,278349.81671025034,853385.22341313,278349.81671025034,2026-09-07 00:00:00+00:00,2026-09-17 08:41:30.373981627+00:00,V9454905_R6_D20260907,0
9454905,EFESSOS WAVE,7,"East Kalimantan, Indonesia","Paradip, India",2026-09-07,2026-09-18 13:22:59.538985611+00:00,87332.0,,54625.0,2536.467624131243,211.3723020109369,2752.598463285374,12.0,277.3832052737812,11.557633553074217,242481.04079876223,445884.9477837989,822782.6274154049,503716.2053326553,242481.04079876223,822782.6274154049,242481.04079876223,2026-09-07 00:00:00+00:00,2026-09-18 13:22:59.538985611+00:00,V9454905_R7_D20260907,0
9454905,EFESSOS WAVE,8,"Banjarmasin (South Kalimantan), Indonesia","Dahej, India",2026-09-07,2026-09-20 22:56:05.366736398+00:00,87332.0,,73625.0,2472.901761372035,206.0751467810029,3443.2178891213243,12.0,334.9348240934437,13.955617670560152,225672.4026007497,449435.9854982802,864059.1676692006,513055.8519227435,225672.4026007497,864059.1676692006,225672.4026007497,2026-09-07 00:00:00+00:00,2026-09-20 22:56:05.366736398+00:00,V9454905_R8_D20260907,0
9465186,ES GLORY SEA,0,"Queensland (Gladstone / Hay Point), Australia","Visakhapatnam & Haldia, India",2026-08-30,2026-09-18 02:33:33.020025825+00:00,177000.0,,73625.0,191.65418072113025,15.971181726760852,4926.710066752748,12.0,458.5591722293957,19.10663217622482,1961629.7030262216,2764445.611131865,4252024.967012267,2992700.0937234513,1961629.7030262216,4252024.967012267,1961629.7030262216,2026-08-30 00:00:00+00:00,2026-09-18 02:33:33.020025825+00:00,V9465186_R0_D20260830,0
9465186,ES GLORY SEA,0,"Queensland (Gladstone / Hay Point), Australia","Visakhapatnam & Haldia, India",2026-08-31,2026-09-19 02:33:33.020025825+00:00,177000.0,,73625.0,191.65418072113025,15.971181726760852,4926.710066752748,12.0,458.5591722293957,19.10663217622482,1961629.7030262216,2764445.611131865,4252024.967012267,2992700.0937234513,1961629.7030262216,4252024.967012267,1961629.7030262216,2026-08-31 00:00:00+00:00,2026-09-19 02:33:33.020025825+00:00,V9465186_R0_D20260831,0
9465186,ES GLORY SEA,0,"Queensland (Gladstone / Hay Point), Australia","Visakhapatnam & Haldia, India",2026-09-01,2026-09-20 02:33:33.020025825+00:00,177000.0,,73625.0,191.65418072113025,15.971181726760852,4926.710066752748,12.0,458.5591722293957,19.10663217622482,1961629.7030262216,2764445.611131865,4252024.967012267,2992700.0937234513,1961629.7030262216,4252024.967012267,1961629.7030262216,2026-09-01 00:00:00+00:00,2026-09-20 02:33:33.020025825+00:00,V9465186_R0_D20260901,0
9465186,ES GLORY SEA,0,"Queensland (Gladstone / Hay Point), Australia","Visakhapatnam & Haldia, India",2026-09-02,2026-09-21 02:33:33.020025825+00:00,177000.0,,73625.0,191.65418072113025,15.971181726760852,4926.710066752748,12.0,458.5591722293957,19.10663217622482,1961629.7030262216,2764445.611131865,4252024.967012267,2992700.0937234513,1961629.7030262216,4252024.967012267,1961629.7030262216,2026-09-02 00:00:00+00:00,2026-09-21 02:33:33.020025825+00:00,V9465186_R0_D20260902,0
9465186,ES GLORY SEA,0,"Queensland (Gladstone / Hay Point), Australia","Visakhapatnam & Haldia, India",2026-09-03,2026-09-22 02:33:33.020025825+00:00,177000.0,,73625.0,191.65418072113025,15.971181726760852,4926.710066752748,12.0,458.5591722293957,19.10663217622482,1961629.7030262216,2764445.611131865,4252024.967012267,2992700.0937234513,1961629.7030262216,4252024.967012267,1961629.7030262216,2026-09-03 00:00:00+00:00,2026-09-22 02:33:33.020025825+00:00,V9465186_R0_D20260903,0
9465186,ES GLORY SEA,0,"Queensland (Gladstone / Hay Point), Australia","Visakhapatnam & Haldia, India",2026-09-04,2026-09-23 02:33:33.020025825+00:00,177000.0,,73625.0,191.65418072113025,15.971181726760852,4926.710066752748,12.0,458.5591722293957,19.10663217622482,1961629.7030262216,2764445.611131865,4252024.967012267,2992700.0937234513,1961629.7030262216,4252024.967012267,1961629.7030262216,2026-09-04 00:00:00+00:00,2026-09-23 02:33:33.020025825+00:00,V9465186_R0_D20260904,0
9465186,ES GLORY SEA,0,"Queensland (Gladstone / Hay Point), Australia","Visakhapatnam & Haldia, India",2026-09-05,2026-09-24 02:33:33.020025825+00:00,177000.0,,73625.0,191.65418072113025,15.971181726760852,4926.710066752748,12.0,458.5591722293957,19.10663217622482,1961629.7030262216,2764445.611131865,4252024.967012267,2992700.0937234513,1961629.7030262216,4252024.967012267,1961629.7030262216,2026-09-05 00:00:00+00:00,2026-09-24 02:33:33.020025825+00:00,V9465186_R0_D20260905,0
9465186,ES GLORY SEA,0,"Queensland (Gladstone / Hay Point), Australia","Visakhapatnam & Haldia, India",2026-09-06,2026-09-25 02:33:33.020025825+00:00,177000.0,,73625.0,191.65418072113025,15.971181726760852,4926.710066752748,12.0,458.5591722293957,19.10663217622482,1961629.7030262216,2764445.611131865,4252024.967012267,2992700.0937234513,1961629.7030262216,4252024.967012267,1961629.7030262216,2026-09-06 00:00:00+00:00,2026-09-25 02:33:33.020025825+00:00,V9465186_R0_D20260906,0
9465186,ES GLORY SEA,0,"Queensland (Gladstone / Hay Point), Australia","Visakhapatnam & Haldia, India",2026-09-07,2026-09-26 02:33:33.020025825+00:00,177000.0,,73625.0,191.65418072113025,15.971181726760852,4926.710066752748,12.0,458.5591722293957,19.10663217622482,1961629.7030262216,2764445.611131865,4252024.967012267,2992700.0937234513,1961629.7030262216,4252024.967012267,1961629.7030262216,2026-09-07 00:00:00+00:00,2026-09-26 02:33:33.020025825+00:00,V9465186_R0_D20260907,0
9465186,ES GLORY SEA,10,Indonesia,"Paradip, India",2026-09-06,2026-09-16 22:55:19.195249904+00:00,177000.0,,54625.0,2330.146908827083,194.1789090689236,2579.063984166344,12.0,262.92199868052865,10.95508327835536,483886.8554293813,753824.7506805515,1254006.7180421222,830572.7747173518,483886.8554293813,1254006.7180421222,483886.8554293813,2026-09-06 00:00:00+00:00,2026-09-16 22:55:19.195249904+00:00,V9465186_R10_D20260906,0
9465186,ES GLORY SEA,10,Indonesia,"Paradip, India",2026-09-07,2026-09-17 22:55:19.195249904+00:00,177000.0,,54625.0,2330.146908827083,194.1789090689236,2579.063984166344,12.0,262.92199868052865,10.95508327835536,483886.8554293813,753824.7506805515,1254006.7180421222,830572.7747173518,483886.8554293813,1254006.7180421222,483886.8554293813,2026-09-07 00:00:00+00:00,2026-09-17 22:55:19.195249904+00:00,V9465186_R10_D20260907,0
9465186,ES GLORY SEA,11,"Hay Point, Australia","Visakhapatnam, India",2026-08-30,2026-09-18 02:33:33.020025825+00:00,177000.0,,73625.0,191.65418072113025,15.971181726760852,4926.710066752748,12.0,458.5591722293957,19.10663217622482,878815.7326054362,1354526.8611318655,2235996.7560524866,1489779.783263263,878815.7326054362,2235996.7560524866,878815.7326054362,2026-08-30 00:00:00+00:00,2026-09-18 02:33:33.020025825+00:00,V9465186_R11_D20260830,0
9465186,ES GLORY SEA,11,"Hay Point, Australia","Visakhapatnam, India",2026-08-31,2026-09-19 02:33:33.020025825+00:00,177000.0,,73625.0,191.65418072113025,15.971181726760852,4926.710066752748,12.0,458.5591722293957,19.10663217622482,878815.7326054362,1354526.8611318655,2235996.7560524866,1489779.783263263,878815.7326054362,2235996.7560524866,878815.7326054362,2026-08-31 00:00:00+00:00,2026-09-19 02:33:33.020025825+00:00,V9465186_R11_D20260831,0
9465186,ES GLORY SEA,11,"Hay Point, Australia","Visakhapatnam, India",2026-09-01,2026-09-20 02:33:33.020025825+00:00,177000.0,,73625.0,191.65418072113025,15.971181726760852,4926.710066752748,12.0,458.5591722293957,19.10663217622482,878815.7326054362,1354526.8611318655,2235996.7560524866,1489779.783263263,878815.7326054362,2235996.7560524866,878815.7326054362,2026-09-01 00:00:00+00:00,2026-09-20 02:33:33.020025825+00:00,V9465186_R11_D20260901,0
9465186,ES GLORY SEA,11,"Hay Point, Australia","Visakhapatnam, India",2026-09-02,2026-09-21 02:33:33.020025825+00:00,177000.0,,73625.0,191.65418072113025,15.971181726760852,4926.710066752748,12.0,458.5591722293957,19.10663217622482,878815.7326054362,1354526.8611318655,2235996.7560524866,1489779.783263263,878815.7326054362,2235996.7560524866,878815.7326054362,2026-09-02 00:00:00+00:00,2026-09-21 02:33:33.020025825+00:00,V9465186_R11_D20260902,0
9465186,ES GLORY SEA,11,"Hay Point, Australia","Visakhapatnam, India",2026-09-03,2026-09-22 02:33:33.020025825+00:00,177000.0,,73625.0,191.65418072113025,15.971181726760852,4926.710066752748,12.0,458.5591722293957,19.10663217622482,878815.7326054362,1354526.8611318655,2235996.7560524866,1489779.783263263,878815.7326054362,2235996.7560524866,878815.7326054362,2026-09-03 00:00:00+00:00,2026-09-22 02:33:33.020025825+00:00,V9465186_R11_D20260903,0
9465186,ES GLORY SEA,11,"Hay Point, Australia","Visakhapatnam, India",2026-09-04,2026-09-23 02:33:33.020025825+00:00,177000.0,,73625.0,191.65418072113025,15.971181726760852,4926.710066752748,12.0,458.5591722293957,19.10663217622482,878815.7326054362,1354526.8611318655,2235996.7560524866,1489779.783263263,878815.7326054362,2235996.7560524866,878815.7326054362,2026-09-04 00:00:00+00:00,2026-09-23 02:33:33.020025825+00:00,V9465186_R11_D20260904,0
9465186,ES GLORY SEA,11,"Hay Point, Australia","Visakhapatnam, India",2026-09-05,2026-09-24 02:33:33.020025825+00:00,177000.0,,73625.0,191.65418072113025,15.971181726760852,4926.710066752748,12.0,458.5591722293957,19.10663217622482,878815.7326054362,1354526.8611318655,2235996.7560524866,1489779.783263263,878815.7326054362,2235996.7560524866,878815.7326054362,2026-09-05 00:00:00+00:00,2026-09-24 02:33:33.020025825+00:00,V9465186_R11_D20260905,0
9465186,ES GLORY SEA,11,"Hay Point, Australia","Visakhapatnam, India",2026-09-06,2026-09-25 02:33:33.020025825+00:00,177000.0,,73625.0,191.65418072113025,15.971181726760852,4926.710066752748,12.0,458.5591722293957,19.10663217622482,878815.7326054362,1354526.8611318655,2235996.7560524866,1489779.783263263,878815.7326054362,2235996.7560524866,878815.7326054362,2026-09-06 00:00:00+00:00,2026-09-25 02:33:33.020025825+00:00,V9465186_R11_D20260906,1
9465186,ES GLORY SEA,11,"Hay Point, Australia","Visakhapatnam, India",2026-09-07,2026-09-26 02:33:33.020025825+00:00,177000.0,,73625.0,191.65418072113025,15.971181726760852,4926.710066752748,12.0,458.5591722293957,19.10663217622482,878815.7326054362,1354526.8611318655,2235996.7560524866,1489779.783263263,878815.7326054362,2235996.7560524866,878815.7326054362,2026-09-07 00:00:00+00:00,2026-09-26 02:33:33.020025825+00:00,V9465186_R11_D20260907,0
9465186,ES GLORY SEA,13,"Adang Bay (East Kalimantan), Indonesia","Kandla, India",2026-09-06,2026-09-21 15:09:31.159862762+00:00,177000.0,,54625.0,2431.3490994497542,202.6124249541461,3925.90386620921,12.0,375.15865551743417,15.631610646559755,537820.2656598565,873658.4921460542,1495950.611163971,969143.1229899606,537820.2656598565,1495950.611163971,537820.2656598565,2026-09-06 00:00:00+00:00,2026-09-21 15:09:31.159862762+00:00,V9465186_R13_D20260906,0
9465186,ES GLORY SEA,13,"Adang Bay (East Kalimantan), Indonesia","Kandla, India",2026-09-07,2026-09-22 15:09:31.159862762+00:00,177000.0,,54625.0,2431.3490994497542,202.6124249541461,3925.90386620921,12.0,375.15865551743417,15.631610646559755,537820.2656598565,873658.4921460542,1495950.611163971,969143.1229899606,537820.2656598565,1495950.611163971,537820.2656598565,2026-09-07 00:00:00+00:00,2026-09-22 15:09:31.159862762+00:00,V9465186_R13_D20260907,0
9465186,ES GLORY SEA,14,"East Kalimantan, Indonesia","Paradip, India",2026-09-07,2026-09-18 13:22:59.538985611+00:00,177000.0,,54625.0,2527.5757518594974,210.63131265495807,2752.598463285374,12.0,277.3832052737812,11.557633553074217,198431.58845198888,388528.6977837989,740769.5198694121,442576.6020350666,198431.58845198888,740769.5198694121,198431.58845198888,2026-09-07 00:00:00+00:00,2026-09-18 13:22:59.538985611+00:00,V9465186_R14_D20260907,0
9465186,ES GLORY SEA,17,"Queensland, Australia","Haldia, India",2026-08-30,2026-09-17 10:21:45.174865291+00:00,177000.0,,73625.0,392.5805274851924,32.71504395709936,4732.350582884308,12.0,442.3625485736923,18.43177285723718,475607.6485746149,822355.7961181165,1464863.4753600769,920942.3066842695,475607.6485746149,1464863.4753600769,475607.6485746149,2026-08-30 00:00:00+00:00,2026-09-17 10:21:45.174865291+00:00,V9465186_R17_D20260830,0
9465186,ES GLORY SEA,17,"Queensland, Australia","Haldia, India",2026-08-31,2026-09-18 10:21:45.174865291+00:00,177000.0,,73625.0,392.5805274851924,32.71504395709936,4732.350582884308,12.0,442.3625485736923,18.43177285723718,475607.6485746149,822355.7961181165,1464863.4753600769,920942.3066842695,475607.6485746149,1464863.4753600769,475607.6485746149,2026-08-31 00:00:00+00:00,2026-09-18 10:21:45.174865291+00:00,V9465186_R17_D20260831,0
9465186,ES GLORY SEA,17,"Queensland, Australia","Haldia, India",2026-09-01,2026-09-19 10:21:45.174865291+00:00,177000.0,,73625.0,392.5805274851924,32.71504395709936,4732.350582884308,12.0,442.3625485736923,18.43177285723718,475607.6485746149,822355.7961181165,1464863.4753600769,920942.3066842695,475607.6485746149,1464863.4753600769,475607.6485746149,2026-09-01 00:00:00+00:00,2026-09-19 10:21:45.174865291+00:00,V9465186_R17_D20260901,0
9465186,ES GLORY SEA,17,"Queensland, Australia","Haldia, India",2026-09-02,2026-09-20 10:21:45.174865291+00:00,177000.0,,73625.0,392.5805274851924,32.71504395709936,4732.350582884308,12.0,442.3625485736923,18.43177285723718,475607.6485746149,822355.7961181165,1464863.4753600769,920942.3066842695,475607.6485746149,1464863.4753600769,475607.6485746149,2026-09-02 00:00:00+00:00,2026-09-20 10:21:45.174865291+00:00,V9465186_R17_D20260902,0
9465186,ES GLORY SEA,17,"Queensland, Australia","Haldia, India",2026-09-03,2026-09-21 10:21:45.174865291+00:00,177000.0,,73625.0,392.5805274851924,32.71504395709936,4732.350582884308,12.0,442.3625485736923,18.43177285723718,475607.6485746149,822355.7961181165,1464863.4753600769,920942.3066842695,475607.6485746149,1464863.4753600769,475607.6485746149,2026-09-03 00:00:00+00:00,2026-09-21 10:21:45.174865291+00:00,V9465186_R17_D20260903,0
9465186,ES GLORY SEA,17,"Queensland, Australia","Haldia, India",2026-09-04,2026-09-22 10:21:45.174865291+00:00,177000.0,,73625.0,392.5805274851924,32.71504395709936,4732.350582884308,12.0,442.3625485736923,18.43177285723718,475607.6485746149,822355.7961181165,1464863.4753600769,920942.3066842695,475607.6485746149,1464863.4753600769,475607.6485746149,2026-09-04 00:00:00+00:00,2026-09-22 10:21:45.174865291+00:00,V9465186_R17_D20260904,0
9465186,ES GLORY SEA,17,"Queensland, Australia","Haldia, India",2026-09-05,2026-09-23 10:21:45.174865291+00:00,177000.0,,73625.0,392.5805274851924,32.71504395709936,4732.350582884308,12.0,442.3625485736923,18.43177285723718,475607.6485746149,822355.7961181165,1464863.4753600769,920942.3066842695,475607.6485746149,1464863.4753600769,475607.6485746149,2026-09-05 00:00:00+00:00,2026-09-23 10:21:45.174865291+00:00,V9465186_R17_D20260905,0
9465186,ES GLORY SEA,17,"Queensland, Australia","Haldia, India",2026-09-06,2026-09-24 10:21:45.174865291+00:00,177000.0,,73625.0,392.5805274851924,32.71504395709936,4732.350582884308,12.0,442.3625485736923,18.43177285723718,475607.6485746149,822355.7961181165,1464863.4753600769,920942.3066842695,475607.6485746149,1464863.4753600769,475607.6485746149,2026-09-06 00:00:00+00:00,2026-09-24 10:21:45.174865291+00:00,V9465186_R17_D20260906,0
9465186,ES GLORY SEA,17,"Queensland, Australia","Haldia, India",2026-09-07,2026-09-25 10:21:45.174865291+00:00,177000.0,,73625.0,392.5805274851924,32.71504395709936,4732.350582884308,12.0,442.3625485736923,18.43177285723718,475607.6485746149,822355.7961181165,1464863.4753600769,920942.3066842695,475607.6485746149,1464863.4753600769,475607.6485746149,2026-09-07 00:00:00+00:00,2026-09-25 10:21:45.174865291+00:00,V9465186_R17_D20260907,0
9465186,ES GLORY SEA,2,"Hay Point, Australia","Paradip, India",2026-08-30,2026-09-18 00:15:00.475562224+00:00,177000.0,,73625.0,191.65418072113025,15.971181726760852,4899.001585207413,12.0,456.25013210061775,19.01042217085908,87753.60989883915,323474.0254702837,760252.6448564442,390493.4267418557,87753.60989883915,760252.6448564442,87753.60989883915,2026-08-30 00:00:00+00:00,2026-09-18 00:15:00.475562224+00:00,V9465186_R2_D20260830,0
9465186,ES GLORY SEA,2,"Hay Point, Australia","Paradip, India",2026-08-31,2026-09-19 00:15:00.475562224+00:00,177000.0,,73625.0,191.65418072113025,15.971181726760852,4899.001585207413,12.0,456.25013210061775,19.01042217085908,87753.60989883915,323474.0254702837,760252.6448564442,390493.4267418557,87753.60989883915,760252.6448564442,87753.60989883915,2026-08-31 00:00:00+00:00,2026-09-19 00:15:00.475562224+00:00,V9465186_R2_D20260831,0
9465186,ES GLORY SEA,2,"Hay Point, Australia","Paradip, India",2026-09-01,2026-09-20 00:15:00.475562224+00:00,177000.0,,73625.0,191.65418072113025,15.971181726760852,4899.001585207413,12.0,456.25013210061775,19.01042217085908,87753.60989883915,323474.0254702837,760252.6448564442,390493.4267418557,87753.60989883915,760252.6448564442,87753.60989883915,2026-09-01 00:00:00+00:00,2026-09-20 00:15:00.475562224+00:00,V9465186_R2_D20260901,0
9465186,ES GLORY SEA,2,"Hay Point, Australia","Paradip, India",2026-09-02,2026-09-21 00:15:00.475562224+00:00,177000.0,,73625.0,191.65418072113025,15.971181726760852,4899.001585207413,12.0,456.25013210061775,19.01042217085908,87753.60989883915,323474.0254702837,760252.6448564442,390493.4267418557,87753.60989883915,760252.6448564442,87753.60989883915,2026-09-02 00:00:00+00:00,2026-09-21 00:15:00.475562224+00:00,V9465186_R2_D20260902,0
9465186,ES GLORY SEA,2,"Hay Point, Australia","Paradip, India",2026-09-03,2026-09-22 00:15:00.475562224+00:00,177000.0,,73625.0,191.65418072113025,15.971181726760852,4899.001585207413,12.0,456.25013210061775,19.01042217085908,87753.60989883915,323474.0254702837,760252.6448564442,390493.4267418557,87753.60989883915,760252.6448564442,87753.60989883915,2026-09-03 00:00:00+00:00,2026-09-22 00:15:00.475562224+00:00,V9465186_R2_D20260903,0
9465186,ES GLORY SEA,2,"Hay Point, Australia","Paradip, India",2026-09-04,2026-09-23 00:15:00.475562224+00:00,177000.0,,73625.0,191.65418072113025,15.971181726760852,4899.001585207413,12.0,456.25013210061775,19.01042217085908,87753.60989883915,323474.0254702837,760252.6448564442,390493.4267418557,87753.60989883915,760252.6448564442,87753.60989883915,2026-09-04 00:00:00+00:00,2026-09-23 00:15:00.475562224+00:00,V9465186_R2_D20260904,0
9465186,ES GLORY SEA,2,"Hay Point, Australia","Paradip, India",2026-09-05,2026-09-24 00:15:00.475562224+00:00,177000.0,,73625.0,191.65418072113025,15.971181726760852,4899.001585207413,12.0,456.25013210061775,19.01042217085908,87753.60989883915,323474.0254702837,760252.6448564442,390493.4267418557,87753.60989883915,760252.6448564442,87753.60989883915,2026-09-05 00:00:00+00:00,2026-09-24 00:15:00.475562224+00:00,V9465186_R2_D20260905,0
9465186,ES GLORY SEA,2,"Hay Point, Australia","Paradip, India",2026-09-06,2026-09-25 00:15:00.475562224+00:00,177000.0,,73625.0,191.65418072113025,15.971181726760852,4899.001585207413,12.0,456.25013210061775,19.01042217085908,87753.60989883915,323474.0254702837,760252.6448564442,390493.4267418557,87753.60989883915,760252.6448564442,87753.60989883915,2026-09-06 00:00:00+00:00,2026-09-25 00:15:00.475562224+00:00,V9465186_R2_D20260906,0
9465186,ES GLORY SEA,2,"Hay Point, Australia","Paradip, India",2026-09-07,2026-09-26 00:15:00.475562224+00:00,177000.0,,73625.0,191.65418072113025,15.971181726760852,4899.001585207413,12.0,456.25013210061775,19.01042217085908,87753.60989883915,323474.0254702837,760252.6448564442,390493.4267418557,87753.60989883915,760252.6448564442,87753.60989883915,2026-09-07 00:00:00+00:00,2026-09-26 00:15:00.475562224+00:00,V9465186_R2_D20260907,0
9465186,ES GLORY SEA,20,East Coast Australia,East Coast India,2026-08-30,2026-09-19 12:08:52.530079941+00:00,177000.0,,166250.0,238.1141834257521,19.84284861881268,5329.775100266468,12.0,492.1479250222057,20.506163542591903,1751061.700185706,2505113.5672018854,3902335.494808152,2719503.587398581,1751061.700185706,3902335.494808152,1751061.700185706,2026-08-30 00:00:00+00:00,2026-09-19 12:08:52.530079941+00:00,V9465186_R20_D20260830,0
9465186,ES GLORY SEA,20,East Coast Australia,East Coast India,2026-08-31,2026-09-20 12:08:52.530079941+00:00,177000.0,,166250.0,238.1141834257521,19.84284861881268,5329.775100266468,12.0,492.1479250222057,20.506163542591903,1751061.700185706,2505113.5672018854,3902335.494808152,2719503.587398581,1751061.700185706,3902335.494808152,1751061.700185706,2026-08-31 00:00:00+00:00,2026-09-20 12:08:52.530079941+00:00,V9465186_R20_D20260831,0
9465186,ES GLORY SEA,20,East Coast Australia,East Coast India,2026-09-01,2026-09-21 12:08:52.530079941+00:00,177000.0,,166250.0,238.1141834257521,19.84284861881268,5329.775100266468,12.0,492.1479250222057,20.506163542591903,1751061.700185706,2505113.5672018854,3902335.494808152,2719503.587398581,1751061.700185706,3902335.494808152,1751061.700185706,2026-09-01 00:00:00+00:00,2026-09-21 12:08:52.530079941+00:00,V9465186_R20_D20260901,0
9465186,ES GLORY SEA,20,East Coast Australia,East Coast India,2026-09-02,2026-09-22 12:08:52.530079941+00:00,177000.0,,166250.0,238.1141834257521,19.84284861881268,5329.775100266468,12.0,492.1479250222057,20.506163542591903,1751061.700185706,2505113.5672018854,3902335.494808152,2719503.587398581,1751061.700185706,3902335.494808152,1751061.700185706,2026-09-02 00:00:00+00:00,2026-09-22 12:08:52.530079941+00:00,V9465186_R20_D20260902,0
9465186,ES GLORY SEA,20,East Coast Australia,East Coast India,2026-09-03,2026-09-23 12:08:52.530079941+00:00,177000.0,,166250.0,238.1141834257521,19.84284861881268,5329.775100266468,12.0,492.1479250222057,20.506163542591903,1751061.700185706,2505113.5672018854,3902335.494808152,2719503.587398581,1751061.700185706,3902335.494808152,1751061.700185706,2026-09-03 00:00:00+00:00,2026-09-23 12:08:52.530079941+00:00,V9465186_R20_D20260903,0
9465186,ES GLORY SEA,20,East Coast Australia,East Coast India,2026-09-04,2026-09-24 12:08:52.530079941+00:00,177000.0,,166250.0,238.1141834257521,19.84284861881268,5329.775100266468,12.0,492.1479250222057,20.506163542591903,1751061.700185706,2505113.5672018854,3902335.494808152,2719503.587398581,1751061.700185706,3902335.494808152,1751061.700185706,2026-09-04 00:00:00+00:00,2026-09-24 12:08:52.530079941+00:00,V9465186_R20_D20260904,0
9465186,ES GLORY SEA,20,East Coast Australia,East Coast India,2026-09-05,2026-09-25 12:08:52.530079941+00:00,177000.0,,166250.0,238.1141834257521,19.84284861881268,5329.775100266468,12.0,492.1479250222057,20.506163542591903,1751061.700185706,2505113.5672018854,3902335.494808152,2719503.587398581,1751061.700185706,3902335.494808152,1751061.700185706,2026-09-05 00:00:00+00:00,2026-09-25 12:08:52.530079941+00:00,V9465186_R20_D20260905,0
9465186,ES GLORY SEA,20,East Coast Australia,East Coast India,2026-09-06,2026-09-26 12:08:52.530079941+00:00,177000.0,,166250.0,238.1141834257521,19.84284861881268,5329.775100266468,12.0,492.1479250222057,20.506163542591903,1751061.700185706,2505113.5672018854,3902335.494808152,2719503.587398581,1751061.700185706,3902335.494808152,1751061.700185706,2026-09-06 00:00:00+00:00,2026-09-26 12:08:52.530079941+00:00,V9465186_R20_D20260906,0
9465186,ES GLORY SEA,20,East Coast Australia,East Coast India,2026-09-07,2026-09-27 12:08:52.530079941+00:00,177000.0,,166250.0,238.1141834257521,19.84284861881268,5329.775100266468,12.0,492.1479250222057,20.506163542591903,1751061.700185706,2505113.5672018854,3902335.494808152,2719503.587398581,1751061.700185706,3902335.494808152,1751061.700185706,2026-09-07 00:00:00+00:00,2026-09-27 12:08:52.530079941+00:00,V9465186_R20_D20260907,0
9465186,ES GLORY SEA,21,Indonesia,East Coast India,2026-09-06,2026-09-16 22:55:19.195249904+00:00,177000.0,,166250.0,2330.146908827083,194.1789090689236,2579.063984166344,12.0,262.92199868052865,10.95508327835536,1818320.7824231428,2491374.7506805514,3738511.458441642,2682735.6638484453,1818320.7824231428,3738511.458441642,1818320.7824231428,2026-09-06 00:00:00+00:00,2026-09-16 22:55:19.195249904+00:00,V9465186_R21_D20260906,0
9465186,ES GLORY SEA,21,Indonesia,East Coast India,2026-09-07,2026-09-17 22:55:19.195249904+00:00,177000.0,,166250.0,2330.146908827083,194.1789090689236,2579.063984166344,12.0,262.92199868052865,10.95508327835536,1818320.7824231428,2491374.7506805514,3738511.458441642,2682735.6638484453,1818320.7824231428,3738511.458441642,1818320.7824231428,2026-09-07 00:00:00+00:00,2026-09-17 22:55:19.195249904+00:00,V9465186_R21_D20260907,0
9465186,ES GLORY SEA,22,Indonesia,West Coast India,2026-09-06,2026-09-21 15:25:14.169031453+00:00,177000.0,,73625.0,2330.146908827083,194.1789090689236,3929.0472301048458,12.0,375.4206025087372,15.642525104530714,426538.176199725,728875.230954404,1289091.2862540442,814834.8978027244,426538.176199725,1289091.2862540442,426538.176199725,2026-09-06 00:00:00+00:00,2026-09-21 15:25:14.169031453+00:00,V9465186_R22_D20260906,0
9465186,ES GLORY SEA,22,Indonesia,West Coast India,2026-09-07,2026-09-22 15:25:14.169031453+00:00,177000.0,,73625.0,2330.146908827083,194.1789090689236,3929.0472301048458,12.0,375.4206025087372,15.642525104530714,426538.176199725,728875.230954404,1289091.2862540442,814834.8978027244,426538.176199725,1289091.2862540442,426538.176199725,2026-09-07 00:00:00+00:00,2026-09-22 15:25:14.169031453+00:00,V9465186_R22_D20260907,0
9465186,ES GLORY SEA,3,"East Kalimantan, Indonesia","Navlakhi, India",2026-09-07,2026-09-23 05:52:54.512767164+00:00,177000.0,,54625.0,2527.5757518594974,210.63131265495807,4102.581709223877,12.0,389.88180910198975,16.245075379249574,178565.98357952503,412385.42805765127,845641.6392229553,478864.35028671054,178565.98357952503,845641.6392229553,178565.98357952503,2026-09-07 00:00:00+00:00,2026-09-23 05:52:54.512767164+00:00,V9465186_R3_D20260907,0
9465186,ES GLORY SEA,4,"Hay Point, Australia","Visakhapatnam, India",2026-08-30,2026-09-18 02:33:33.020025825+00:00,177000.0,,73625.0,191.65418072113025,15.971181726760852,4926.710066752748,12.0,458.5591722293957,19.10663217622482,621541.3949858759,1019533.1111318654,1756992.664153426,1132689.056757056,621541.3949858759,1756992.664153426,621541.3949858759,2026-08-30 00:00:00+00:00,2026-09-18 02:33:33.020025825+00:00,V9465186_R4_D20260830,0
9465186,ES GLORY SEA,4,"Hay Point, Australia","Visakhapatnam, India",2026-08-31,2026-09-19 02:33:33.020025825+00:00,177000.0,,73625.0,191.65418072113025,15.971181726760852,4926.710066752748,12.0,458.5591722293957,19.10663217622482,621541.3949858759,1019533.1111318654,1756992.664153426,1132689.056757056,621541.3949858759,1756992.664153426,621541.3949858759,2026-08-31 00:00:00+00:00,2026-09-19 02:33:33.020025825+00:00,V9465186_R4_D20260831,0
9465186,ES GLORY SEA,4,"Hay Point, Australia","Visakhapatnam, India",2026-09-01,2026-09-20 02:33:33.020025825+00:00,177000.0,,73625.0,191.65418072113025,15.971181726760852,4926.710066752748,12.0,458.5591722293957,19.10663217622482,621541.3949858759,1019533.1111318654,1756992.664153426,1132689.056757056,621541.3949858759,1756992.664153426,621541.3949858759,2026-09-01 00:00:00+00:00,2026-09-20 02:33:33.020025825+00:00,V9465186_R4_D20260901,0
9465186,ES GLORY SEA,4,"Hay Point, Australia","Visakhapatnam, India",2026-09-02,2026-09-21 02:33:33.020025825+00:00,177000.0,,73625.0,191.65418072113025,15.971181726760852,4926.710066752748,12.0,458.5591722293957,19.10663217622482,621541.3949858759,1019533.1111318654,1756992.664153426,1132689.056757056,621541.3949858759,1756992.664153426,621541.3949858759,2026-09-02 00:00:00+00:00,2026-09-21 02:33:33.020025825+00:00,V9465186_R4_D20260902,0
9465186,ES GLORY SEA,4,"Hay Point, Australia","Visakhapatnam, India",2026-09-03,2026-09-22 02:33:33.020025825+00:00,177000.0,,73625.0,191.65418072113025,15.971181726760852,4926.710066752748,12.0,458.5591722293957,19.10663217622482,621541.3949858759,1019533.1111318654,1756992.664153426,1132689.056757056,621541.3949858759,1756992.664153426,621541.3949858759,2026-09-03 00:00:00+00:00,2026-09-22 02:33:33.020025825+00:00,V9465186_R4_D20260903,0
9465186,ES GLORY SEA,4,"Hay Point, Australia","Visakhapatnam, India",2026-09-04,2026-09-23 02:33:33.020025825+00:00,177000.0,,73625.0,191.65418072113025,15.971181726760852,4926.710066752748,12.0,458.5591722293957,19.10663217622482,621541.3949858759,1019533.1111318654,1756992.664153426,1132689.056757056,621541.3949858759,1756992.664153426,621541.3949858759,2026-09-04 00:00:00+00:00,2026-09-23 02:33:33.020025825+00:00,V9465186_R4_D20260904,0
9465186,ES GLORY SEA,4,"Hay Point, Australia","Visakhapatnam, India",2026-09-05,2026-09-24 02:33:33.020025825+00:00,177000.0,,73625.0,191.65418072113025,15.971181726760852,4926.710066752748,12.0,458.5591722293957,19.10663217622482,621541.3949858759,1019533.1111318654,1756992.664153426,1132689.056757056,621541.3949858759,1756992.664153426,621541.3949858759,2026-09-05 00:00:00+00:00,2026-09-24 02:33:33.020025825+00:00,V9465186_R4_D20260905,0
9465186,ES GLORY SEA,4,"Hay Point, Australia","Visakhapatnam, India",2026-09-06,2026-09-25 02:33:33.020025825+00:00,177000.0,,73625.0,191.65418072113025,15.971181726760852,4926.710066752748,12.0,458.5591722293957,19.10663217622482,621541.3949858759,1019533.1111318654,1756992.664153426,1132689.056757056,621541.3949858759,1756992.664153426,621541.3949858759,2026-09-06 00:00:00+00:00,2026-09-25 02:33:33.020025825+00:00,V9465186_R4_D20260906,0
9465186,ES GLORY SEA,4,"Hay Point, Australia","Visakhapatnam, India",2026-09-07,2026-09-26 02:33:33.020025825+00:00,177000.0,,73625.0,191.65418072113025,15.971181726760852,4926.710066752748,12.0,458.5591722293957,19.10663217622482,621541.3949858759,1019533.1111318654,1756992.664153426,1132689.056757056,621541.3949858759,1756992.664153426,621541.3949858759,2026-09-07 00:00:00+00:00,2026-09-26 02:33:33.020025825+00:00,V9465186_R4_D20260907,0
9465186,ES GLORY SEA,5,"Hay Point, Australia","Paradip, India",2026-08-30,2026-09-18 00:15:00.475562224+00:00,177000.0,,73625.0,191.65418072113025,15.971181726760852,4899.001585207413,12.0,456.25013210061775,19.01042217085908,500523.426299452,860936.5254702837,1528764.7043868047,963408.2187188468,500523.426299452,1528764.7043868047,500523.426299452,2026-08-30 00:00:00+00:00,2026-09-18 00:15:00.475562224+00:00,V9465186_R5_D20260830,0
9465186,ES GLORY SEA,5,"Hay Point, Australia","Paradip, India",2026-08-31,2026-09-19 00:15:00.475562224+00:00,177000.0,,73625.0,191.65418072113025,15.971181726760852,4899.001585207413,12.0,456.25013210061775,19.01042217085908,500523.426299452,860936.5254702837,1528764.7043868047,963408.2187188468,500523.426299452,1528764.7043868047,500523.426299452,2026-08-31 00:00:00+00:00,2026-09-19 00:15:00.475562224+00:00,V9465186_R5_D20260831,0
9465186,ES GLORY SEA,5,"Hay Point, Australia","Paradip, India",2026-09-01,2026-09-20 00:15:00.475562224+00:00,177000.0,,73625.0,191.65418072113025,15.971181726760852,4899.001585207413,12.0,456.25013210061775,19.01042217085908,500523.426299452,860936.5254702837,1528764.7043868047,963408.2187188468,500523.426299452,1528764.7043868047,500523.426299452,2026-09-01 00:00:00+00:00,2026-09-20 00:15:00.475562224+00:00,V9465186_R5_D20260901,0
9465186,ES GLORY SEA,5,"Hay Point, Australia","Paradip, India",2026-09-02,2026-09-21 00:15:00.475562224+00:00,177000.0,,73625.0,191.65418072113025,15.971181726760852,4899.001585207413,12.0,456.25013210061775,19.01042217085908,500523.426299452,860936.5254702837,1528764.7043868047,963408.2187188468,500523.426299452,1528764.7043868047,500523.426299452,2026-09-02 00:00:00+00:00,2026-09-21 00:15:00.475562224+00:00,V9465186_R5_D20260902,0
9465186,ES GLORY SEA,5,"Hay Point, Australia","Paradip, India",2026-09-03,2026-09-22 00:15:00.475562224+00:00,177000.0,,73625.0,191.65418072113025,15.971181726760852,4899.001585207413,12.0,456.25013210061775,19.01042217085908,500523.426299452,860936.5254702837,1528764.7043868047,963408.2187188468,500523.426299452,1528764.7043868047,500523.426299452,2026-09-03 00:00:00+00:00,2026-09-22 00:15:00.475562224+00:00,V9465186_R5_D20260903,0
9465186,ES GLORY SEA,5,"Hay Point, Australia","Paradip, India",2026-09-04,2026-09-23 00:15:00.475562224+00:00,177000.0,,73625.0,191.65418072113025,15.971181726760852,4899.001585207413,12.0,456.25013210061775,19.01042217085908,500523.426299452,860936.5254702837,1528764.7043868047,963408.2187188468,500523.426299452,1528764.7043868047,500523.426299452,2026-09-04 00:00:00+00:00,2026-09-23 00:15:00.475562224+00:00,V9465186_R5_D20260904,0
9465186,ES GLORY SEA,5,"Hay Point, Australia","Paradip, India",2026-09-05,2026-09-24 00:15:00.475562224+00:00,177000.0,,73625.0,191.65418072113025,15.971181726760852,4899.001585207413,12.0,456.25013210061775,19.01042217085908,500523.426299452,860936.5254702837,1528764.7043868047,963408.2187188468,500523.426299452,1528764.7043868047,500523.426299452,2026-09-05 00:00:00+00:00,2026-09-24 00:15:00.475562224+00:00,V9465186_R5_D20260905,0
9465186,ES GLORY SEA,5,"Hay Point, Australia","Paradip, India",2026-09-06,2026-09-25 00:15:00.475562224+00:00,177000.0,,73625.0,191.65418072113025,15.971181726760852,4899.001585207413,12.0,456.25013210061775,19.01042217085908,500523.426299452,860936.5254702837,1528764.7043868047,963408.2187188468,500523.426299452,1528764.7043868047,500523.426299452,2026-09-06 00:00:00+00:00,2026-09-25 00:15:00.475562224+00:00,V9465186_R5_D20260906,0
9465186,ES GLORY SEA,5,"Hay Point, Australia","Paradip, India",2026-09-07,2026-09-26 00:15:00.475562224+00:00,177000.0,,73625.0,191.65418072113025,15.971181726760852,4899.001585207413,12.0,456.25013210061775,19.01042217085908,500523.426299452,860936.5254702837,1528764.7043868047,963408.2187188468,500523.426299452,1528764.7043868047,500523.426299452,2026-09-07 00:00:00+00:00,2026-09-26 00:15:00.475562224+00:00,V9465186_R5_D20260907,0
9465186,ES GLORY SEA,6,"Banjarmasin (South Kalimantan), Indonesia","Krishnapatnam, India",2026-09-06,2026-09-16 08:41:30.373981627+00:00,177000.0,,73625.0,2464.3164623847906,205.3597051987325,2408.301246605427,12.0,248.69177055045225,10.362157106268844,278349.81671025034,479907.8532133696,853385.22341313,537214.2977789167,278349.81671025034,853385.22341313,278349.81671025034,2026-09-06 00:00:00+00:00,2026-09-16 08:41:30.373981627+00:00,V9465186_R6_D20260906,0
9465186,ES GLORY SEA,6,"Banjarmasin (South Kalimantan), Indonesia","Krishnapatnam, India",2026-09-07,2026-09-17 08:41:30.373981627+00:00,177000.0,,73625.0,2464.3164623847906,205.3597051987325,2408.301246605427,12.0,248.69177055045225,10.362157106268844,278349.81671025034,479907.8532133696,853385.22341313,537214.2977789167,278349.81671025034,853385.22341313,278349.81671025034,2026-09-07 00:00:00+00:00,2026-09-17 08:41:30.373981627+00:00,V9465186_R6_D20260907,0
9465186,ES GLORY SEA,7,"East Kalimantan, Indonesia","Paradip, India",2026-09-07,2026-09-18 13:22:59.538985611+00:00,177000.0,,54625.0,2527.5757518594974,210.63131265495807,2752.598463285374,12.0,277.3832052737812,11.557633553074217,242481.04079876223,445884.9477837989,822782.6274154049,503716.2053326553,242481.04079876223,822782.6274154049,242481.04079876223,2026-09-07 00:00:00+00:00,2026-09-18 13:22:59.538985611+00:00,V9465186_R7_D20260907,0
9465186,ES GLORY SEA,8,"Banjarmasin (South Kalimantan), Indonesia","Dahej, India",2026-09-06,2026-09-19 22:56:05.366736398+00:00,177000.0,,73625.0,2464.3164623847906,205.3597051987325,3443.2178891213243,12.0,334.9348240934437,13.955617670560152,225672.4026007497,449435.9854982802,864059.1676692006,513055.8519227435,225672.4026007497,864059.1676692006,225672.4026007497,2026-09-06 00:00:00+00:00,2026-09-19 22:56:05.366736398+00:00,V9465186_R8_D20260906,0
9465186,ES GLORY SEA,8,"Banjarmasin (South Kalimantan), Indonesia","Dahej, India",2026-09-07,2026-09-20 22:56:05.366736398+00:00,177000.0,,73625.0,2464.3164623847906,205.3597051987325,3443.2178891213243,12.0,334.9348240934437,13.955617670560152,225672.4026007497,449435.9854982802,864059.1676692006,513055.8519227435,225672.4026007497,864059.1676692006,225672.4026007497,2026-09-07 00:00:00+00:00,2026-09-20 22:56:05.366736398+00:00,V9465186_R8_D20260907,0
9519779,MINERAL STONEHENGE,0,"Queensland (Gladstone / Hay Point), Australia","Visakhapatnam & Haldia, India",2026-08-30,2026-09-18 02:33:33.020025825+00:00,175713.0,,73625.0,195.1375216099103,16.26146013415919,4926.710066752748,12.0,458.5591722293957,19.10663217622482,1961629.7030262216,2764445.611131865,4252024.967012267,2992700.0937234513,1961629.7030262216,4252024.967012267,1961629.7030262216,2026-08-30 00:00:00+00:00,2026-09-18 02:33:33.020025825+00:00,V9519779_R0_D20260830,0
9519779,MINERAL STONEHENGE,0,"Queensland (Gladstone / Hay Point), Australia","Visakhapatnam & Haldia, India",2026-08-31,2026-09-19 02:33:33.020025825+00:00,175713.0,,73625.0,195.1375216099103,16.26146013415919,4926.710066752748,12.0,458.5591722293957,19.10663217622482,1961629.7030262216,2764445.611131865,4252024.967012267,2992700.0937234513,1961629.7030262216,4252024.967012267,1961629.7030262216,2026-08-31 00:00:00+00:00,2026-09-19 02:33:33.020025825+00:00,V9519779_R0_D20260831,0
9519779,MINERAL STONEHENGE,0,"Queensland (Gladstone / Hay Point), Australia","Visakhapatnam & Haldia, India",2026-09-01,2026-09-20 02:33:33.020025825+00:00,175713.0,,73625.0,195.1375216099103,16.26146013415919,4926.710066752748,12.0,458.5591722293957,19.10663217622482,1961629.7030262216,2764445.611131865,4252024.967012267,2992700.0937234513,1961629.7030262216,4252024.967012267,1961629.7030262216,2026-09-01 00:00:00+00:00,2026-09-20 02:33:33.020025825+00:00,V9519779_R0_D20260901,1
9519779,MINERAL STONEHENGE,0,"Queensland (Gladstone / Hay Point), Australia","Visakhapatnam & Haldia, India",2026-09-02,2026-09-21 02:33:33.020025825+00:00,175713.0,,73625.0,195.1375216099103,16.26146013415919,4926.710066752748,12.0,458.5591722293957,19.10663217622482,1961629.7030262216,2764445.611131865,4252024.967012267,2992700.0937234513,1961629.7030262216,4252024.967012267,1961629.7030262216,2026-09-02 00:00:00+00:00,2026-09-21 02:33:33.020025825+00:00,V9519779_R0_D20260902,0
9519779,MINERAL STONEHENGE,0,"Queensland (Gladstone / Hay Point), Australia","Visakhapatnam & Haldia, India",2026-09-03,2026-09-22 02:33:33.020025825+00:00,175713.0,,73625.0,195.1375216099103,16.26146013415919,4926.710066752748,12.0,458.5591722293957,19.10663217622482,1961629.7030262216,2764445.611131865,4252024.967012267,2992700.0937234513,1961629.7030262216,4252024.967012267,1961629.7030262216,2026-09-03 00:00:00+00:00,2026-09-22 02:33:33.020025825+00:00,V9519779_R0_D20260903,0
9519779,MINERAL STONEHENGE,0,"Queensland (Gladstone / Hay Point), Australia","Visakhapatnam & Haldia, India",2026-09-04,2026-09-23 02:33:33.020025825+00:00,175713.0,,73625.0,195.1375216099103,16.26146013415919,4926.710066752748,12.0,458.5591722293957,19.10663217622482,1961629.7030262216,2764445.611131865,4252024.967012267,2992700.0937234513,1961629.7030262216,4252024.967012267,1961629.7030262216,2026-09-04 00:00:00+00:00,2026-09-23 02:33:33.020025825+00:00,V9519779_R0_D20260904,0
9519779,MINERAL STONEHENGE,0,"Queensland (Gladstone / Hay Point), Australia","Visakhapatnam & Haldia, India",2026-09-05,2026-09-24 02:33:33.020025825+00:00,175713.0,,73625.0,195.1375216099103,16.26146013415919,4926.710066752748,12.0,458.5591722293957,19.10663217622482,1961629.7030262216,2764445.611131865,4252024.967012267,2992700.0937234513,1961629.7030262216,4252024.967012267,1961629.7030262216,2026-09-05 00:00:00+00:00,2026-09-24 02:33:33.020025825+00:00,V9519779_R0_D20260905,0
9519779,MINERAL STONEHENGE,0,"Queensland (Gladstone / Hay Point), Australia","Visakhapatnam & Haldia, India",2026-09-06,2026-09-25 02:33:33.020025825+00:00,175713.0,,73625.0,195.1375216099103,16.26146013415919,4926.710066752748,12.0,458.5591722293957,19.10663217622482,1961629.7030262216,2764445.611131865,4252024.967012267,2992700.0937234513,1961629.7030262216,4252024.967012267,1961629.7030262216,2026-09-06 00:00:00+00:00,2026-09-25 02:33:33.020025825+00:00,V9519779_R0_D20260906,0
9519779,MINERAL STONEHENGE,0,"Queensland (Gladstone / Hay Point), Australia","Visakhapatnam & Haldia, India",2026-09-07,2026-09-26 02:33:33.020025825+00:00,175713.0,,73625.0,195.1375216099103,16.26146013415919,4926.710066752748,12.0,458.5591722293957,19.10663217622482,1961629.7030262216,2764445.611131865,4252024.967012267,2992700.0937234513,1961629.7030262216,4252024.967012267,1961629.7030262216,2026-09-07 00:00:00+00:00,2026-09-26 02:33:33.020025825+00:00,V9519779_R0_D20260907,0
9519779,MINERAL STONEHENGE,10,Indonesia,"Paradip, India",2026-09-06,2026-09-16 22:55:19.195249904+00:00,175713.0,,54625.0,2332.995994152818,194.41633284606823,2579.063984166344,12.0,262.92199868052865,10.95508327835536,483886.8554293813,753824.7506805515,1254006.7180421222,830572.7747173518,483886.8554293813,1254006.7180421222,483886.8554293813,2026-09-06 00:00:00+00:00,2026-09-16 22:55:19.195249904+00:00,V9519779_R10_D20260906,0
9519779,MINERAL STONEHENGE,10,Indonesia,"Paradip, India",2026-09-07,2026-09-17 22:55:19.195249904+00:00,175713.0,,54625.0,2332.995994152818,194.41633284606823,2579.063984166344,12.0,262.92199868052865,10.95508327835536,483886.8554293813,753824.7506805515,1254006.7180421222,830572.7747173518,483886.8554293813,1254006.7180421222,483886.8554293813,2026-09-07 00:00:00+00:00,2026-09-17 22:55:19.195249904+00:00,V9519779_R10_D20260907,0
9519779,MINERAL STONEHENGE,11,"Hay Point, Australia","Visakhapatnam, India",2026-08-30,2026-09-18 02:33:33.020025825+00:00,175713.0,,73625.0,195.1375216099103,16.26146013415919,4926.710066752748,12.0,458.5591722293957,19.10663217622482,878815.7326054362,1354526.8611318655,2235996.7560524866,1489779.783263263,878815.7326054362,2235996.7560524866,878815.7326054362,2026-08-30 00:00:00+00:00,2026-09-18 02:33:33.020025825+00:00,V9519779_R11_D20260830,0
9519779,MINERAL STONEHENGE,11,"Hay Point, Australia","Visakhapatnam, India",2026-08-31,2026-09-19 02:33:33.020025825+00:00,175713.0,,73625.0,195.1375216099103,16.26146013415919,4926.710066752748,12.0,458.5591722293957,19.10663217622482,878815.7326054362,1354526.8611318655,2235996.7560524866,1489779.783263263,878815.7326054362,2235996.7560524866,878815.7326054362,2026-08-31 00:00:00+00:00,2026-09-19 02:33:33.020025825+00:00,V9519779_R11_D20260831,0
9519779,MINERAL STONEHENGE,11,"Hay Point, Australia","Visakhapatnam, India",2026-09-01,2026-09-20 02:33:33.020025825+00:00,175713.0,,73625.0,195.1375216099103,16.26146013415919,4926.710066752748,12.0,458.5591722293957,19.10663217622482,878815.7326054362,1354526.8611318655,2235996.7560524866,1489779.783263263,878815.7326054362,2235996.7560524866,878815.7326054362,2026-09-01 00:00:00+00:00,2026-09-20 02:33:33.020025825+00:00,V9519779_R11_D20260901,0
9519779,MINERAL STONEHENGE,11,"Hay Point, Australia","Visakhapatnam, India",2026-09-02,2026-09-21 02:33:33.020025825+00:00,175713.0,,73625.0,195.1375216099103,16.26146013415919,4926.710066752748,12.0,458.5591722293957,19.10663217622482,878815.7326054362,1354526.8611318655,2235996.7560524866,1489779.783263263,878815.7326054362,2235996.7560524866,878815.7326054362,2026-09-02 00:00:00+00:00,2026-09-21 02:33:33.020025825+00:00,V9519779_R11_D20260902,0
9519779,MINERAL STONEHENGE,11,"Hay Point, Australia","Visakhapatnam, India",2026-09-03,2026-09-22 02:33:33.020025825+00:00,175713.0,,73625.0,195.1375216099103,16.26146013415919,4926.710066752748,12.0,458.5591722293957,19.10663217622482,878815.7326054362,1354526.8611318655,2235996.7560524866,1489779.783263263,878815.7326054362,2235996.7560524866,878815.7326054362,2026-09-03 00:00:00+00:00,2026-09-22 02:33:33.020025825+00:00,V9519779_R11_D20260903,0
9519779,MINERAL STONEHENGE,11,"Hay Point, Australia","Visakhapatnam, India",2026-09-04,2026-09-23 02:33:33.020025825+00:00,175713.0,,73625.0,195.1375216099103,16.26146013415919,4926.710066752748,12.0,458.5591722293957,19.10663217622482,878815.7326054362,1354526.8611318655,2235996.7560524866,1489779.783263263,878815.7326054362,2235996.7560524866,878815.7326054362,2026-09-04 00:00:00+00:00,2026-09-23 02:33:33.020025825+00:00,V9519779_R11_D20260904,0
9519779,MINERAL STONEHENGE,11,"Hay Point, Australia","Visakhapatnam, India",2026-09-05,2026-09-24 02:33:33.020025825+00:00,175713.0,,73625.0,195.1375216099103,16.26146013415919,4926.710066752748,12.0,458.5591722293957,19.10663217622482,878815.7326054362,1354526.8611318655,2235996.7560524866,1489779.783263263,878815.7326054362,2235996.7560524866,878815.7326054362,2026-09-05 00:00:00+00:00,2026-09-24 02:33:33.020025825+00:00,V9519779_R11_D20260905,0
9519779,MINERAL STONEHENGE,11,"Hay Point, Australia","Visakhapatnam, India",2026-09-06,2026-09-25 02:33:33.020025825+00:00,175713.0,,73625.0,195.1375216099103,16.26146013415919,4926.710066752748,12.0,458.5591722293957,19.10663217622482,878815.7326054362,1354526.8611318655,2235996.7560524866,1489779.783263263,878815.7326054362,2235996.7560524866,878815.7326054362,2026-09-06 00:00:00+00:00,2026-09-25 02:33:33.020025825+00:00,V9519779_R11_D20260906,0
9519779,MINERAL STONEHENGE,11,"Hay Point, Australia","Visakhapatnam, India",2026-09-07,2026-09-26 02:33:33.020025825+00:00,175713.0,,73625.0,195.1375216099103,16.26146013415919,4926.710066752748,12.0,458.5591722293957,19.10663217622482,878815.7326054362,1354526.8611318655,2235996.7560524866,1489779.783263263,878815.7326054362,2235996.7560524866,878815.7326054362,2026-09-07 00:00:00+00:00,2026-09-26 02:33:33.020025825+00:00,V9519779_R11_D20260907,0
9519779,MINERAL STONEHENGE,13,"Adang Bay (East Kalimantan), Indonesia","Kandla, India",2026-09-06,2026-09-21 15:09:31.159862762+00:00,175713.0,,54625.0,2434.1794713120034,202.8482892760003,3925.90386620921,12.0,375.15865551743417,15.631610646559755,537820.2656598565,873658.4921460542,1495950.611163971,969143.1229899606,537820.2656598565,1495950.611163971,537820.2656598565,2026-09-06 00:00:00+00:00,2026-09-21 15:09:31.159862762+00:00,V9519779_R13_D20260906,0
9519779,MINERAL STONEHENGE,13,"Adang Bay (East Kalimantan), Indonesia","Kandla, India",2026-09-07,2026-09-22 15:09:31.159862762+00:00,175713.0,,54625.0,2434.1794713120034,202.8482892760003,3925.90386620921,12.0,375.15865551743417,15.631610646559755,537820.2656598565,873658.4921460542,1495950.611163971,969143.1229899606,537820.2656598565,1495950.611163971,537820.2656598565,2026-09-07 00:00:00+00:00,2026-09-22 15:09:31.159862762+00:00,V9519779_R13_D20260907,0
9519779,MINERAL STONEHENGE,14,"East Kalimantan, Indonesia","Paradip, India",2026-09-07,2026-09-18 13:22:59.538985611+00:00,175713.0,,54625.0,2530.519769086817,210.87664742390143,2752.598463285374,12.0,277.3832052737812,11.557633553074217,198431.58845198888,388528.6977837989,740769.5198694121,442576.6020350666,198431.58845198888,740769.5198694121,198431.58845198888,2026-09-07 00:00:00+00:00,2026-09-18 13:22:59.538985611+00:00,V9519779_R14_D20260907,0
9519779,MINERAL STONEHENGE,17,"Queensland, Australia","Haldia, India",2026-08-30,2026-09-17 10:21:45.174865291+00:00,175713.0,,73625.0,394.7390028650848,32.894916905423734,4732.350582884308,12.0,442.3625485736923,18.43177285723718,475607.6485746149,822355.7961181165,1464863.4753600769,920942.3066842695,475607.6485746149,1464863.4753600769,475607.6485746149,2026-08-30 00:00:00+00:00,2026-09-17 10:21:45.174865291+00:00,V9519779_R17_D20260830,0
9519779,MINERAL STONEHENGE,17,"Queensland, Australia","Haldia, India",2026-08-31,2026-09-18 10:21:45.174865291+00:00,175713.0,,73625.0,394.7390028650848,32.894916905423734,4732.350582884308,12.0,442.3625485736923,18.43177285723718,475607.6485746149,822355.7961181165,1464863.4753600769,920942.3066842695,475607.6485746149,1464863.4753600769,475607.6485746149,2026-08-31 00:00:00+00:00,2026-09-18 10:21:45.174865291+00:00,V9519779_R17_D20260831,0
9519779,MINERAL STONEHENGE,17,"Queensland, Australia","Haldia, India",2026-09-01,2026-09-19 10:21:45.174865291+00:00,175713.0,,73625.0,394.7390028650848,32.894916905423734,4732.350582884308,12.0,442.3625485736923,18.43177285723718,475607.6485746149,822355.7961181165,1464863.4753600769,920942.3066842695,475607.6485746149,1464863.4753600769,475607.6485746149,2026-09-01 00:00:00+00:00,2026-09-19 10:21:45.174865291+00:00,V9519779_R17_D20260901,0
9519779,MINERAL STONEHENGE,17,"Queensland, Australia","Haldia, India",2026-09-02,2026-09-20 10:21:45.174865291+00:00,175713.0,,73625.0,394.7390028650848,32.894916905423734,4732.350582884308,12.0,442.3625485736923,18.43177285723718,475607.6485746149,822355.7961181165,1464863.4753600769,920942.3066842695,475607.6485746149,1464863.4753600769,475607.6485746149,2026-09-02 00:00:00+00:00,2026-09-20 10:21:45.174865291+00:00,V9519779_R17_D20260902,0
9519779,MINERAL STONEHENGE,17,"Queensland, Australia","Haldia, India",2026-09-03,2026-09-21 10:21:45.174865291+00:00,175713.0,,73625.0,394.7390028650848,32.894916905423734,4732.350582884308,12.0,442.3625485736923,18.43177285723718,475607.6485746149,822355.7961181165,1464863.4753600769,920942.3066842695,475607.6485746149,1464863.4753600769,475607.6485746149,2026-09-03 00:00:00+00:00,2026-09-21 10:21:45.174865291+00:00,V9519779_R17_D20260903,0
9519779,MINERAL STONEHENGE,17,"Queensland, Australia","Haldia, India",2026-09-04,2026-09-22 10:21:45.174865291+00:00,175713.0,,73625.0,394.7390028650848,32.894916905423734,4732.350582884308,12.0,442.3625485736923,18.43177285723718,475607.6485746149,822355.7961181165,1464863.4753600769,920942.3066842695,475607.6485746149,1464863.4753600769,475607.6485746149,2026-09-04 00:00:00+00:00,2026-09-22 10:21:45.174865291+00:00,V9519779_R17_D20260904,0
9519779,MINERAL STONEHENGE,17,"Queensland, Australia","Haldia, India",2026-09-05,2026-09-23 10:21:45.174865291+00:00,175713.0,,73625.0,394.7390028650848,32.894916905423734,4732.350582884308,12.0,442.3625485736923,18.43177285723718,475607.6485746149,822355.7961181165,1464863.4753600769,920942.3066842695,475607.6485746149,1464863.4753600769,475607.6485746149,2026-09-05 00:00:00+00:00,2026-09-23 10:21:45.174865291+00:00,V9519779_R17_D20260905,0
9519779,MINERAL STONEHENGE,17,"Queensland, Australia","Haldia, India",2026-09-06,2026-09-24 10:21:45.174865291+00:00,175713.0,,73625.0,394.7390028650848,32.894916905423734,4732.350582884308,12.0,442.3625485736923,18.43177285723718,475607.6485746149,822355.7961181165,1464863.4753600769,920942.3066842695,475607.6485746149,1464863.4753600769,475607.6485746149,2026-09-06 00:00:00+00:00,2026-09-24 10:21:45.174865291+00:00,V9519779_R17_D20260906,0
9519779,MINERAL STONEHENGE,17,"Queensland, Australia","Haldia, India",2026-09-07,2026-09-25 10:21:45.174865291+00:00,175713.0,,73625.0,394.7390028650848,32.894916905423734,4732.350582884308,12.0,442.3625485736923,18.43177285723718,475607.6485746149,822355.7961181165,1464863.4753600769,920942.3066842695,475607.6485746149,1464863.4753600769,475607.6485746149,2026-09-07 00:00:00+00:00,2026-09-25 10:21:45.174865291+00:00,V9519779_R17_D20260907,0
9519779,MINERAL STONEHENGE,2,"Hay Point, Australia","Paradip, India",2026-08-30,2026-09-18 00:15:00.475562224+00:00,175713.0,,73625.0,195.1375216099103,16.26146013415919,4899.001585207413,12.0,456.25013210061775,19.01042217085908,87753.60989883915,323474.0254702837,760252.6448564442,390493.4267418557,87753.60989883915,760252.6448564442,87753.60989883915,2026-08-30 00:00:00+00:00,2026-09-18 00:15:00.475562224+00:00,V9519779_R2_D20260830,0
9519779,MINERAL STONEHENGE,2,"Hay Point, Australia","Paradip, India",2026-08-31,2026-09-19 00:15:00.475562224+00:00,175713.0,,73625.0,195.1375216099103,16.26146013415919,4899.001585207413,12.0,456.25013210061775,19.01042217085908,87753.60989883915,323474.0254702837,760252.6448564442,390493.4267418557,87753.60989883915,760252.6448564442,87753.60989883915,2026-08-31 00:00:00+00:00,2026-09-19 00:15:00.475562224+00:00,V9519779_R2_D20260831,0
9519779,MINERAL STONEHENGE,2,"Hay Point, Australia","Paradip, India",2026-09-01,2026-09-20 00:15:00.475562224+00:00,175713.0,,73625.0,195.1375216099103,16.26146013415919,4899.001585207413,12.0,456.25013210061775,19.01042217085908,87753.60989883915,323474.0254702837,760252.6448564442,390493.4267418557,87753.60989883915,760252.6448564442,87753.60989883915,2026-09-01 00:00:00+00:00,2026-09-20 00:15:00.475562224+00:00,V9519779_R2_D20260901,0
9519779,MINERAL STONEHENGE,2,"Hay Point, Australia","Paradip, India",2026-09-02,2026-09-21 00:15:00.475562224+00:00,175713.0,,73625.0,195.1375216099103,16.26146013415919,4899.001585207413,12.0,456.25013210061775,19.01042217085908,87753.60989883915,323474.0254702837,760252.6448564442,390493.4267418557,87753.60989883915,760252.6448564442,87753.60989883915,2026-09-02 00:00:00+00:00,2026-09-21 00:15:00.475562224+00:00,V9519779_R2_D20260902,0
9519779,MINERAL STONEHENGE,2,"Hay Point, Australia","Paradip, India",2026-09-03,2026-09-22 00:15:00.475562224+00:00,175713.0,,73625.0,195.1375216099103,16.26146013415919,4899.001585207413,12.0,456.25013210061775,19.01042217085908,87753.60989883915,323474.0254702837,760252.6448564442,390493.4267418557,87753.60989883915,760252.6448564442,87753.60989883915,2026-09-03 00:00:00+00:00,2026-09-22 00:15:00.475562224+00:00,V9519779_R2_D20260903,0
9519779,MINERAL STONEHENGE,2,"Hay Point, Australia","Paradip, India",2026-09-04,2026-09-23 00:15:00.475562224+00:00,175713.0,,73625.0,195.1375216099103,16.26146013415919,4899.001585207413,12.0,456.25013210061775,19.01042217085908,87753.60989883915,323474.0254702837,760252.6448564442,390493.4267418557,87753.60989883915,760252.6448564442,87753.60989883915,2026-09-04 00:00:00+00:00,2026-09-23 00:15:00.475562224+00:00,V9519779_R2_D20260904,0
9519779,MINERAL STONEHENGE,2,"Hay Point, Australia","Paradip, India",2026-09-05,2026-09-24 00:15:00.475562224+00:00,175713.0,,73625.0,195.1375216099103,16.26146013415919,4899.001585207413,12.0,456.25013210061775,19.01042217085908,87753.60989883915,323474.0254702837,760252.6448564442,390493.4267418557,87753.60989883915,760252.6448564442,87753.60989883915,2026-09-05 00:00:00+00:00,2026-09-24 00:15:00.475562224+00:00,V9519779_R2_D20260905,0
9519779,MINERAL STONEHENGE,2,"Hay Point, Australia","Paradip, India",2026-09-06,2026-09-25 00:15:00.475562224+00:00,175713.0,,73625.0,195.1375216099103,16.26146013415919,4899.001585207413,12.0,456.25013210061775,19.01042217085908,87753.60989883915,323474.0254702837,760252.6448564442,390493.4267418557,87753.60989883915,760252.6448564442,87753.60989883915,2026-09-06 00:00:00+00:00,2026-09-25 00:15:00.475562224+00:00,V9519779_R2_D20260906,0
9519779,MINERAL STONEHENGE,2,"Hay Point, Australia","Paradip, India",2026-09-07,2026-09-26 00:15:00.475562224+00:00,175713.0,,73625.0,195.1375216099103,16.26146013415919,4899.001585207413,12.0,456.25013210061775,19.01042217085908,87753.60989883915,323474.0254702837,760252.6448564442,390493.4267418557,87753.60989883915,760252.6448564442,87753.60989883915,2026-09-07 00:00:00+00:00,2026-09-26 00:15:00.475562224+00:00,V9519779_R2_D20260907,0
9519779,MINERAL STONEHENGE,20,East Coast Australia,East Coast India,2026-08-30,2026-09-19 12:08:52.530079941+00:00,175713.0,,166250.0,234.48984856478324,19.540820713731936,5329.775100266468,12.0,492.1479250222057,20.506163542591903,1751061.700185706,2505113.5672018854,3902335.494808152,2719503.587398581,1751061.700185706,3902335.494808152,1751061.700185706,2026-08-30 00:00:00+00:00,2026-09-19 12:08:52.530079941+00:00,V9519779_R20_D20260830,0
9519779,MINERAL STONEHENGE,20,East Coast Australia,East Coast India,2026-08-31,2026-09-20 12:08:52.530079941+00:00,175713.0,,166250.0,234.48984856478324,19.540820713731936,5329.775100266468,12.0,492.1479250222057,20.506163542591903,1751061.700185706,2505113.5672018854,3902335.494808152,2719503.587398581,1751061.700185706,3902335.494808152,1751061.700185706,2026-08-31 00:00:00+00:00,2026-09-20 12:08:52.530079941+00:00,V9519779_R20_D20260831,0
9519779,MINERAL STONEHENGE,20,East Coast Australia,East Coast India,2026-09-01,2026-09-21 12:08:52.530079941+00:00,175713.0,,166250.0,234.48984856478324,19.540820713731936,5329.775100266468,12.0,492.1479250222057,20.506163542591903,1751061.700185706,2505113.5672018854,3902335.494808152,2719503.587398581,1751061.700185706,3902335.494808152,1751061.700185706,2026-09-01 00:00:00+00:00,2026-09-21 12:08:52.530079941+00:00,V9519779_R20_D20260901,0
9519779,MINERAL STONEHENGE,20,East Coast Australia,East Coast India,2026-09-02,2026-09-22 12:08:52.530079941+00:00,175713.0,,166250.0,234.48984856478324,19.540820713731936,5329.775100266468,12.0,492.1479250222057,20.506163542591903,1751061.700185706,2505113.5672018854,3902335.494808152,2719503.587398581,1751061.700185706,3902335.494808152,1751061.700185706,2026-09-02 00:00:00+00:00,2026-09-22 12:08:52.530079941+00:00,V9519779_R20_D20260902,0
9519779,MINERAL STONEHENGE,20,East Coast Australia,East Coast India,2026-09-03,2026-09-23 12:08:52.530079941+00:00,175713.0,,166250.0,234.48984856478324,19.540820713731936,5329.775100266468,12.0,492.1479250222057,20.506163542591903,1751061.700185706,2505113.5672018854,3902335.494808152,2719503.587398581,1751061.700185706,3902335.494808152,1751061.700185706,2026-09-03 00:00:00+00:00,2026-09-23 12:08:52.530079941+00:00,V9519779_R20_D20260903,0
9519779,MINERAL STONEHENGE,20,East Coast Australia,East Coast India,2026-09-04,2026-09-24 12:08:52.530079941+00:00,175713.0,,166250.0,234.48984856478324,19.540820713731936,5329.775100266468,12.0,492.1479250222057,20.506163542591903,1751061.700185706,2505113.5672018854,3902335.494808152,2719503.587398581,1751061.700185706,3902335.494808152,1751061.700185706,2026-09-04 00:00:00+00:00,2026-09-24 12:08:52.530079941+00:00,V9519779_R20_D20260904,0
9519779,MINERAL STONEHENGE,20,East Coast Australia,East Coast India,2026-09-05,2026-09-25 12:08:52.530079941+00:00,175713.0,,166250.0,234.48984856478324,19.540820713731936,5329.775100266468,12.0,492.1479250222057,20.506163542591903,1751061.700185706,2505113.5672018854,3902335.494808152,2719503.587398581,1751061.700185706,3902335.494808152,1751061.700185706,2026-09-05 00:00:00+00:00,2026-09-25 12:08:52.530079941+00:00,V9519779_R20_D20260905,0
9519779,MINERAL STONEHENGE,20,East Coast Australia,East Coast India,2026-09-06,2026-09-26 12:08:52.530079941+00:00,175713.0,,166250.0,234.48984856478324,19.540820713731936,5329.775100266468,12.0,492.1479250222057,20.506163542591903,1751061.700185706,2505113.5672018854,3902335.494808152,2719503.587398581,1751061.700185706,3902335.494808152,1751061.700185706,2026-09-06 00:00:00+00:00,2026-09-26 12:08:52.530079941+00:00,V9519779_R20_D20260906,0
9519779,MINERAL STONEHENGE,20,East Coast Australia,East Coast India,2026-09-07,2026-09-27 12:08:52.530079941+00:00,175713.0,,166250.0,234.48984856478324,19.540820713731936,5329.775100266468,12.0,492.1479250222057,20.506163542591903,1751061.700185706,2505113.5672018854,3902335.494808152,2719503.587398581,1751061.700185706,3902335.494808152,1751061.700185706,2026-09-07 00:00:00+00:00,2026-09-27 12:08:52.530079941+00:00,V9519779_R20_D20260907,0
9519779,MINERAL STONEHENGE,21,Indonesia,East Coast India,2026-09-06,2026-09-16 22:55:19.195249904+00:00,175713.0,,166250.0,2332.995994152818,194.41633284606823,2579.063984166344,12.0,262.92199868052865,10.95508327835536,1818320.7824231428,2491374.7506805514,3738511.458441642,2682735.6638484453,1818320.7824231428,3738511.458441642,1818320.7824231428,2026-09-06 00:00:00+00:00,2026-09-16 22:55:19.195249904+00:00,V9519779_R21_D20260906,0
9519779,MINERAL STONEHENGE,21,Indonesia,East Coast India,2026-09-07,2026-09-17 22:55:19.195249904+00:00,175713.0,,166250.0,2332.995994152818,194.41633284606823,2579.063984166344,12.0,262.92199868052865,10.95508327835536,1818320.7824231428,2491374.7506805514,3738511.458441642,2682735.6638484453,1818320.7824231428,3738511.458441642,1818320.7824231428,2026-09-07 00:00:00+00:00,2026-09-17 22:55:19.195249904+00:00,V9519779_R21_D20260907,0
9519779,MINERAL STONEHENGE,22,Indonesia,West Coast India,2026-09-06,2026-09-21 15:25:14.169031453+00:00,175713.0,,73625.0,2332.995994152818,194.41633284606823,3929.0472301048458,12.0,375.4206025087372,15.642525104530714,426538.176199725,728875.230954404,1289091.2862540442,814834.8978027244,426538.176199725,1289091.2862540442,426538.176199725,2026-09-06 00:00:00+00:00,2026-09-21 15:25:14.169031453+00:00,V9519779_R22_D20260906,0
9519779,MINERAL STONEHENGE,22,Indonesia,West Coast India,2026-09-07,2026-09-22 15:25:14.169031453+00:00,175713.0,,73625.0,2332.995994152818,194.41633284606823,3929.0472301048458,12.0,375.4206025087372,15.642525104530714,426538.176199725,728875.230954404,1289091.2862540442,814834.8978027244,426538.176199725,1289091.2862540442,426538.176199725,2026-09-07 00:00:00+00:00,2026-09-22 15:25:14.169031453+00:00,V9519779_R22_D20260907,0
9519779,MINERAL STONEHENGE,3,"East Kalimantan, Indonesia","Navlakhi, India",2026-09-07,2026-09-23 05:52:54.512767164+00:00,175713.0,,54625.0,2530.519769086817,210.87664742390143,4102.581709223877,12.0,389.88180910198975,16.245075379249574,178565.98357952503,412385.42805765127,845641.6392229553,478864.35028671054,178565.98357952503,845641.6392229553,178565.98357952503,2026-09-07 00:00:00+00:00,2026-09-23 05:52:54.512767164+00:00,V9519779_R3_D20260907,0
9519779,MINERAL STONEHENGE,4,"Hay Point, Australia","Visakhapatnam, India",2026-08-30,2026-09-18 02:33:33.020025825+00:00,175713.0,,73625.0,195.1375216099103,16.26146013415919,4926.710066752748,12.0,458.5591722293957,19.10663217622482,621541.3949858759,1019533.1111318654,1756992.664153426,1132689.056757056,621541.3949858759,1756992.664153426,621541.3949858759,2026-08-30 00:00:00+00:00,2026-09-18 02:33:33.020025825+00:00,V9519779_R4_D20260830,0
9519779,MINERAL STONEHENGE,4,"Hay Point, Australia","Visakhapatnam, India",2026-08-31,2026-09-19 02:33:33.020025825+00:00,175713.0,,73625.0,195.1375216099103,16.26146013415919,4926.710066752748,12.0,458.5591722293957,19.10663217622482,621541.3949858759,1019533.1111318654,1756992.664153426,1132689.056757056,621541.3949858759,1756992.664153426,621541.3949858759,2026-08-31 00:00:00+00:00,2026-09-19 02:33:33.020025825+00:00,V9519779_R4_D20260831,0
9519779,MINERAL STONEHENGE,4,"Hay Point, Australia","Visakhapatnam, India",2026-09-01,2026-09-20 02:33:33.020025825+00:00,175713.0,,73625.0,195.1375216099103,16.26146013415919,4926.710066752748,12.0,458.5591722293957,19.10663217622482,621541.3949858759,1019533.1111318654,1756992.664153426,1132689.056757056,621541.3949858759,1756992.664153426,621541.3949858759,2026-09-01 00:00:00+00:00,2026-09-20 02:33:33.020025825+00:00,V9519779_R4_D20260901,0
9519779,MINERAL STONEHENGE,4,"Hay Point, Australia","Visakhapatnam, India",2026-09-02,2026-09-21 02:33:33.020025825+00:00,175713.0,,73625.0,195.1375216099103,16.26146013415919,4926.710066752748,12.0,458.5591722293957,19.10663217622482,621541.3949858759,1019533.1111318654,1756992.664153426,1132689.056757056,621541.3949858759,1756992.664153426,621541.3949858759,2026-09-02 00:00:00+00:00,2026-09-21 02:33:33.020025825+00:00,V9519779_R4_D20260902,0
9519779,MINERAL STONEHENGE,4,"Hay Point, Australia","Visakhapatnam, India",2026-09-03,2026-09-22 02:33:33.020025825+00:00,175713.0,,73625.0,195.1375216099103,16.26146013415919,4926.710066752748,12.0,458.5591722293957,19.10663217622482,621541.3949858759,1019533.1111318654,1756992.664153426,1132689.056757056,621541.3949858759,1756992.664153426,621541.3949858759,2026-09-03 00:00:00+00:00,2026-09-22 02:33:33.020025825+00:00,V9519779_R4_D20260903,0
9519779,MINERAL STONEHENGE,4,"Hay Point, Australia","Visakhapatnam, India",2026-09-04,2026-09-23 02:33:33.020025825+00:00,175713.0,,73625.0,195.1375216099103,16.26146013415919,4926.710066752748,12.0,458.5591722293957,19.10663217622482,621541.3949858759,1019533.1111318654,1756992.664153426,1132689.056757056,621541.3949858759,1756992.664153426,621541.3949858759,2026-09-04 00:00:00+00:00,2026-09-23 02:33:33.020025825+00:00,V9519779_R4_D20260904,0
9519779,MINERAL STONEHENGE,4,"Hay Point, Australia","Visakhapatnam, India",2026-09-05,2026-09-24 02:33:33.020025825+00:00,175713.0,,73625.0,195.1375216099103,16.26146013415919,4926.710066752748,12.0,458.5591722293957,19.10663217622482,621541.3949858759,1019533.1111318654,1756992.664153426,1132689.056757056,621541.3949858759,1756992.664153426,621541.3949858759,2026-09-05 00:00:00+00:00,2026-09-24 02:33:33.020025825+00:00,V9519779_R4_D20260905,0
9519779,MINERAL STONEHENGE,4,"Hay Point, Australia","Visakhapatnam, India",2026-09-06,2026-09-25 02:33:33.020025825+00:00,175713.0,,73625.0,195.1375216099103,16.26146013415919,4926.710066752748,12.0,458.5591722293957,19.10663217622482,621541.3949858759,1019533.1111318654,1756992.664153426,1132689.056757056,621541.3949858759,1756992.664153426,621541.3949858759,2026-09-06 00:00:00+00:00,2026-09-25 02:33:33.020025825+00:00,V9519779_R4_D20260906,0
9519779,MINERAL STONEHENGE,4,"Hay Point, Australia","Visakhapatnam, India",2026-09-07,2026-09-26 02:33:33.020025825+00:00,175713.0,,73625.0,195.1375216099103,16.26146013415919,4926.710066752748,12.0,458.5591722293957,19.10663217622482,621541.3949858759,1019533.1111318654,1756992.664153426,1132689.056757056,621541.3949858759,1756992.664153426,621541.3949858759,2026-09-07 00:00:00+00:00,2026-09-26 02:33:33.020025825+00:00,V9519779_R4_D20260907,0
9519779,MINERAL STONEHENGE,5,"Hay Point, Australia","Paradip, India",2026-08-30,2026-09-18 00:15:00.475562224+00:00,175713.0,,73625.0,195.1375216099103,16.26146013415919,4899.001585207413,12.0,456.25013210061775,19.01042217085908,500523.426299452,860936.5254702837,1528764.7043868047,963408.2187188468,500523.426299452,1528764.7043868047,500523.426299452,2026-08-30 00:00:00+00:00,2026-09-18 00:15:00.475562224+00:00,V9519779_R5_D20260830,0
9519779,MINERAL STONEHENGE,5,"Hay Point, Australia","Paradip, India",2026-08-31,2026-09-19 00:15:00.475562224+00:00,175713.0,,73625.0,195.1375216099103,16.26146013415919,4899.001585207413,12.0,456.25013210061775,19.01042217085908,500523.426299452,860936.5254702837,1528764.7043868047,963408.2187188468,500523.426299452,1528764.7043868047,500523.426299452,2026-08-31 00:00:00+00:00,2026-09-19 00:15:00.475562224+00:00,V9519779_R5_D20260831,0
9519779,MINERAL STONEHENGE,5,"Hay Point, Australia","Paradip, India",2026-09-01,2026-09-20 00:15:00.475562224+00:00,175713.0,,73625.0,195.1375216099103,16.26146013415919,4899.001585207413,12.0,456.25013210061775,19.01042217085908,500523.426299452,860936.5254702837,1528764.7043868047,963408.2187188468,500523.426299452,1528764.7043868047,500523.426299452,2026-09-01 00:00:00+00:00,2026-09-20 00:15:00.475562224+00:00,V9519779_R5_D20260901,0
9519779,MINERAL STONEHENGE,5,"Hay Point, Australia","Paradip, India",2026-09-02,2026-09-21 00:15:00.475562224+00:00,175713.0,,73625.0,195.1375216099103,16.26146013415919,4899.001585207413,12.0,456.25013210061775,19.01042217085908,500523.426299452,860936.5254702837,1528764.7043868047,963408.2187188468,500523.426299452,1528764.7043868047,500523.426299452,2026-09-02 00:00:00+00:00,2026-09-21 00:15:00.475562224+00:00,V9519779_R5_D20260902,0
9519779,MINERAL STONEHENGE,5,"Hay Point, Australia","Paradip, India",2026-09-03,2026-09-22 00:15:00.475562224+00:00,175713.0,,73625.0,195.1375216099103,16.26146013415919,4899.001585207413,12.0,456.25013210061775,19.01042217085908,500523.426299452,860936.5254702837,1528764.7043868047,963408.2187188468,500523.426299452,1528764.7043868047,500523.426299452,2026-09-03 00:00:00+00:00,2026-09-22 00:15:00.475562224+00:00,V9519779_R5_D20260903,0
9519779,MINERAL STONEHENGE,5,"Hay Point, Australia","Paradip, India",2026-09-04,2026-09-23 00:15:00.475562224+00:00,175713.0,,73625.0,195.1375216099103,16.26146013415919,4899.001585207413,12.0,456.25013210061775,19.01042217085908,500523.426299452,860936.5254702837,1528764.7043868047,963408.2187188468,500523.426299452,1528764.7043868047,500523.426299452,2026-09-04 00:00:00+00:00,2026-09-23 00:15:00.475562224+00:00,V9519779_R5_D20260904,0
9519779,MINERAL STONEHENGE,5,"Hay Point, Australia","Paradip, India",2026-09-05,2026-09-24 00:15:00.475562224+00:00,175713.0,,73625.0,195.1375216099103,16.26146013415919,4899.001585207413,12.0,456.25013210061775,19.01042217085908,500523.426299452,860936.5254702837,1528764.7043868047,963408.2187188468,500523.426299452,1528764.7043868047,500523.426299452,2026-09-05 00:00:00+00:00,2026-09-24 00:15:00.475562224+00:00,V9519779_R5_D20260905,0
9519779,MINERAL STONEHENGE,5,"Hay Point, Australia","Paradip, India",2026-09-06,2026-09-25 00:15:00.475562224+00:00,175713.0,,73625.0,195.1375216099103,16.26146013415919,4899.001585207413,12.0,456.25013210061775,19.01042217085908,500523.426299452,860936.5254702837,1528764.7043868047,963408.2187188468,500523.426299452,1528764.7043868047,500523.426299452,2026-09-06 00:00:00+00:00,2026-09-25 00:15:00.475562224+00:00,V9519779_R5_D20260906,0
9519779,MINERAL STONEHENGE,5,"Hay Point, Australia","Paradip, India",2026-09-07,2026-09-26 00:15:00.475562224+00:00,175713.0,,73625.0,195.1375216099103,16.26146013415919,4899.001585207413,12.0,456.25013210061775,19.01042217085908,500523.426299452,860936.5254702837,1528764.7043868047,963408.2187188468,500523.426299452,1528764.7043868047,500523.426299452,2026-09-07 00:00:00+00:00,2026-09-26 00:15:00.475562224+00:00,V9519779_R5_D20260907,0
9519779,MINERAL STONEHENGE,6,"Banjarmasin (South Kalimantan), Indonesia","Krishnapatnam, India",2026-09-06,2026-09-16 08:41:30.373981627+00:00,175713.0,,73625.0,2467.002123586429,205.5835102988691,2408.301246605427,12.0,248.69177055045225,10.362157106268844,278349.81671025034,479907.8532133696,853385.22341313,537214.2977789167,278349.81671025034,853385.22341313,278349.81671025034,2026-09-06 00:00:00+00:00,2026-09-16 08:41:30.373981627+00:00,V9519779_R6_D20260906,0
9519779,MINERAL STONEHENGE,6,"Banjarmasin (South Kalimantan), Indonesia","Krishnapatnam, India",2026-09-07,2026-09-17 08:41:30.373981627+00:00,175713.0,,73625.0,2467.002123586429,205.5835102988691,2408.301246605427,12.0,248.69177055045225,10.362157106268844,278349.81671025034,479907.8532133696,853385.22341313,537214.2977789167,278349.81671025034,853385.22341313,278349.81671025034,2026-09-07 00:00:00+00:00,2026-09-17 08:41:30.373981627+00:00,V9519779_R6_D20260907,0
9519779,MINERAL STONEHENGE,7,"East Kalimantan, Indonesia","Paradip, India",2026-09-07,2026-09-18 13:22:59.538985611+00:00,175713.0,,54625.0,2530.519769086817,210.87664742390143,2752.598463285374,12.0,277.3832052737812,11.557633553074217,242481.04079876223,445884.9477837989,822782.6274154049,503716.2053326553,242481.04079876223,822782.6274154049,242481.04079876223,2026-09-07 00:00:00+00:00,2026-09-18 13:22:59.538985611+00:00,V9519779_R7_D20260907,0
9519779,MINERAL STONEHENGE,8,"Banjarmasin (South Kalimantan), Indonesia","Dahej, India",2026-09-06,2026-09-19 22:56:05.366736398+00:00,175713.0,,73625.0,2467.002123586429,205.5835102988691,3443.2178891213243,12.0,334.9348240934437,13.955617670560152,225672.4026007497,449435.9854982802,864059.1676692006,513055.8519227435,225672.4026007497,864059.1676692006,225672.4026007497,2026-09-06 00:00:00+00:00,2026-09-19 22:56:05.366736398+00:00,V9519779_R8_D20260906,0
9519779,MINERAL STONEHENGE,8,"Banjarmasin (South Kalimantan), Indonesia","Dahej, India",2026-09-07,2026-09-20 22:56:05.366736398+00:00,175713.0,,73625.0,2467.002123586429,205.5835102988691,3443.2178891213243,12.0,334.9348240934437,13.955617670560152,225672.4026007497,449435.9854982802,864059.1676692006,513055.8519227435,225672.4026007497,864059.1676692006,225672.4026007497,2026-09-07 00:00:00+00:00,2026-09-20 22:56:05.366736398+00:00,V9519779_R8_D20260907,0
9587350,ANABELA,0,"Queensland (Gladstone / Hay Point), Australia","Visakhapatnam & Haldia, India",2026-08-30,2026-09-18 02:33:33.020025825+00:00,177029.0,,73625.0,193.3606072336658,16.113383936138817,4926.710066752748,12.0,458.5591722293957,19.10663217622482,1961629.7030262216,2764445.611131865,4252024.967012267,2992700.0937234513,1961629.7030262216,4252024.967012267,1961629.7030262216,2026-08-30 00:00:00+00:00,2026-09-18 02:33:33.020025825+00:00,V9587350_R0_D20260830,0
9587350,ANABELA,0,"Queensland (Gladstone / Hay Point), Australia","Visakhapatnam & Haldia, India",2026-08-31,2026-09-19 02:33:33.020025825+00:00,177029.0,,73625.0,193.3606072336658,16.113383936138817,4926.710066752748,12.0,458.5591722293957,19.10663217622482,1961629.7030262216,2764445.611131865,4252024.967012267,2992700.0937234513,1961629.7030262216,4252024.967012267,1961629.7030262216,2026-08-31 00:00:00+00:00,2026-09-19 02:33:33.020025825+00:00,V9587350_R0_D20260831,0
9587350,ANABELA,0,"Queensland (Gladstone / Hay Point), Australia","Visakhapatnam & Haldia, India",2026-09-01,2026-09-20 02:33:33.020025825+00:00,177029.0,,73625.0,193.3606072336658,16.113383936138817,4926.710066752748,12.0,458.5591722293957,19.10663217622482,1961629.7030262216,2764445.611131865,4252024.967012267,2992700.0937234513,1961629.7030262216,4252024.967012267,1961629.7030262216,2026-09-01 00:00:00+00:00,2026-09-20 02:33:33.020025825+00:00,V9587350_R0_D20260901,0
9587350,ANABELA,0,"Queensland (Gladstone / Hay Point), Australia","Visakhapatnam & Haldia, India",2026-09-02,2026-09-21 02:33:33.020025825+00:00,177029.0,,73625.0,193.3606072336658,16.113383936138817,4926.710066752748,12.0,458.5591722293957,19.10663217622482,1961629.7030262216,2764445.611131865,4252024.967012267,2992700.0937234513,1961629.7030262216,4252024.967012267,1961629.7030262216,2026-09-02 00:00:00+00:00,2026-09-21 02:33:33.020025825+00:00,V9587350_R0_D20260902,0
9587350,ANABELA,0,"Queensland (Gladstone / Hay Point), Australia","Visakhapatnam & Haldia, India",2026-09-03,2026-09-22 02:33:33.020025825+00:00,177029.0,,73625.0,193.3606072336658,16.113383936138817,4926.710066752748,12.0,458.5591722293957,19.10663217622482,1961629.7030262216,2764445.611131865,4252024.967012267,2992700.0937234513,1961629.7030262216,4252024.967012267,1961629.7030262216,2026-09-03 00:00:00+00:00,2026-09-22 02:33:33.020025825+00:00,V9587350_R0_D20260903,0
9587350,ANABELA,0,"Queensland (Gladstone / Hay Point), Australia","Visakhapatnam & Haldia, India",2026-09-04,2026-09-23 02:33:33.020025825+00:00,177029.0,,73625.0,193.3606072336658,16.113383936138817,4926.710066752748,12.0,458.5591722293957,19.10663217622482,1961629.7030262216,2764445.611131865,4252024.967012267,2992700.0937234513,1961629.7030262216,4252024.967012267,1961629.7030262216,2026-09-04 00:00:00+00:00,2026-09-23 02:33:33.020025825+00:00,V9587350_R0_D20260904,0
9587350,ANABELA,0,"Queensland (Gladstone / Hay Point), Australia","Visakhapatnam & Haldia, India",2026-09-05,2026-09-24 02:33:33.020025825+00:00,177029.0,,73625.0,193.3606072336658,16.113383936138817,4926.710066752748,12.0,458.5591722293957,19.10663217622482,1961629.7030262216,2764445.611131865,4252024.967012267,2992700.0937234513,1961629.7030262216,4252024.967012267,1961629.7030262216,2026-09-05 00:00:00+00:00,2026-09-24 02:33:33.020025825+00:00,V9587350_R0_D20260905,0
9587350,ANABELA,0,"Queensland (Gladstone / Hay Point), Australia","Visakhapatnam & Haldia, India",2026-09-06,2026-09-25 02:33:33.020025825+00:00,177029.0,,73625.0,193.3606072336658,16.113383936138817,4926.710066752748,12.0,458.5591722293957,19.10663217622482,1961629.7030262216,2764445.611131865,4252024.967012267,2992700.0937234513,1961629.7030262216,4252024.967012267,1961629.7030262216,2026-09-06 00:00:00+00:00,2026-09-25 02:33:33.020025825+00:00,V9587350_R0_D20260906,0
9587350,ANABELA,0,"Queensland (Gladstone / Hay Point), Australia","Visakhapatnam & Haldia, India",2026-09-07,2026-09-26 02:33:33.020025825+00:00,177029.0,,73625.0,193.3606072336658,16.113383936138817,4926.710066752748,12.0,458.5591722293957,19.10663217622482,1961629.7030262216,2764445.611131865,4252024.967012267,2992700.0937234513,1961629.7030262216,4252024.967012267,1961629.7030262216,2026-09-07 00:00:00+00:00,2026-09-26 02:33:33.020025825+00:00,V9587350_R0_D20260907,0
9587350,ANABELA,10,Indonesia,"Paradip, India",2026-09-06,2026-09-16 22:55:19.195249904+00:00,177029.0,,54625.0,2332.334396864756,194.36119973872965,2579.063984166344,12.0,262.92199868052865,10.95508327835536,483886.8554293813,753824.7506805515,1254006.7180421222,830572.7747173518,483886.8554293813,1254006.7180421222,483886.8554293813,2026-09-06 00:00:00+00:00,2026-09-16 22:55:19.195249904+00:00,V9587350_R10_D20260906,0
9587350,ANABELA,10,Indonesia,"Paradip, India",2026-09-07,2026-09-17 22:55:19.195249904+00:00,177029.0,,54625.0,2332.334396864756,194.36119973872965,2579.063984166344,12.0,262.92199868052865,10.95508327835536,483886.8554293813,753824.7506805515,1254006.7180421222,830572.7747173518,483886.8554293813,1254006.7180421222,483886.8554293813,2026-09-07 00:00:00+00:00,2026-09-17 22:55:19.195249904+00:00,V9587350_R10_D20260907,0
9587350,ANABELA,11,"Hay Point, Australia","Visakhapatnam, India",2026-08-30,2026-09-18 02:33:33.020025825+00:00,177029.0,,73625.0,193.3606072336658,16.113383936138817,4926.710066752748,12.0,458.5591722293957,19.10663217622482,878815.7326054362,1354526.8611318655,2235996.7560524866,1489779.783263263,878815.7326054362,2235996.7560524866,878815.7326054362,2026-08-30 00:00:00+00:00,2026-09-18 02:33:33.020025825+00:00,V9587350_R11_D20260830,0
9587350,ANABELA,11,"Hay Point, Australia","Visakhapatnam, India",2026-08-31,2026-09-19 02:33:33.020025825+00:00,177029.0,,73625.0,193.3606072336658,16.113383936138817,4926.710066752748,12.0,458.5591722293957,19.10663217622482,878815.7326054362,1354526.8611318655,2235996.7560524866,1489779.783263263,878815.7326054362,2235996.7560524866,878815.7326054362,2026-08-31 00:00:00+00:00,2026-09-19 02:33:33.020025825+00:00,V9587350_R11_D20260831,0
9587350,ANABELA,11,"Hay Point, Australia","Visakhapatnam, India",2026-09-01,2026-09-20 02:33:33.020025825+00:00,177029.0,,73625.0,193.3606072336658,16.113383936138817,4926.710066752748,12.0,458.5591722293957,19.10663217622482,878815.7326054362,1354526.8611318655,2235996.7560524866,1489779.783263263,878815.7326054362,2235996.7560524866,878815.7326054362,2026-09-01 00:00:00+00:00,2026-09-20 02:33:33.020025825+00:00,V9587350_R11_D20260901,0
9587350,ANABELA,11,"Hay Point, Australia","Visakhapatnam, India",2026-09-02,2026-09-21 02:33:33.020025825+00:00,177029.0,,73625.0,193.3606072336658,16.113383936138817,4926.710066752748,12.0,458.5591722293957,19.10663217622482,878815.7326054362,1354526.8611318655,2235996.7560524866,1489779.783263263,878815.7326054362,2235996.7560524866,878815.7326054362,2026-09-02 00:00:00+00:00,2026-09-21 02:33:33.020025825+00:00,V9587350_R11_D20260902,0
9587350,ANABELA,11,"Hay Point, Australia","Visakhapatnam, India",2026-09-03,2026-09-22 02:33:33.020025825+00:00,177029.0,,73625.0,193.3606072336658,16.113383936138817,4926.710066752748,12.0,458.5591722293957,19.10663217622482,878815.7326054362,1354526.8611318655,2235996.7560524866,1489779.783263263,878815.7326054362,2235996.7560524866,878815.7326054362,2026-09-03 00:00:00+00:00,2026-09-22 02:33:33.020025825+00:00,V9587350_R11_D20260903,0
9587350,ANABELA,11,"Hay Point, Australia","Visakhapatnam, India",2026-09-04,2026-09-23 02:33:33.020025825+00:00,177029.0,,73625.0,193.3606072336658,16.113383936138817,4926.710066752748,12.0,458.5591722293957,19.10663217622482,878815.7326054362,1354526.8611318655,2235996.7560524866,1489779.783263263,878815.7326054362,2235996.7560524866,878815.7326054362,2026-09-04 00:00:00+00:00,2026-09-23 02:33:33.020025825+00:00,V9587350_R11_D20260904,0
9587350,ANABELA,11,"Hay Point, Australia","Visakhapatnam, India",2026-09-05,2026-09-24 02:33:33.020025825+00:00,177029.0,,73625.0,193.3606072336658,16.113383936138817,4926.710066752748,12.0,458.5591722293957,19.10663217622482,878815.7326054362,1354526.8611318655,2235996.7560524866,1489779.783263263,878815.7326054362,2235996.7560524866,878815.7326054362,2026-09-05 00:00:00+00:00,2026-09-24 02:33:33.020025825+00:00,V9587350_R11_D20260905,0
9587350,ANABELA,11,"Hay Point, Australia","Visakhapatnam, India",2026-09-06,2026-09-25 02:33:33.020025825+00:00,177029.0,,73625.0,193.3606072336658,16.113383936138817,4926.710066752748,12.0,458.5591722293957,19.10663217622482,878815.7326054362,1354526.8611318655,2235996.7560524866,1489779.783263263,878815.7326054362,2235996.7560524866,878815.7326054362,2026-09-06 00:00:00+00:00,2026-09-25 02:33:33.020025825+00:00,V9587350_R11_D20260906,0
9587350,ANABELA,11,"Hay Point, Australia","Visakhapatnam, India",2026-09-07,2026-09-26 02:33:33.020025825+00:00,177029.0,,73625.0,193.3606072336658,16.113383936138817,4926.710066752748,12.0,458.5591722293957,19.10663217622482,878815.7326054362,1354526.8611318655,2235996.7560524866,1489779.783263263,878815.7326054362,2235996.7560524866,878815.7326054362,2026-09-07 00:00:00+00:00,2026-09-26 02:33:33.020025825+00:00,V9587350_R11_D20260907,0
9587350,ANABELA,13,"Adang Bay (East Kalimantan), Indonesia","Kandla, India",2026-09-06,2026-09-21 15:09:31.159862762+00:00,177029.0,,54625.0,2433.543857677428,202.7953214731189,3925.90386620921,12.0,375.15865551743417,15.631610646559755,537820.2656598565,873658.4921460542,1495950.611163971,969143.1229899606,537820.2656598565,1495950.611163971,537820.2656598565,2026-09-06 00:00:00+00:00,2026-09-21 15:09:31.159862762+00:00,V9587350_R13_D20260906,0
9587350,ANABELA,13,"Adang Bay (East Kalimantan), Indonesia","Kandla, India",2026-09-07,2026-09-22 15:09:31.159862762+00:00,177029.0,,54625.0,2433.543857677428,202.7953214731189,3925.90386620921,12.0,375.15865551743417,15.631610646559755,537820.2656598565,873658.4921460542,1495950.611163971,969143.1229899606,537820.2656598565,1495950.611163971,537820.2656598565,2026-09-07 00:00:00+00:00,2026-09-22 15:09:31.159862762+00:00,V9587350_R13_D20260907,0
9587350,ANABELA,14,"East Kalimantan, Indonesia","Paradip, India",2026-09-07,2026-09-18 13:22:59.538985611+00:00,177029.0,,54625.0,2529.7224513846804,210.8102042820567,2752.598463285374,12.0,277.3832052737812,11.557633553074217,198431.58845198888,388528.6977837989,740769.5198694121,442576.6020350666,198431.58845198888,740769.5198694121,198431.58845198888,2026-09-07 00:00:00+00:00,2026-09-18 13:22:59.538985611+00:00,V9587350_R14_D20260907,0
9587350,ANABELA,17,"Queensland, Australia","Haldia, India",2026-08-30,2026-09-17 10:21:45.174865291+00:00,177029.0,,73625.0,394.926184794903,32.91051539957525,4732.350582884308,12.0,442.3625485736923,18.43177285723718,475607.6485746149,822355.7961181165,1464863.4753600769,920942.3066842695,475607.6485746149,1464863.4753600769,475607.6485746149,2026-08-30 00:00:00+00:00,2026-09-17 10:21:45.174865291+00:00,V9587350_R17_D20260830,0
9587350,ANABELA,17,"Queensland, Australia","Haldia, India",2026-08-31,2026-09-18 10:21:45.174865291+00:00,177029.0,,73625.0,394.926184794903,32.91051539957525,4732.350582884308,12.0,442.3625485736923,18.43177285723718,475607.6485746149,822355.7961181165,1464863.4753600769,920942.3066842695,475607.6485746149,1464863.4753600769,475607.6485746149,2026-08-31 00:00:00+00:00,2026-09-18 10:21:45.174865291+00:00,V9587350_R17_D20260831,0
9587350,ANABELA,17,"Queensland, Australia","Haldia, India",2026-09-01,2026-09-19 10:21:45.174865291+00:00,177029.0,,73625.0,394.926184794903,32.91051539957525,4732.350582884308,12.0,442.3625485736923,18.43177285723718,475607.6485746149,822355.7961181165,1464863.4753600769,920942.3066842695,475607.6485746149,1464863.4753600769,475607.6485746149,2026-09-01 00:00:00+00:00,2026-09-19 10:21:45.174865291+00:00,V9587350_R17_D20260901,0
9587350,ANABELA,17,"Queensland, Australia","Haldia, India",2026-09-02,2026-09-20 10:21:45.174865291+00:00,177029.0,,73625.0,394.926184794903,32.91051539957525,4732.350582884308,12.0,442.3625485736923,18.43177285723718,475607.6485746149,822355.7961181165,1464863.4753600769,920942.3066842695,475607.6485746149,1464863.4753600769,475607.6485746149,2026-09-02 00:00:00+00:00,2026-09-20 10:21:45.174865291+00:00,V9587350_R17_D20260902,0
9587350,ANABELA,17,"Queensland, Australia","Haldia, India",2026-09-03,2026-09-21 10:21:45.174865291+00:00,177029.0,,73625.0,394.926184794903,32.91051539957525,4732.350582884308,12.0,442.3625485736923,18.43177285723718,475607.6485746149,822355.7961181165,1464863.4753600769,920942.3066842695,475607.6485746149,1464863.4753600769,475607.6485746149,2026-09-03 00:00:00+00:00,2026-09-21 10:21:45.174865291+00:00,V9587350_R17_D20260903,0
9587350,ANABELA,17,"Queensland, Australia","Haldia, India",2026-09-04,2026-09-22 10:21:45.174865291+00:00,177029.0,,73625.0,394.926184794903,32.91051539957525,4732.350582884308,12.0,442.3625485736923,18.43177285723718,475607.6485746149,822355.7961181165,1464863.4753600769,920942.3066842695,475607.6485746149,1464863.4753600769,475607.6485746149,2026-09-04 00:00:00+00:00,2026-09-22 10:21:45.174865291+00:00,V9587350_R17_D20260904,0
9587350,ANABELA,17,"Queensland, Australia","Haldia, India",2026-09-05,2026-09-23 10:21:45.174865291+00:00,177029.0,,73625.0,394.926184794903,32.91051539957525,4732.350582884308,12.0,442.3625485736923,18.43177285723718,475607.6485746149,822355.7961181165,1464863.4753600769,920942.3066842695,475607.6485746149,1464863.4753600769,475607.6485746149,2026-09-05 00:00:00+00:00,2026-09-23 10:21:45.174865291+00:00,V9587350_R17_D20260905,0
9587350,ANABELA,17,"Queensland, Australia","Haldia, India",2026-09-06,2026-09-24 10:21:45.174865291+00:00,177029.0,,73625.0,394.926184794903,32.91051539957525,4732.350582884308,12.0,442.3625485736923,18.43177285723718,475607.6485746149,822355.7961181165,1464863.4753600769,920942.3066842695,475607.6485746149,1464863.4753600769,475607.6485746149,2026-09-06 00:00:00+00:00,2026-09-24 10:21:45.174865291+00:00,V9587350_R17_D20260906,0
9587350,ANABELA,17,"Queensland, Australia","Haldia, India",2026-09-07,2026-09-25 10:21:45.174865291+00:00,177029.0,,73625.0,394.926184794903,32.91051539957525,4732.350582884308,12.0,442.3625485736923,18.43177285723718,475607.6485746149,822355.7961181165,1464863.4753600769,920942.3066842695,475607.6485746149,1464863.4753600769,475607.6485746149,2026-09-07 00:00:00+00:00,2026-09-25 10:21:45.174865291+00:00,V9587350_R17_D20260907,0
9587350,ANABELA,2,"Hay Point, Australia","Paradip, India",2026-08-30,2026-09-18 00:15:00.475562224+00:00,177029.0,,73625.0,193.3606072336658,16.113383936138817,4899.001585207413,12.0,456.25013210061775,19.01042217085908,87753.60989883915,323474.0254702837,760252.6448564442,390493.4267418557,87753.60989883915,760252.6448564442,87753.60989883915,2026-08-30 00:00:00+00:00,2026-09-18 00:15:00.475562224+00:00,V9587350_R2_D20260830,0
9587350,ANABELA,2,"Hay Point, Australia","Paradip, India",2026-08-31,2026-09-19 00:15:00.475562224+00:00,177029.0,,73625.0,193.3606072336658,16.113383936138817,4899.001585207413,12.0,456.25013210061775,19.01042217085908,87753.60989883915,323474.0254702837,760252.6448564442,390493.4267418557,87753.60989883915,760252.6448564442,87753.60989883915,2026-08-31 00:00:00+00:00,2026-09-19 00:15:00.475562224+00:00,V9587350_R2_D20260831,0
9587350,ANABELA,2,"Hay Point, Australia","Paradip, India",2026-09-01,2026-09-20 00:15:00.475562224+00:00,177029.0,,73625.0,193.3606072336658,16.113383936138817,4899.001585207413,12.0,456.25013210061775,19.01042217085908,87753.60989883915,323474.0254702837,760252.6448564442,390493.4267418557,87753.60989883915,760252.6448564442,87753.60989883915,2026-09-01 00:00:00+00:00,2026-09-20 00:15:00.475562224+00:00,V9587350_R2_D20260901,0
9587350,ANABELA,2,"Hay Point, Australia","Paradip, India",2026-09-02,2026-09-21 00:15:00.475562224+00:00,177029.0,,73625.0,193.3606072336658,16.113383936138817,4899.001585207413,12.0,456.25013210061775,19.01042217085908,87753.60989883915,323474.0254702837,760252.6448564442,390493.4267418557,87753.60989883915,760252.6448564442,87753.60989883915,2026-09-02 00:00:00+00:00,2026-09-21 00:15:00.475562224+00:00,V9587350_R2_D20260902,0
9587350,ANABELA,2,"Hay Point, Australia","Paradip, India",2026-09-03,2026-09-22 00:15:00.475562224+00:00,177029.0,,73625.0,193.3606072336658,16.113383936138817,4899.001585207413,12.0,456.25013210061775,19.01042217085908,87753.60989883915,323474.0254702837,760252.6448564442,390493.4267418557,87753.60989883915,760252.6448564442,87753.60989883915,2026-09-03 00:00:00+00:00,2026-09-22 00:15:00.475562224+00:00,V9587350_R2_D20260903,0
9587350,ANABELA,2,"Hay Point, Australia","Paradip, India",2026-09-04,2026-09-23 00:15:00.475562224+00:00,177029.0,,73625.0,193.3606072336658,16.113383936138817,4899.001585207413,12.0,456.25013210061775,19.01042217085908,87753.60989883915,323474.0254702837,760252.6448564442,390493.4267418557,87753.60989883915,760252.6448564442,87753.60989883915,2026-09-04 00:00:00+00:00,2026-09-23 00:15:00.475562224+00:00,V9587350_R2_D20260904,0
9587350,ANABELA,2,"Hay Point, Australia","Paradip, India",2026-09-05,2026-09-24 00:15:00.475562224+00:00,177029.0,,73625.0,193.3606072336658,16.113383936138817,4899.001585207413,12.0,456.25013210061775,19.01042217085908,87753.60989883915,323474.0254702837,760252.6448564442,390493.4267418557,87753.60989883915,760252.6448564442,87753.60989883915,2026-09-05 00:00:00+00:00,2026-09-24 00:15:00.475562224+00:00,V9587350_R2_D20260905,0
9587350,ANABELA,2,"Hay Point, Australia","Paradip, India",2026-09-06,2026-09-25 00:15:00.475562224+00:00,177029.0,,73625.0,193.3606072336658,16.113383936138817,4899.001585207413,12.0,456.25013210061775,19.01042217085908,87753.60989883915,323474.0254702837,760252.6448564442,390493.4267418557,87753.60989883915,760252.6448564442,87753.60989883915,2026-09-06 00:00:00+00:00,2026-09-25 00:15:00.475562224+00:00,V9587350_R2_D20260906,0
9587350,ANABELA,2,"Hay Point, Australia","Paradip, India",2026-09-07,2026-09-26 00:15:00.475562224+00:00,177029.0,,73625.0,193.3606072336658,16.113383936138817,4899.001585207413,12.0,456.25013210061775,19.01042217085908,87753.60989883915,323474.0254702837,760252.6448564442,390493.4267418557,87753.60989883915,760252.6448564442,87753.60989883915,2026-09-07 00:00:00+00:00,2026-09-26 00:15:00.475562224+00:00,V9587350_R2_D20260907,0
9587350,ANABELA,20,East Coast Australia,East Coast India,2026-08-30,2026-09-19 12:08:52.530079941+00:00,177029.0,,166250.0,237.077438556276,19.756453213023,5329.775100266468,12.0,492.1479250222057,20.506163542591903,1751061.700185706,2505113.5672018854,3902335.494808152,2719503.587398581,1751061.700185706,3902335.494808152,1751061.700185706,2026-08-30 00:00:00+00:00,2026-09-19 12:08:52.530079941+00:00,V9587350_R20_D20260830,0
9587350,ANABELA,20,East Coast Australia,East Coast India,2026-08-31,2026-09-20 12:08:52.530079941+00:00,177029.0,,166250.0,237.077438556276,19.756453213023,5329.775100266468,12.0,492.1479250222057,20.506163542591903,1751061.700185706,2505113.5672018854,3902335.494808152,2719503.587398581,1751061.700185706,3902335.494808152,1751061.700185706,2026-08-31 00:00:00+00:00,2026-09-20 12:08:52.530079941+00:00,V9587350_R20_D20260831,0
9587350,ANABELA,20,East Coast Australia,East Coast India,2026-09-01,2026-09-21 12:08:52.530079941+00:00,177029.0,,166250.0,237.077438556276,19.756453213023,5329.775100266468,12.0,492.1479250222057,20.506163542591903,1751061.700185706,2505113.5672018854,3902335.494808152,2719503.587398581,1751061.700185706,3902335.494808152,1751061.700185706,2026-09-01 00:00:00+00:00,2026-09-21 12:08:52.530079941+00:00,V9587350_R20_D20260901,1
9587350,ANABELA,20,East Coast Australia,East Coast India,2026-09-02,2026-09-22 12:08:52.530079941+00:00,177029.0,,166250.0,237.077438556276,19.756453213023,5329.775100266468,12.0,492.1479250222057,20.506163542591903,1751061.700185706,2505113.5672018854,3902335.494808152,2719503.587398581,1751061.700185706,3902335.494808152,1751061.700185706,2026-09-02 00:00:00+00:00,2026-09-22 12:08:52.530079941+00:00,V9587350_R20_D20260902,0
9587350,ANABELA,20,East Coast Australia,East Coast India,2026-09-03,2026-09-23 12:08:52.530079941+00:00,177029.0,,166250.0,237.077438556276,19.756453213023,5329.775100266468,12.0,492.1479250222057,20.506163542591903,1751061.700185706,2505113.5672018854,3902335.494808152,2719503.587398581,1751061.700185706,3902335.494808152,1751061.700185706,2026-09-03 00:00:00+00:00,2026-09-23 12:08:52.530079941+00:00,V9587350_R20_D20260903,0
9587350,ANABELA,20,East Coast Australia,East Coast India,2026-09-04,2026-09-24 12:08:52.530079941+00:00,177029.0,,166250.0,237.077438556276,19.756453213023,5329.775100266468,12.0,492.1479250222057,20.506163542591903,1751061.700185706,2505113.5672018854,3902335.494808152,2719503.587398581,1751061.700185706,3902335.494808152,1751061.700185706,2026-09-04 00:00:00+00:00,2026-09-24 12:08:52.530079941+00:00,V9587350_R20_D20260904,0
9587350,ANABELA,20,East Coast Australia,East Coast India,2026-09-05,2026-09-25 12:08:52.530079941+00:00,177029.0,,166250.0,237.077438556276,19.756453213023,5329.775100266468,12.0,492.1479250222057,20.506163542591903,1751061.700185706,2505113.5672018854,3902335.494808152,2719503.587398581,1751061.700185706,3902335.494808152,1751061.700185706,2026-09-05 00:00:00+00:00,2026-09-25 12:08:52.530079941+00:00,V9587350_R20_D20260905,0
9587350,ANABELA,20,East Coast Australia,East Coast India,2026-09-06,2026-09-26 12:08:52.530079941+00:00,177029.0,,166250.0,237.077438556276,19.756453213023,5329.775100266468,12.0,492.1479250222057,20.506163542591903,1751061.700185706,2505113.5672018854,3902335.494808152,2719503.587398581,1751061.700185706,3902335.494808152,1751061.700185706,2026-09-06 00:00:00+00:00,2026-09-26 12:08:52.530079941+00:00,V9587350_R20_D20260906,0
9587350,ANABELA,20,East Coast Australia,East Coast India,2026-09-07,2026-09-27 12:08:52.530079941+00:00,177029.0,,166250.0,237.077438556276,19.756453213023,5329.775100266468,12.0,492.1479250222057,20.506163542591903,1751061.700185706,2505113.5672018854,3902335.494808152,2719503.587398581,1751061.700185706,3902335.494808152,1751061.700185706,2026-09-07 00:00:00+00:00,2026-09-27 12:08:52.530079941+00:00,V9587350_R20_D20260907,0
9587350,ANABELA,21,Indonesia,East Coast India,2026-09-06,2026-09-16 22:55:19.195249904+00:00,177029.0,,166250.0,2332.334396864756,194.36119973872965,2579.063984166344,12.0,262.92199868052865,10.95508327835536,1818320.7824231428,2491374.7506805514,3738511.458441642,2682735.6638484453,1818320.7824231428,3738511.458441642,1818320.7824231428,2026-09-06 00:00:00+00:00,2026-09-16 22:55:19.195249904+00:00,V9587350_R21_D20260906,0
9587350,ANABELA,21,Indonesia,East Coast India,2026-09-07,2026-09-17 22:55:19.195249904+00:00,177029.0,,166250.0,2332.334396864756,194.36119973872965,2579.063984166344,12.0,262.92199868052865,10.95508327835536,1818320.7824231428,2491374.7506805514,3738511.458441642,2682735.6638484453,1818320.7824231428,3738511.458441642,1818320.7824231428,2026-09-07 00:00:00+00:00,2026-09-17 22:55:19.195249904+00:00,V9587350_R21_D20260907,0
9587350,ANABELA,22,Indonesia,West Coast India,2026-09-06,2026-09-21 15:25:14.169031453+00:00,177029.0,,73625.0,2332.334396864756,194.36119973872965,3929.0472301048458,12.0,375.4206025087372,15.642525104530714,426538.176199725,728875.230954404,1289091.2862540442,814834.8978027244,426538.176199725,1289091.2862540442,426538.176199725,2026-09-06 00:00:00+00:00,2026-09-21 15:25:14.169031453+00:00,V9587350_R22_D20260906,0
9587350,ANABELA,22,Indonesia,West Coast India,2026-09-07,2026-09-22 15:25:14.169031453+00:00,177029.0,,73625.0,2332.334396864756,194.36119973872965,3929.0472301048458,12.0,375.4206025087372,15.642525104530714,426538.176199725,728875.230954404,1289091.2862540442,814834.8978027244,426538.176199725,1289091.2862540442,426538.176199725,2026-09-07 00:00:00+00:00,2026-09-22 15:25:14.169031453+00:00,V9587350_R22_D20260907,0
9587350,ANABELA,3,"East Kalimantan, Indonesia","Navlakhi, India",2026-09-07,2026-09-23 05:52:54.512767164+00:00,177029.0,,54625.0,2529.7224513846804,210.8102042820567,4102.581709223877,12.0,389.88180910198975,16.245075379249574,178565.98357952503,412385.42805765127,845641.6392229553,478864.35028671054,178565.98357952503,845641.6392229553,178565.98357952503,2026-09-07 00:00:00+00:00,2026-09-23 05:52:54.512767164+00:00,V9587350_R3_D20260907,0
9587350,ANABELA,4,"Hay Point, Australia","Visakhapatnam, India",2026-08-30,2026-09-18 02:33:33.020025825+00:00,177029.0,,73625.0,193.3606072336658,16.113383936138817,4926.710066752748,12.0,458.5591722293957,19.10663217622482,621541.3949858759,1019533.1111318654,1756992.664153426,1132689.056757056,621541.3949858759,1756992.664153426,621541.3949858759,2026-08-30 00:00:00+00:00,2026-09-18 02:33:33.020025825+00:00,V9587350_R4_D20260830,0
9587350,ANABELA,4,"Hay Point, Australia","Visakhapatnam, India",2026-08-31,2026-09-19 02:33:33.020025825+00:00,177029.0,,73625.0,193.3606072336658,16.113383936138817,4926.710066752748,12.0,458.5591722293957,19.10663217622482,621541.3949858759,1019533.1111318654,1756992.664153426,1132689.056757056,621541.3949858759,1756992.664153426,621541.3949858759,2026-08-31 00:00:00+00:00,2026-09-19 02:33:33.020025825+00:00,V9587350_R4_D20260831,0
9587350,ANABELA,4,"Hay Point, Australia","Visakhapatnam, India",2026-09-01,2026-09-20 02:33:33.020025825+00:00,177029.0,,73625.0,193.3606072336658,16.113383936138817,4926.710066752748,12.0,458.5591722293957,19.10663217622482,621541.3949858759,1019533.1111318654,1756992.664153426,1132689.056757056,621541.3949858759,1756992.664153426,621541.3949858759,2026-09-01 00:00:00+00:00,2026-09-20 02:33:33.020025825+00:00,V9587350_R4_D20260901,0
9587350,ANABELA,4,"Hay Point, Australia","Visakhapatnam, India",2026-09-02,2026-09-21 02:33:33.020025825+00:00,177029.0,,73625.0,193.3606072336658,16.113383936138817,4926.710066752748,12.0,458.5591722293957,19.10663217622482,621541.3949858759,1019533.1111318654,1756992.664153426,1132689.056757056,621541.3949858759,1756992.664153426,621541.3949858759,2026-09-02 00:00:00+00:00,2026-09-21 02:33:33.020025825+00:00,V9587350_R4_D20260902,0
9587350,ANABELA,4,"Hay Point, Australia","Visakhapatnam, India",2026-09-03,2026-09-22 02:33:33.020025825+00:00,177029.0,,73625.0,193.3606072336658,16.113383936138817,4926.710066752748,12.0,458.5591722293957,19.10663217622482,621541.3949858759,1019533.1111318654,1756992.664153426,1132689.056757056,621541.3949858759,1756992.664153426,621541.3949858759,2026-09-03 00:00:00+00:00,2026-09-22 02:33:33.020025825+00:00,V9587350_R4_D20260903,0
9587350,ANABELA,4,"Hay Point, Australia","Visakhapatnam, India",2026-09-04,2026-09-23 02:33:33.020025825+00:00,177029.0,,73625.0,193.3606072336658,16.113383936138817,4926.710066752748,12.0,458.5591722293957,19.10663217622482,621541.3949858759,1019533.1111318654,1756992.664153426,1132689.056757056,621541.3949858759,1756992.664153426,621541.3949858759,2026-09-04 00:00:00+00:00,2026-09-23 02:33:33.020025825+00:00,V9587350_R4_D20260904,0
9587350,ANABELA,4,"Hay Point, Australia","Visakhapatnam, India",2026-09-05,2026-09-24 02:33:33.020025825+00:00,177029.0,,73625.0,193.3606072336658,16.113383936138817,4926.710066752748,12.0,458.5591722293957,19.10663217622482,621541.3949858759,1019533.1111318654,1756992.664153426,1132689.056757056,621541.3949858759,1756992.664153426,621541.3949858759,2026-09-05 00:00:00+00:00,2026-09-24 02:33:33.020025825+00:00,V9587350_R4_D20260905,0
9587350,ANABELA,4,"Hay Point, Australia","Visakhapatnam, India",2026-09-06,2026-09-25 02:33:33.020025825+00:00,177029.0,,73625.0,193.3606072336658,16.113383936138817,4926.710066752748,12.0,458.5591722293957,19.10663217622482,621541.3949858759,1019533.1111318654,1756992.664153426,1132689.056757056,621541.3949858759,1756992.664153426,621541.3949858759,2026-09-06 00:00:00+00:00,2026-09-25 02:33:33.020025825+00:00,V9587350_R4_D20260906,0
9587350,ANABELA,4,"Hay Point, Australia","Visakhapatnam, India",2026-09-07,2026-09-26 02:33:33.020025825+00:00,177029.0,,73625.0,193.3606072336658,16.113383936138817,4926.710066752748,12.0,458.5591722293957,19.10663217622482,621541.3949858759,1019533.1111318654,1756992.664153426,1132689.056757056,621541.3949858759,1756992.664153426,621541.3949858759,2026-09-07 00:00:00+00:00,2026-09-26 02:33:33.020025825+00:00,V9587350_R4_D20260907,0
9587350,ANABELA,5,"Hay Point, Australia","Paradip, India",2026-08-30,2026-09-18 00:15:00.475562224+00:00,177029.0,,73625.0,193.3606072336658,16.113383936138817,4899.001585207413,12.0,456.25013210061775,19.01042217085908,500523.426299452,860936.5254702837,1528764.7043868047,963408.2187188468,500523.426299452,1528764.7043868047,500523.426299452,2026-08-30 00:00:00+00:00,2026-09-18 00:15:00.475562224+00:00,V9587350_R5_D20260830,0
9587350,ANABELA,5,"Hay Point, Australia","Paradip, India",2026-08-31,2026-09-19 00:15:00.475562224+00:00,177029.0,,73625.0,193.3606072336658,16.113383936138817,4899.001585207413,12.0,456.25013210061775,19.01042217085908,500523.426299452,860936.5254702837,1528764.7043868047,963408.2187188468,500523.426299452,1528764.7043868047,500523.426299452,2026-08-31 00:00:00+00:00,2026-09-19 00:15:00.475562224+00:00,V9587350_R5_D20260831,0
9587350,ANABELA,5,"Hay Point, Australia","Paradip, India",2026-09-01,2026-09-20 00:15:00.475562224+00:00,177029.0,,73625.0,193.3606072336658,16.113383936138817,4899.001585207413,12.0,456.25013210061775,19.01042217085908,500523.426299452,860936.5254702837,1528764.7043868047,963408.2187188468,500523.426299452,1528764.7043868047,500523.426299452,2026-09-01 00:00:00+00:00,2026-09-20 00:15:00.475562224+00:00,V9587350_R5_D20260901,0
9587350,ANABELA,5,"Hay Point, Australia","Paradip, India",2026-09-02,2026-09-21 00:15:00.475562224+00:00,177029.0,,73625.0,193.3606072336658,16.113383936138817,4899.001585207413,12.0,456.25013210061775,19.01042217085908,500523.426299452,860936.5254702837,1528764.7043868047,963408.2187188468,500523.426299452,1528764.7043868047,500523.426299452,2026-09-02 00:00:00+00:00,2026-09-21 00:15:00.475562224+00:00,V9587350_R5_D20260902,0
9587350,ANABELA,5,"Hay Point, Australia","Paradip, India",2026-09-03,2026-09-22 00:15:00.475562224+00:00,177029.0,,73625.0,193.3606072336658,16.113383936138817,4899.001585207413,12.0,456.25013210061775,19.01042217085908,500523.426299452,860936.5254702837,1528764.7043868047,963408.2187188468,500523.426299452,1528764.7043868047,500523.426299452,2026-09-03 00:00:00+00:00,2026-09-22 00:15:00.475562224+00:00,V9587350_R5_D20260903,0
9587350,ANABELA,5,"Hay Point, Australia","Paradip, India",2026-09-04,2026-09-23 00:15:00.475562224+00:00,177029.0,,73625.0,193.3606072336658,16.113383936138817,4899.001585207413,12.0,456.25013210061775,19.01042217085908,500523.426299452,860936.5254702837,1528764.7043868047,963408.2187188468,500523.426299452,1528764.7043868047,500523.426299452,2026-09-04 00:00:00+00:00,2026-09-23 00:15:00.475562224+00:00,V9587350_R5_D20260904,0
9587350,ANABELA,5,"Hay Point, Australia","Paradip, India",2026-09-05,2026-09-24 00:15:00.475562224+00:00,177029.0,,73625.0,193.3606072336658,16.113383936138817,4899.001585207413,12.0,456.25013210061775,19.01042217085908,500523.426299452,860936.5254702837,1528764.7043868047,963408.2187188468,500523.426299452,1528764.7043868047,500523.426299452,2026-09-05 00:00:00+00:00,2026-09-24 00:15:00.475562224+00:00,V9587350_R5_D20260905,0
9587350,ANABELA,5,"Hay Point, Australia","Paradip, India",2026-09-06,2026-09-25 00:15:00.475562224+00:00,177029.0,,73625.0,193.3606072336658,16.113383936138817,4899.001585207413,12.0,456.25013210061775,19.01042217085908,500523.426299452,860936.5254702837,1528764.7043868047,963408.2187188468,500523.426299452,1528764.7043868047,500523.426299452,2026-09-06 00:00:00+00:00,2026-09-25 00:15:00.475562224+00:00,V9587350_R5_D20260906,0
9587350,ANABELA,5,"Hay Point, Australia","Paradip, India",2026-09-07,2026-09-26 00:15:00.475562224+00:00,177029.0,,73625.0,193.3606072336658,16.113383936138817,4899.001585207413,12.0,456.25013210061775,19.01042217085908,500523.426299452,860936.5254702837,1528764.7043868047,963408.2187188468,500523.426299452,1528764.7043868047,500523.426299452,2026-09-07 00:00:00+00:00,2026-09-26 00:15:00.475562224+00:00,V9587350_R5_D20260907,0
9587350,ANABELA,6,"Banjarmasin (South Kalimantan), Indonesia","Krishnapatnam, India",2026-09-06,2026-09-16 08:41:30.373981627+00:00,177029.0,,73625.0,2466.560613827702,205.5467178189752,2408.301246605427,12.0,248.69177055045225,10.362157106268844,278349.81671025034,479907.8532133696,853385.22341313,537214.2977789167,278349.81671025034,853385.22341313,278349.81671025034,2026-09-06 00:00:00+00:00,2026-09-16 08:41:30.373981627+00:00,V9587350_R6_D20260906,0
9587350,ANABELA,6,"Banjarmasin (South Kalimantan), Indonesia","Krishnapatnam, India",2026-09-07,2026-09-17 08:41:30.373981627+00:00,177029.0,,73625.0,2466.560613827702,205.5467178189752,2408.301246605427,12.0,248.69177055045225,10.362157106268844,278349.81671025034,479907.8532133696,853385.22341313,537214.2977789167,278349.81671025034,853385.22341313,278349.81671025034,2026-09-07 00:00:00+00:00,2026-09-17 08:41:30.373981627+00:00,V9587350_R6_D20260907,0
9587350,ANABELA,7,"East Kalimantan, Indonesia","Paradip, India",2026-09-07,2026-09-18 13:22:59.538985611+00:00,177029.0,,54625.0,2529.7224513846804,210.8102042820567,2752.598463285374,12.0,277.3832052737812,11.557633553074217,242481.04079876223,445884.9477837989,822782.6274154049,503716.2053326553,242481.04079876223,822782.6274154049,242481.04079876223,2026-09-07 00:00:00+00:00,2026-09-18 13:22:59.538985611+00:00,V9587350_R7_D20260907,0
9587350,ANABELA,8,"Banjarmasin (South Kalimantan), Indonesia","Dahej, India",2026-09-06,2026-09-19 22:56:05.366736398+00:00,177029.0,,73625.0,2466.560613827702,205.5467178189752,3443.2178891213243,12.0,334.9348240934437,13.955617670560152,225672.4026007497,449435.9854982802,864059.1676692006,513055.8519227435,225672.4026007497,864059.1676692006,225672.4026007497,2026-09-06 00:00:00+00:00,2026-09-19 22:56:05.366736398+00:00,V9587350_R8_D20260906,0
9587350,ANABELA,8,"Banjarmasin (South Kalimantan), Indonesia","Dahej, India",2026-09-07,2026-09-20 22:56:05.366736398+00:00,177029.0,,73625.0,2466.560613827702,205.5467178189752,3443.2178891213243,12.0,334.9348240934437,13.955617670560152,225672.4026007497,449435.9854982802,864059.1676692006,513055.8519227435,225672.4026007497,864059.1676692006,225672.4026007497,2026-09-07 00:00:00+00:00,2026-09-20 22:56:05.366736398+00:00,V9587350_R8_D20260907,0
9599078,POPEYE,0,"Queensland (Gladstone / Hay Point), Australia","Visakhapatnam & Haldia, India",2026-08-30,2026-09-18 02:33:33.020025825+00:00,98730.0,,73625.0,186.45091415798265,15.537576179831886,4926.710066752748,12.0,458.5591722293957,19.10663217622482,1961629.7030262216,2764445.611131865,4252024.967012267,2992700.0937234513,1961629.7030262216,4252024.967012267,1961629.7030262216,2026-08-30 00:00:00+00:00,2026-09-18 02:33:33.020025825+00:00,V9599078_R0_D20260830,0
9599078,POPEYE,0,"Queensland (Gladstone / Hay Point), Australia","Visakhapatnam & Haldia, India",2026-08-31,2026-09-19 02:33:33.020025825+00:00,98730.0,,73625.0,186.45091415798265,15.537576179831886,4926.710066752748,12.0,458.5591722293957,19.10663217622482,1961629.7030262216,2764445.611131865,4252024.967012267,2992700.0937234513,1961629.7030262216,4252024.967012267,1961629.7030262216,2026-08-31 00:00:00+00:00,2026-09-19 02:33:33.020025825+00:00,V9599078_R0_D20260831,0
9599078,POPEYE,0,"Queensland (Gladstone / Hay Point), Australia","Visakhapatnam & Haldia, India",2026-09-01,2026-09-20 02:33:33.020025825+00:00,98730.0,,73625.0,186.45091415798265,15.537576179831886,4926.710066752748,12.0,458.5591722293957,19.10663217622482,1961629.7030262216,2764445.611131865,4252024.967012267,2992700.0937234513,1961629.7030262216,4252024.967012267,1961629.7030262216,2026-09-01 00:00:00+00:00,2026-09-20 02:33:33.020025825+00:00,V9599078_R0_D20260901,0
9599078,POPEYE,0,"Queensland (Gladstone / Hay Point), Australia","Visakhapatnam & Haldia, India",2026-09-02,2026-09-21 02:33:33.020025825+00:00,98730.0,,73625.0,186.45091415798265,15.537576179831886,4926.710066752748,12.0,458.5591722293957,19.10663217622482,1961629.7030262216,2764445.611131865,4252024.967012267,2992700.0937234513,1961629.7030262216,4252024.967012267,1961629.7030262216,2026-09-02 00:00:00+00:00,2026-09-21 02:33:33.020025825+00:00,V9599078_R0_D20260902,0
9599078,POPEYE,0,"Queensland (Gladstone / Hay Point), Australia","Visakhapatnam & Haldia, India",2026-09-03,2026-09-22 02:33:33.020025825+00:00,98730.0,,73625.0,186.45091415798265,15.537576179831886,4926.710066752748,12.0,458.5591722293957,19.10663217622482,1961629.7030262216,2764445.611131865,4252024.967012267,2992700.0937234513,1961629.7030262216,4252024.967012267,1961629.7030262216,2026-09-03 00:00:00+00:00,2026-09-22 02:33:33.020025825+00:00,V9599078_R0_D20260903,0
9599078,POPEYE,0,"Queensland (Gladstone / Hay Point), Australia","Visakhapatnam & Haldia, India",2026-09-04,2026-09-23 02:33:33.020025825+00:00,98730.0,,73625.0,186.45091415798265,15.537576179831886,4926.710066752748,12.0,458.5591722293957,19.10663217622482,1961629.7030262216,2764445.611131865,4252024.967012267,2992700.0937234513,1961629.7030262216,4252024.967012267,1961629.7030262216,2026-09-04 00:00:00+00:00,2026-09-23 02:33:33.020025825+00:00,V9599078_R0_D20260904,0
9599078,POPEYE,0,"Queensland (Gladstone / Hay Point), Australia","Visakhapatnam & Haldia, India",2026-09-05,2026-09-24 02:33:33.020025825+00:00,98730.0,,73625.0,186.45091415798265,15.537576179831886,4926.710066752748,12.0,458.5591722293957,19.10663217622482,1961629.7030262216,2764445.611131865,4252024.967012267,2992700.0937234513,1961629.7030262216,4252024.967012267,1961629.7030262216,2026-09-05 00:00:00+00:00,2026-09-24 02:33:33.020025825+00:00,V9599078_R0_D20260905,0
9599078,POPEYE,0,"Queensland (Gladstone / Hay Point), Australia","Visakhapatnam & Haldia, India",2026-09-06,2026-09-25 02:33:33.020025825+00:00,98730.0,,73625.0,186.45091415798265,15.537576179831886,4926.710066752748,12.0,458.5591722293957,19.10663217622482,1961629.7030262216,2764445.611131865,4252024.967012267,2992700.0937234513,1961629.7030262216,4252024.967012267,1961629.7030262216,2026-09-06 00:00:00+00:00,2026-09-25 02:33:33.020025825+00:00,V9599078_R0_D20260906,0
9599078,POPEYE,0,"Queensland (Gladstone / Hay Point), Australia","Visakhapatnam & Haldia, India",2026-09-07,2026-09-26 02:33:33.020025825+00:00,98730.0,,73625.0,186.45091415798265,15.537576179831886,4926.710066752748,12.0,458.5591722293957,19.10663217622482,1961629.7030262216,2764445.611131865,4252024.967012267,2992700.0937234513,1961629.7030262216,4252024.967012267,1961629.7030262216,2026-09-07 00:00:00+00:00,2026-09-26 02:33:33.020025825+00:00,V9599078_R0_D20260907,0
9599078,POPEYE,10,Indonesia,"Paradip, India",2026-09-06,2026-09-16 22:55:19.195249904+00:00,98730.0,,54625.0,2320.4778667826204,193.37315556521835,2579.063984166344,12.0,262.92199868052865,10.95508327835536,483886.8554293813,753824.7506805515,1254006.7180421222,830572.7747173518,483886.8554293813,1254006.7180421222,483886.8554293813,2026-09-06 00:00:00+00:00,2026-09-16 22:55:19.195249904+00:00,V9599078_R10_D20260906,0
9599078,POPEYE,10,Indonesia,"Paradip, India",2026-09-07,2026-09-17 22:55:19.195249904+00:00,98730.0,,54625.0,2320.4778667826204,193.37315556521835,2579.063984166344,12.0,262.92199868052865,10.95508327835536,483886.8554293813,753824.7506805515,1254006.7180421222,830572.7747173518,483886.8554293813,1254006.7180421222,483886.8554293813,2026-09-07 00:00:00+00:00,2026-09-17 22:55:19.195249904+00:00,V9599078_R10_D20260907,0
9599078,POPEYE,11,"Hay Point, Australia","Visakhapatnam, India",2026-08-30,2026-09-18 02:33:33.020025825+00:00,98730.0,,73625.0,186.45091415798265,15.537576179831886,4926.710066752748,12.0,458.5591722293957,19.10663217622482,878815.7326054362,1354526.8611318655,2235996.7560524866,1489779.783263263,878815.7326054362,2235996.7560524866,878815.7326054362,2026-08-30 00:00:00+00:00,2026-09-18 02:33:33.020025825+00:00,V9599078_R11_D20260830,0
9599078,POPEYE,11,"Hay Point, Australia","Visakhapatnam, India",2026-08-31,2026-09-19 02:33:33.020025825+00:00,98730.0,,73625.0,186.45091415798265,15.537576179831886,4926.710066752748,12.0,458.5591722293957,19.10663217622482,878815.7326054362,1354526.8611318655,2235996.7560524866,1489779.783263263,878815.7326054362,2235996.7560524866,878815.7326054362,2026-08-31 00:00:00+00:00,2026-09-19 02:33:33.020025825+00:00,V9599078_R11_D20260831,0
9599078,POPEYE,11,"Hay Point, Australia","Visakhapatnam, India",2026-09-01,2026-09-20 02:33:33.020025825+00:00,98730.0,,73625.0,186.45091415798265,15.537576179831886,4926.710066752748,12.0,458.5591722293957,19.10663217622482,878815.7326054362,1354526.8611318655,2235996.7560524866,1489779.783263263,878815.7326054362,2235996.7560524866,878815.7326054362,2026-09-01 00:00:00+00:00,2026-09-20 02:33:33.020025825+00:00,V9599078_R11_D20260901,0
9599078,POPEYE,11,"Hay Point, Australia","Visakhapatnam, India",2026-09-02,2026-09-21 02:33:33.020025825+00:00,98730.0,,73625.0,186.45091415798265,15.537576179831886,4926.710066752748,12.0,458.5591722293957,19.10663217622482,878815.7326054362,1354526.8611318655,2235996.7560524866,1489779.783263263,878815.7326054362,2235996.7560524866,878815.7326054362,2026-09-02 00:00:00+00:00,2026-09-21 02:33:33.020025825+00:00,V9599078_R11_D20260902,0
9599078,POPEYE,11,"Hay Point, Australia","Visakhapatnam, India",2026-09-03,2026-09-22 02:33:33.020025825+00:00,98730.0,,73625.0,186.45091415798265,15.537576179831886,4926.710066752748,12.0,458.5591722293957,19.10663217622482,878815.7326054362,1354526.8611318655,2235996.7560524866,1489779.783263263,878815.7326054362,2235996.7560524866,878815.7326054362,2026-09-03 00:00:00+00:00,2026-09-22 02:33:33.020025825+00:00,V9599078_R11_D20260903,0
9599078,POPEYE,11,"Hay Point, Australia","Visakhapatnam, India",2026-09-04,2026-09-23 02:33:33.020025825+00:00,98730.0,,73625.0,186.45091415798265,15.537576179831886,4926.710066752748,12.0,458.5591722293957,19.10663217622482,878815.7326054362,1354526.8611318655,2235996.7560524866,1489779.783263263,878815.7326054362,2235996.7560524866,878815.7326054362,2026-09-04 00:00:00+00:00,2026-09-23 02:33:33.020025825+00:00,V9599078_R11_D20260904,0
9599078,POPEYE,11,"Hay Point, Australia","Visakhapatnam, India",2026-09-05,2026-09-24 02:33:33.020025825+00:00,98730.0,,73625.0,186.45091415798265,15.537576179831886,4926.710066752748,12.0,458.5591722293957,19.10663217622482,878815.7326054362,1354526.8611318655,2235996.7560524866,1489779.783263263,878815.7326054362,2235996.7560524866,878815.7326054362,2026-09-05 00:00:00+00:00,2026-09-24 02:33:33.020025825+00:00,V9599078_R11_D20260905,0
9599078,POPEYE,11,"Hay Point, Australia","Visakhapatnam, India",2026-09-06,2026-09-25 02:33:33.020025825+00:00,98730.0,,73625.0,186.45091415798265,15.537576179831886,4926.710066752748,12.0,458.5591722293957,19.10663217622482,878815.7326054362,1354526.8611318655,2235996.7560524866,1489779.783263263,878815.7326054362,2235996.7560524866,878815.7326054362,2026-09-06 00:00:00+00:00,2026-09-25 02:33:33.020025825+00:00,V9599078_R11_D20260906,0
9599078,POPEYE,11,"Hay Point, Australia","Visakhapatnam, India",2026-09-07,2026-09-26 02:33:33.020025825+00:00,98730.0,,73625.0,186.45091415798265,15.537576179831886,4926.710066752748,12.0,458.5591722293957,19.10663217622482,878815.7326054362,1354526.8611318655,2235996.7560524866,1489779.783263263,878815.7326054362,2235996.7560524866,878815.7326054362,2026-09-07 00:00:00+00:00,2026-09-26 02:33:33.020025825+00:00,V9599078_R11_D20260907,0
9599078,POPEYE,13,"Adang Bay (East Kalimantan), Indonesia","Kandla, India",2026-09-06,2026-09-21 15:09:31.159862762+00:00,98730.0,,54625.0,2421.603812498648,201.80031770822063,3925.90386620921,12.0,375.15865551743417,15.631610646559755,537820.2656598565,873658.4921460542,1495950.611163971,969143.1229899606,537820.2656598565,1495950.611163971,537820.2656598565,2026-09-06 00:00:00+00:00,2026-09-21 15:09:31.159862762+00:00,V9599078_R13_D20260906,0
9599078,POPEYE,13,"Adang Bay (East Kalimantan), Indonesia","Kandla, India",2026-09-07,2026-09-22 15:09:31.159862762+00:00,98730.0,,54625.0,2421.603812498648,201.80031770822063,3925.90386620921,12.0,375.15865551743417,15.631610646559755,537820.2656598565,873658.4921460542,1495950.611163971,969143.1229899606,537820.2656598565,1495950.611163971,537820.2656598565,2026-09-07 00:00:00+00:00,2026-09-22 15:09:31.159862762+00:00,V9599078_R13_D20260907,0
9599078,POPEYE,14,"East Kalimantan, Indonesia","Paradip, India",2026-09-07,2026-09-18 13:22:59.538985611+00:00,98730.0,,54625.0,2518.3125588483053,209.85937990402545,2752.598463285374,12.0,277.3832052737812,11.557633553074217,198431.58845198888,388528.6977837989,740769.5198694121,442576.6020350666,198431.58845198888,740769.5198694121,198431.58845198888,2026-09-07 00:00:00+00:00,2026-09-18 13:22:59.538985611+00:00,V9599078_R14_D20260907,0
9599078,POPEYE,17,"Queensland, Australia","Haldia, India",2026-08-30,2026-09-17 10:21:45.174865291+00:00,98730.0,,73625.0,380.86698764315736,31.73891563692978,4732.350582884308,12.0,442.3625485736923,18.43177285723718,475607.6485746149,822355.7961181165,1464863.4753600769,920942.3066842695,475607.6485746149,1464863.4753600769,475607.6485746149,2026-08-30 00:00:00+00:00,2026-09-17 10:21:45.174865291+00:00,V9599078_R17_D20260830,0
9599078,POPEYE,17,"Queensland, Australia","Haldia, India",2026-08-31,2026-09-18 10:21:45.174865291+00:00,98730.0,,73625.0,380.86698764315736,31.73891563692978,4732.350582884308,12.0,442.3625485736923,18.43177285723718,475607.6485746149,822355.7961181165,1464863.4753600769,920942.3066842695,475607.6485746149,1464863.4753600769,475607.6485746149,2026-08-31 00:00:00+00:00,2026-09-18 10:21:45.174865291+00:00,V9599078_R17_D20260831,0
9599078,POPEYE,17,"Queensland, Australia","Haldia, India",2026-09-01,2026-09-19 10:21:45.174865291+00:00,98730.0,,73625.0,380.86698764315736,31.73891563692978,4732.350582884308,12.0,442.3625485736923,18.43177285723718,475607.6485746149,822355.7961181165,1464863.4753600769,920942.3066842695,475607.6485746149,1464863.4753600769,475607.6485746149,2026-09-01 00:00:00+00:00,2026-09-19 10:21:45.174865291+00:00,V9599078_R17_D20260901,0
9599078,POPEYE,17,"Queensland, Australia","Haldia, India",2026-09-02,2026-09-20 10:21:45.174865291+00:00,98730.0,,73625.0,380.86698764315736,31.73891563692978,4732.350582884308,12.0,442.3625485736923,18.43177285723718,475607.6485746149,822355.7961181165,1464863.4753600769,920942.3066842695,475607.6485746149,1464863.4753600769,475607.6485746149,2026-09-02 00:00:00+00:00,2026-09-20 10:21:45.174865291+00:00,V9599078_R17_D20260902,0
9599078,POPEYE,17,"Queensland, Australia","Haldia, India",2026-09-03,2026-09-21 10:21:45.174865291+00:00,98730.0,,73625.0,380.86698764315736,31.73891563692978,4732.350582884308,12.0,442.3625485736923,18.43177285723718,475607.6485746149,822355.7961181165,1464863.4753600769,920942.3066842695,475607.6485746149,1464863.4753600769,475607.6485746149,2026-09-03 00:00:00+00:00,2026-09-21 10:21:45.174865291+00:00,V9599078_R17_D20260903,0
9599078,POPEYE,17,"Queensland, Australia","Haldia, India",2026-09-04,2026-09-22 10:21:45.174865291+00:00,98730.0,,73625.0,380.86698764315736,31.73891563692978,4732.350582884308,12.0,442.3625485736923,18.43177285723718,475607.6485746149,822355.7961181165,1464863.4753600769,920942.3066842695,475607.6485746149,1464863.4753600769,475607.6485746149,2026-09-04 00:00:00+00:00,2026-09-22 10:21:45.174865291+00:00,V9599078_R17_D20260904,0
9599078,POPEYE,17,"Queensland, Australia","Haldia, India",2026-09-05,2026-09-23 10:21:45.174865291+00:00,98730.0,,73625.0,380.86698764315736,31.73891563692978,4732.350582884308,12.0,442.3625485736923,18.43177285723718,475607.6485746149,822355.7961181165,1464863.4753600769,920942.3066842695,475607.6485746149,1464863.4753600769,475607.6485746149,2026-09-05 00:00:00+00:00,2026-09-23 10:21:45.174865291+00:00,V9599078_R17_D20260905,0
9599078,POPEYE,17,"Queensland, Australia","Haldia, India",2026-09-06,2026-09-24 10:21:45.174865291+00:00,98730.0,,73625.0,380.86698764315736,31.73891563692978,4732.350582884308,12.0,442.3625485736923,18.43177285723718,475607.6485746149,822355.7961181165,1464863.4753600769,920942.3066842695,475607.6485746149,1464863.4753600769,475607.6485746149,2026-09-06 00:00:00+00:00,2026-09-24 10:21:45.174865291+00:00,V9599078_R17_D20260906,0
9599078,POPEYE,17,"Queensland, Australia","Haldia, India",2026-09-07,2026-09-25 10:21:45.174865291+00:00,98730.0,,73625.0,380.86698764315736,31.73891563692978,4732.350582884308,12.0,442.3625485736923,18.43177285723718,475607.6485746149,822355.7961181165,1464863.4753600769,920942.3066842695,475607.6485746149,1464863.4753600769,475607.6485746149,2026-09-07 00:00:00+00:00,2026-09-25 10:21:45.174865291+00:00,V9599078_R17_D20260907,0
9599078,POPEYE,2,"Hay Point, Australia","Paradip, India",2026-08-30,2026-09-18 00:15:00.475562224+00:00,98730.0,,73625.0,186.45091415798265,15.537576179831886,4899.001585207413,12.0,456.25013210061775,19.01042217085908,87753.60989883915,323474.0254702837,760252.6448564442,390493.4267418557,87753.60989883915,760252.6448564442,87753.60989883915,2026-08-30 00:00:00+00:00,2026-09-18 00:15:00.475562224+00:00,V9599078_R2_D20260830,0
9599078,POPEYE,2,"Hay Point, Australia","Paradip, India",2026-08-31,2026-09-19 00:15:00.475562224+00:00,98730.0,,73625.0,186.45091415798265,15.537576179831886,4899.001585207413,12.0,456.25013210061775,19.01042217085908,87753.60989883915,323474.0254702837,760252.6448564442,390493.4267418557,87753.60989883915,760252.6448564442,87753.60989883915,2026-08-31 00:00:00+00:00,2026-09-19 00:15:00.475562224+00:00,V9599078_R2_D20260831,0
9599078,POPEYE,2,"Hay Point, Australia","Paradip, India",2026-09-01,2026-09-20 00:15:00.475562224+00:00,98730.0,,73625.0,186.45091415798265,15.537576179831886,4899.001585207413,12.0,456.25013210061775,19.01042217085908,87753.60989883915,323474.0254702837,760252.6448564442,390493.4267418557,87753.60989883915,760252.6448564442,87753.60989883915,2026-09-01 00:00:00+00:00,2026-09-20 00:15:00.475562224+00:00,V9599078_R2_D20260901,0
9599078,POPEYE,2,"Hay Point, Australia","Paradip, India",2026-09-02,2026-09-21 00:15:00.475562224+00:00,98730.0,,73625.0,186.45091415798265,15.537576179831886,4899.001585207413,12.0,456.25013210061775,19.01042217085908,87753.60989883915,323474.0254702837,760252.6448564442,390493.4267418557,87753.60989883915,760252.6448564442,87753.60989883915,2026-09-02 00:00:00+00:00,2026-09-21 00:15:00.475562224+00:00,V9599078_R2_D20260902,0
9599078,POPEYE,2,"Hay Point, Australia","Paradip, India",2026-09-03,2026-09-22 00:15:00.475562224+00:00,98730.0,,73625.0,186.45091415798265,15.537576179831886,4899.001585207413,12.0,456.25013210061775,19.01042217085908,87753.60989883915,323474.0254702837,760252.6448564442,390493.4267418557,87753.60989883915,760252.6448564442,87753.60989883915,2026-09-03 00:00:00+00:00,2026-09-22 00:15:00.475562224+00:00,V9599078_R2_D20260903,0
9599078,POPEYE,2,"Hay Point, Australia","Paradip, India",2026-09-04,2026-09-23 00:15:00.475562224+00:00,98730.0,,73625.0,186.45091415798265,15.537576179831886,4899.001585207413,12.0,456.25013210061775,19.01042217085908,87753.60989883915,323474.0254702837,760252.6448564442,390493.4267418557,87753.60989883915,760252.6448564442,87753.60989883915,2026-09-04 00:00:00+00:00,2026-09-23 00:15:00.475562224+00:00,V9599078_R2_D20260904,0
9599078,POPEYE,2,"Hay Point, Australia","Paradip, India",2026-09-05,2026-09-24 00:15:00.475562224+00:00,98730.0,,73625.0,186.45091415798265,15.537576179831886,4899.001585207413,12.0,456.25013210061775,19.01042217085908,87753.60989883915,323474.0254702837,760252.6448564442,390493.4267418557,87753.60989883915,760252.6448564442,87753.60989883915,2026-09-05 00:00:00+00:00,2026-09-24 00:15:00.475562224+00:00,V9599078_R2_D20260905,0
9599078,POPEYE,2,"Hay Point, Australia","Paradip, India",2026-09-06,2026-09-25 00:15:00.475562224+00:00,98730.0,,73625.0,186.45091415798265,15.537576179831886,4899.001585207413,12.0,456.25013210061775,19.01042217085908,87753.60989883915,323474.0254702837,760252.6448564442,390493.4267418557,87753.60989883915,760252.6448564442,87753.60989883915,2026-09-06 00:00:00+00:00,2026-09-25 00:15:00.475562224+00:00,V9599078_R2_D20260906,0
9599078,POPEYE,2,"Hay Point, Australia","Paradip, India",2026-09-07,2026-09-26 00:15:00.475562224+00:00,98730.0,,73625.0,186.45091415798265,15.537576179831886,4899.001585207413,12.0,456.25013210061775,19.01042217085908,87753.60989883915,323474.0254702837,760252.6448564442,390493.4267418557,87753.60989883915,760252.6448564442,87753.60989883915,2026-09-07 00:00:00+00:00,2026-09-26 00:15:00.475562224+00:00,V9599078_R2_D20260907,0
9599078,POPEYE,22,Indonesia,West Coast India,2026-09-06,2026-09-21 15:25:14.169031453+00:00,98730.0,,73625.0,2320.4778667826204,193.37315556521835,3929.0472301048458,12.0,375.4206025087372,15.642525104530714,426538.176199725,728875.230954404,1289091.2862540442,814834.8978027244,426538.176199725,1289091.2862540442,426538.176199725,2026-09-06 00:00:00+00:00,2026-09-21 15:25:14.169031453+00:00,V9599078_R22_D20260906,0
9599078,POPEYE,22,Indonesia,West Coast India,2026-09-07,2026-09-22 15:25:14.169031453+00:00,98730.0,,73625.0,2320.4778667826204,193.37315556521835,3929.0472301048458,12.0,375.4206025087372,15.642525104530714,426538.176199725,728875.230954404,1289091.2862540442,814834.8978027244,426538.176199725,1289091.2862540442,426538.176199725,2026-09-07 00:00:00+00:00,2026-09-22 15:25:14.169031453+00:00,V9599078_R22_D20260907,0
9599078,POPEYE,3,"East Kalimantan, Indonesia","Navlakhi, India",2026-09-07,2026-09-23 05:52:54.512767164+00:00,98730.0,,54625.0,2518.3125588483053,209.85937990402545,4102.581709223877,12.0,389.88180910198975,16.245075379249574,178565.98357952503,412385.42805765127,845641.6392229553,478864.35028671054,178565.98357952503,845641.6392229553,178565.98357952503,2026-09-07 00:00:00+00:00,2026-09-23 05:52:54.512767164+00:00,V9599078_R3_D20260907,0
9599078,POPEYE,4,"Hay Point, Australia","Visakhapatnam, India",2026-08-30,2026-09-18 02:33:33.020025825+00:00,98730.0,,73625.0,186.45091415798265,15.537576179831886,4926.710066752748,12.0,458.5591722293957,19.10663217622482,621541.3949858759,1019533.1111318654,1756992.664153426,1132689.056757056,621541.3949858759,1756992.664153426,621541.3949858759,2026-08-30 00:00:00+00:00,2026-09-18 02:33:33.020025825+00:00,V9599078_R4_D20260830,0
9599078,POPEYE,4,"Hay Point, Australia","Visakhapatnam, India",2026-08-31,2026-09-19 02:33:33.020025825+00:00,98730.0,,73625.0,186.45091415798265,15.537576179831886,4926.710066752748,12.0,458.5591722293957,19.10663217622482,621541.3949858759,1019533.1111318654,1756992.664153426,1132689.056757056,621541.3949858759,1756992.664153426,621541.3949858759,2026-08-31 00:00:00+00:00,2026-09-19 02:33:33.020025825+00:00,V9599078_R4_D20260831,0
9599078,POPEYE,4,"Hay Point, Australia","Visakhapatnam, India",2026-09-01,2026-09-20 02:33:33.020025825+00:00,98730.0,,73625.0,186.45091415798265,15.537576179831886,4926.710066752748,12.0,458.5591722293957,19.10663217622482,621541.3949858759,1019533.1111318654,1756992.664153426,1132689.056757056,621541.3949858759,1756992.664153426,621541.3949858759,2026-09-01 00:00:00+00:00,2026-09-20 02:33:33.020025825+00:00,V9599078_R4_D20260901,0
9599078,POPEYE,4,"Hay Point, Australia","Visakhapatnam, India",2026-09-02,2026-09-21 02:33:33.020025825+00:00,98730.0,,73625.0,186.45091415798265,15.537576179831886,4926.710066752748,12.0,458.5591722293957,19.10663217622482,621541.3949858759,1019533.1111318654,1756992.664153426,1132689.056757056,621541.3949858759,1756992.664153426,621541.3949858759,2026-09-02 00:00:00+00:00,2026-09-21 02:33:33.020025825+00:00,V9599078_R4_D20260902,0
9599078,POPEYE,4,"Hay Point, Australia","Visakhapatnam, India",2026-09-03,2026-09-22 02:33:33.020025825+00:00,98730.0,,73625.0,186.45091415798265,15.537576179831886,4926.710066752748,12.0,458.5591722293957,19.10663217622482,621541.3949858759,1019533.1111318654,1756992.664153426,1132689.056757056,621541.3949858759,1756992.664153426,621541.3949858759,2026-09-03 00:00:00+00:00,2026-09-22 02:33:33.020025825+00:00,V9599078_R4_D20260903,0
9599078,POPEYE,4,"Hay Point, Australia","Visakhapatnam, India",2026-09-04,2026-09-23 02:33:33.020025825+00:00,98730.0,,73625.0,186.45091415798265,15.537576179831886,4926.710066752748,12.0,458.5591722293957,19.10663217622482,621541.3949858759,1019533.1111318654,1756992.664153426,1132689.056757056,621541.3949858759,1756992.664153426,621541.3949858759,2026-09-04 00:00:00+00:00,2026-09-23 02:33:33.020025825+00:00,V9599078_R4_D20260904,0
9599078,POPEYE,4,"Hay Point, Australia","Visakhapatnam, India",2026-09-05,2026-09-24 02:33:33.020025825+00:00,98730.0,,73625.0,186.45091415798265,15.537576179831886,4926.710066752748,12.0,458.5591722293957,19.10663217622482,621541.3949858759,1019533.1111318654,1756992.664153426,1132689.056757056,621541.3949858759,1756992.664153426,621541.3949858759,2026-09-05 00:00:00+00:00,2026-09-24 02:33:33.020025825+00:00,V9599078_R4_D20260905,0
9599078,POPEYE,4,"Hay Point, Australia","Visakhapatnam, India",2026-09-06,2026-09-25 02:33:33.020025825+00:00,98730.0,,73625.0,186.45091415798265,15.537576179831886,4926.710066752748,12.0,458.5591722293957,19.10663217622482,621541.3949858759,1019533.1111318654,1756992.664153426,1132689.056757056,621541.3949858759,1756992.664153426,621541.3949858759,2026-09-06 00:00:00+00:00,2026-09-25 02:33:33.020025825+00:00,V9599078_R4_D20260906,0
9599078,POPEYE,4,"Hay Point, Australia","Visakhapatnam, India",2026-09-07,2026-09-26 02:33:33.020025825+00:00,98730.0,,73625.0,186.45091415798265,15.537576179831886,4926.710066752748,12.0,458.5591722293957,19.10663217622482,621541.3949858759,1019533.1111318654,1756992.664153426,1132689.056757056,621541.3949858759,1756992.664153426,621541.3949858759,2026-09-07 00:00:00+00:00,2026-09-26 02:33:33.020025825+00:00,V9599078_R4_D20260907,0
9599078,POPEYE,5,"Hay Point, Australia","Paradip, India",2026-08-30,2026-09-18 00:15:00.475562224+00:00,98730.0,,73625.0,186.45091415798265,15.537576179831886,4899.001585207413,12.0,456.25013210061775,19.01042217085908,500523.426299452,860936.5254702837,1528764.7043868047,963408.2187188468,500523.426299452,1528764.7043868047,500523.426299452,2026-08-30 00:00:00+00:00,2026-09-18 00:15:00.475562224+00:00,V9599078_R5_D20260830,0
9599078,POPEYE,5,"Hay Point, Australia","Paradip, India",2026-08-31,2026-09-19 00:15:00.475562224+00:00,98730.0,,73625.0,186.45091415798265,15.537576179831886,4899.001585207413,12.0,456.25013210061775,19.01042217085908,500523.426299452,860936.5254702837,1528764.7043868047,963408.2187188468,500523.426299452,1528764.7043868047,500523.426299452,2026-08-31 00:00:00+00:00,2026-09-19 00:15:00.475562224+00:00,V9599078_R5_D20260831,0
9599078,POPEYE,5,"Hay Point, Australia","Paradip, India",2026-09-01,2026-09-20 00:15:00.475562224+00:00,98730.0,,73625.0,186.45091415798265,15.537576179831886,4899.001585207413,12.0,456.25013210061775,19.01042217085908,500523.426299452,860936.5254702837,1528764.7043868047,963408.2187188468,500523.426299452,1528764.7043868047,500523.426299452,2026-09-01 00:00:00+00:00,2026-09-20 00:15:00.475562224+00:00,V9599078_R5_D20260901,0
9599078,POPEYE,5,"Hay Point, Australia","Paradip, India",2026-09-02,2026-09-21 00:15:00.475562224+00:00,98730.0,,73625.0,186.45091415798265,15.537576179831886,4899.001585207413,12.0,456.25013210061775,19.01042217085908,500523.426299452,860936.5254702837,1528764.7043868047,963408.2187188468,500523.426299452,1528764.7043868047,500523.426299452,2026-09-02 00:00:00+00:00,2026-09-21 00:15:00.475562224+00:00,V9599078_R5_D20260902,0
9599078,POPEYE,5,"Hay Point, Australia","Paradip, India",2026-09-03,2026-09-22 00:15:00.475562224+00:00,98730.0,,73625.0,186.45091415798265,15.537576179831886,4899.001585207413,12.0,456.25013210061775,19.01042217085908,500523.426299452,860936.5254702837,1528764.7043868047,963408.2187188468,500523.426299452,1528764.7043868047,500523.426299452,2026-09-03 00:00:00+00:00,2026-09-22 00:15:00.475562224+00:00,V9599078_R5_D20260903,0
9599078,POPEYE,5,"Hay Point, Australia","Paradip, India",2026-09-04,2026-09-23 00:15:00.475562224+00:00,98730.0,,73625.0,186.45091415798265,15.537576179831886,4899.001585207413,12.0,456.25013210061775,19.01042217085908,500523.426299452,860936.5254702837,1528764.7043868047,963408.2187188468,500523.426299452,1528764.7043868047,500523.426299452,2026-09-04 00:00:00+00:00,2026-09-23 00:15:00.475562224+00:00,V9599078_R5_D20260904,0
9599078,POPEYE,5,"Hay Point, Australia","Paradip, India",2026-09-05,2026-09-24 00:15:00.475562224+00:00,98730.0,,73625.0,186.45091415798265,15.537576179831886,4899.001585207413,12.0,456.25013210061775,19.01042217085908,500523.426299452,860936.5254702837,1528764.7043868047,963408.2187188468,500523.426299452,1528764.7043868047,500523.426299452,2026-09-05 00:00:00+00:00,2026-09-24 00:15:00.475562224+00:00,V9599078_R5_D20260905,0
9599078,POPEYE,5,"Hay Point, Australia","Paradip, India",2026-09-06,2026-09-25 00:15:00.475562224+00:00,98730.0,,73625.0,186.45091415798265,15.537576179831886,4899.001585207413,12.0,456.25013210061775,19.01042217085908,500523.426299452,860936.5254702837,1528764.7043868047,963408.2187188468,500523.426299452,1528764.7043868047,500523.426299452,2026-09-06 00:00:00+00:00,2026-09-25 00:15:00.475562224+00:00,V9599078_R5_D20260906,0
9599078,POPEYE,5,"Hay Point, Australia","Paradip, India",2026-09-07,2026-09-26 00:15:00.475562224+00:00,98730.0,,73625.0,186.45091415798265,15.537576179831886,4899.001585207413,12.0,456.25013210061775,19.01042217085908,500523.426299452,860936.5254702837,1528764.7043868047,963408.2187188468,500523.426299452,1528764.7043868047,500523.426299452,2026-09-07 00:00:00+00:00,2026-09-26 00:15:00.475562224+00:00,V9599078_R5_D20260907,0
9599078,POPEYE,6,"Banjarmasin (South Kalimantan), Indonesia","Krishnapatnam, India",2026-09-06,2026-09-16 08:41:30.373981627+00:00,98730.0,,73625.0,2454.0318560817223,204.50265467347683,2408.301246605427,12.0,248.69177055045225,10.362157106268844,278349.81671025034,479907.8532133696,853385.22341313,537214.2977789167,278349.81671025034,853385.22341313,278349.81671025034,2026-09-06 00:00:00+00:00,2026-09-16 08:41:30.373981627+00:00,V9599078_R6_D20260906,1
9599078,POPEYE,6,"Banjarmasin (South Kalimantan), Indonesia","Krishnapatnam, India",2026-09-07,2026-09-17 08:41:30.373981627+00:00,98730.0,,73625.0,2454.0318560817223,204.50265467347683,2408.301246605427,12.0,248.69177055045225,10.362157106268844,278349.81671025034,479907.8532133696,853385.22341313,537214.2977789167,278349.81671025034,853385.22341313,278349.81671025034,2026-09-07 00:00:00+00:00,2026-09-17 08:41:30.373981627+00:00,V9599078_R6_D20260907,0
9599078,POPEYE,7,"East Kalimantan, Indonesia","Paradip, India",2026-09-07,2026-09-18 13:22:59.538985611+00:00,98730.0,,54625.0,2518.3125588483053,209.85937990402545,2752.598463285374,12.0,277.3832052737812,11.557633553074217,242481.04079876223,445884.9477837989,822782.6274154049,503716.2053326553,242481.04079876223,822782.6274154049,242481.04079876223,2026-09-07 00:00:00+00:00,2026-09-18 13:22:59.538985611+00:00,V9599078_R7_D20260907,0
9599078,POPEYE,8,"Banjarmasin (South Kalimantan), Indonesia","Dahej, India",2026-09-06,2026-09-19 22:56:05.366736398+00:00,98730.0,,73625.0,2454.0318560817223,204.50265467347683,3443.2178891213243,12.0,334.9348240934437,13.955617670560152,225672.4026007497,449435.9854982802,864059.1676692006,513055.8519227435,225672.4026007497,864059.1676692006,225672.4026007497,2026-09-06 00:00:00+00:00,2026-09-19 22:56:05.366736398+00:00,V9599078_R8_D20260906,0
9599078,POPEYE,8,"Banjarmasin (South Kalimantan), Indonesia","Dahej, India",2026-09-07,2026-09-20 22:56:05.366736398+00:00,98730.0,,73625.0,2454.0318560817223,204.50265467347683,3443.2178891213243,12.0,334.9348240934437,13.955617670560152,225672.4026007497,449435.9854982802,864059.1676692006,513055.8519227435,225672.4026007497,864059.1676692006,225672.4026007497,2026-09-07 00:00:00+00:00,2026-09-20 22:56:05.366736398+00:00,V9599078_R8_D20260907,0
9603398,CAPE RAINBOW,0,"Queensland (Gladstone / Hay Point), Australia","Visakhapatnam & Haldia, India",2026-08-30,2026-09-18 02:33:33.020025825+00:00,207886.0,,73625.0,195.343847171218,16.27865393093483,4926.710066752748,12.0,458.5591722293957,19.10663217622482,1961629.7030262216,2764445.611131865,4252024.967012267,2992700.0937234513,1961629.7030262216,4252024.967012267,1961629.7030262216,2026-08-30 00:00:00+00:00,2026-09-18 02:33:33.020025825+00:00,V9603398_R0_D20260830,0
9603398,CAPE RAINBOW,0,"Queensland (Gladstone / Hay Point), Australia","Visakhapatnam & Haldia, India",2026-08-31,2026-09-19 02:33:33.020025825+00:00,207886.0,,73625.0,195.343847171218,16.27865393093483,4926.710066752748,12.0,458.5591722293957,19.10663217622482,1961629.7030262216,2764445.611131865,4252024.967012267,2992700.0937234513,1961629.7030262216,4252024.967012267,1961629.7030262216,2026-08-31 00:00:00+00:00,2026-09-19 02:33:33.020025825+00:00,V9603398_R0_D20260831,0
9603398,CAPE RAINBOW,0,"Queensland (Gladstone / Hay Point), Australia","Visakhapatnam & Haldia, India",2026-09-01,2026-09-20 02:33:33.020025825+00:00,207886.0,,73625.0,195.343847171218,16.27865393093483,4926.710066752748,12.0,458.5591722293957,19.10663217622482,1961629.7030262216,2764445.611131865,4252024.967012267,2992700.0937234513,1961629.7030262216,4252024.967012267,1961629.7030262216,2026-09-01 00:00:00+00:00,2026-09-20 02:33:33.020025825+00:00,V9603398_R0_D20260901,0
9603398,CAPE RAINBOW,0,"Queensland (Gladstone / Hay Point), Australia","Visakhapatnam & Haldia, India",2026-09-02,2026-09-21 02:33:33.020025825+00:00,207886.0,,73625.0,195.343847171218,16.27865393093483,4926.710066752748,12.0,458.5591722293957,19.10663217622482,1961629.7030262216,2764445.611131865,4252024.967012267,2992700.0937234513,1961629.7030262216,4252024.967012267,1961629.7030262216,2026-09-02 00:00:00+00:00,2026-09-21 02:33:33.020025825+00:00,V9603398_R0_D20260902,0
9603398,CAPE RAINBOW,0,"Queensland (Gladstone / Hay Point), Australia","Visakhapatnam & Haldia, India",2026-09-03,2026-09-22 02:33:33.020025825+00:00,207886.0,,73625.0,195.343847171218,16.27865393093483,4926.710066752748,12.0,458.5591722293957,19.10663217622482,1961629.7030262216,2764445.611131865,4252024.967012267,2992700.0937234513,1961629.7030262216,4252024.967012267,1961629.7030262216,2026-09-03 00:00:00+00:00,2026-09-22 02:33:33.020025825+00:00,V9603398_R0_D20260903,0
9603398,CAPE RAINBOW,0,"Queensland (Gladstone / Hay Point), Australia","Visakhapatnam & Haldia, India",2026-09-04,2026-09-23 02:33:33.020025825+00:00,207886.0,,73625.0,195.343847171218,16.27865393093483,4926.710066752748,12.0,458.5591722293957,19.10663217622482,1961629.7030262216,2764445.611131865,4252024.967012267,2992700.0937234513,1961629.7030262216,4252024.967012267,1961629.7030262216,2026-09-04 00:00:00+00:00,2026-09-23 02:33:33.020025825+00:00,V9603398_R0_D20260904,0
9603398,CAPE RAINBOW,0,"Queensland (Gladstone / Hay Point), Australia","Visakhapatnam & Haldia, India",2026-09-05,2026-09-24 02:33:33.020025825+00:00,207886.0,,73625.0,195.343847171218,16.27865393093483,4926.710066752748,12.0,458.5591722293957,19.10663217622482,1961629.7030262216,2764445.611131865,4252024.967012267,2992700.0937234513,1961629.7030262216,4252024.967012267,1961629.7030262216,2026-09-05 00:00:00+00:00,2026-09-24 02:33:33.020025825+00:00,V9603398_R0_D20260905,0
9603398,CAPE RAINBOW,0,"Queensland (Gladstone / Hay Point), Australia","Visakhapatnam & Haldia, India",2026-09-06,2026-09-25 02:33:33.020025825+00:00,207886.0,,73625.0,195.343847171218,16.27865393093483,4926.710066752748,12.0,458.5591722293957,19.10663217622482,1961629.7030262216,2764445.611131865,4252024.967012267,2992700.0937234513,1961629.7030262216,4252024.967012267,1961629.7030262216,2026-09-06 00:00:00+00:00,2026-09-25 02:33:33.020025825+00:00,V9603398_R0_D20260906,0
9603398,CAPE RAINBOW,0,"Queensland (Gladstone / Hay Point), Australia","Visakhapatnam & Haldia, India",2026-09-07,2026-09-26 02:33:33.020025825+00:00,207886.0,,73625.0,195.343847171218,16.27865393093483,4926.710066752748,12.0,458.5591722293957,19.10663217622482,1961629.7030262216,2764445.611131865,4252024.967012267,2992700.0937234513,1961629.7030262216,4252024.967012267,1961629.7030262216,2026-09-07 00:00:00+00:00,2026-09-26 02:33:33.020025825+00:00,V9603398_R0_D20260907,0
9603398,CAPE RAINBOW,10,Indonesia,"Paradip, India",2026-09-06,2026-09-16 22:55:19.195249904+00:00,207886.0,,54625.0,2333.99602554844,194.4996687957033,2579.063984166344,12.0,262.92199868052865,10.95508327835536,483886.8554293813,753824.7506805515,1254006.7180421222,830572.7747173518,483886.8554293813,1254006.7180421222,483886.8554293813,2026-09-06 00:00:00+00:00,2026-09-16 22:55:19.195249904+00:00,V9603398_R10_D20260906,0
9603398,CAPE RAINBOW,10,Indonesia,"Paradip, India",2026-09-07,2026-09-17 22:55:19.195249904+00:00,207886.0,,54625.0,2333.99602554844,194.4996687957033,2579.063984166344,12.0,262.92199868052865,10.95508327835536,483886.8554293813,753824.7506805515,1254006.7180421222,830572.7747173518,483886.8554293813,1254006.7180421222,483886.8554293813,2026-09-07 00:00:00+00:00,2026-09-17 22:55:19.195249904+00:00,V9603398_R10_D20260907,0
9603398,CAPE RAINBOW,11,"Hay Point, Australia","Visakhapatnam, India",2026-08-30,2026-09-18 02:33:33.020025825+00:00,207886.0,,73625.0,195.343847171218,16.27865393093483,4926.710066752748,12.0,458.5591722293957,19.10663217622482,878815.7326054362,1354526.8611318655,2235996.7560524866,1489779.783263263,878815.7326054362,2235996.7560524866,878815.7326054362,2026-08-30 00:00:00+00:00,2026-09-18 02:33:33.020025825+00:00,V9603398_R11_D20260830,0
9603398,CAPE RAINBOW,11,"Hay Point, Australia","Visakhapatnam, India",2026-08-31,2026-09-19 02:33:33.020025825+00:00,207886.0,,73625.0,195.343847171218,16.27865393093483,4926.710066752748,12.0,458.5591722293957,19.10663217622482,878815.7326054362,1354526.8611318655,2235996.7560524866,1489779.783263263,878815.7326054362,2235996.7560524866,878815.7326054362,2026-08-31 00:00:00+00:00,2026-09-19 02:33:33.020025825+00:00,V9603398_R11_D20260831,0
9603398,CAPE RAINBOW,11,"Hay Point, Australia","Visakhapatnam, India",2026-09-01,2026-09-20 02:33:33.020025825+00:00,207886.0,,73625.0,195.343847171218,16.27865393093483,4926.710066752748,12.0,458.5591722293957,19.10663217622482,878815.7326054362,1354526.8611318655,2235996.7560524866,1489779.783263263,878815.7326054362,2235996.7560524866,878815.7326054362,2026-09-01 00:00:00+00:00,2026-09-20 02:33:33.020025825+00:00,V9603398_R11_D20260901,0
9603398,CAPE RAINBOW,11,"Hay Point, Australia","Visakhapatnam, India",2026-09-02,2026-09-21 02:33:33.020025825+00:00,207886.0,,73625.0,195.343847171218,16.27865393093483,4926.710066752748,12.0,458.5591722293957,19.10663217622482,878815.7326054362,1354526.8611318655,2235996.7560524866,1489779.783263263,878815.7326054362,2235996.7560524866,878815.7326054362,2026-09-02 00:00:00+00:00,2026-09-21 02:33:33.020025825+00:00,V9603398_R11_D20260902,0
9603398,CAPE RAINBOW,11,"Hay Point, Australia","Visakhapatnam, India",2026-09-03,2026-09-22 02:33:33.020025825+00:00,207886.0,,73625.0,195.343847171218,16.27865393093483,4926.710066752748,12.0,458.5591722293957,19.10663217622482,878815.7326054362,1354526.8611318655,2235996.7560524866,1489779.783263263,878815.7326054362,2235996.7560524866,878815.7326054362,2026-09-03 00:00:00+00:00,2026-09-22 02:33:33.020025825+00:00,V9603398_R11_D20260903,0
9603398,CAPE RAINBOW,11,"Hay Point, Australia","Visakhapatnam, India",2026-09-04,2026-09-23 02:33:33.020025825+00:00,207886.0,,73625.0,195.343847171218,16.27865393093483,4926.710066752748,12.0,458.5591722293957,19.10663217622482,878815.7326054362,1354526.8611318655,2235996.7560524866,1489779.783263263,878815.7326054362,2235996.7560524866,878815.7326054362,2026-09-04 00:00:00+00:00,2026-09-23 02:33:33.020025825+00:00,V9603398_R11_D20260904,0
9603398,CAPE RAINBOW,11,"Hay Point, Australia","Visakhapatnam, India",2026-09-05,2026-09-24 02:33:33.020025825+00:00,207886.0,,73625.0,195.343847171218,16.27865393093483,4926.710066752748,12.0,458.5591722293957,19.10663217622482,878815.7326054362,1354526.8611318655,2235996.7560524866,1489779.783263263,878815.7326054362,2235996.7560524866,878815.7326054362,2026-09-05 00:00:00+00:00,2026-09-24 02:33:33.020025825+00:00,V9603398_R11_D20260905,0
9603398,CAPE RAINBOW,11,"Hay Point, Australia","Visakhapatnam, India",2026-09-06,2026-09-25 02:33:33.020025825+00:00,207886.0,,73625.0,195.343847171218,16.27865393093483,4926.710066752748,12.0,458.5591722293957,19.10663217622482,878815.7326054362,1354526.8611318655,2235996.7560524866,1489779.783263263,878815.7326054362,2235996.7560524866,878815.7326054362,2026-09-06 00:00:00+00:00,2026-09-25 02:33:33.020025825+00:00,V9603398_R11_D20260906,0
9603398,CAPE RAINBOW,11,"Hay Point, Australia","Visakhapatnam, India",2026-09-07,2026-09-26 02:33:33.020025825+00:00,207886.0,,73625.0,195.343847171218,16.27865393093483,4926.710066752748,12.0,458.5591722293957,19.10663217622482,878815.7326054362,1354526.8611318655,2235996.7560524866,1489779.783263263,878815.7326054362,2235996.7560524866,878815.7326054362,2026-09-07 00:00:00+00:00,2026-09-26 02:33:33.020025825+00:00,V9603398_R11_D20260907,0
9603398,CAPE RAINBOW,13,"Adang Bay (East Kalimantan), Indonesia","Kandla, India",2026-09-06,2026-09-21 15:09:31.159862762+00:00,207886.0,,54625.0,2435.195580853308,202.932965071109,3925.90386620921,12.0,375.15865551743417,15.631610646559755,537820.2656598565,873658.4921460542,1495950.611163971,969143.1229899606,537820.2656598565,1495950.611163971,537820.2656598565,2026-09-06 00:00:00+00:00,2026-09-21 15:09:31.159862762+00:00,V9603398_R13_D20260906,0
9603398,CAPE RAINBOW,13,"Adang Bay (East Kalimantan), Indonesia","Kandla, India",2026-09-07,2026-09-22 15:09:31.159862762+00:00,207886.0,,54625.0,2435.195580853308,202.932965071109,3925.90386620921,12.0,375.15865551743417,15.631610646559755,537820.2656598565,873658.4921460542,1495950.611163971,969143.1229899606,537820.2656598565,1495950.611163971,537820.2656598565,2026-09-07 00:00:00+00:00,2026-09-22 15:09:31.159862762+00:00,V9603398_R13_D20260907,0
9603398,CAPE RAINBOW,14,"East Kalimantan, Indonesia","Paradip, India",2026-09-07,2026-09-18 13:22:59.538985611+00:00,207886.0,,54625.0,2531.434413516499,210.9528677930416,2752.598463285374,12.0,277.3832052737812,11.557633553074217,198431.58845198888,388528.6977837989,740769.5198694121,442576.6020350666,198431.58845198888,740769.5198694121,198431.58845198888,2026-09-07 00:00:00+00:00,2026-09-18 13:22:59.538985611+00:00,V9603398_R14_D20260907,0
9603398,CAPE RAINBOW,17,"Queensland, Australia","Haldia, India",2026-08-30,2026-09-17 10:21:45.174865291+00:00,207886.0,,73625.0,396.2127325575321,33.01772771312768,4732.350582884308,12.0,442.3625485736923,18.43177285723718,475607.6485746149,822355.7961181165,1464863.4753600769,920942.3066842695,475607.6485746149,1464863.4753600769,475607.6485746149,2026-08-30 00:00:00+00:00,2026-09-17 10:21:45.174865291+00:00,V9603398_R17_D20260830,0
9603398,CAPE RAINBOW,17,"Queensland, Australia","Haldia, India",2026-08-31,2026-09-18 10:21:45.174865291+00:00,207886.0,,73625.0,396.2127325575321,33.01772771312768,4732.350582884308,12.0,442.3625485736923,18.43177285723718,475607.6485746149,822355.7961181165,1464863.4753600769,920942.3066842695,475607.6485746149,1464863.4753600769,475607.6485746149,2026-08-31 00:00:00+00:00,2026-09-18 10:21:45.174865291+00:00,V9603398_R17_D20260831,0
9603398,CAPE RAINBOW,17,"Queensland, Australia","Haldia, India",2026-09-01,2026-09-19 10:21:45.174865291+00:00,207886.0,,73625.0,396.2127325575321,33.01772771312768,4732.350582884308,12.0,442.3625485736923,18.43177285723718,475607.6485746149,822355.7961181165,1464863.4753600769,920942.3066842695,475607.6485746149,1464863.4753600769,475607.6485746149,2026-09-01 00:00:00+00:00,2026-09-19 10:21:45.174865291+00:00,V9603398_R17_D20260901,0
9603398,CAPE RAINBOW,17,"Queensland, Australia","Haldia, India",2026-09-02,2026-09-20 10:21:45.174865291+00:00,207886.0,,73625.0,396.2127325575321,33.01772771312768,4732.350582884308,12.0,442.3625485736923,18.43177285723718,475607.6485746149,822355.7961181165,1464863.4753600769,920942.3066842695,475607.6485746149,1464863.4753600769,475607.6485746149,2026-09-02 00:00:00+00:00,2026-09-20 10:21:45.174865291+00:00,V9603398_R17_D20260902,0
9603398,CAPE RAINBOW,17,"Queensland, Australia","Haldia, India",2026-09-03,2026-09-21 10:21:45.174865291+00:00,207886.0,,73625.0,396.2127325575321,33.01772771312768,4732.350582884308,12.0,442.3625485736923,18.43177285723718,475607.6485746149,822355.7961181165,1464863.4753600769,920942.3066842695,475607.6485746149,1464863.4753600769,475607.6485746149,2026-09-03 00:00:00+00:00,2026-09-21 10:21:45.174865291+00:00,V9603398_R17_D20260903,0
9603398,CAPE RAINBOW,17,"Queensland, Australia","Haldia, India",2026-09-04,2026-09-22 10:21:45.174865291+00:00,207886.0,,73625.0,396.2127325575321,33.01772771312768,4732.350582884308,12.0,442.3625485736923,18.43177285723718,475607.6485746149,822355.7961181165,1464863.4753600769,920942.3066842695,475607.6485746149,1464863.4753600769,475607.6485746149,2026-09-04 00:00:00+00:00,2026-09-22 10:21:45.174865291+00:00,V9603398_R17_D20260904,0
9603398,CAPE RAINBOW,17,"Queensland, Australia","Haldia, India",2026-09-05,2026-09-23 10:21:45.174865291+00:00,207886.0,,73625.0,396.2127325575321,33.01772771312768,4732.350582884308,12.0,442.3625485736923,18.43177285723718,475607.6485746149,822355.7961181165,1464863.4753600769,920942.3066842695,475607.6485746149,1464863.4753600769,475607.6485746149,2026-09-05 00:00:00+00:00,2026-09-23 10:21:45.174865291+00:00,V9603398_R17_D20260905,0
9603398,CAPE RAINBOW,17,"Queensland, Australia","Haldia, India",2026-09-06,2026-09-24 10:21:45.174865291+00:00,207886.0,,73625.0,396.2127325575321,33.01772771312768,4732.350582884308,12.0,442.3625485736923,18.43177285723718,475607.6485746149,822355.7961181165,1464863.4753600769,920942.3066842695,475607.6485746149,1464863.4753600769,475607.6485746149,2026-09-06 00:00:00+00:00,2026-09-24 10:21:45.174865291+00:00,V9603398_R17_D20260906,0
9603398,CAPE RAINBOW,17,"Queensland, Australia","Haldia, India",2026-09-07,2026-09-25 10:21:45.174865291+00:00,207886.0,,73625.0,396.2127325575321,33.01772771312768,4732.350582884308,12.0,442.3625485736923,18.43177285723718,475607.6485746149,822355.7961181165,1464863.4753600769,920942.3066842695,475607.6485746149,1464863.4753600769,475607.6485746149,2026-09-07 00:00:00+00:00,2026-09-25 10:21:45.174865291+00:00,V9603398_R17_D20260907,0
9603398,CAPE RAINBOW,2,"Hay Point, Australia","Paradip, India",2026-08-30,2026-09-18 00:15:00.475562224+00:00,207886.0,,73625.0,195.343847171218,16.27865393093483,4899.001585207413,12.0,456.25013210061775,19.01042217085908,87753.60989883915,323474.0254702837,760252.6448564442,390493.4267418557,87753.60989883915,760252.6448564442,87753.60989883915,2026-08-30 00:00:00+00:00,2026-09-18 00:15:00.475562224+00:00,V9603398_R2_D20260830,0
9603398,CAPE RAINBOW,2,"Hay Point, Australia","Paradip, India",2026-08-31,2026-09-19 00:15:00.475562224+00:00,207886.0,,73625.0,195.343847171218,16.27865393093483,4899.001585207413,12.0,456.25013210061775,19.01042217085908,87753.60989883915,323474.0254702837,760252.6448564442,390493.4267418557,87753.60989883915,760252.6448564442,87753.60989883915,2026-08-31 00:00:00+00:00,2026-09-19 00:15:00.475562224+00:00,V9603398_R2_D20260831,0
9603398,CAPE RAINBOW,2,"Hay Point, Australia","Paradip, India",2026-09-01,2026-09-20 00:15:00.475562224+00:00,207886.0,,73625.0,195.343847171218,16.27865393093483,4899.001585207413,12.0,456.25013210061775,19.01042217085908,87753.60989883915,323474.0254702837,760252.6448564442,390493.4267418557,87753.60989883915,760252.6448564442,87753.60989883915,2026-09-01 00:00:00+00:00,2026-09-20 00:15:00.475562224+00:00,V9603398_R2_D20260901,0
9603398,CAPE RAINBOW,2,"Hay Point, Australia","Paradip, India",2026-09-02,2026-09-21 00:15:00.475562224+00:00,207886.0,,73625.0,195.343847171218,16.27865393093483,4899.001585207413,12.0,456.25013210061775,19.01042217085908,87753.60989883915,323474.0254702837,760252.6448564442,390493.4267418557,87753.60989883915,760252.6448564442,87753.60989883915,2026-09-02 00:00:00+00:00,2026-09-21 00:15:00.475562224+00:00,V9603398_R2_D20260902,0
9603398,CAPE RAINBOW,2,"Hay Point, Australia","Paradip, India",2026-09-03,2026-09-22 00:15:00.475562224+00:00,207886.0,,73625.0,195.343847171218,16.27865393093483,4899.001585207413,12.0,456.25013210061775,19.01042217085908,87753.60989883915,323474.0254702837,760252.6448564442,390493.4267418557,87753.60989883915,760252.6448564442,87753.60989883915,2026-09-03 00:00:00+00:00,2026-09-22 00:15:00.475562224+00:00,V9603398_R2_D20260903,0
9603398,CAPE RAINBOW,2,"Hay Point, Australia","Paradip, India",2026-09-04,2026-09-23 00:15:00.475562224+00:00,207886.0,,73625.0,195.343847171218,16.27865393093483,4899.001585207413,12.0,456.25013210061775,19.01042217085908,87753.60989883915,323474.0254702837,760252.6448564442,390493.4267418557,87753.60989883915,760252.6448564442,87753.60989883915,2026-09-04 00:00:00+00:00,2026-09-23 00:15:00.475562224+00:00,V9603398_R2_D20260904,0
9603398,CAPE RAINBOW,2,"Hay Point, Australia","Paradip, India",2026-09-05,2026-09-24 00:15:00.475562224+00:00,207886.0,,73625.0,195.343847171218,16.27865393093483,4899.001585207413,12.0,456.25013210061775,19.01042217085908,87753.60989883915,323474.0254702837,760252.6448564442,390493.4267418557,87753.60989883915,760252.6448564442,87753.60989883915,2026-09-05 00:00:00+00:00,2026-09-24 00:15:00.475562224+00:00,V9603398_R2_D20260905,0
9603398,CAPE RAINBOW,2,"Hay Point, Australia","Paradip, India",2026-09-06,2026-09-25 00:15:00.475562224+00:00,207886.0,,73625.0,195.343847171218,16.27865393093483,4899.001585207413,12.0,456.25013210061775,19.01042217085908,87753.60989883915,323474.0254702837,760252.6448564442,390493.4267418557,87753.60989883915,760252.6448564442,87753.60989883915,2026-09-06 00:00:00+00:00,2026-09-25 00:15:00.475562224+00:00,V9603398_R2_D20260906,0
9603398,CAPE RAINBOW,2,"Hay Point, Australia","Paradip, India",2026-09-07,2026-09-26 00:15:00.475562224+00:00,207886.0,,73625.0,195.343847171218,16.27865393093483,4899.001585207413,12.0,456.25013210061775,19.01042217085908,87753.60989883915,323474.0254702837,760252.6448564442,390493.4267418557,87753.60989883915,760252.6448564442,87753.60989883915,2026-09-07 00:00:00+00:00,2026-09-26 00:15:00.475562224+00:00,V9603398_R2_D20260907,0
9603398,CAPE RAINBOW,20,East Coast Australia,East Coast India,2026-08-30,2026-09-19 12:08:52.530079941+00:00,207886.0,,166250.0,235.04322473924327,19.58693539493694,5329.775100266468,12.0,492.1479250222057,20.506163542591903,1751061.700185706,2505113.5672018854,3902335.494808152,2719503.587398581,1751061.700185706,3902335.494808152,1751061.700185706,2026-08-30 00:00:00+00:00,2026-09-19 12:08:52.530079941+00:00,V9603398_R20_D20260830,0
9603398,CAPE RAINBOW,20,East Coast Australia,East Coast India,2026-08-31,2026-09-20 12:08:52.530079941+00:00,207886.0,,166250.0,235.04322473924327,19.58693539493694,5329.775100266468,12.0,492.1479250222057,20.506163542591903,1751061.700185706,2505113.5672018854,3902335.494808152,2719503.587398581,1751061.700185706,3902335.494808152,1751061.700185706,2026-08-31 00:00:00+00:00,2026-09-20 12:08:52.530079941+00:00,V9603398_R20_D20260831,0
9603398,CAPE RAINBOW,20,East Coast Australia,East Coast India,2026-09-01,2026-09-21 12:08:52.530079941+00:00,207886.0,,166250.0,235.04322473924327,19.58693539493694,5329.775100266468,12.0,492.1479250222057,20.506163542591903,1751061.700185706,2505113.5672018854,3902335.494808152,2719503.587398581,1751061.700185706,3902335.494808152,1751061.700185706,2026-09-01 00:00:00+00:00,2026-09-21 12:08:52.530079941+00:00,V9603398_R20_D20260901,0
9603398,CAPE RAINBOW,20,East Coast Australia,East Coast India,2026-09-02,2026-09-22 12:08:52.530079941+00:00,207886.0,,166250.0,235.04322473924327,19.58693539493694,5329.775100266468,12.0,492.1479250222057,20.506163542591903,1751061.700185706,2505113.5672018854,3902335.494808152,2719503.587398581,1751061.700185706,3902335.494808152,1751061.700185706,2026-09-02 00:00:00+00:00,2026-09-22 12:08:52.530079941+00:00,V9603398_R20_D20260902,0
9603398,CAPE RAINBOW,20,East Coast Australia,East Coast India,2026-09-03,2026-09-23 12:08:52.530079941+00:00,207886.0,,166250.0,235.04322473924327,19.58693539493694,5329.775100266468,12.0,492.1479250222057,20.506163542591903,1751061.700185706,2505113.5672018854,3902335.494808152,2719503.587398581,1751061.700185706,3902335.494808152,1751061.700185706,2026-09-03 00:00:00+00:00,2026-09-23 12:08:52.530079941+00:00,V9603398_R20_D20260903,0
9603398,CAPE RAINBOW,20,East Coast Australia,East Coast India,2026-09-04,2026-09-24 12:08:52.530079941+00:00,207886.0,,166250.0,235.04322473924327,19.58693539493694,5329.775100266468,12.0,492.1479250222057,20.506163542591903,1751061.700185706,2505113.5672018854,3902335.494808152,2719503.587398581,1751061.700185706,3902335.494808152,1751061.700185706,2026-09-04 00:00:00+00:00,2026-09-24 12:08:52.530079941+00:00,V9603398_R20_D20260904,0
9603398,CAPE RAINBOW,20,East Coast Australia,East Coast India,2026-09-05,2026-09-25 12:08:52.530079941+00:00,207886.0,,166250.0,235.04322473924327,19.58693539493694,5329.775100266468,12.0,492.1479250222057,20.506163542591903,1751061.700185706,2505113.5672018854,3902335.494808152,2719503.587398581,1751061.700185706,3902335.494808152,1751061.700185706,2026-09-05 00:00:00+00:00,2026-09-25 12:08:52.530079941+00:00,V9603398_R20_D20260905,0
9603398,CAPE RAINBOW,20,East Coast Australia,East Coast India,2026-09-06,2026-09-26 12:08:52.530079941+00:00,207886.0,,166250.0,235.04322473924327,19.58693539493694,5329.775100266468,12.0,492.1479250222057,20.506163542591903,1751061.700185706,2505113.5672018854,3902335.494808152,2719503.587398581,1751061.700185706,3902335.494808152,1751061.700185706,2026-09-06 00:00:00+00:00,2026-09-26 12:08:52.530079941+00:00,V9603398_R20_D20260906,0
9603398,CAPE RAINBOW,20,East Coast Australia,East Coast India,2026-09-07,2026-09-27 12:08:52.530079941+00:00,207886.0,,166250.0,235.04322473924327,19.58693539493694,5329.775100266468,12.0,492.1479250222057,20.506163542591903,1751061.700185706,2505113.5672018854,3902335.494808152,2719503.587398581,1751061.700185706,3902335.494808152,1751061.700185706,2026-09-07 00:00:00+00:00,2026-09-27 12:08:52.530079941+00:00,V9603398_R20_D20260907,0
9603398,CAPE RAINBOW,21,Indonesia,East Coast India,2026-09-06,2026-09-16 22:55:19.195249904+00:00,207886.0,,166250.0,2333.99602554844,194.4996687957033,2579.063984166344,12.0,262.92199868052865,10.95508327835536,1818320.7824231428,2491374.7506805514,3738511.458441642,2682735.6638484453,1818320.7824231428,3738511.458441642,1818320.7824231428,2026-09-06 00:00:00+00:00,2026-09-16 22:55:19.195249904+00:00,V9603398_R21_D20260906,0
9603398,CAPE RAINBOW,21,Indonesia,East Coast India,2026-09-07,2026-09-17 22:55:19.195249904+00:00,207886.0,,166250.0,2333.99602554844,194.4996687957033,2579.063984166344,12.0,262.92199868052865,10.95508327835536,1818320.7824231428,2491374.7506805514,3738511.458441642,2682735.6638484453,1818320.7824231428,3738511.458441642,1818320.7824231428,2026-09-07 00:00:00+00:00,2026-09-17 22:55:19.195249904+00:00,V9603398_R21_D20260907,1
9603398,CAPE RAINBOW,22,Indonesia,West Coast India,2026-09-06,2026-09-21 15:25:14.169031453+00:00,207886.0,,73625.0,2333.99602554844,194.4996687957033,3929.0472301048458,12.0,375.4206025087372,15.642525104530714,426538.176199725,728875.230954404,1289091.2862540442,814834.8978027244,426538.176199725,1289091.2862540442,426538.176199725,2026-09-06 00:00:00+00:00,2026-09-21 15:25:14.169031453+00:00,V9603398_R22_D20260906,0
9603398,CAPE RAINBOW,22,Indonesia,West Coast India,2026-09-07,2026-09-22 15:25:14.169031453+00:00,207886.0,,73625.0,2333.99602554844,194.4996687957033,3929.0472301048458,12.0,375.4206025087372,15.642525104530714,426538.176199725,728875.230954404,1289091.2862540442,814834.8978027244,426538.176199725,1289091.2862540442,426538.176199725,2026-09-07 00:00:00+00:00,2026-09-22 15:25:14.169031453+00:00,V9603398_R22_D20260907,0
9603398,CAPE RAINBOW,3,"East Kalimantan, Indonesia","Navlakhi, India",2026-09-07,2026-09-23 05:52:54.512767164+00:00,207886.0,,54625.0,2531.434413516499,210.9528677930416,4102.581709223877,12.0,389.88180910198975,16.245075379249574,178565.98357952503,412385.42805765127,845641.6392229553,478864.35028671054,178565.98357952503,845641.6392229553,178565.98357952503,2026-09-07 00:00:00+00:00,2026-09-23 05:52:54.512767164+00:00,V9603398_R3_D20260907,0
9603398,CAPE RAINBOW,4,"Hay Point, Australia","Visakhapatnam, India",2026-08-30,2026-09-18 02:33:33.020025825+00:00,207886.0,,73625.0,195.343847171218,16.27865393093483,4926.710066752748,12.0,458.5591722293957,19.10663217622482,621541.3949858759,1019533.1111318654,1756992.664153426,1132689.056757056,621541.3949858759,1756992.664153426,621541.3949858759,2026-08-30 00:00:00+00:00,2026-09-18 02:33:33.020025825+00:00,V9603398_R4_D20260830,0
9603398,CAPE RAINBOW,4,"Hay Point, Australia","Visakhapatnam, India",2026-08-31,2026-09-19 02:33:33.020025825+00:00,207886.0,,73625.0,195.343847171218,16.27865393093483,4926.710066752748,12.0,458.5591722293957,19.10663217622482,621541.3949858759,1019533.1111318654,1756992.664153426,1132689.056757056,621541.3949858759,1756992.664153426,621541.3949858759,2026-08-31 00:00:00+00:00,2026-09-19 02:33:33.020025825+00:00,V9603398_R4_D20260831,0
9603398,CAPE RAINBOW,4,"Hay Point, Australia","Visakhapatnam, India",2026-09-01,2026-09-20 02:33:33.020025825+00:00,207886.0,,73625.0,195.343847171218,16.27865393093483,4926.710066752748,12.0,458.5591722293957,19.10663217622482,621541.3949858759,1019533.1111318654,1756992.664153426,1132689.056757056,621541.3949858759,1756992.664153426,621541.3949858759,2026-09-01 00:00:00+00:00,2026-09-20 02:33:33.020025825+00:00,V9603398_R4_D20260901,0
9603398,CAPE RAINBOW,4,"Hay Point, Australia","Visakhapatnam, India",2026-09-02,2026-09-21 02:33:33.020025825+00:00,207886.0,,73625.0,195.343847171218,16.27865393093483,4926.710066752748,12.0,458.5591722293957,19.10663217622482,621541.3949858759,1019533.1111318654,1756992.664153426,1132689.056757056,621541.3949858759,1756992.664153426,621541.3949858759,2026-09-02 00:00:00+00:00,2026-09-21 02:33:33.020025825+00:00,V9603398_R4_D20260902,0
9603398,CAPE RAINBOW,4,"Hay Point, Australia","Visakhapatnam, India",2026-09-03,2026-09-22 02:33:33.020025825+00:00,207886.0,,73625.0,195.343847171218,16.27865393093483,4926.710066752748,12.0,458.5591722293957,19.10663217622482,621541.3949858759,1019533.1111318654,1756992.664153426,1132689.056757056,621541.3949858759,1756992.664153426,621541.3949858759,2026-09-03 00:00:00+00:00,2026-09-22 02:33:33.020025825+00:00,V9603398_R4_D20260903,0
9603398,CAPE RAINBOW,4,"Hay Point, Australia","Visakhapatnam, India",2026-09-04,2026-09-23 02:33:33.020025825+00:00,207886.0,,73625.0,195.343847171218,16.27865393093483,4926.710066752748,12.0,458.5591722293957,19.10663217622482,621541.3949858759,1019533.1111318654,1756992.664153426,1132689.056757056,621541.3949858759,1756992.664153426,621541.3949858759,2026-09-04 00:00:00+00:00,2026-09-23 02:33:33.020025825+00:00,V9603398_R4_D20260904,0
9603398,CAPE RAINBOW,4,"Hay Point, Australia","Visakhapatnam, India",2026-09-05,2026-09-24 02:33:33.020025825+00:00,207886.0,,73625.0,195.343847171218,16.27865393093483,4926.710066752748,12.0,458.5591722293957,19.10663217622482,621541.3949858759,1019533.1111318654,1756992.664153426,1132689.056757056,621541.3949858759,1756992.664153426,621541.3949858759,2026-09-05 00:00:00+00:00,2026-09-24 02:33:33.020025825+00:00,V9603398_R4_D20260905,0
9603398,CAPE RAINBOW,4,"Hay Point, Australia","Visakhapatnam, India",2026-09-06,2026-09-25 02:33:33.020025825+00:00,207886.0,,73625.0,195.343847171218,16.27865393093483,4926.710066752748,12.0,458.5591722293957,19.10663217622482,621541.3949858759,1019533.1111318654,1756992.664153426,1132689.056757056,621541.3949858759,1756992.664153426,621541.3949858759,2026-09-06 00:00:00+00:00,2026-09-25 02:33:33.020025825+00:00,V9603398_R4_D20260906,0
9603398,CAPE RAINBOW,4,"Hay Point, Australia","Visakhapatnam, India",2026-09-07,2026-09-26 02:33:33.020025825+00:00,207886.0,,73625.0,195.343847171218,16.27865393093483,4926.710066752748,12.0,458.5591722293957,19.10663217622482,621541.3949858759,1019533.1111318654,1756992.664153426,1132689.056757056,621541.3949858759,1756992.664153426,621541.3949858759,2026-09-07 00:00:00+00:00,2026-09-26 02:33:33.020025825+00:00,V9603398_R4_D20260907,0
9603398,CAPE RAINBOW,5,"Hay Point, Australia","Paradip, India",2026-08-30,2026-09-18 00:15:00.475562224+00:00,207886.0,,73625.0,195.343847171218,16.27865393093483,4899.001585207413,12.0,456.25013210061775,19.01042217085908,500523.426299452,860936.5254702837,1528764.7043868047,963408.2187188468,500523.426299452,1528764.7043868047,500523.426299452,2026-08-30 00:00:00+00:00,2026-09-18 00:15:00.475562224+00:00,V9603398_R5_D20260830,0
9603398,CAPE RAINBOW,5,"Hay Point, Australia","Paradip, India",2026-08-31,2026-09-19 00:15:00.475562224+00:00,207886.0,,73625.0,195.343847171218,16.27865393093483,4899.001585207413,12.0,456.25013210061775,19.01042217085908,500523.426299452,860936.5254702837,1528764.7043868047,963408.2187188468,500523.426299452,1528764.7043868047,500523.426299452,2026-08-31 00:00:00+00:00,2026-09-19 00:15:00.475562224+00:00,V9603398_R5_D20260831,0
9603398,CAPE RAINBOW,5,"Hay Point, Australia","Paradip, India",2026-09-01,2026-09-20 00:15:00.475562224+00:00,207886.0,,73625.0,195.343847171218,16.27865393093483,4899.001585207413,12.0,456.25013210061775,19.01042217085908,500523.426299452,860936.5254702837,1528764.7043868047,963408.2187188468,500523.426299452,1528764.7043868047,500523.426299452,2026-09-01 00:00:00+00:00,2026-09-20 00:15:00.475562224+00:00,V9603398_R5_D20260901,0
9603398,CAPE RAINBOW,5,"Hay Point, Australia","Paradip, India",2026-09-02,2026-09-21 00:15:00.475562224+00:00,207886.0,,73625.0,195.343847171218,16.27865393093483,4899.001585207413,12.0,456.25013210061775,19.01042217085908,500523.426299452,860936.5254702837,1528764.7043868047,963408.2187188468,500523.426299452,1528764.7043868047,500523.426299452,2026-09-02 00:00:00+00:00,2026-09-21 00:15:00.475562224+00:00,V9603398_R5_D20260902,0
9603398,CAPE RAINBOW,5,"Hay Point, Australia","Paradip, India",2026-09-03,2026-09-22 00:15:00.475562224+00:00,207886.0,,73625.0,195.343847171218,16.27865393093483,4899.001585207413,12.0,456.25013210061775,19.01042217085908,500523.426299452,860936.5254702837,1528764.7043868047,963408.2187188468,500523.426299452,1528764.7043868047,500523.426299452,2026-09-03 00:00:00+00:00,2026-09-22 00:15:00.475562224+00:00,V9603398_R5_D20260903,0
9603398,CAPE RAINBOW,5,"Hay Point, Australia","Paradip, India",2026-09-04,2026-09-23 00:15:00.475562224+00:00,207886.0,,73625.0,195.343847171218,16.27865393093483,4899.001585207413,12.0,456.25013210061775,19.01042217085908,500523.426299452,860936.5254702837,1528764.7043868047,963408.2187188468,500523.426299452,1528764.7043868047,500523.426299452,2026-09-04 00:00:00+00:00,2026-09-23 00:15:00.475562224+00:00,V9603398_R5_D20260904,0
9603398,CAPE RAINBOW,5,"Hay Point, Australia","Paradip, India",2026-09-05,2026-09-24 00:15:00.475562224+00:00,207886.0,,73625.0,195.343847171218,16.27865393093483,4899.001585207413,12.0,456.25013210061775,19.01042217085908,500523.426299452,860936.5254702837,1528764.7043868047,963408.2187188468,500523.426299452,1528764.7043868047,500523.426299452,2026-09-05 00:00:00+00:00,2026-09-24 00:15:00.475562224+00:00,V9603398_R5_D20260905,0
9603398,CAPE RAINBOW,5,"Hay Point, Australia","Paradip, India",2026-09-06,2026-09-25 00:15:00.475562224+00:00,207886.0,,73625.0,195.343847171218,16.27865393093483,4899.001585207413,12.0,456.25013210061775,19.01042217085908,500523.426299452,860936.5254702837,1528764.7043868047,963408.2187188468,500523.426299452,1528764.7043868047,500523.426299452,2026-09-06 00:00:00+00:00,2026-09-25 00:15:00.475562224+00:00,V9603398_R5_D20260906,0
9603398,CAPE RAINBOW,5,"Hay Point, Australia","Paradip, India",2026-09-07,2026-09-26 00:15:00.475562224+00:00,207886.0,,73625.0,195.343847171218,16.27865393093483,4899.001585207413,12.0,456.25013210061775,19.01042217085908,500523.426299452,860936.5254702837,1528764.7043868047,963408.2187188468,500523.426299452,1528764.7043868047,500523.426299452,2026-09-07 00:00:00+00:00,2026-09-26 00:15:00.475562224+00:00,V9603398_R5_D20260907,0
9603398,CAPE RAINBOW,6,"Banjarmasin (South Kalimantan), Indonesia","Krishnapatnam, India",2026-09-07,2026-09-17 08:41:30.373981627+00:00,207886.0,,73625.0,2468.1351628028706,205.6779302335725,2408.301246605427,12.0,248.69177055045225,10.362157106268844,278349.81671025034,479907.8532133696,853385.22341313,537214.2977789167,278349.81671025034,853385.22341313,278349.81671025034,2026-09-07 00:00:00+00:00,2026-09-17 08:41:30.373981627+00:00,V9603398_R6_D20260907,0
9603398,CAPE RAINBOW,7,"East Kalimantan, Indonesia","Paradip, India",2026-09-07,2026-09-18 13:22:59.538985611+00:00,207886.0,,54625.0,2531.434413516499,210.9528677930416,2752.598463285374,12.0,277.3832052737812,11.557633553074217,242481.04079876223,445884.9477837989,822782.6274154049,503716.2053326553,242481.04079876223,822782.6274154049,242481.04079876223,2026-09-07 00:00:00+00:00,2026-09-18 13:22:59.538985611+00:00,V9603398_R7_D20260907,0
9603398,CAPE RAINBOW,8,"Banjarmasin (South Kalimantan), Indonesia","Dahej, India",2026-09-07,2026-09-20 22:56:05.366736398+00:00,207886.0,,73625.0,2468.1351628028706,205.6779302335725,3443.2178891213243,12.0,334.9348240934437,13.955617670560152,225672.4026007497,449435.9854982802,864059.1676692006,513055.8519227435,225672.4026007497,864059.1676692006,225672.4026007497,2026-09-07 00:00:00+00:00,2026-09-20 22:56:05.366736398+00:00,V9603398_R8_D20260907,0
9607136,RTM DHAMBUL,10,Indonesia,"Paradip, India",2026-09-06,2026-09-16 22:55:19.195249904+00:00,70373.0,,54625.0,2334.5159877902047,194.54299898251705,2579.063984166344,12.0,262.92199868052865,10.95508327835536,483886.8554293813,753824.7506805515,1254006.7180421222,830572.7747173518,483886.8554293813,1254006.7180421222,483886.8554293813,2026-09-06 00:00:00+00:00,2026-09-16 22:55:19.195249904+00:00,V9607136_R10_D20260906,0
9607136,RTM DHAMBUL,10,Indonesia,"Paradip, India",2026-09-07,2026-09-17 22:55:19.195249904+00:00,70373.0,,54625.0,2334.5159877902047,194.54299898251705,2579.063984166344,12.0,262.92199868052865,10.95508327835536,483886.8554293813,753824.7506805515,1254006.7180421222,830572.7747173518,483886.8554293813,1254006.7180421222,483886.8554293813,2026-09-07 00:00:00+00:00,2026-09-17 22:55:19.195249904+00:00,V9607136_R10_D20260907,0
9607136,RTM DHAMBUL,13,"Adang Bay (East Kalimantan), Indonesia","Kandla, India",2026-09-06,2026-09-21 15:09:31.159862762+00:00,70373.0,,54625.0,2435.694691007629,202.97455758396907,3925.90386620921,12.0,375.15865551743417,15.631610646559755,537820.2656598565,873658.4921460542,1495950.611163971,969143.1229899606,537820.2656598565,1495950.611163971,537820.2656598565,2026-09-06 00:00:00+00:00,2026-09-21 15:09:31.159862762+00:00,V9607136_R13_D20260906,1
9607136,RTM DHAMBUL,13,"Adang Bay (East Kalimantan), Indonesia","Kandla, India",2026-09-07,2026-09-22 15:09:31.159862762+00:00,70373.0,,54625.0,2435.694691007629,202.97455758396907,3925.90386620921,12.0,375.15865551743417,15.631610646559755,537820.2656598565,873658.4921460542,1495950.611163971,969143.1229899606,537820.2656598565,1495950.611163971,537820.2656598565,2026-09-07 00:00:00+00:00,2026-09-22 15:09:31.159862762+00:00,V9607136_R13_D20260907,0
9607136,RTM DHAMBUL,14,"East Kalimantan, Indonesia","Paradip, India",2026-09-07,2026-09-18 13:22:59.538985611+00:00,70373.0,,54625.0,2532.0629760730803,211.00524800609003,2752.598463285374,12.0,277.3832052737812,11.557633553074217,198431.58845198888,388528.6977837989,740769.5198694121,442576.6020350666,198431.58845198888,740769.5198694121,198431.58845198888,2026-09-07 00:00:00+00:00,2026-09-18 13:22:59.538985611+00:00,V9607136_R14_D20260907,0
9607136,RTM DHAMBUL,3,"East Kalimantan, Indonesia","Navlakhi, India",2026-09-07,2026-09-23 05:52:54.512767164+00:00,70373.0,,54625.0,2532.0629760730803,211.00524800609003,4102.581709223877,12.0,389.88180910198975,16.245075379249574,178565.98357952503,412385.42805765127,845641.6392229553,478864.35028671054,178565.98357952503,845641.6392229553,178565.98357952503,2026-09-07 00:00:00+00:00,2026-09-23 05:52:54.512767164+00:00,V9607136_R3_D20260907,0
9607136,RTM DHAMBUL,7,"East Kalimantan, Indonesia","Paradip, India",2026-09-07,2026-09-18 13:22:59.538985611+00:00,70373.0,,54625.0,2532.0629760730803,211.00524800609003,2752.598463285374,12.0,277.3832052737812,11.557633553074217,242481.04079876223,445884.9477837989,822782.6274154049,503716.2053326553,242481.04079876223,822782.6274154049,242481.04079876223,2026-09-07 00:00:00+00:00,2026-09-18 13:22:59.538985611+00:00,V9607136_R7_D20260907,0
9633159,MAIZURU KICHIJO,0,"Queensland (Gladstone / Hay Point), Australia","Visakhapatnam & Haldia, India",2026-08-30,2026-09-18 02:33:33.020025825+00:00,91435.0,,73625.0,190.5774952489136,15.881457937409468,4926.710066752748,12.0,458.5591722293957,19.10663217622482,1961629.7030262216,2764445.611131865,4252024.967012267,2992700.0937234513,1961629.7030262216,4252024.967012267,1961629.7030262216,2026-08-30 00:00:00+00:00,2026-09-18 02:33:33.020025825+00:00,V9633159_R0_D20260830,0
9633159,MAIZURU KICHIJO,0,"Queensland (Gladstone / Hay Point), Australia","Visakhapatnam & Haldia, India",2026-08-31,2026-09-19 02:33:33.020025825+00:00,91435.0,,73625.0,190.5774952489136,15.881457937409468,4926.710066752748,12.0,458.5591722293957,19.10663217622482,1961629.7030262216,2764445.611131865,4252024.967012267,2992700.0937234513,1961629.7030262216,4252024.967012267,1961629.7030262216,2026-08-31 00:00:00+00:00,2026-09-19 02:33:33.020025825+00:00,V9633159_R0_D20260831,0
9633159,MAIZURU KICHIJO,0,"Queensland (Gladstone / Hay Point), Australia","Visakhapatnam & Haldia, India",2026-09-01,2026-09-20 02:33:33.020025825+00:00,91435.0,,73625.0,190.5774952489136,15.881457937409468,4926.710066752748,12.0,458.5591722293957,19.10663217622482,1961629.7030262216,2764445.611131865,4252024.967012267,2992700.0937234513,1961629.7030262216,4252024.967012267,1961629.7030262216,2026-09-01 00:00:00+00:00,2026-09-20 02:33:33.020025825+00:00,V9633159_R0_D20260901,0
9633159,MAIZURU KICHIJO,0,"Queensland (Gladstone / Hay Point), Australia","Visakhapatnam & Haldia, India",2026-09-02,2026-09-21 02:33:33.020025825+00:00,91435.0,,73625.0,190.5774952489136,15.881457937409468,4926.710066752748,12.0,458.5591722293957,19.10663217622482,1961629.7030262216,2764445.611131865,4252024.967012267,2992700.0937234513,1961629.7030262216,4252024.967012267,1961629.7030262216,2026-09-02 00:00:00+00:00,2026-09-21 02:33:33.020025825+00:00,V9633159_R0_D20260902,0
9633159,MAIZURU KICHIJO,0,"Queensland (Gladstone / Hay Point), Australia","Visakhapatnam & Haldia, India",2026-09-03,2026-09-22 02:33:33.020025825+00:00,91435.0,,73625.0,190.5774952489136,15.881457937409468,4926.710066752748,12.0,458.5591722293957,19.10663217622482,1961629.7030262216,2764445.611131865,4252024.967012267,2992700.0937234513,1961629.7030262216,4252024.967012267,1961629.7030262216,2026-09-03 00:00:00+00:00,2026-09-22 02:33:33.020025825+00:00,V9633159_R0_D20260903,0
9633159,MAIZURU KICHIJO,0,"Queensland (Gladstone / Hay Point), Australia","Visakhapatnam & Haldia, India",2026-09-04,2026-09-23 02:33:33.020025825+00:00,91435.0,,73625.0,190.5774952489136,15.881457937409468,4926.710066752748,12.0,458.5591722293957,19.10663217622482,1961629.7030262216,2764445.611131865,4252024.967012267,2992700.0937234513,1961629.7030262216,4252024.967012267,1961629.7030262216,2026-09-04 00:00:00+00:00,2026-09-23 02:33:33.020025825+00:00,V9633159_R0_D20260904,0
9633159,MAIZURU KICHIJO,0,"Queensland (Gladstone / Hay Point), Australia","Visakhapatnam & Haldia, India",2026-09-05,2026-09-24 02:33:33.020025825+00:00,91435.0,,73625.0,190.5774952489136,15.881457937409468,4926.710066752748,12.0,458.5591722293957,19.10663217622482,1961629.7030262216,2764445.611131865,4252024.967012267,2992700.0937234513,1961629.7030262216,4252024.967012267,1961629.7030262216,2026-09-05 00:00:00+00:00,2026-09-24 02:33:33.020025825+00:00,V9633159_R0_D20260905,0
9633159,MAIZURU KICHIJO,0,"Queensland (Gladstone / Hay Point), Australia","Visakhapatnam & Haldia, India",2026-09-06,2026-09-25 02:33:33.020025825+00:00,91435.0,,73625.0,190.5774952489136,15.881457937409468,4926.710066752748,12.0,458.5591722293957,19.10663217622482,1961629.7030262216,2764445.611131865,4252024.967012267,2992700.0937234513,1961629.7030262216,4252024.967012267,1961629.7030262216,2026-09-06 00:00:00+00:00,2026-09-25 02:33:33.020025825+00:00,V9633159_R0_D20260906,0
9633159,MAIZURU KICHIJO,0,"Queensland (Gladstone / Hay Point), Australia","Visakhapatnam & Haldia, India",2026-09-07,2026-09-26 02:33:33.020025825+00:00,91435.0,,73625.0,190.5774952489136,15.881457937409468,4926.710066752748,12.0,458.5591722293957,19.10663217622482,1961629.7030262216,2764445.611131865,4252024.967012267,2992700.0937234513,1961629.7030262216,4252024.967012267,1961629.7030262216,2026-09-07 00:00:00+00:00,2026-09-26 02:33:33.020025825+00:00,V9633159_R0_D20260907,0
9633159,MAIZURU KICHIJO,10,Indonesia,"Paradip, India",2026-09-06,2026-09-16 22:55:19.195249904+00:00,91435.0,,54625.0,2325.019658092106,193.75163817434216,2579.063984166344,12.0,262.92199868052865,10.95508327835536,483886.8554293813,753824.7506805515,1254006.7180421222,830572.7747173518,483886.8554293813,1254006.7180421222,483886.8554293813,2026-09-06 00:00:00+00:00,2026-09-16 22:55:19.195249904+00:00,V9633159_R10_D20260906,0
9633159,MAIZURU KICHIJO,10,Indonesia,"Paradip, India",2026-09-07,2026-09-17 22:55:19.195249904+00:00,91435.0,,54625.0,2325.019658092106,193.75163817434216,2579.063984166344,12.0,262.92199868052865,10.95508327835536,483886.8554293813,753824.7506805515,1254006.7180421222,830572.7747173518,483886.8554293813,1254006.7180421222,483886.8554293813,2026-09-07 00:00:00+00:00,2026-09-17 22:55:19.195249904+00:00,V9633159_R10_D20260907,0
9633159,MAIZURU KICHIJO,11,"Hay Point, Australia","Visakhapatnam, India",2026-08-30,2026-09-18 02:33:33.020025825+00:00,91435.0,,73625.0,190.5774952489136,15.881457937409468,4926.710066752748,12.0,458.5591722293957,19.10663217622482,878815.7326054362,1354526.8611318655,2235996.7560524866,1489779.783263263,878815.7326054362,2235996.7560524866,878815.7326054362,2026-08-30 00:00:00+00:00,2026-09-18 02:33:33.020025825+00:00,V9633159_R11_D20260830,0
9633159,MAIZURU KICHIJO,11,"Hay Point, Australia","Visakhapatnam, India",2026-08-31,2026-09-19 02:33:33.020025825+00:00,91435.0,,73625.0,190.5774952489136,15.881457937409468,4926.710066752748,12.0,458.5591722293957,19.10663217622482,878815.7326054362,1354526.8611318655,2235996.7560524866,1489779.783263263,878815.7326054362,2235996.7560524866,878815.7326054362,2026-08-31 00:00:00+00:00,2026-09-19 02:33:33.020025825+00:00,V9633159_R11_D20260831,0
9633159,MAIZURU KICHIJO,11,"Hay Point, Australia","Visakhapatnam, India",2026-09-01,2026-09-20 02:33:33.020025825+00:00,91435.0,,73625.0,190.5774952489136,15.881457937409468,4926.710066752748,12.0,458.5591722293957,19.10663217622482,878815.7326054362,1354526.8611318655,2235996.7560524866,1489779.783263263,878815.7326054362,2235996.7560524866,878815.7326054362,2026-09-01 00:00:00+00:00,2026-09-20 02:33:33.020025825+00:00,V9633159_R11_D20260901,0
9633159,MAIZURU KICHIJO,11,"Hay Point, Australia","Visakhapatnam, India",2026-09-02,2026-09-21 02:33:33.020025825+00:00,91435.0,,73625.0,190.5774952489136,15.881457937409468,4926.710066752748,12.0,458.5591722293957,19.10663217622482,878815.7326054362,1354526.8611318655,2235996.7560524866,1489779.783263263,878815.7326054362,2235996.7560524866,878815.7326054362,2026-09-02 00:00:00+00:00,2026-09-21 02:33:33.020025825+00:00,V9633159_R11_D20260902,0
9633159,MAIZURU KICHIJO,11,"Hay Point, Australia","Visakhapatnam, India",2026-09-03,2026-09-22 02:33:33.020025825+00:00,91435.0,,73625.0,190.5774952489136,15.881457937409468,4926.710066752748,12.0,458.5591722293957,19.10663217622482,878815.7326054362,1354526.8611318655,2235996.7560524866,1489779.783263263,878815.7326054362,2235996.7560524866,878815.7326054362,2026-09-03 00:00:00+00:00,2026-09-22 02:33:33.020025825+00:00,V9633159_R11_D20260903,0
9633159,MAIZURU KICHIJO,11,"Hay Point, Australia","Visakhapatnam, India",2026-09-04,2026-09-23 02:33:33.020025825+00:00,91435.0,,73625.0,190.5774952489136,15.881457937409468,4926.710066752748,12.0,458.5591722293957,19.10663217622482,878815.7326054362,1354526.8611318655,2235996.7560524866,1489779.783263263,878815.7326054362,2235996.7560524866,878815.7326054362,2026-09-04 00:00:00+00:00,2026-09-23 02:33:33.020025825+00:00,V9633159_R11_D20260904,0
9633159,MAIZURU KICHIJO,11,"Hay Point, Australia","Visakhapatnam, India",2026-09-05,2026-09-24 02:33:33.020025825+00:00,91435.0,,73625.0,190.5774952489136,15.881457937409468,4926.710066752748,12.0,458.5591722293957,19.10663217622482,878815.7326054362,1354526.8611318655,2235996.7560524866,1489779.783263263,878815.7326054362,2235996.7560524866,878815.7326054362,2026-09-05 00:00:00+00:00,2026-09-24 02:33:33.020025825+00:00,V9633159_R11_D20260905,0
9633159,MAIZURU KICHIJO,11,"Hay Point, Australia","Visakhapatnam, India",2026-09-06,2026-09-25 02:33:33.020025825+00:00,91435.0,,73625.0,190.5774952489136,15.881457937409468,4926.710066752748,12.0,458.5591722293957,19.10663217622482,878815.7326054362,1354526.8611318655,2235996.7560524866,1489779.783263263,878815.7326054362,2235996.7560524866,878815.7326054362,2026-09-06 00:00:00+00:00,2026-09-25 02:33:33.020025825+00:00,V9633159_R11_D20260906,0
9633159,MAIZURU KICHIJO,11,"Hay Point, Australia","Visakhapatnam, India",2026-09-07,2026-09-26 02:33:33.020025825+00:00,91435.0,,73625.0,190.5774952489136,15.881457937409468,4926.710066752748,12.0,458.5591722293957,19.10663217622482,878815.7326054362,1354526.8611318655,2235996.7560524866,1489779.783263263,878815.7326054362,2235996.7560524866,878815.7326054362,2026-09-07 00:00:00+00:00,2026-09-26 02:33:33.020025825+00:00,V9633159_R11_D20260907,0
9633159,MAIZURU KICHIJO,13,"Adang Bay (East Kalimantan), Indonesia","Kandla, India",2026-09-06,2026-09-21 15:09:31.159862762+00:00,91435.0,,54625.0,2426.14520309632,202.1787669246933,3925.90386620921,12.0,375.15865551743417,15.631610646559755,537820.2656598565,873658.4921460542,1495950.611163971,969143.1229899606,537820.2656598565,1495950.611163971,537820.2656598565,2026-09-06 00:00:00+00:00,2026-09-21 15:09:31.159862762+00:00,V9633159_R13_D20260906,0
9633159,MAIZURU KICHIJO,13,"Adang Bay (East Kalimantan), Indonesia","Kandla, India",2026-09-07,2026-09-22 15:09:31.159862762+00:00,91435.0,,54625.0,2426.14520309632,202.1787669246933,3925.90386620921,12.0,375.15865551743417,15.631610646559755,537820.2656598565,873658.4921460542,1495950.611163971,969143.1229899606,537820.2656598565,1495950.611163971,537820.2656598565,2026-09-07 00:00:00+00:00,2026-09-22 15:09:31.159862762+00:00,V9633159_R13_D20260907,0
9633159,MAIZURU KICHIJO,14,"East Kalimantan, Indonesia","Paradip, India",2026-09-07,2026-09-18 13:22:59.538985611+00:00,91435.0,,54625.0,2522.851324280763,210.23761035673024,2752.598463285374,12.0,277.3832052737812,11.557633553074217,198431.58845198888,388528.6977837989,740769.5198694121,442576.6020350666,198431.58845198888,740769.5198694121,198431.58845198888,2026-09-07 00:00:00+00:00,2026-09-18 13:22:59.538985611+00:00,V9633159_R14_D20260907,0
9633159,MAIZURU KICHIJO,17,"Queensland, Australia","Haldia, India",2026-08-30,2026-09-17 10:21:45.174865291+00:00,91435.0,,73625.0,385.25546981798425,32.10462248483202,4732.350582884308,12.0,442.3625485736923,18.43177285723718,475607.6485746149,822355.7961181165,1464863.4753600769,920942.3066842695,475607.6485746149,1464863.4753600769,475607.6485746149,2026-08-30 00:00:00+00:00,2026-09-17 10:21:45.174865291+00:00,V9633159_R17_D20260830,0
9633159,MAIZURU KICHIJO,17,"Queensland, Australia","Haldia, India",2026-08-31,2026-09-18 10:21:45.174865291+00:00,91435.0,,73625.0,385.25546981798425,32.10462248483202,4732.350582884308,12.0,442.3625485736923,18.43177285723718,475607.6485746149,822355.7961181165,1464863.4753600769,920942.3066842695,475607.6485746149,1464863.4753600769,475607.6485746149,2026-08-31 00:00:00+00:00,2026-09-18 10:21:45.174865291+00:00,V9633159_R17_D20260831,0
9633159,MAIZURU KICHIJO,17,"Queensland, Australia","Haldia, India",2026-09-01,2026-09-19 10:21:45.174865291+00:00,91435.0,,73625.0,385.25546981798425,32.10462248483202,4732.350582884308,12.0,442.3625485736923,18.43177285723718,475607.6485746149,822355.7961181165,1464863.4753600769,920942.3066842695,475607.6485746149,1464863.4753600769,475607.6485746149,2026-09-01 00:00:00+00:00,2026-09-19 10:21:45.174865291+00:00,V9633159_R17_D20260901,0
9633159,MAIZURU KICHIJO,17,"Queensland, Australia","Haldia, India",2026-09-02,2026-09-20 10:21:45.174865291+00:00,91435.0,,73625.0,385.25546981798425,32.10462248483202,4732.350582884308,12.0,442.3625485736923,18.43177285723718,475607.6485746149,822355.7961181165,1464863.4753600769,920942.3066842695,475607.6485746149,1464863.4753600769,475607.6485746149,2026-09-02 00:00:00+00:00,2026-09-20 10:21:45.174865291+00:00,V9633159_R17_D20260902,0
9633159,MAIZURU KICHIJO,17,"Queensland, Australia","Haldia, India",2026-09-03,2026-09-21 10:21:45.174865291+00:00,91435.0,,73625.0,385.25546981798425,32.10462248483202,4732.350582884308,12.0,442.3625485736923,18.43177285723718,475607.6485746149,822355.7961181165,1464863.4753600769,920942.3066842695,475607.6485746149,1464863.4753600769,475607.6485746149,2026-09-03 00:00:00+00:00,2026-09-21 10:21:45.174865291+00:00,V9633159_R17_D20260903,0
9633159,MAIZURU KICHIJO,17,"Queensland, Australia","Haldia, India",2026-09-04,2026-09-22 10:21:45.174865291+00:00,91435.0,,73625.0,385.25546981798425,32.10462248483202,4732.350582884308,12.0,442.3625485736923,18.43177285723718,475607.6485746149,822355.7961181165,1464863.4753600769,920942.3066842695,475607.6485746149,1464863.4753600769,475607.6485746149,2026-09-04 00:00:00+00:00,2026-09-22 10:21:45.174865291+00:00,V9633159_R17_D20260904,0
9633159,MAIZURU KICHIJO,17,"Queensland, Australia","Haldia, India",2026-09-05,2026-09-23 10:21:45.174865291+00:00,91435.0,,73625.0,385.25546981798425,32.10462248483202,4732.350582884308,12.0,442.3625485736923,18.43177285723718,475607.6485746149,822355.7961181165,1464863.4753600769,920942.3066842695,475607.6485746149,1464863.4753600769,475607.6485746149,2026-09-05 00:00:00+00:00,2026-09-23 10:21:45.174865291+00:00,V9633159_R17_D20260905,0
9633159,MAIZURU KICHIJO,17,"Queensland, Australia","Haldia, India",2026-09-06,2026-09-24 10:21:45.174865291+00:00,91435.0,,73625.0,385.25546981798425,32.10462248483202,4732.350582884308,12.0,442.3625485736923,18.43177285723718,475607.6485746149,822355.7961181165,1464863.4753600769,920942.3066842695,475607.6485746149,1464863.4753600769,475607.6485746149,2026-09-06 00:00:00+00:00,2026-09-24 10:21:45.174865291+00:00,V9633159_R17_D20260906,0
9633159,MAIZURU KICHIJO,17,"Queensland, Australia","Haldia, India",2026-09-07,2026-09-25 10:21:45.174865291+00:00,91435.0,,73625.0,385.25546981798425,32.10462248483202,4732.350582884308,12.0,442.3625485736923,18.43177285723718,475607.6485746149,822355.7961181165,1464863.4753600769,920942.3066842695,475607.6485746149,1464863.4753600769,475607.6485746149,2026-09-07 00:00:00+00:00,2026-09-25 10:21:45.174865291+00:00,V9633159_R17_D20260907,0
9633159,MAIZURU KICHIJO,2,"Hay Point, Australia","Paradip, India",2026-08-30,2026-09-18 00:15:00.475562224+00:00,91435.0,,73625.0,190.5774952489136,15.881457937409468,4899.001585207413,12.0,456.25013210061775,19.01042217085908,87753.60989883915,323474.0254702837,760252.6448564442,390493.4267418557,87753.60989883915,760252.6448564442,87753.60989883915,2026-08-30 00:00:00+00:00,2026-09-18 00:15:00.475562224+00:00,V9633159_R2_D20260830,0
9633159,MAIZURU KICHIJO,2,"Hay Point, Australia","Paradip, India",2026-08-31,2026-09-19 00:15:00.475562224+00:00,91435.0,,73625.0,190.5774952489136,15.881457937409468,4899.001585207413,12.0,456.25013210061775,19.01042217085908,87753.60989883915,323474.0254702837,760252.6448564442,390493.4267418557,87753.60989883915,760252.6448564442,87753.60989883915,2026-08-31 00:00:00+00:00,2026-09-19 00:15:00.475562224+00:00,V9633159_R2_D20260831,0
9633159,MAIZURU KICHIJO,2,"Hay Point, Australia","Paradip, India",2026-09-01,2026-09-20 00:15:00.475562224+00:00,91435.0,,73625.0,190.5774952489136,15.881457937409468,4899.001585207413,12.0,456.25013210061775,19.01042217085908,87753.60989883915,323474.0254702837,760252.6448564442,390493.4267418557,87753.60989883915,760252.6448564442,87753.60989883915,2026-09-01 00:00:00+00:00,2026-09-20 00:15:00.475562224+00:00,V9633159_R2_D20260901,0
9633159,MAIZURU KICHIJO,2,"Hay Point, Australia","Paradip, India",2026-09-02,2026-09-21 00:15:00.475562224+00:00,91435.0,,73625.0,190.5774952489136,15.881457937409468,4899.001585207413,12.0,456.25013210061775,19.01042217085908,87753.60989883915,323474.0254702837,760252.6448564442,390493.4267418557,87753.60989883915,760252.6448564442,87753.60989883915,2026-09-02 00:00:00+00:00,2026-09-21 00:15:00.475562224+00:00,V9633159_R2_D20260902,0
9633159,MAIZURU KICHIJO,2,"Hay Point, Australia","Paradip, India",2026-09-03,2026-09-22 00:15:00.475562224+00:00,91435.0,,73625.0,190.5774952489136,15.881457937409468,4899.001585207413,12.0,456.25013210061775,19.01042217085908,87753.60989883915,323474.0254702837,760252.6448564442,390493.4267418557,87753.60989883915,760252.6448564442,87753.60989883915,2026-09-03 00:00:00+00:00,2026-09-22 00:15:00.475562224+00:00,V9633159_R2_D20260903,0
9633159,MAIZURU KICHIJO,2,"Hay Point, Australia","Paradip, India",2026-09-04,2026-09-23 00:15:00.475562224+00:00,91435.0,,73625.0,190.5774952489136,15.881457937409468,4899.001585207413,12.0,456.25013210061775,19.01042217085908,87753.60989883915,323474.0254702837,760252.6448564442,390493.4267418557,87753.60989883915,760252.6448564442,87753.60989883915,2026-09-04 00:00:00+00:00,2026-09-23 00:15:00.475562224+00:00,V9633159_R2_D20260904,0
9633159,MAIZURU KICHIJO,2,"Hay Point, Australia","Paradip, India",2026-09-05,2026-09-24 00:15:00.475562224+00:00,91435.0,,73625.0,190.5774952489136,15.881457937409468,4899.001585207413,12.0,456.25013210061775,19.01042217085908,87753.60989883915,323474.0254702837,760252.6448564442,390493.4267418557,87753.60989883915,760252.6448564442,87753.60989883915,2026-09-05 00:00:00+00:00,2026-09-24 00:15:00.475562224+00:00,V9633159_R2_D20260905,0
9633159,MAIZURU KICHIJO,2,"Hay Point, Australia","Paradip, India",2026-09-06,2026-09-25 00:15:00.475562224+00:00,91435.0,,73625.0,190.5774952489136,15.881457937409468,4899.001585207413,12.0,456.25013210061775,19.01042217085908,87753.60989883915,323474.0254702837,760252.6448564442,390493.4267418557,87753.60989883915,760252.6448564442,87753.60989883915,2026-09-06 00:00:00+00:00,2026-09-25 00:15:00.475562224+00:00,V9633159_R2_D20260906,0
9633159,MAIZURU KICHIJO,2,"Hay Point, Australia","Paradip, India",2026-09-07,2026-09-26 00:15:00.475562224+00:00,91435.0,,73625.0,190.5774952489136,15.881457937409468,4899.001585207413,12.0,456.25013210061775,19.01042217085908,87753.60989883915,323474.0254702837,760252.6448564442,390493.4267418557,87753.60989883915,760252.6448564442,87753.60989883915,2026-09-07 00:00:00+00:00,2026-09-26 00:15:00.475562224+00:00,V9633159_R2_D20260907,0
9633159,MAIZURU KICHIJO,22,Indonesia,West Coast India,2026-09-06,2026-09-21 15:25:14.169031453+00:00,91435.0,,73625.0,2325.019658092106,193.75163817434216,3929.0472301048458,12.0,375.4206025087372,15.642525104530714,426538.176199725,728875.230954404,1289091.2862540442,814834.8978027244,426538.176199725,1289091.2862540442,426538.176199725,2026-09-06 00:00:00+00:00,2026-09-21 15:25:14.169031453+00:00,V9633159_R22_D20260906,1
9633159,MAIZURU KICHIJO,22,Indonesia,West Coast India,2026-09-07,2026-09-22 15:25:14.169031453+00:00,91435.0,,73625.0,2325.019658092106,193.75163817434216,3929.0472301048458,12.0,375.4206025087372,15.642525104530714,426538.176199725,728875.230954404,1289091.2862540442,814834.8978027244,426538.176199725,1289091.2862540442,426538.176199725,2026-09-07 00:00:00+00:00,2026-09-22 15:25:14.169031453+00:00,V9633159_R22_D20260907,0
9633159,MAIZURU KICHIJO,3,"East Kalimantan, Indonesia","Navlakhi, India",2026-09-07,2026-09-23 05:52:54.512767164+00:00,91435.0,,54625.0,2522.851324280763,210.23761035673024,4102.581709223877,12.0,389.88180910198975,16.245075379249574,178565.98357952503,412385.42805765127,845641.6392229553,478864.35028671054,178565.98357952503,845641.6392229553,178565.98357952503,2026-09-07 00:00:00+00:00,2026-09-23 05:52:54.512767164+00:00,V9633159_R3_D20260907,0
9633159,MAIZURU KICHIJO,4,"Hay Point, Australia","Visakhapatnam, India",2026-08-30,2026-09-18 02:33:33.020025825+00:00,91435.0,,73625.0,190.5774952489136,15.881457937409468,4926.710066752748,12.0,458.5591722293957,19.10663217622482,621541.3949858759,1019533.1111318654,1756992.664153426,1132689.056757056,621541.3949858759,1756992.664153426,621541.3949858759,2026-08-30 00:00:00+00:00,2026-09-18 02:33:33.020025825+00:00,V9633159_R4_D20260830,0
9633159,MAIZURU KICHIJO,4,"Hay Point, Australia","Visakhapatnam, India",2026-08-31,2026-09-19 02:33:33.020025825+00:00,91435.0,,73625.0,190.5774952489136,15.881457937409468,4926.710066752748,12.0,458.5591722293957,19.10663217622482,621541.3949858759,1019533.1111318654,1756992.664153426,1132689.056757056,621541.3949858759,1756992.664153426,621541.3949858759,2026-08-31 00:00:00+00:00,2026-09-19 02:33:33.020025825+00:00,V9633159_R4_D20260831,0
9633159,MAIZURU KICHIJO,4,"Hay Point, Australia","Visakhapatnam, India",2026-09-01,2026-09-20 02:33:33.020025825+00:00,91435.0,,73625.0,190.5774952489136,15.881457937409468,4926.710066752748,12.0,458.5591722293957,19.10663217622482,621541.3949858759,1019533.1111318654,1756992.664153426,1132689.056757056,621541.3949858759,1756992.664153426,621541.3949858759,2026-09-01 00:00:00+00:00,2026-09-20 02:33:33.020025825+00:00,V9633159_R4_D20260901,0
9633159,MAIZURU KICHIJO,4,"Hay Point, Australia","Visakhapatnam, India",2026-09-02,2026-09-21 02:33:33.020025825+00:00,91435.0,,73625.0,190.5774952489136,15.881457937409468,4926.710066752748,12.0,458.5591722293957,19.10663217622482,621541.3949858759,1019533.1111318654,1756992.664153426,1132689.056757056,621541.3949858759,1756992.664153426,621541.3949858759,2026-09-02 00:00:00+00:00,2026-09-21 02:33:33.020025825+00:00,V9633159_R4_D20260902,0
9633159,MAIZURU KICHIJO,4,"Hay Point, Australia","Visakhapatnam, India",2026-09-03,2026-09-22 02:33:33.020025825+00:00,91435.0,,73625.0,190.5774952489136,15.881457937409468,4926.710066752748,12.0,458.5591722293957,19.10663217622482,621541.3949858759,1019533.1111318654,1756992.664153426,1132689.056757056,621541.3949858759,1756992.664153426,621541.3949858759,2026-09-03 00:00:00+00:00,2026-09-22 02:33:33.020025825+00:00,V9633159_R4_D20260903,0
9633159,MAIZURU KICHIJO,4,"Hay Point, Australia","Visakhapatnam, India",2026-09-04,2026-09-23 02:33:33.020025825+00:00,91435.0,,73625.0,190.5774952489136,15.881457937409468,4926.710066752748,12.0,458.5591722293957,19.10663217622482,621541.3949858759,1019533.1111318654,1756992.664153426,1132689.056757056,621541.3949858759,1756992.664153426,621541.3949858759,2026-09-04 00:00:00+00:00,2026-09-23 02:33:33.020025825+00:00,V9633159_R4_D20260904,0
9633159,MAIZURU KICHIJO,4,"Hay Point, Australia","Visakhapatnam, India",2026-09-05,2026-09-24 02:33:33.020025825+00:00,91435.0,,73625.0,190.5774952489136,15.881457937409468,4926.710066752748,12.0,458.5591722293957,19.10663217622482,621541.3949858759,1019533.1111318654,1756992.664153426,1132689.056757056,621541.3949858759,1756992.664153426,621541.3949858759,2026-09-05 00:00:00+00:00,2026-09-24 02:33:33.020025825+00:00,V9633159_R4_D20260905,0
9633159,MAIZURU KICHIJO,4,"Hay Point, Australia","Visakhapatnam, India",2026-09-06,2026-09-25 02:33:33.020025825+00:00,91435.0,,73625.0,190.5774952489136,15.881457937409468,4926.710066752748,12.0,458.5591722293957,19.10663217622482,621541.3949858759,1019533.1111318654,1756992.664153426,1132689.056757056,621541.3949858759,1756992.664153426,621541.3949858759,2026-09-06 00:00:00+00:00,2026-09-25 02:33:33.020025825+00:00,V9633159_R4_D20260906,0
9633159,MAIZURU KICHIJO,4,"Hay Point, Australia","Visakhapatnam, India",2026-09-07,2026-09-26 02:33:33.020025825+00:00,91435.0,,73625.0,190.5774952489136,15.881457937409468,4926.710066752748,12.0,458.5591722293957,19.10663217622482,621541.3949858759,1019533.1111318654,1756992.664153426,1132689.056757056,621541.3949858759,1756992.664153426,621541.3949858759,2026-09-07 00:00:00+00:00,2026-09-26 02:33:33.020025825+00:00,V9633159_R4_D20260907,0
9633159,MAIZURU KICHIJO,5,"Hay Point, Australia","Paradip, India",2026-08-30,2026-09-18 00:15:00.475562224+00:00,91435.0,,73625.0,190.5774952489136,15.881457937409468,4899.001585207413,12.0,456.25013210061775,19.01042217085908,500523.426299452,860936.5254702837,1528764.7043868047,963408.2187188468,500523.426299452,1528764.7043868047,500523.426299452,2026-08-30 00:00:00+00:00,2026-09-18 00:15:00.475562224+00:00,V9633159_R5_D20260830,0
9633159,MAIZURU KICHIJO,5,"Hay Point, Australia","Paradip, India",2026-08-31,2026-09-19 00:15:00.475562224+00:00,91435.0,,73625.0,190.5774952489136,15.881457937409468,4899.001585207413,12.0,456.25013210061775,19.01042217085908,500523.426299452,860936.5254702837,1528764.7043868047,963408.2187188468,500523.426299452,1528764.7043868047,500523.426299452,2026-08-31 00:00:00+00:00,2026-09-19 00:15:00.475562224+00:00,V9633159_R5_D20260831,0
9633159,MAIZURU KICHIJO,5,"Hay Point, Australia","Paradip, India",2026-09-01,2026-09-20 00:15:00.475562224+00:00,91435.0,,73625.0,190.5774952489136,15.881457937409468,4899.001585207413,12.0,456.25013210061775,19.01042217085908,500523.426299452,860936.5254702837,1528764.7043868047,963408.2187188468,500523.426299452,1528764.7043868047,500523.426299452,2026-09-01 00:00:00+00:00,2026-09-20 00:15:00.475562224+00:00,V9633159_R5_D20260901,0
9633159,MAIZURU KICHIJO,5,"Hay Point, Australia","Paradip, India",2026-09-02,2026-09-21 00:15:00.475562224+00:00,91435.0,,73625.0,190.5774952489136,15.881457937409468,4899.001585207413,12.0,456.25013210061775,19.01042217085908,500523.426299452,860936.5254702837,1528764.7043868047,963408.2187188468,500523.426299452,1528764.7043868047,500523.426299452,2026-09-02 00:00:00+00:00,2026-09-21 00:15:00.475562224+00:00,V9633159_R5_D20260902,0
9633159,MAIZURU KICHIJO,5,"Hay Point, Australia","Paradip, India",2026-09-03,2026-09-22 00:15:00.475562224+00:00,91435.0,,73625.0,190.5774952489136,15.881457937409468,4899.001585207413,12.0,456.25013210061775,19.01042217085908,500523.426299452,860936.5254702837,1528764.7043868047,963408.2187188468,500523.426299452,1528764.7043868047,500523.426299452,2026-09-03 00:00:00+00:00,2026-09-22 00:15:00.475562224+00:00,V9633159_R5_D20260903,0
9633159,MAIZURU KICHIJO,5,"Hay Point, Australia","Paradip, India",2026-09-04,2026-09-23 00:15:00.475562224+00:00,91435.0,,73625.0,190.5774952489136,15.881457937409468,4899.001585207413,12.0,456.25013210061775,19.01042217085908,500523.426299452,860936.5254702837,1528764.7043868047,963408.2187188468,500523.426299452,1528764.7043868047,500523.426299452,2026-09-04 00:00:00+00:00,2026-09-23 00:15:00.475562224+00:00,V9633159_R5_D20260904,0
9633159,MAIZURU KICHIJO,5,"Hay Point, Australia","Paradip, India",2026-09-05,2026-09-24 00:15:00.475562224+00:00,91435.0,,73625.0,190.5774952489136,15.881457937409468,4899.001585207413,12.0,456.25013210061775,19.01042217085908,500523.426299452,860936.5254702837,1528764.7043868047,963408.2187188468,500523.426299452,1528764.7043868047,500523.426299452,2026-09-05 00:00:00+00:00,2026-09-24 00:15:00.475562224+00:00,V9633159_R5_D20260905,0
9633159,MAIZURU KICHIJO,5,"Hay Point, Australia","Paradip, India",2026-09-06,2026-09-25 00:15:00.475562224+00:00,91435.0,,73625.0,190.5774952489136,15.881457937409468,4899.001585207413,12.0,456.25013210061775,19.01042217085908,500523.426299452,860936.5254702837,1528764.7043868047,963408.2187188468,500523.426299452,1528764.7043868047,500523.426299452,2026-09-06 00:00:00+00:00,2026-09-25 00:15:00.475562224+00:00,V9633159_R5_D20260906,0
9633159,MAIZURU KICHIJO,5,"Hay Point, Australia","Paradip, India",2026-09-07,2026-09-26 00:15:00.475562224+00:00,91435.0,,73625.0,190.5774952489136,15.881457937409468,4899.001585207413,12.0,456.25013210061775,19.01042217085908,500523.426299452,860936.5254702837,1528764.7043868047,963408.2187188468,500523.426299452,1528764.7043868047,500523.426299452,2026-09-07 00:00:00+00:00,2026-09-26 00:15:00.475562224+00:00,V9633159_R5_D20260907,0
9633159,MAIZURU KICHIJO,6,"Banjarmasin (South Kalimantan), Indonesia","Krishnapatnam, India",2026-09-06,2026-09-16 08:41:30.373981627+00:00,91435.0,,73625.0,2458.5605377519737,204.8800448126645,2408.301246605427,12.0,248.69177055045225,10.362157106268844,278349.81671025034,479907.8532133696,853385.22341313,537214.2977789167,278349.81671025034,853385.22341313,278349.81671025034,2026-09-06 00:00:00+00:00,2026-09-16 08:41:30.373981627+00:00,V9633159_R6_D20260906,0
9633159,MAIZURU KICHIJO,6,"Banjarmasin (South Kalimantan), Indonesia","Krishnapatnam, India",2026-09-07,2026-09-17 08:41:30.373981627+00:00,91435.0,,73625.0,2458.5605377519737,204.8800448126645,2408.301246605427,12.0,248.69177055045225,10.362157106268844,278349.81671025034,479907.8532133696,853385.22341313,537214.2977789167,278349.81671025034,853385.22341313,278349.81671025034,2026-09-07 00:00:00+00:00,2026-09-17 08:41:30.373981627+00:00,V9633159_R6_D20260907,0
9633159,MAIZURU KICHIJO,7,"East Kalimantan, Indonesia","Paradip, India",2026-09-07,2026-09-18 13:22:59.538985611+00:00,91435.0,,54625.0,2522.851324280763,210.23761035673024,2752.598463285374,12.0,277.3832052737812,11.557633553074217,242481.04079876223,445884.9477837989,822782.6274154049,503716.2053326553,242481.04079876223,822782.6274154049,242481.04079876223,2026-09-07 00:00:00+00:00,2026-09-18 13:22:59.538985611+00:00,V9633159_R7_D20260907,0
9633159,MAIZURU KICHIJO,8,"Banjarmasin (South Kalimantan), Indonesia","Dahej, India",2026-09-06,2026-09-19 22:56:05.366736398+00:00,91435.0,,73625.0,2458.5605377519737,204.8800448126645,3443.2178891213243,12.0,334.9348240934437,13.955617670560152,225672.4026007497,449435.9854982802,864059.1676692006,513055.8519227435,225672.4026007497,864059.1676692006,225672.4026007497,2026-09-06 00:00:00+00:00,2026-09-19 22:56:05.366736398+00:00,V9633159_R8_D20260906,0
9633159,MAIZURU KICHIJO,8,"Banjarmasin (South Kalimantan), Indonesia","Dahej, India",2026-09-07,2026-09-20 22:56:05.366736398+00:00,91435.0,,73625.0,2458.5605377519737,204.8800448126645,3443.2178891213243,12.0,334.9348240934437,13.955617670560152,225672.4026007497,449435.9854982802,864059.1676692006,513055.8519227435,225672.4026007497,864059.1676692006,225672.4026007497,2026-09-07 00:00:00+00:00,2026-09-20 22:56:05.366736398+00:00,V9633159_R8_D20260907,0
9650767,RAGA,0,"Queensland (Gladstone / Hay Point), Australia","Visakhapatnam & Haldia, India",2026-08-30,2026-09-18 02:33:33.020025825+00:00,95666.0,,73625.0,194.7735012342648,16.231125102855398,4926.710066752748,12.0,458.5591722293957,19.10663217622482,1961629.7030262216,2764445.611131865,4252024.967012267,2992700.0937234513,1961629.7030262216,4252024.967012267,1961629.7030262216,2026-08-30 00:00:00+00:00,2026-09-18 02:33:33.020025825+00:00,V9650767_R0_D20260830,0
9650767,RAGA,0,"Queensland (Gladstone / Hay Point), Australia","Visakhapatnam & Haldia, India",2026-08-31,2026-09-19 02:33:33.020025825+00:00,95666.0,,73625.0,194.7735012342648,16.231125102855398,4926.710066752748,12.0,458.5591722293957,19.10663217622482,1961629.7030262216,2764445.611131865,4252024.967012267,2992700.0937234513,1961629.7030262216,4252024.967012267,1961629.7030262216,2026-08-31 00:00:00+00:00,2026-09-19 02:33:33.020025825+00:00,V9650767_R0_D20260831,0
9650767,RAGA,0,"Queensland (Gladstone / Hay Point), Australia","Visakhapatnam & Haldia, India",2026-09-01,2026-09-20 02:33:33.020025825+00:00,95666.0,,73625.0,194.7735012342648,16.231125102855398,4926.710066752748,12.0,458.5591722293957,19.10663217622482,1961629.7030262216,2764445.611131865,4252024.967012267,2992700.0937234513,1961629.7030262216,4252024.967012267,1961629.7030262216,2026-09-01 00:00:00+00:00,2026-09-20 02:33:33.020025825+00:00,V9650767_R0_D20260901,0
9650767,RAGA,0,"Queensland (Gladstone / Hay Point), Australia","Visakhapatnam & Haldia, India",2026-09-02,2026-09-21 02:33:33.020025825+00:00,95666.0,,73625.0,194.7735012342648,16.231125102855398,4926.710066752748,12.0,458.5591722293957,19.10663217622482,1961629.7030262216,2764445.611131865,4252024.967012267,2992700.0937234513,1961629.7030262216,4252024.967012267,1961629.7030262216,2026-09-02 00:00:00+00:00,2026-09-21 02:33:33.020025825+00:00,V9650767_R0_D20260902,0
9650767,RAGA,0,"Queensland (Gladstone / Hay Point), Australia","Visakhapatnam & Haldia, India",2026-09-03,2026-09-22 02:33:33.020025825+00:00,95666.0,,73625.0,194.7735012342648,16.231125102855398,4926.710066752748,12.0,458.5591722293957,19.10663217622482,1961629.7030262216,2764445.611131865,4252024.967012267,2992700.0937234513,1961629.7030262216,4252024.967012267,1961629.7030262216,2026-09-03 00:00:00+00:00,2026-09-22 02:33:33.020025825+00:00,V9650767_R0_D20260903,0
9650767,RAGA,0,"Queensland (Gladstone / Hay Point), Australia","Visakhapatnam & Haldia, India",2026-09-04,2026-09-23 02:33:33.020025825+00:00,95666.0,,73625.0,194.7735012342648,16.231125102855398,4926.710066752748,12.0,458.5591722293957,19.10663217622482,1961629.7030262216,2764445.611131865,4252024.967012267,2992700.0937234513,1961629.7030262216,4252024.967012267,1961629.7030262216,2026-09-04 00:00:00+00:00,2026-09-23 02:33:33.020025825+00:00,V9650767_R0_D20260904,0
9650767,RAGA,0,"Queensland (Gladstone / Hay Point), Australia","Visakhapatnam & Haldia, India",2026-09-05,2026-09-24 02:33:33.020025825+00:00,95666.0,,73625.0,194.7735012342648,16.231125102855398,4926.710066752748,12.0,458.5591722293957,19.10663217622482,1961629.7030262216,2764445.611131865,4252024.967012267,2992700.0937234513,1961629.7030262216,4252024.967012267,1961629.7030262216,2026-09-05 00:00:00+00:00,2026-09-24 02:33:33.020025825+00:00,V9650767_R0_D20260905,0
9650767,RAGA,0,"Queensland (Gladstone / Hay Point), Australia","Visakhapatnam & Haldia, India",2026-09-06,2026-09-25 02:33:33.020025825+00:00,95666.0,,73625.0,194.7735012342648,16.231125102855398,4926.710066752748,12.0,458.5591722293957,19.10663217622482,1961629.7030262216,2764445.611131865,4252024.967012267,2992700.0937234513,1961629.7030262216,4252024.967012267,1961629.7030262216,2026-09-06 00:00:00+00:00,2026-09-25 02:33:33.020025825+00:00,V9650767_R0_D20260906,0
9650767,RAGA,0,"Queensland (Gladstone / Hay Point), Australia","Visakhapatnam & Haldia, India",2026-09-07,2026-09-26 02:33:33.020025825+00:00,95666.0,,73625.0,194.7735012342648,16.231125102855398,4926.710066752748,12.0,458.5591722293957,19.10663217622482,1961629.7030262216,2764445.611131865,4252024.967012267,2992700.0937234513,1961629.7030262216,4252024.967012267,1961629.7030262216,2026-09-07 00:00:00+00:00,2026-09-26 02:33:33.020025825+00:00,V9650767_R0_D20260907,0
9650767,RAGA,10,Indonesia,"Paradip, India",2026-09-06,2026-09-16 22:55:19.195249904+00:00,95666.0,,54625.0,2332.274295981072,194.356191331756,2579.063984166344,12.0,262.92199868052865,10.95508327835536,483886.8554293813,753824.7506805515,1254006.7180421222,830572.7747173518,483886.8554293813,1254006.7180421222,483886.8554293813,2026-09-06 00:00:00+00:00,2026-09-16 22:55:19.195249904+00:00,V9650767_R10_D20260906,0
9650767,RAGA,10,Indonesia,"Paradip, India",2026-09-07,2026-09-17 22:55:19.195249904+00:00,95666.0,,54625.0,2332.274295981072,194.356191331756,2579.063984166344,12.0,262.92199868052865,10.95508327835536,483886.8554293813,753824.7506805515,1254006.7180421222,830572.7747173518,483886.8554293813,1254006.7180421222,483886.8554293813,2026-09-07 00:00:00+00:00,2026-09-17 22:55:19.195249904+00:00,V9650767_R10_D20260907,0
9650767,RAGA,11,"Hay Point, Australia","Visakhapatnam, India",2026-08-30,2026-09-18 02:33:33.020025825+00:00,95666.0,,73625.0,194.7735012342648,16.231125102855398,4926.710066752748,12.0,458.5591722293957,19.10663217622482,878815.7326054362,1354526.8611318655,2235996.7560524866,1489779.783263263,878815.7326054362,2235996.7560524866,878815.7326054362,2026-08-30 00:00:00+00:00,2026-09-18 02:33:33.020025825+00:00,V9650767_R11_D20260830,0
9650767,RAGA,11,"Hay Point, Australia","Visakhapatnam, India",2026-08-31,2026-09-19 02:33:33.020025825+00:00,95666.0,,73625.0,194.7735012342648,16.231125102855398,4926.710066752748,12.0,458.5591722293957,19.10663217622482,878815.7326054362,1354526.8611318655,2235996.7560524866,1489779.783263263,878815.7326054362,2235996.7560524866,878815.7326054362,2026-08-31 00:00:00+00:00,2026-09-19 02:33:33.020025825+00:00,V9650767_R11_D20260831,0
9650767,RAGA,11,"Hay Point, Australia","Visakhapatnam, India",2026-09-01,2026-09-20 02:33:33.020025825+00:00,95666.0,,73625.0,194.7735012342648,16.231125102855398,4926.710066752748,12.0,458.5591722293957,19.10663217622482,878815.7326054362,1354526.8611318655,2235996.7560524866,1489779.783263263,878815.7326054362,2235996.7560524866,878815.7326054362,2026-09-01 00:00:00+00:00,2026-09-20 02:33:33.020025825+00:00,V9650767_R11_D20260901,0
9650767,RAGA,11,"Hay Point, Australia","Visakhapatnam, India",2026-09-02,2026-09-21 02:33:33.020025825+00:00,95666.0,,73625.0,194.7735012342648,16.231125102855398,4926.710066752748,12.0,458.5591722293957,19.10663217622482,878815.7326054362,1354526.8611318655,2235996.7560524866,1489779.783263263,878815.7326054362,2235996.7560524866,878815.7326054362,2026-09-02 00:00:00+00:00,2026-09-21 02:33:33.020025825+00:00,V9650767_R11_D20260902,0
9650767,RAGA,11,"Hay Point, Australia","Visakhapatnam, India",2026-09-03,2026-09-22 02:33:33.020025825+00:00,95666.0,,73625.0,194.7735012342648,16.231125102855398,4926.710066752748,12.0,458.5591722293957,19.10663217622482,878815.7326054362,1354526.8611318655,2235996.7560524866,1489779.783263263,878815.7326054362,2235996.7560524866,878815.7326054362,2026-09-03 00:00:00+00:00,2026-09-22 02:33:33.020025825+00:00,V9650767_R11_D20260903,0
9650767,RAGA,11,"Hay Point, Australia","Visakhapatnam, India",2026-09-04,2026-09-23 02:33:33.020025825+00:00,95666.0,,73625.0,194.7735012342648,16.231125102855398,4926.710066752748,12.0,458.5591722293957,19.10663217622482,878815.7326054362,1354526.8611318655,2235996.7560524866,1489779.783263263,878815.7326054362,2235996.7560524866,878815.7326054362,2026-09-04 00:00:00+00:00,2026-09-23 02:33:33.020025825+00:00,V9650767_R11_D20260904,0
9650767,RAGA,11,"Hay Point, Australia","Visakhapatnam, India",2026-09-05,2026-09-24 02:33:33.020025825+00:00,95666.0,,73625.0,194.7735012342648,16.231125102855398,4926.710066752748,12.0,458.5591722293957,19.10663217622482,878815.7326054362,1354526.8611318655,2235996.7560524866,1489779.783263263,878815.7326054362,2235996.7560524866,878815.7326054362,2026-09-05 00:00:00+00:00,2026-09-24 02:33:33.020025825+00:00,V9650767_R11_D20260905,0
9650767,RAGA,11,"Hay Point, Australia","Visakhapatnam, India",2026-09-06,2026-09-25 02:33:33.020025825+00:00,95666.0,,73625.0,194.7735012342648,16.231125102855398,4926.710066752748,12.0,458.5591722293957,19.10663217622482,878815.7326054362,1354526.8611318655,2235996.7560524866,1489779.783263263,878815.7326054362,2235996.7560524866,878815.7326054362,2026-09-06 00:00:00+00:00,2026-09-25 02:33:33.020025825+00:00,V9650767_R11_D20260906,0
9650767,RAGA,11,"Hay Point, Australia","Visakhapatnam, India",2026-09-07,2026-09-26 02:33:33.020025825+00:00,95666.0,,73625.0,194.7735012342648,16.231125102855398,4926.710066752748,12.0,458.5591722293957,19.10663217622482,878815.7326054362,1354526.8611318655,2235996.7560524866,1489779.783263263,878815.7326054362,2235996.7560524866,878815.7326054362,2026-09-07 00:00:00+00:00,2026-09-26 02:33:33.020025825+00:00,V9650767_R11_D20260907,0
9650767,RAGA,13,"Adang Bay (East Kalimantan), Indonesia","Kandla, India",2026-09-06,2026-09-21 15:09:31.159862762+00:00,95666.0,,54625.0,2433.4511173843466,202.78759311536223,3925.90386620921,12.0,375.15865551743417,15.631610646559755,537820.2656598565,873658.4921460542,1495950.611163971,969143.1229899606,537820.2656598565,1495950.611163971,537820.2656598565,2026-09-06 00:00:00+00:00,2026-09-21 15:09:31.159862762+00:00,V9650767_R13_D20260906,0
9650767,RAGA,13,"Adang Bay (East Kalimantan), Indonesia","Kandla, India",2026-09-07,2026-09-22 15:09:31.159862762+00:00,95666.0,,54625.0,2433.4511173843466,202.78759311536223,3925.90386620921,12.0,375.15865551743417,15.631610646559755,537820.2656598565,873658.4921460542,1495950.611163971,969143.1229899606,537820.2656598565,1495950.611163971,537820.2656598565,2026-09-07 00:00:00+00:00,2026-09-22 15:09:31.159862762+00:00,V9650767_R13_D20260907,0
9650767,RAGA,14,"East Kalimantan, Indonesia","Paradip, India",2026-09-07,2026-09-18 13:22:59.538985611+00:00,95666.0,,54625.0,2529.8335957542654,210.81946631285544,2752.598463285374,12.0,277.3832052737812,11.557633553074217,198431.58845198888,388528.6977837989,740769.5198694121,442576.6020350666,198431.58845198888,740769.5198694121,198431.58845198888,2026-09-07 00:00:00+00:00,2026-09-18 13:22:59.538985611+00:00,V9650767_R14_D20260907,0
9650767,RAGA,17,"Queensland, Australia","Haldia, India",2026-08-30,2026-09-17 10:21:45.174865291+00:00,95666.0,,73625.0,393.8336832985476,32.8194736082123,4732.350582884308,12.0,442.3625485736923,18.43177285723718,475607.6485746149,822355.7961181165,1464863.4753600769,920942.3066842695,475607.6485746149,1464863.4753600769,475607.6485746149,2026-08-30 00:00:00+00:00,2026-09-17 10:21:45.174865291+00:00,V9650767_R17_D20260830,0
9650767,RAGA,17,"Queensland, Australia","Haldia, India",2026-08-31,2026-09-18 10:21:45.174865291+00:00,95666.0,,73625.0,393.8336832985476,32.8194736082123,4732.350582884308,12.0,442.3625485736923,18.43177285723718,475607.6485746149,822355.7961181165,1464863.4753600769,920942.3066842695,475607.6485746149,1464863.4753600769,475607.6485746149,2026-08-31 00:00:00+00:00,2026-09-18 10:21:45.174865291+00:00,V9650767_R17_D20260831,0
9650767,RAGA,17,"Queensland, Australia","Haldia, India",2026-09-01,2026-09-19 10:21:45.174865291+00:00,95666.0,,73625.0,393.8336832985476,32.8194736082123,4732.350582884308,12.0,442.3625485736923,18.43177285723718,475607.6485746149,822355.7961181165,1464863.4753600769,920942.3066842695,475607.6485746149,1464863.4753600769,475607.6485746149,2026-09-01 00:00:00+00:00,2026-09-19 10:21:45.174865291+00:00,V9650767_R17_D20260901,0
9650767,RAGA,17,"Queensland, Australia","Haldia, India",2026-09-02,2026-09-20 10:21:45.174865291+00:00,95666.0,,73625.0,393.8336832985476,32.8194736082123,4732.350582884308,12.0,442.3625485736923,18.43177285723718,475607.6485746149,822355.7961181165,1464863.4753600769,920942.3066842695,475607.6485746149,1464863.4753600769,475607.6485746149,2026-09-02 00:00:00+00:00,2026-09-20 10:21:45.174865291+00:00,V9650767_R17_D20260902,0
9650767,RAGA,17,"Queensland, Australia","Haldia, India",2026-09-03,2026-09-21 10:21:45.174865291+00:00,95666.0,,73625.0,393.8336832985476,32.8194736082123,4732.350582884308,12.0,442.3625485736923,18.43177285723718,475607.6485746149,822355.7961181165,1464863.4753600769,920942.3066842695,475607.6485746149,1464863.4753600769,475607.6485746149,2026-09-03 00:00:00+00:00,2026-09-21 10:21:45.174865291+00:00,V9650767_R17_D20260903,0
9650767,RAGA,17,"Queensland, Australia","Haldia, India",2026-09-04,2026-09-22 10:21:45.174865291+00:00,95666.0,,73625.0,393.8336832985476,32.8194736082123,4732.350582884308,12.0,442.3625485736923,18.43177285723718,475607.6485746149,822355.7961181165,1464863.4753600769,920942.3066842695,475607.6485746149,1464863.4753600769,475607.6485746149,2026-09-04 00:00:00+00:00,2026-09-22 10:21:45.174865291+00:00,V9650767_R17_D20260904,0
9650767,RAGA,17,"Queensland, Australia","Haldia, India",2026-09-05,2026-09-23 10:21:45.174865291+00:00,95666.0,,73625.0,393.8336832985476,32.8194736082123,4732.350582884308,12.0,442.3625485736923,18.43177285723718,475607.6485746149,822355.7961181165,1464863.4753600769,920942.3066842695,475607.6485746149,1464863.4753600769,475607.6485746149,2026-09-05 00:00:00+00:00,2026-09-23 10:21:45.174865291+00:00,V9650767_R17_D20260905,0
9650767,RAGA,17,"Queensland, Australia","Haldia, India",2026-09-06,2026-09-24 10:21:45.174865291+00:00,95666.0,,73625.0,393.8336832985476,32.8194736082123,4732.350582884308,12.0,442.3625485736923,18.43177285723718,475607.6485746149,822355.7961181165,1464863.4753600769,920942.3066842695,475607.6485746149,1464863.4753600769,475607.6485746149,2026-09-06 00:00:00+00:00,2026-09-24 10:21:45.174865291+00:00,V9650767_R17_D20260906,0
9650767,RAGA,17,"Queensland, Australia","Haldia, India",2026-09-07,2026-09-25 10:21:45.174865291+00:00,95666.0,,73625.0,393.8336832985476,32.8194736082123,4732.350582884308,12.0,442.3625485736923,18.43177285723718,475607.6485746149,822355.7961181165,1464863.4753600769,920942.3066842695,475607.6485746149,1464863.4753600769,475607.6485746149,2026-09-07 00:00:00+00:00,2026-09-25 10:21:45.174865291+00:00,V9650767_R17_D20260907,0
9650767,RAGA,2,"Hay Point, Australia","Paradip, India",2026-08-30,2026-09-18 00:15:00.475562224+00:00,95666.0,,73625.0,194.7735012342648,16.231125102855398,4899.001585207413,12.0,456.25013210061775,19.01042217085908,87753.60989883915,323474.0254702837,760252.6448564442,390493.4267418557,87753.60989883915,760252.6448564442,87753.60989883915,2026-08-30 00:00:00+00:00,2026-09-18 00:15:00.475562224+00:00,V9650767_R2_D20260830,0
9650767,RAGA,2,"Hay Point, Australia","Paradip, India",2026-08-31,2026-09-19 00:15:00.475562224+00:00,95666.0,,73625.0,194.7735012342648,16.231125102855398,4899.001585207413,12.0,456.25013210061775,19.01042217085908,87753.60989883915,323474.0254702837,760252.6448564442,390493.4267418557,87753.60989883915,760252.6448564442,87753.60989883915,2026-08-31 00:00:00+00:00,2026-09-19 00:15:00.475562224+00:00,V9650767_R2_D20260831,0
9650767,RAGA,2,"Hay Point, Australia","Paradip, India",2026-09-01,2026-09-20 00:15:00.475562224+00:00,95666.0,,73625.0,194.7735012342648,16.231125102855398,4899.001585207413,12.0,456.25013210061775,19.01042217085908,87753.60989883915,323474.0254702837,760252.6448564442,390493.4267418557,87753.60989883915,760252.6448564442,87753.60989883915,2026-09-01 00:00:00+00:00,2026-09-20 00:15:00.475562224+00:00,V9650767_R2_D20260901,0
9650767,RAGA,2,"Hay Point, Australia","Paradip, India",2026-09-02,2026-09-21 00:15:00.475562224+00:00,95666.0,,73625.0,194.7735012342648,16.231125102855398,4899.001585207413,12.0,456.25013210061775,19.01042217085908,87753.60989883915,323474.0254702837,760252.6448564442,390493.4267418557,87753.60989883915,760252.6448564442,87753.60989883915,2026-09-02 00:00:00+00:00,2026-09-21 00:15:00.475562224+00:00,V9650767_R2_D20260902,0
9650767,RAGA,2,"Hay Point, Australia","Paradip, India",2026-09-03,2026-09-22 00:15:00.475562224+00:00,95666.0,,73625.0,194.7735012342648,16.231125102855398,4899.001585207413,12.0,456.25013210061775,19.01042217085908,87753.60989883915,323474.0254702837,760252.6448564442,390493.4267418557,87753.60989883915,760252.6448564442,87753.60989883915,2026-09-03 00:00:00+00:00,2026-09-22 00:15:00.475562224+00:00,V9650767_R2_D20260903,0
9650767,RAGA,2,"Hay Point, Australia","Paradip, India",2026-09-04,2026-09-23 00:15:00.475562224+00:00,95666.0,,73625.0,194.7735012342648,16.231125102855398,4899.001585207413,12.0,456.25013210061775,19.01042217085908,87753.60989883915,323474.0254702837,760252.6448564442,390493.4267418557,87753.60989883915,760252.6448564442,87753.60989883915,2026-09-04 00:00:00+00:00,2026-09-23 00:15:00.475562224+00:00,V9650767_R2_D20260904,0
9650767,RAGA,2,"Hay Point, Australia","Paradip, India",2026-09-05,2026-09-24 00:15:00.475562224+00:00,95666.0,,73625.0,194.7735012342648,16.231125102855398,4899.001585207413,12.0,456.25013210061775,19.01042217085908,87753.60989883915,323474.0254702837,760252.6448564442,390493.4267418557,87753.60989883915,760252.6448564442,87753.60989883915,2026-09-05 00:00:00+00:00,2026-09-24 00:15:00.475562224+00:00,V9650767_R2_D20260905,0
9650767,RAGA,2,"Hay Point, Australia","Paradip, India",2026-09-06,2026-09-25 00:15:00.475562224+00:00,95666.0,,73625.0,194.7735012342648,16.231125102855398,4899.001585207413,12.0,456.25013210061775,19.01042217085908,87753.60989883915,323474.0254702837,760252.6448564442,390493.4267418557,87753.60989883915,760252.6448564442,87753.60989883915,2026-09-06 00:00:00+00:00,2026-09-25 00:15:00.475562224+00:00,V9650767_R2_D20260906,0
9650767,RAGA,2,"Hay Point, Australia","Paradip, India",2026-09-07,2026-09-26 00:15:00.475562224+00:00,95666.0,,73625.0,194.7735012342648,16.231125102855398,4899.001585207413,12.0,456.25013210061775,19.01042217085908,87753.60989883915,323474.0254702837,760252.6448564442,390493.4267418557,87753.60989883915,760252.6448564442,87753.60989883915,2026-09-07 00:00:00+00:00,2026-09-26 00:15:00.475562224+00:00,V9650767_R2_D20260907,0
9650767,RAGA,22,Indonesia,West Coast India,2026-09-06,2026-09-21 15:25:14.169031453+00:00,95666.0,,73625.0,2332.274295981072,194.356191331756,3929.0472301048458,12.0,375.4206025087372,15.642525104530714,426538.176199725,728875.230954404,1289091.2862540442,814834.8978027244,426538.176199725,1289091.2862540442,426538.176199725,2026-09-06 00:00:00+00:00,2026-09-21 15:25:14.169031453+00:00,V9650767_R22_D20260906,0
9650767,RAGA,22,Indonesia,West Coast India,2026-09-07,2026-09-22 15:25:14.169031453+00:00,95666.0,,73625.0,2332.274295981072,194.356191331756,3929.0472301048458,12.0,375.4206025087372,15.642525104530714,426538.176199725,728875.230954404,1289091.2862540442,814834.8978027244,426538.176199725,1289091.2862540442,426538.176199725,2026-09-07 00:00:00+00:00,2026-09-22 15:25:14.169031453+00:00,V9650767_R22_D20260907,0
9650767,RAGA,3,"East Kalimantan, Indonesia","Navlakhi, India",2026-09-07,2026-09-23 05:52:54.512767164+00:00,95666.0,,54625.0,2529.8335957542654,210.81946631285544,4102.581709223877,12.0,389.88180910198975,16.245075379249574,178565.98357952503,412385.42805765127,845641.6392229553,478864.35028671054,178565.98357952503,845641.6392229553,178565.98357952503,2026-09-07 00:00:00+00:00,2026-09-23 05:52:54.512767164+00:00,V9650767_R3_D20260907,0
9650767,RAGA,4,"Hay Point, Australia","Visakhapatnam, India",2026-08-30,2026-09-18 02:33:33.020025825+00:00,95666.0,,73625.0,194.7735012342648,16.231125102855398,4926.710066752748,12.0,458.5591722293957,19.10663217622482,621541.3949858759,1019533.1111318654,1756992.664153426,1132689.056757056,621541.3949858759,1756992.664153426,621541.3949858759,2026-08-30 00:00:00+00:00,2026-09-18 02:33:33.020025825+00:00,V9650767_R4_D20260830,0
9650767,RAGA,4,"Hay Point, Australia","Visakhapatnam, India",2026-08-31,2026-09-19 02:33:33.020025825+00:00,95666.0,,73625.0,194.7735012342648,16.231125102855398,4926.710066752748,12.0,458.5591722293957,19.10663217622482,621541.3949858759,1019533.1111318654,1756992.664153426,1132689.056757056,621541.3949858759,1756992.664153426,621541.3949858759,2026-08-31 00:00:00+00:00,2026-09-19 02:33:33.020025825+00:00,V9650767_R4_D20260831,0
9650767,RAGA,4,"Hay Point, Australia","Visakhapatnam, India",2026-09-01,2026-09-20 02:33:33.020025825+00:00,95666.0,,73625.0,194.7735012342648,16.231125102855398,4926.710066752748,12.0,458.5591722293957,19.10663217622482,621541.3949858759,1019533.1111318654,1756992.664153426,1132689.056757056,621541.3949858759,1756992.664153426,621541.3949858759,2026-09-01 00:00:00+00:00,2026-09-20 02:33:33.020025825+00:00,V9650767_R4_D20260901,0
9650767,RAGA,4,"Hay Point, Australia","Visakhapatnam, India",2026-09-02,2026-09-21 02:33:33.020025825+00:00,95666.0,,73625.0,194.7735012342648,16.231125102855398,4926.710066752748,12.0,458.5591722293957,19.10663217622482,621541.3949858759,1019533.1111318654,1756992.664153426,1132689.056757056,621541.3949858759,1756992.664153426,621541.3949858759,2026-09-02 00:00:00+00:00,2026-09-21 02:33:33.020025825+00:00,V9650767_R4_D20260902,0
9650767,RAGA,4,"Hay Point, Australia","Visakhapatnam, India",2026-09-03,2026-09-22 02:33:33.020025825+00:00,95666.0,,73625.0,194.7735012342648,16.231125102855398,4926.710066752748,12.0,458.5591722293957,19.10663217622482,621541.3949858759,1019533.1111318654,1756992.664153426,1132689.056757056,621541.3949858759,1756992.664153426,621541.3949858759,2026-09-03 00:00:00+00:00,2026-09-22 02:33:33.020025825+00:00,V9650767_R4_D20260903,0
9650767,RAGA,4,"Hay Point, Australia","Visakhapatnam, India",2026-09-04,2026-09-23 02:33:33.020025825+00:00,95666.0,,73625.0,194.7735012342648,16.231125102855398,4926.710066752748,12.0,458.5591722293957,19.10663217622482,621541.3949858759,1019533.1111318654,1756992.664153426,1132689.056757056,621541.3949858759,1756992.664153426,621541.3949858759,2026-09-04 00:00:00+00:00,2026-09-23 02:33:33.020025825+00:00,V9650767_R4_D20260904,0
9650767,RAGA,4,"Hay Point, Australia","Visakhapatnam, India",2026-09-05,2026-09-24 02:33:33.020025825+00:00,95666.0,,73625.0,194.7735012342648,16.231125102855398,4926.710066752748,12.0,458.5591722293957,19.10663217622482,621541.3949858759,1019533.1111318654,1756992.664153426,1132689.056757056,621541.3949858759,1756992.664153426,621541.3949858759,2026-09-05 00:00:00+00:00,2026-09-24 02:33:33.020025825+00:00,V9650767_R4_D20260905,0
9650767,RAGA,4,"Hay Point, Australia","Visakhapatnam, India",2026-09-06,2026-09-25 02:33:33.020025825+00:00,95666.0,,73625.0,194.7735012342648,16.231125102855398,4926.710066752748,12.0,458.5591722293957,19.10663217622482,621541.3949858759,1019533.1111318654,1756992.664153426,1132689.056757056,621541.3949858759,1756992.664153426,621541.3949858759,2026-09-06 00:00:00+00:00,2026-09-25 02:33:33.020025825+00:00,V9650767_R4_D20260906,0
9650767,RAGA,4,"Hay Point, Australia","Visakhapatnam, India",2026-09-07,2026-09-26 02:33:33.020025825+00:00,95666.0,,73625.0,194.7735012342648,16.231125102855398,4926.710066752748,12.0,458.5591722293957,19.10663217622482,621541.3949858759,1019533.1111318654,1756992.664153426,1132689.056757056,621541.3949858759,1756992.664153426,621541.3949858759,2026-09-07 00:00:00+00:00,2026-09-26 02:33:33.020025825+00:00,V9650767_R4_D20260907,1
9650767,RAGA,5,"Hay Point, Australia","Paradip, India",2026-08-30,2026-09-18 00:15:00.475562224+00:00,95666.0,,73625.0,194.7735012342648,16.231125102855398,4899.001585207413,12.0,456.25013210061775,19.01042217085908,500523.426299452,860936.5254702837,1528764.7043868047,963408.2187188468,500523.426299452,1528764.7043868047,500523.426299452,2026-08-30 00:00:00+00:00,2026-09-18 00:15:00.475562224+00:00,V9650767_R5_D20260830,0
9650767,RAGA,5,"Hay Point, Australia","Paradip, India",2026-08-31,2026-09-19 00:15:00.475562224+00:00,95666.0,,73625.0,194.7735012342648,16.231125102855398,4899.001585207413,12.0,456.25013210061775,19.01042217085908,500523.426299452,860936.5254702837,1528764.7043868047,963408.2187188468,500523.426299452,1528764.7043868047,500523.426299452,2026-08-31 00:00:00+00:00,2026-09-19 00:15:00.475562224+00:00,V9650767_R5_D20260831,0
9650767,RAGA,5,"Hay Point, Australia","Paradip, India",2026-09-01,2026-09-20 00:15:00.475562224+00:00,95666.0,,73625.0,194.7735012342648,16.231125102855398,4899.001585207413,12.0,456.25013210061775,19.01042217085908,500523.426299452,860936.5254702837,1528764.7043868047,963408.2187188468,500523.426299452,1528764.7043868047,500523.426299452,2026-09-01 00:00:00+00:00,2026-09-20 00:15:00.475562224+00:00,V9650767_R5_D20260901,0
9650767,RAGA,5,"Hay Point, Australia","Paradip, India",2026-09-02,2026-09-21 00:15:00.475562224+00:00,95666.0,,73625.0,194.7735012342648,16.231125102855398,4899.001585207413,12.0,456.25013210061775,19.01042217085908,500523.426299452,860936.5254702837,1528764.7043868047,963408.2187188468,500523.426299452,1528764.7043868047,500523.426299452,2026-09-02 00:00:00+00:00,2026-09-21 00:15:00.475562224+00:00,V9650767_R5_D20260902,0
9650767,RAGA,5,"Hay Point, Australia","Paradip, India",2026-09-03,2026-09-22 00:15:00.475562224+00:00,95666.0,,73625.0,194.7735012342648,16.231125102855398,4899.001585207413,12.0,456.25013210061775,19.01042217085908,500523.426299452,860936.5254702837,1528764.7043868047,963408.2187188468,500523.426299452,1528764.7043868047,500523.426299452,2026-09-03 00:00:00+00:00,2026-09-22 00:15:00.475562224+00:00,V9650767_R5_D20260903,0
9650767,RAGA,5,"Hay Point, Australia","Paradip, India",2026-09-04,2026-09-23 00:15:00.475562224+00:00,95666.0,,73625.0,194.7735012342648,16.231125102855398,4899.001585207413,12.0,456.25013210061775,19.01042217085908,500523.426299452,860936.5254702837,1528764.7043868047,963408.2187188468,500523.426299452,1528764.7043868047,500523.426299452,2026-09-04 00:00:00+00:00,2026-09-23 00:15:00.475562224+00:00,V9650767_R5_D20260904,0
9650767,RAGA,5,"Hay Point, Australia","Paradip, India",2026-09-05,2026-09-24 00:15:00.475562224+00:00,95666.0,,73625.0,194.7735012342648,16.231125102855398,4899.001585207413,12.0,456.25013210061775,19.01042217085908,500523.426299452,860936.5254702837,1528764.7043868047,963408.2187188468,500523.426299452,1528764.7043868047,500523.426299452,2026-09-05 00:00:00+00:00,2026-09-24 00:15:00.475562224+00:00,V9650767_R5_D20260905,0
9650767,RAGA,5,"Hay Point, Australia","Paradip, India",2026-09-06,2026-09-25 00:15:00.475562224+00:00,95666.0,,73625.0,194.7735012342648,16.231125102855398,4899.001585207413,12.0,456.25013210061775,19.01042217085908,500523.426299452,860936.5254702837,1528764.7043868047,963408.2187188468,500523.426299452,1528764.7043868047,500523.426299452,2026-09-06 00:00:00+00:00,2026-09-25 00:15:00.475562224+00:00,V9650767_R5_D20260906,0
9650767,RAGA,5,"Hay Point, Australia","Paradip, India",2026-09-07,2026-09-26 00:15:00.475562224+00:00,95666.0,,73625.0,194.7735012342648,16.231125102855398,4899.001585207413,12.0,456.25013210061775,19.01042217085908,500523.426299452,860936.5254702837,1528764.7043868047,963408.2187188468,500523.426299452,1528764.7043868047,500523.426299452,2026-09-07 00:00:00+00:00,2026-09-26 00:15:00.475562224+00:00,V9650767_R5_D20260907,0
9650767,RAGA,6,"Banjarmasin (South Kalimantan), Indonesia","Krishnapatnam, India",2026-09-06,2026-09-16 08:41:30.373981627+00:00,95666.0,,73625.0,2466.2261871466976,205.51884892889143,2408.301246605427,12.0,248.69177055045225,10.362157106268844,278349.81671025034,479907.8532133696,853385.22341313,537214.2977789167,278349.81671025034,853385.22341313,278349.81671025034,2026-09-06 00:00:00+00:00,2026-09-16 08:41:30.373981627+00:00,V9650767_R6_D20260906,0
9650767,RAGA,6,"Banjarmasin (South Kalimantan), Indonesia","Krishnapatnam, India",2026-09-07,2026-09-17 08:41:30.373981627+00:00,95666.0,,73625.0,2466.2261871466976,205.51884892889143,2408.301246605427,12.0,248.69177055045225,10.362157106268844,278349.81671025034,479907.8532133696,853385.22341313,537214.2977789167,278349.81671025034,853385.22341313,278349.81671025034,2026-09-07 00:00:00+00:00,2026-09-17 08:41:30.373981627+00:00,V9650767_R6_D20260907,0
9650767,RAGA,7,"East Kalimantan, Indonesia","Paradip, India",2026-09-07,2026-09-18 13:22:59.538985611+00:00,95666.0,,54625.0,2529.8335957542654,210.81946631285544,2752.598463285374,12.0,277.3832052737812,11.557633553074217,242481.04079876223,445884.9477837989,822782.6274154049,503716.2053326553,242481.04079876223,822782.6274154049,242481.04079876223,2026-09-07 00:00:00+00:00,2026-09-18 13:22:59.538985611+00:00,V9650767_R7_D20260907,0
9650767,RAGA,8,"Banjarmasin (South Kalimantan), Indonesia","Dahej, India",2026-09-06,2026-09-19 22:56:05.366736398+00:00,95666.0,,73625.0,2466.2261871466976,205.51884892889143,3443.2178891213243,12.0,334.9348240934437,13.955617670560152,225672.4026007497,449435.9854982802,864059.1676692006,513055.8519227435,225672.4026007497,864059.1676692006,225672.4026007497,2026-09-06 00:00:00+00:00,2026-09-19 22:56:05.366736398+00:00,V9650767_R8_D20260906,0
9650767,RAGA,8,"Banjarmasin (South Kalimantan), Indonesia","Dahej, India",2026-09-07,2026-09-20 22:56:05.366736398+00:00,95666.0,,73625.0,2466.2261871466976,205.51884892889143,3443.2178891213243,12.0,334.9348240934437,13.955617670560152,225672.4026007497,449435.9854982802,864059.1676692006,513055.8519227435,225672.4026007497,864059.1676692006,225672.4026007497,2026-09-07 00:00:00+00:00,2026-09-20 22:56:05.366736398+00:00,V9650767_R8_D20260907,0
